ExecStartTime: 1733383556
Domain of the design: Unit Level Test
RegID: 23
timeout: 90
Device: GEMINI_COMPACT_104x68
Strategy: delay
INFO: Created design: pwrmgr. Project type: rtl
INFO: Target device: 1VG28
INFO: Device version: v1.6.244
INFO: Adding SV_2017 /nfs_scratch/scratch/CompilerValidation/zaheer_ahmad/os_fpga2/Validation/RTL_testcases/RTL_Benchmarks_Gap_Analysis/pwrmgr/results_dir/.././rtl/prim_alert_pkg.sv
INFO: Adding SV_2017 /nfs_scratch/scratch/CompilerValidation/zaheer_ahmad/os_fpga2/Validation/RTL_testcases/RTL_Benchmarks_Gap_Analysis/pwrmgr/results_dir/.././rtl/prim_mubi_pkg.sv
INFO: Adding SV_2017 /nfs_scratch/scratch/CompilerValidation/zaheer_ahmad/os_fpga2/Validation/RTL_testcases/RTL_Benchmarks_Gap_Analysis/pwrmgr/results_dir/.././rtl/prim_pkg.sv
INFO: Adding SV_2017 /nfs_scratch/scratch/CompilerValidation/zaheer_ahmad/os_fpga2/Validation/RTL_testcases/RTL_Benchmarks_Gap_Analysis/pwrmgr/results_dir/.././rtl/prim_secded_pkg.sv
INFO: Adding SV_2017 /nfs_scratch/scratch/CompilerValidation/zaheer_ahmad/os_fpga2/Validation/RTL_testcases/RTL_Benchmarks_Gap_Analysis/pwrmgr/results_dir/.././rtl/prim_subreg_pkg.sv
INFO: Adding SV_2017 /nfs_scratch/scratch/CompilerValidation/zaheer_ahmad/os_fpga2/Validation/RTL_testcases/RTL_Benchmarks_Gap_Analysis/pwrmgr/results_dir/.././rtl/prim_util_pkg.sv
INFO: Adding SV_2017 /nfs_scratch/scratch/CompilerValidation/zaheer_ahmad/os_fpga2/Validation/RTL_testcases/RTL_Benchmarks_Gap_Analysis/pwrmgr/results_dir/.././rtl/pwrmgr_reg_pkg.sv
INFO: Adding SV_2017 /nfs_scratch/scratch/CompilerValidation/zaheer_ahmad/os_fpga2/Validation/RTL_testcases/RTL_Benchmarks_Gap_Analysis/pwrmgr/results_dir/.././rtl/pwm_reg_pkg.sv
INFO: Adding SV_2017 /nfs_scratch/scratch/CompilerValidation/zaheer_ahmad/os_fpga2/Validation/RTL_testcases/RTL_Benchmarks_Gap_Analysis/pwrmgr/results_dir/.././rtl/prim_count_pkg.sv
INFO: Adding SV_2017 /nfs_scratch/scratch/CompilerValidation/zaheer_ahmad/os_fpga2/Validation/RTL_testcases/RTL_Benchmarks_Gap_Analysis/pwrmgr/results_dir/.././rtl/pwrmgr_pkg.sv
INFO: Adding SV_2017 /nfs_scratch/scratch/CompilerValidation/zaheer_ahmad/os_fpga2/Validation/RTL_testcases/RTL_Benchmarks_Gap_Analysis/pwrmgr/results_dir/.././rtl/lc_ctrl_pkg.sv
INFO: Adding SV_2017 /nfs_scratch/scratch/CompilerValidation/zaheer_ahmad/os_fpga2/Validation/RTL_testcases/RTL_Benchmarks_Gap_Analysis/pwrmgr/results_dir/.././rtl/rom_ctrl_pkg.sv
INFO: Adding SV_2017 /nfs_scratch/scratch/CompilerValidation/zaheer_ahmad/os_fpga2/Validation/RTL_testcases/RTL_Benchmarks_Gap_Analysis/pwrmgr/results_dir/.././rtl/prim_esc_pkg.sv
INFO: Adding SV_2017 /nfs_scratch/scratch/CompilerValidation/zaheer_ahmad/os_fpga2/Validation/RTL_testcases/RTL_Benchmarks_Gap_Analysis/pwrmgr/results_dir/.././rtl/alert_handler_reg_pkg.sv
INFO: Adding SV_2017 /nfs_scratch/scratch/CompilerValidation/zaheer_ahmad/os_fpga2/Validation/RTL_testcases/RTL_Benchmarks_Gap_Analysis/pwrmgr/results_dir/.././rtl/top_pkg.sv
INFO: Adding SV_2017 /nfs_scratch/scratch/CompilerValidation/zaheer_ahmad/os_fpga2/Validation/RTL_testcases/RTL_Benchmarks_Gap_Analysis/pwrmgr/results_dir/.././rtl/tlul_pkg.sv
INFO: Adding SV_2017 /nfs_scratch/scratch/CompilerValidation/zaheer_ahmad/os_fpga2/Validation/RTL_testcases/RTL_Benchmarks_Gap_Analysis/pwrmgr/results_dir/.././rtl/prim_alert_sender.sv
INFO: Adding SV_2017 /nfs_scratch/scratch/CompilerValidation/zaheer_ahmad/os_fpga2/Validation/RTL_testcases/RTL_Benchmarks_Gap_Analysis/pwrmgr/results_dir/.././rtl/prim_buf.sv
INFO: Adding SV_2017 /nfs_scratch/scratch/CompilerValidation/zaheer_ahmad/os_fpga2/Validation/RTL_testcases/RTL_Benchmarks_Gap_Analysis/pwrmgr/results_dir/.././rtl/prim_clock_buf.sv
INFO: Adding SV_2017 /nfs_scratch/scratch/CompilerValidation/zaheer_ahmad/os_fpga2/Validation/RTL_testcases/RTL_Benchmarks_Gap_Analysis/pwrmgr/results_dir/.././rtl/prim_clock_mux2.sv
INFO: Adding SV_2017 /nfs_scratch/scratch/CompilerValidation/zaheer_ahmad/os_fpga2/Validation/RTL_testcases/RTL_Benchmarks_Gap_Analysis/pwrmgr/results_dir/.././rtl/prim_clock_timeout.sv
INFO: Adding SV_2017 /nfs_scratch/scratch/CompilerValidation/zaheer_ahmad/os_fpga2/Validation/RTL_testcases/RTL_Benchmarks_Gap_Analysis/pwrmgr/results_dir/.././rtl/prim_count.sv
INFO: Adding SV_2017 /nfs_scratch/scratch/CompilerValidation/zaheer_ahmad/os_fpga2/Validation/RTL_testcases/RTL_Benchmarks_Gap_Analysis/pwrmgr/results_dir/.././rtl/prim_diff_decode.sv
INFO: Adding SV_2017 /nfs_scratch/scratch/CompilerValidation/zaheer_ahmad/os_fpga2/Validation/RTL_testcases/RTL_Benchmarks_Gap_Analysis/pwrmgr/results_dir/.././rtl/prim_esc_receiver.sv
INFO: Adding SV_2017 /nfs_scratch/scratch/CompilerValidation/zaheer_ahmad/os_fpga2/Validation/RTL_testcases/RTL_Benchmarks_Gap_Analysis/pwrmgr/results_dir/.././rtl/prim_flop.sv
INFO: Adding SV_2017 /nfs_scratch/scratch/CompilerValidation/zaheer_ahmad/os_fpga2/Validation/RTL_testcases/RTL_Benchmarks_Gap_Analysis/pwrmgr/results_dir/.././rtl/prim_flop_2sync.sv
INFO: Adding SV_2017 /nfs_scratch/scratch/CompilerValidation/zaheer_ahmad/os_fpga2/Validation/RTL_testcases/RTL_Benchmarks_Gap_Analysis/pwrmgr/results_dir/.././rtl/prim_generic_buf.sv
INFO: Adding SV_2017 /nfs_scratch/scratch/CompilerValidation/zaheer_ahmad/os_fpga2/Validation/RTL_testcases/RTL_Benchmarks_Gap_Analysis/pwrmgr/results_dir/.././rtl/prim_generic_clock_buf.sv
INFO: Adding SV_2017 /nfs_scratch/scratch/CompilerValidation/zaheer_ahmad/os_fpga2/Validation/RTL_testcases/RTL_Benchmarks_Gap_Analysis/pwrmgr/results_dir/.././rtl/prim_generic_clock_mux2.sv
INFO: Adding SV_2017 /nfs_scratch/scratch/CompilerValidation/zaheer_ahmad/os_fpga2/Validation/RTL_testcases/RTL_Benchmarks_Gap_Analysis/pwrmgr/results_dir/.././rtl/prim_generic_flop.sv
INFO: Adding SV_2017 /nfs_scratch/scratch/CompilerValidation/zaheer_ahmad/os_fpga2/Validation/RTL_testcases/RTL_Benchmarks_Gap_Analysis/pwrmgr/results_dir/.././rtl/prim_generic_flop_2sync.sv
INFO: Adding SV_2017 /nfs_scratch/scratch/CompilerValidation/zaheer_ahmad/os_fpga2/Validation/RTL_testcases/RTL_Benchmarks_Gap_Analysis/pwrmgr/results_dir/.././rtl/prim_generic_xor2.sv
INFO: Adding SV_2017 /nfs_scratch/scratch/CompilerValidation/zaheer_ahmad/os_fpga2/Validation/RTL_testcases/RTL_Benchmarks_Gap_Analysis/pwrmgr/results_dir/.././rtl/prim_intr_hw.sv
INFO: Adding SV_2017 /nfs_scratch/scratch/CompilerValidation/zaheer_ahmad/os_fpga2/Validation/RTL_testcases/RTL_Benchmarks_Gap_Analysis/pwrmgr/results_dir/.././rtl/prim_lc_sender.sv
INFO: Adding SV_2017 /nfs_scratch/scratch/CompilerValidation/zaheer_ahmad/os_fpga2/Validation/RTL_testcases/RTL_Benchmarks_Gap_Analysis/pwrmgr/results_dir/.././rtl/prim_mubi4_sync.sv
INFO: Adding SV_2017 /nfs_scratch/scratch/CompilerValidation/zaheer_ahmad/os_fpga2/Validation/RTL_testcases/RTL_Benchmarks_Gap_Analysis/pwrmgr/results_dir/.././rtl/prim_pulse_sync.sv
INFO: Adding SV_2017 /nfs_scratch/scratch/CompilerValidation/zaheer_ahmad/os_fpga2/Validation/RTL_testcases/RTL_Benchmarks_Gap_Analysis/pwrmgr/results_dir/.././rtl/prim_sec_anchor_buf.sv
INFO: Adding SV_2017 /nfs_scratch/scratch/CompilerValidation/zaheer_ahmad/os_fpga2/Validation/RTL_testcases/RTL_Benchmarks_Gap_Analysis/pwrmgr/results_dir/.././rtl/prim_sec_anchor_flop.sv
INFO: Adding SV_2017 /nfs_scratch/scratch/CompilerValidation/zaheer_ahmad/os_fpga2/Validation/RTL_testcases/RTL_Benchmarks_Gap_Analysis/pwrmgr/results_dir/.././rtl/prim_secded_inv_39_32_dec.sv
INFO: Adding SV_2017 /nfs_scratch/scratch/CompilerValidation/zaheer_ahmad/os_fpga2/Validation/RTL_testcases/RTL_Benchmarks_Gap_Analysis/pwrmgr/results_dir/.././rtl/prim_secded_inv_39_32_enc.sv
INFO: Adding SV_2017 /nfs_scratch/scratch/CompilerValidation/zaheer_ahmad/os_fpga2/Validation/RTL_testcases/RTL_Benchmarks_Gap_Analysis/pwrmgr/results_dir/.././rtl/prim_secded_inv_64_57_dec.sv
INFO: Adding SV_2017 /nfs_scratch/scratch/CompilerValidation/zaheer_ahmad/os_fpga2/Validation/RTL_testcases/RTL_Benchmarks_Gap_Analysis/pwrmgr/results_dir/.././rtl/prim_secded_inv_64_57_enc.sv
INFO: Adding SV_2017 /nfs_scratch/scratch/CompilerValidation/zaheer_ahmad/os_fpga2/Validation/RTL_testcases/RTL_Benchmarks_Gap_Analysis/pwrmgr/results_dir/.././rtl/prim_sparse_fsm_flop.sv
INFO: Adding SV_2017 /nfs_scratch/scratch/CompilerValidation/zaheer_ahmad/os_fpga2/Validation/RTL_testcases/RTL_Benchmarks_Gap_Analysis/pwrmgr/results_dir/.././rtl/prim_subreg.sv
INFO: Adding SV_2017 /nfs_scratch/scratch/CompilerValidation/zaheer_ahmad/os_fpga2/Validation/RTL_testcases/RTL_Benchmarks_Gap_Analysis/pwrmgr/results_dir/.././rtl/prim_subreg_ext.sv
INFO: Adding SV_2017 /nfs_scratch/scratch/CompilerValidation/zaheer_ahmad/os_fpga2/Validation/RTL_testcases/RTL_Benchmarks_Gap_Analysis/pwrmgr/results_dir/.././rtl/prim_sync_reqack.sv
INFO: Adding SV_2017 /nfs_scratch/scratch/CompilerValidation/zaheer_ahmad/os_fpga2/Validation/RTL_testcases/RTL_Benchmarks_Gap_Analysis/pwrmgr/results_dir/.././rtl/prim_xor2.sv
INFO: Adding SV_2017 /nfs_scratch/scratch/CompilerValidation/zaheer_ahmad/os_fpga2/Validation/RTL_testcases/RTL_Benchmarks_Gap_Analysis/pwrmgr/results_dir/.././rtl/pwrmgr.sv
INFO: Adding SV_2017 /nfs_scratch/scratch/CompilerValidation/zaheer_ahmad/os_fpga2/Validation/RTL_testcases/RTL_Benchmarks_Gap_Analysis/pwrmgr/results_dir/.././rtl/pwrmgr_cdc.sv
INFO: Adding SV_2017 /nfs_scratch/scratch/CompilerValidation/zaheer_ahmad/os_fpga2/Validation/RTL_testcases/RTL_Benchmarks_Gap_Analysis/pwrmgr/results_dir/.././rtl/pwrmgr_fsm.sv
INFO: Adding SV_2017 /nfs_scratch/scratch/CompilerValidation/zaheer_ahmad/os_fpga2/Validation/RTL_testcases/RTL_Benchmarks_Gap_Analysis/pwrmgr/results_dir/.././rtl/pwrmgr_reg_top.sv
INFO: Adding SV_2017 /nfs_scratch/scratch/CompilerValidation/zaheer_ahmad/os_fpga2/Validation/RTL_testcases/RTL_Benchmarks_Gap_Analysis/pwrmgr/results_dir/.././rtl/pwrmgr_slow_fsm.sv
INFO: Adding SV_2017 /nfs_scratch/scratch/CompilerValidation/zaheer_ahmad/os_fpga2/Validation/RTL_testcases/RTL_Benchmarks_Gap_Analysis/pwrmgr/results_dir/.././rtl/pwrmgr_wake_info.sv
INFO: Adding SV_2017 /nfs_scratch/scratch/CompilerValidation/zaheer_ahmad/os_fpga2/Validation/RTL_testcases/RTL_Benchmarks_Gap_Analysis/pwrmgr/results_dir/.././rtl/tlul_adapter_reg.sv
INFO: Adding SV_2017 /nfs_scratch/scratch/CompilerValidation/zaheer_ahmad/os_fpga2/Validation/RTL_testcases/RTL_Benchmarks_Gap_Analysis/pwrmgr/results_dir/.././rtl/tlul_cmd_intg_chk.sv
INFO: Adding SV_2017 /nfs_scratch/scratch/CompilerValidation/zaheer_ahmad/os_fpga2/Validation/RTL_testcases/RTL_Benchmarks_Gap_Analysis/pwrmgr/results_dir/.././rtl/tlul_data_integ_dec.sv
INFO: Adding SV_2017 /nfs_scratch/scratch/CompilerValidation/zaheer_ahmad/os_fpga2/Validation/RTL_testcases/RTL_Benchmarks_Gap_Analysis/pwrmgr/results_dir/.././rtl/tlul_data_integ_enc.sv
INFO: Adding SV_2017 /nfs_scratch/scratch/CompilerValidation/zaheer_ahmad/os_fpga2/Validation/RTL_testcases/RTL_Benchmarks_Gap_Analysis/pwrmgr/results_dir/.././rtl/tlul_err.sv
INFO: Adding SV_2017 /nfs_scratch/scratch/CompilerValidation/zaheer_ahmad/os_fpga2/Validation/RTL_testcases/RTL_Benchmarks_Gap_Analysis/pwrmgr/results_dir/.././rtl/tlul_rsp_intg_gen.sv
INFO: ANL: ##################################################
INFO: ANL: Analysis for design: pwrmgr
INFO: ANL: ##################################################
INFO: ANL: Analyze command: /nfs_eda_sw/softwares/Raptor/instl_dir/12_05_2024_09_15_01/bin/yosys -s /nfs_scratch/scratch/CompilerValidation/zaheer_ahmad/os_fpga2/Validation/RTL_testcases/RTL_Benchmarks_Gap_Analysis/pwrmgr/results_dir/pwrmgr/run_1/synth_1_1/analysis/pwrmgr_analyzer.cmd
Command: /nfs_eda_sw/softwares/Raptor/instl_dir/12_05_2024_09_15_01/bin/yosys -s /nfs_scratch/scratch/CompilerValidation/zaheer_ahmad/os_fpga2/Validation/RTL_testcases/RTL_Benchmarks_Gap_Analysis/pwrmgr/results_dir/pwrmgr/run_1/synth_1_1/analysis/pwrmgr_analyzer.cmd

 /----------------------------------------------------------------------------\
 |  yosys -- Yosys Open SYnthesis Suite                                       |
 |  Copyright (C) 2012 - 2024  Claire Xenia Wolf <claire@yosyshq.com>         |
 |  Distributed under an ISC-like license, type "license" to see terms        |
 \----------------------------------------------------------------------------/

 Yosys 0.44 (git sha1 8ecee74c1, g++ 11.2.1 -fPIC -O3)

-- Executing script file `/nfs_scratch/scratch/CompilerValidation/zaheer_ahmad/os_fpga2/Validation/RTL_testcases/RTL_Benchmarks_Gap_Analysis/pwrmgr/results_dir/pwrmgr/run_1/synth_1_1/analysis/pwrmgr_analyzer.cmd' --

1. Executing Verilog-2005 frontend: /nfs_eda_sw/softwares/Raptor/instl_dir/12_05_2024_09_15_01/share/raptor/sim_models/rapidsilicon/genesis3/FPGA_PRIMITIVES_MODELS/blackbox_models/cell_sim_blackbox.v
Parsing SystemVerilog input from `/nfs_eda_sw/softwares/Raptor/instl_dir/12_05_2024_09_15_01/share/raptor/sim_models/rapidsilicon/genesis3/FPGA_PRIMITIVES_MODELS/blackbox_models/cell_sim_blackbox.v' to AST representation.
Generating RTLIL representation for module `\BOOT_CLOCK'.
Generating RTLIL representation for module `\CARRY_BREAK'.
Generating RTLIL representation for module `\CARRY'.
Generating RTLIL representation for module `\CLK_BUF'.
Generating RTLIL representation for module `\DFFNRE'.
Generating RTLIL representation for module `\DFFRE'.
Generating RTLIL representation for module `\DLY_SEL_DECODER'.
Generating RTLIL representation for module `\DLY_VALUE_MUX'.
Generating RTLIL representation for module `\DSP19X2'.
Generating RTLIL representation for module `\DSP38'.
Generating RTLIL representation for module `\FCLK_BUF'.
Generating RTLIL representation for module `\FIFO18KX2'.
Generating RTLIL representation for module `\FIFO36K'.
Generating RTLIL representation for module `\I_BUF_DS'.
Generating RTLIL representation for module `\I_BUF'.
Generating RTLIL representation for module `\I_DDR'.
Generating RTLIL representation for module `\I_DELAY'.
Generating RTLIL representation for module `\I_FAB'.
Generating RTLIL representation for module `\I_SERDES'.
Generating RTLIL representation for module `\LATCHNR'.
Generating RTLIL representation for module `\LATCHNS'.
Generating RTLIL representation for module `\LATCHN'.
Generating RTLIL representation for module `\LATCHR'.
Generating RTLIL representation for module `\LATCHS'.
Generating RTLIL representation for module `\LATCH'.
Generating RTLIL representation for module `\LUT1'.
Generating RTLIL representation for module `\LUT2'.
Generating RTLIL representation for module `\LUT3'.
Generating RTLIL representation for module `\LUT4'.
Generating RTLIL representation for module `\LUT5'.
Generating RTLIL representation for module `\LUT6'.
Generating RTLIL representation for module `\MIPI_RX'.
Generating RTLIL representation for module `\MIPI_TX'.
Generating RTLIL representation for module `\O_BUF_DS'.
Generating RTLIL representation for module `\O_BUFT_DS'.
Generating RTLIL representation for module `\O_BUFT'.
Generating RTLIL representation for module `\O_BUF'.
Generating RTLIL representation for module `\O_DDR'.
Generating RTLIL representation for module `\O_DELAY'.
Generating RTLIL representation for module `\O_FAB'.
Generating RTLIL representation for module `\O_SERDES_CLK'.
Generating RTLIL representation for module `\O_SERDES'.
Generating RTLIL representation for module `\PLL'.
Generating RTLIL representation for module `\SOC_FPGA_INTF_AHB_M'.
Generating RTLIL representation for module `\SOC_FPGA_INTF_AHB_S'.
Generating RTLIL representation for module `\SOC_FPGA_INTF_AXI_M0'.
Generating RTLIL representation for module `\SOC_FPGA_INTF_AXI_M1'.
Generating RTLIL representation for module `\SOC_FPGA_INTF_DMA'.
Generating RTLIL representation for module `\SOC_FPGA_INTF_IRQ'.
Generating RTLIL representation for module `\SOC_FPGA_INTF_JTAG'.
Generating RTLIL representation for module `\SOC_FPGA_TEMPERATURE'.
Generating RTLIL representation for module `\TDP_RAM18KX2'.
Generating RTLIL representation for module `\TDP_RAM36K'.
Successfully finished Verilog frontend.
Warning: Using synlig as yosys plugin is deprecated. It is recommended to build synlig as standalone binary.

2. Executing SystemVerilog frontend.
[INF:CM0023] Creating log file "/nfs_scratch/scratch/CompilerValidation/zaheer_ahmad/os_fpga2/Validation/RTL_testcases/RTL_Benchmarks_Gap_Analysis/pwrmgr/results_dir/pwrmgr/run_1/synth_1_1/analysis/slpp_all/surelog.log".
[INF:CP0300] Compilation...
[INF:CP0301] /nfs_scratch/scratch/CompilerValidation/zaheer_ahmad/os_fpga2/Validation/RTL_testcases/RTL_Benchmarks_Gap_Analysis/pwrmgr/rtl/prim_alert_pkg.sv:5:1: Compile package "prim_alert_pkg".
[INF:CP0301] /nfs_scratch/scratch/CompilerValidation/zaheer_ahmad/os_fpga2/Validation/RTL_testcases/RTL_Benchmarks_Gap_Analysis/pwrmgr/rtl/prim_mubi_pkg.sv:13:1: Compile package "prim_mubi_pkg".
[INF:CP0301] /nfs_scratch/scratch/CompilerValidation/zaheer_ahmad/os_fpga2/Validation/RTL_testcases/RTL_Benchmarks_Gap_Analysis/pwrmgr/rtl/prim_pkg.sv:11:1: Compile package "prim_pkg".
[INF:CP0301] /nfs_scratch/scratch/CompilerValidation/zaheer_ahmad/os_fpga2/Validation/RTL_testcases/RTL_Benchmarks_Gap_Analysis/pwrmgr/rtl/prim_secded_pkg.sv:8:1: Compile package "prim_secded_pkg".
[INF:CP0301] /nfs_scratch/scratch/CompilerValidation/zaheer_ahmad/os_fpga2/Validation/RTL_testcases/RTL_Benchmarks_Gap_Analysis/pwrmgr/rtl/prim_subreg_pkg.sv:5:1: Compile package "prim_subreg_pkg".
[INF:CP0301] /nfs_scratch/scratch/CompilerValidation/zaheer_ahmad/os_fpga2/Validation/RTL_testcases/RTL_Benchmarks_Gap_Analysis/pwrmgr/rtl/prim_util_pkg.sv:9:1: Compile package "prim_util_pkg".
[INF:CP0301] /nfs_scratch/scratch/CompilerValidation/zaheer_ahmad/os_fpga2/Validation/RTL_testcases/RTL_Benchmarks_Gap_Analysis/pwrmgr/rtl/pwrmgr_reg_pkg.sv:7:1: Compile package "pwrmgr_reg_pkg".
[INF:CP0301] /nfs_scratch/scratch/CompilerValidation/zaheer_ahmad/os_fpga2/Validation/RTL_testcases/RTL_Benchmarks_Gap_Analysis/pwrmgr/rtl/pwm_reg_pkg.sv:7:1: Compile package "pwm_reg_pkg".
[INF:CP0301] /nfs_scratch/scratch/CompilerValidation/zaheer_ahmad/os_fpga2/Validation/RTL_testcases/RTL_Benchmarks_Gap_Analysis/pwrmgr/rtl/prim_count_pkg.sv:8:1: Compile package "prim_count_pkg".
[INF:CP0301] /nfs_scratch/scratch/CompilerValidation/zaheer_ahmad/os_fpga2/Validation/RTL_testcases/RTL_Benchmarks_Gap_Analysis/pwrmgr/rtl/pwrmgr_pkg.sv:8:1: Compile package "pwrmgr_pkg".
[INF:CP0301] /nfs_scratch/scratch/CompilerValidation/zaheer_ahmad/os_fpga2/Validation/RTL_testcases/RTL_Benchmarks_Gap_Analysis/pwrmgr/rtl/lc_ctrl_pkg.sv:6:1: Compile package "lc_ctrl_pkg".
[INF:CP0301] /nfs_scratch/scratch/CompilerValidation/zaheer_ahmad/os_fpga2/Validation/RTL_testcases/RTL_Benchmarks_Gap_Analysis/pwrmgr/rtl/rom_ctrl_pkg.sv:6:1: Compile package "rom_ctrl_pkg".
[INF:CP0301] /nfs_scratch/scratch/CompilerValidation/zaheer_ahmad/os_fpga2/Validation/RTL_testcases/RTL_Benchmarks_Gap_Analysis/pwrmgr/rtl/prim_esc_pkg.sv:5:1: Compile package "prim_esc_pkg".
[INF:CP0301] /nfs_scratch/scratch/CompilerValidation/zaheer_ahmad/os_fpga2/Validation/RTL_testcases/RTL_Benchmarks_Gap_Analysis/pwrmgr/rtl/alert_handler_reg_pkg.sv:7:1: Compile package "alert_handler_reg_pkg".
[INF:CP0301] /nfs_scratch/scratch/CompilerValidation/zaheer_ahmad/os_fpga2/Validation/RTL_testcases/RTL_Benchmarks_Gap_Analysis/pwrmgr/rtl/top_pkg.sv:6:1: Compile package "top_pkg".
[INF:CP0301] /nfs_scratch/scratch/CompilerValidation/zaheer_ahmad/os_fpga2/Validation/RTL_testcases/RTL_Benchmarks_Gap_Analysis/pwrmgr/rtl/tlul_pkg.sv:6:1: Compile package "tlul_pkg".
[INF:CP0303] /nfs_scratch/scratch/CompilerValidation/zaheer_ahmad/os_fpga2/Validation/RTL_testcases/RTL_Benchmarks_Gap_Analysis/pwrmgr/rtl/prim_alert_sender.sv:32:1: Compile module "work@prim_alert_sender".
[INF:CP0303] /nfs_scratch/scratch/CompilerValidation/zaheer_ahmad/os_fpga2/Validation/RTL_testcases/RTL_Benchmarks_Gap_Analysis/pwrmgr/rtl/prim_buf.sv:16:1: Compile module "work@prim_buf".
[INF:CP0303] /nfs_scratch/scratch/CompilerValidation/zaheer_ahmad/os_fpga2/Validation/RTL_testcases/RTL_Benchmarks_Gap_Analysis/pwrmgr/rtl/prim_clock_buf.sv:16:1: Compile module "work@prim_clock_buf".
[INF:CP0303] /nfs_scratch/scratch/CompilerValidation/zaheer_ahmad/os_fpga2/Validation/RTL_testcases/RTL_Benchmarks_Gap_Analysis/pwrmgr/rtl/prim_clock_mux2.sv:16:1: Compile module "work@prim_clock_mux2".
[INF:CP0303] /nfs_scratch/scratch/CompilerValidation/zaheer_ahmad/os_fpga2/Validation/RTL_testcases/RTL_Benchmarks_Gap_Analysis/pwrmgr/rtl/prim_clock_timeout.sv:11:1: Compile module "work@prim_clock_timeout".
[INF:CP0303] /nfs_scratch/scratch/CompilerValidation/zaheer_ahmad/os_fpga2/Validation/RTL_testcases/RTL_Benchmarks_Gap_Analysis/pwrmgr/rtl/prim_count.sv:36:1: Compile module "work@prim_count".
[INF:CP0303] /nfs_scratch/scratch/CompilerValidation/zaheer_ahmad/os_fpga2/Validation/RTL_testcases/RTL_Benchmarks_Gap_Analysis/pwrmgr/rtl/prim_diff_decode.sv:19:1: Compile module "work@prim_diff_decode".
[INF:CP0303] /nfs_scratch/scratch/CompilerValidation/zaheer_ahmad/os_fpga2/Validation/RTL_testcases/RTL_Benchmarks_Gap_Analysis/pwrmgr/rtl/prim_esc_receiver.sv:20:1: Compile module "work@prim_esc_receiver".
[INF:CP0303] /nfs_scratch/scratch/CompilerValidation/zaheer_ahmad/os_fpga2/Validation/RTL_testcases/RTL_Benchmarks_Gap_Analysis/pwrmgr/rtl/prim_flop.sv:16:1: Compile module "work@prim_flop".
[INF:CP0303] /nfs_scratch/scratch/CompilerValidation/zaheer_ahmad/os_fpga2/Validation/RTL_testcases/RTL_Benchmarks_Gap_Analysis/pwrmgr/rtl/prim_flop_2sync.sv:13:1: Compile module "work@prim_flop_2sync".
[INF:CP0303] /nfs_scratch/scratch/CompilerValidation/zaheer_ahmad/os_fpga2/Validation/RTL_testcases/RTL_Benchmarks_Gap_Analysis/pwrmgr/rtl/prim_generic_buf.sv:6:1: Compile module "work@prim_generic_buf".
[INF:CP0303] /nfs_scratch/scratch/CompilerValidation/zaheer_ahmad/os_fpga2/Validation/RTL_testcases/RTL_Benchmarks_Gap_Analysis/pwrmgr/rtl/prim_generic_clock_buf.sv:6:1: Compile module "work@prim_generic_clock_buf".
[INF:CP0303] /nfs_scratch/scratch/CompilerValidation/zaheer_ahmad/os_fpga2/Validation/RTL_testcases/RTL_Benchmarks_Gap_Analysis/pwrmgr/rtl/prim_generic_clock_mux2.sv:6:1: Compile module "work@prim_generic_clock_mux2".
[INF:CP0303] /nfs_scratch/scratch/CompilerValidation/zaheer_ahmad/os_fpga2/Validation/RTL_testcases/RTL_Benchmarks_Gap_Analysis/pwrmgr/rtl/prim_generic_flop.sv:7:1: Compile module "work@prim_generic_flop".
[INF:CP0303] /nfs_scratch/scratch/CompilerValidation/zaheer_ahmad/os_fpga2/Validation/RTL_testcases/RTL_Benchmarks_Gap_Analysis/pwrmgr/rtl/prim_generic_flop_2sync.sv:9:1: Compile module "work@prim_generic_flop_2sync".
[INF:CP0303] /nfs_scratch/scratch/CompilerValidation/zaheer_ahmad/os_fpga2/Validation/RTL_testcases/RTL_Benchmarks_Gap_Analysis/pwrmgr/rtl/prim_generic_xor2.sv:6:1: Compile module "work@prim_generic_xor2".
[INF:CP0303] /nfs_scratch/scratch/CompilerValidation/zaheer_ahmad/os_fpga2/Validation/RTL_testcases/RTL_Benchmarks_Gap_Analysis/pwrmgr/rtl/prim_intr_hw.sv:10:1: Compile module "work@prim_intr_hw".
[INF:CP0303] /nfs_scratch/scratch/CompilerValidation/zaheer_ahmad/os_fpga2/Validation/RTL_testcases/RTL_Benchmarks_Gap_Analysis/pwrmgr/rtl/prim_lc_sender.sv:12:1: Compile module "work@prim_lc_sender".
[INF:CP0303] /nfs_scratch/scratch/CompilerValidation/zaheer_ahmad/os_fpga2/Validation/RTL_testcases/RTL_Benchmarks_Gap_Analysis/pwrmgr/rtl/prim_mubi4_sync.sv:13:1: Compile module "work@prim_mubi4_sync".
[INF:CP0303] /nfs_scratch/scratch/CompilerValidation/zaheer_ahmad/os_fpga2/Validation/RTL_testcases/RTL_Benchmarks_Gap_Analysis/pwrmgr/rtl/prim_pulse_sync.sv:11:1: Compile module "work@prim_pulse_sync".
[INF:CP0303] /nfs_scratch/scratch/CompilerValidation/zaheer_ahmad/os_fpga2/Validation/RTL_testcases/RTL_Benchmarks_Gap_Analysis/pwrmgr/rtl/prim_sec_anchor_buf.sv:6:1: Compile module "work@prim_sec_anchor_buf".
[INF:CP0303] /nfs_scratch/scratch/CompilerValidation/zaheer_ahmad/os_fpga2/Validation/RTL_testcases/RTL_Benchmarks_Gap_Analysis/pwrmgr/rtl/prim_sec_anchor_flop.sv:6:1: Compile module "work@prim_sec_anchor_flop".
[INF:CP0303] /nfs_scratch/scratch/CompilerValidation/zaheer_ahmad/os_fpga2/Validation/RTL_testcases/RTL_Benchmarks_Gap_Analysis/pwrmgr/rtl/prim_secded_inv_39_32_dec.sv:7:1: Compile module "work@prim_secded_inv_39_32_dec".
[INF:CP0303] /nfs_scratch/scratch/CompilerValidation/zaheer_ahmad/os_fpga2/Validation/RTL_testcases/RTL_Benchmarks_Gap_Analysis/pwrmgr/rtl/prim_secded_inv_39_32_enc.sv:7:1: Compile module "work@prim_secded_inv_39_32_enc".
[INF:CP0303] /nfs_scratch/scratch/CompilerValidation/zaheer_ahmad/os_fpga2/Validation/RTL_testcases/RTL_Benchmarks_Gap_Analysis/pwrmgr/rtl/prim_secded_inv_64_57_dec.sv:7:1: Compile module "work@prim_secded_inv_64_57_dec".
[INF:CP0303] /nfs_scratch/scratch/CompilerValidation/zaheer_ahmad/os_fpga2/Validation/RTL_testcases/RTL_Benchmarks_Gap_Analysis/pwrmgr/rtl/prim_secded_inv_64_57_enc.sv:7:1: Compile module "work@prim_secded_inv_64_57_enc".
[INF:CP0303] /nfs_scratch/scratch/CompilerValidation/zaheer_ahmad/os_fpga2/Validation/RTL_testcases/RTL_Benchmarks_Gap_Analysis/pwrmgr/rtl/prim_sparse_fsm_flop.sv:6:1: Compile module "work@prim_sparse_fsm_flop".
[INF:CP0303] /nfs_scratch/scratch/CompilerValidation/zaheer_ahmad/os_fpga2/Validation/RTL_testcases/RTL_Benchmarks_Gap_Analysis/pwrmgr/rtl/prim_subreg.sv:7:1: Compile module "work@prim_subreg".
[INF:CP0303] /nfs_scratch/scratch/CompilerValidation/zaheer_ahmad/os_fpga2/Validation/RTL_testcases/RTL_Benchmarks_Gap_Analysis/pwrmgr/rtl/prim_subreg_ext.sv:7:1: Compile module "work@prim_subreg_ext".
[INF:CP0303] /nfs_scratch/scratch/CompilerValidation/zaheer_ahmad/os_fpga2/Validation/RTL_testcases/RTL_Benchmarks_Gap_Analysis/pwrmgr/rtl/prim_sync_reqack.sv:26:1: Compile module "work@prim_sync_reqack".
[INF:CP0303] /nfs_scratch/scratch/CompilerValidation/zaheer_ahmad/os_fpga2/Validation/RTL_testcases/RTL_Benchmarks_Gap_Analysis/pwrmgr/rtl/prim_xor2.sv:16:1: Compile module "work@prim_xor2".
[INF:CP0303] /nfs_scratch/scratch/CompilerValidation/zaheer_ahmad/os_fpga2/Validation/RTL_testcases/RTL_Benchmarks_Gap_Analysis/pwrmgr/rtl/pwrmgr.sv:9:1: Compile module "work@pwrmgr".
[INF:CP0303] /nfs_scratch/scratch/CompilerValidation/zaheer_ahmad/os_fpga2/Validation/RTL_testcases/RTL_Benchmarks_Gap_Analysis/pwrmgr/rtl/pwrmgr_cdc.sv:9:1: Compile module "work@pwrmgr_cdc".
[INF:CP0303] /nfs_scratch/scratch/CompilerValidation/zaheer_ahmad/os_fpga2/Validation/RTL_testcases/RTL_Benchmarks_Gap_Analysis/pwrmgr/rtl/pwrmgr_fsm.sv:9:1: Compile module "work@pwrmgr_fsm".
[INF:CP0303] /nfs_scratch/scratch/CompilerValidation/zaheer_ahmad/os_fpga2/Validation/RTL_testcases/RTL_Benchmarks_Gap_Analysis/pwrmgr/rtl/pwrmgr_reg_top.sv:8:1: Compile module "work@pwrmgr_reg_top".
[INF:CP0303] /nfs_scratch/scratch/CompilerValidation/zaheer_ahmad/os_fpga2/Validation/RTL_testcases/RTL_Benchmarks_Gap_Analysis/pwrmgr/rtl/pwrmgr_slow_fsm.sv:9:1: Compile module "work@pwrmgr_slow_fsm".
[INF:CP0303] /nfs_scratch/scratch/CompilerValidation/zaheer_ahmad/os_fpga2/Validation/RTL_testcases/RTL_Benchmarks_Gap_Analysis/pwrmgr/rtl/pwrmgr_wake_info.sv:9:1: Compile module "work@pwrmgr_wake_info".
[INF:CP0303] /nfs_scratch/scratch/CompilerValidation/zaheer_ahmad/os_fpga2/Validation/RTL_testcases/RTL_Benchmarks_Gap_Analysis/pwrmgr/rtl/tlul_adapter_reg.sv:10:1: Compile module "work@tlul_adapter_reg".
[INF:CP0303] /nfs_scratch/scratch/CompilerValidation/zaheer_ahmad/os_fpga2/Validation/RTL_testcases/RTL_Benchmarks_Gap_Analysis/pwrmgr/rtl/tlul_cmd_intg_chk.sv:3:1: Compile module "work@tlul_cmd_intg_chk".
[INF:CP0303] /nfs_scratch/scratch/CompilerValidation/zaheer_ahmad/os_fpga2/Validation/RTL_testcases/RTL_Benchmarks_Gap_Analysis/pwrmgr/rtl/tlul_data_integ_dec.sv:10:1: Compile module "work@tlul_data_integ_dec".
[INF:CP0303] /nfs_scratch/scratch/CompilerValidation/zaheer_ahmad/os_fpga2/Validation/RTL_testcases/RTL_Benchmarks_Gap_Analysis/pwrmgr/rtl/tlul_data_integ_enc.sv:10:1: Compile module "work@tlul_data_integ_enc".
[INF:CP0303] /nfs_scratch/scratch/CompilerValidation/zaheer_ahmad/os_fpga2/Validation/RTL_testcases/RTL_Benchmarks_Gap_Analysis/pwrmgr/rtl/tlul_err.sv:7:1: Compile module "work@tlul_err".
[INF:CP0303] /nfs_scratch/scratch/CompilerValidation/zaheer_ahmad/os_fpga2/Validation/RTL_testcases/RTL_Benchmarks_Gap_Analysis/pwrmgr/rtl/tlul_rsp_intg_gen.sv:9:1: Compile module "work@tlul_rsp_intg_gen".
[INF:CP0302] Compile class "work@mailbox".
[INF:CP0302] Compile class "work@process".
[INF:CP0302] Compile class "work@semaphore".
[NTE:CP0309] /nfs_scratch/scratch/CompilerValidation/zaheer_ahmad/os_fpga2/Validation/RTL_testcases/RTL_Benchmarks_Gap_Analysis/pwrmgr/rtl/prim_intr_hw.sv:24:23: Implicit port type (wire) for "hw2reg_intr_state_de_o",
there are 1 more instances of this message.
[NTE:CP0309] /nfs_scratch/scratch/CompilerValidation/zaheer_ahmad/os_fpga2/Validation/RTL_testcases/RTL_Benchmarks_Gap_Analysis/pwrmgr/rtl/pwrmgr.sv:79:10: Implicit port type (wire) for "intr_wakeup_o".
[NTE:CP0309] /nfs_scratch/scratch/CompilerValidation/zaheer_ahmad/os_fpga2/Validation/RTL_testcases/RTL_Benchmarks_Gap_Analysis/pwrmgr/rtl/pwrmgr_cdc.sv:37:10: Implicit port type (wire) for "slow_usb_ip_clk_status_o".
[INF:EL0526] Design Elaboration...
[INF:CP0335] /nfs_scratch/scratch/CompilerValidation/zaheer_ahmad/os_fpga2/Validation/RTL_testcases/RTL_Benchmarks_Gap_Analysis/pwrmgr/rtl/prim_clock_buf.sv:30:10: Compile generate block "work@pwrmgr.u_esc_clk_buf.gen_generic".
[INF:CP0335] /nfs_scratch/scratch/CompilerValidation/zaheer_ahmad/os_fpga2/Validation/RTL_testcases/RTL_Benchmarks_Gap_Analysis/pwrmgr/rtl/prim_clock_buf.sv:30:10: Compile generate block "work@pwrmgr.u_esc_rst_buf.gen_generic".
[INF:CP0335] /nfs_scratch/scratch/CompilerValidation/zaheer_ahmad/os_fpga2/Validation/RTL_testcases/RTL_Benchmarks_Gap_Analysis/pwrmgr/rtl/prim_buf.sv:30:10: Compile generate block "work@pwrmgr.u_esc_rx.u_prim_buf_esc.gen_generic".
[INF:CP0335] /nfs_scratch/scratch/CompilerValidation/zaheer_ahmad/os_fpga2/Validation/RTL_testcases/RTL_Benchmarks_Gap_Analysis/pwrmgr/rtl/prim_diff_decode.sv:178:12: Compile generate block "work@pwrmgr.u_esc_rx.u_decode_esc.gen_no_async".
[INF:CP0335] /nfs_scratch/scratch/CompilerValidation/zaheer_ahmad/os_fpga2/Validation/RTL_testcases/RTL_Benchmarks_Gap_Analysis/pwrmgr/rtl/prim_count.sv:84:12: Compile generate block "work@pwrmgr.u_esc_rx.u_prim_count.gen_dupcnt_max_val".
[INF:CP0335] /nfs_scratch/scratch/CompilerValidation/zaheer_ahmad/os_fpga2/Validation/RTL_testcases/RTL_Benchmarks_Gap_Analysis/pwrmgr/rtl/prim_count.sv:88:42: Compile generate block "work@pwrmgr.u_esc_rx.u_prim_count.gen_cnts[0]".
[INF:CP0335] /nfs_scratch/scratch/CompilerValidation/zaheer_ahmad/os_fpga2/Validation/RTL_testcases/RTL_Benchmarks_Gap_Analysis/pwrmgr/rtl/prim_buf.sv:30:10: Compile generate block "work@pwrmgr.u_esc_rx.u_prim_count.gen_cnts[0].u_buf.gen_generic".
[INF:CP0335] /nfs_scratch/scratch/CompilerValidation/zaheer_ahmad/os_fpga2/Validation/RTL_testcases/RTL_Benchmarks_Gap_Analysis/pwrmgr/rtl/prim_flop.sv:39:10: Compile generate block "work@pwrmgr.u_esc_rx.u_prim_count.gen_cnts[0].u_cnt_flop.gen_generic".
[INF:CP0335] /nfs_scratch/scratch/CompilerValidation/zaheer_ahmad/os_fpga2/Validation/RTL_testcases/RTL_Benchmarks_Gap_Analysis/pwrmgr/rtl/prim_count.sv:88:42: Compile generate block "work@pwrmgr.u_esc_rx.u_prim_count.gen_cnts[1]".
[INF:CP0335] /nfs_scratch/scratch/CompilerValidation/zaheer_ahmad/os_fpga2/Validation/RTL_testcases/RTL_Benchmarks_Gap_Analysis/pwrmgr/rtl/prim_buf.sv:30:10: Compile generate block "work@pwrmgr.u_esc_rx.u_prim_count.gen_cnts[1].u_buf.gen_generic".
[INF:CP0335] /nfs_scratch/scratch/CompilerValidation/zaheer_ahmad/os_fpga2/Validation/RTL_testcases/RTL_Benchmarks_Gap_Analysis/pwrmgr/rtl/prim_flop.sv:39:10: Compile generate block "work@pwrmgr.u_esc_rx.u_prim_count.gen_cnts[1].u_cnt_flop.gen_generic".
[INF:CP0335] /nfs_scratch/scratch/CompilerValidation/zaheer_ahmad/os_fpga2/Validation/RTL_testcases/RTL_Benchmarks_Gap_Analysis/pwrmgr/rtl/prim_count.sv:145:5: Compile generate block "work@pwrmgr.u_esc_rx.u_prim_count.gen_dup_cnt_hardening".
[INF:CP0335] /nfs_scratch/scratch/CompilerValidation/zaheer_ahmad/os_fpga2/Validation/RTL_testcases/RTL_Benchmarks_Gap_Analysis/pwrmgr/rtl/prim_buf.sv:30:10: Compile generate block "work@pwrmgr.u_esc_rx.u_prim_buf_esc_req.u_secure_anchor_buf.gen_generic".
[INF:CP0335] /nfs_scratch/scratch/CompilerValidation/zaheer_ahmad/os_fpga2/Validation/RTL_testcases/RTL_Benchmarks_Gap_Analysis/pwrmgr/rtl/prim_flop.sv:39:10: Compile generate block "work@pwrmgr.u_esc_rx.u_prim_flop_esc.u_secure_anchor_flop.gen_generic".
[INF:CP0335] /nfs_scratch/scratch/CompilerValidation/zaheer_ahmad/os_fpga2/Validation/RTL_testcases/RTL_Benchmarks_Gap_Analysis/pwrmgr/rtl/prim_flop_2sync.sv:28:10: Compile generate block "work@pwrmgr.u_esc_timeout.u_ref_timeout.req_sync.gen_generic".
[INF:CP0335] /nfs_scratch/scratch/CompilerValidation/zaheer_ahmad/os_fpga2/Validation/RTL_testcases/RTL_Benchmarks_Gap_Analysis/pwrmgr/rtl/prim_flop_2sync.sv:28:10: Compile generate block "work@pwrmgr.u_esc_timeout.u_ref_timeout.ack_sync.gen_generic".
[INF:CP0335] /nfs_scratch/scratch/CompilerValidation/zaheer_ahmad/os_fpga2/Validation/RTL_testcases/RTL_Benchmarks_Gap_Analysis/pwrmgr/rtl/prim_flop.sv:39:10: Compile generate block "work@pwrmgr.u_esc_timeout.u_out.gen_generic".
[INF:CP0335] /nfs_scratch/scratch/CompilerValidation/zaheer_ahmad/os_fpga2/Validation/RTL_testcases/RTL_Benchmarks_Gap_Analysis/pwrmgr/rtl/prim_flop.sv:39:10: Compile generate block "work@pwrmgr.u_sw_req_flop.gen_generic".
[INF:CP0335] /nfs_scratch/scratch/CompilerValidation/zaheer_ahmad/os_fpga2/Validation/RTL_testcases/RTL_Benchmarks_Gap_Analysis/pwrmgr/rtl/tlul_rsp_intg_gen.sv:19:25: Compile generate block "work@pwrmgr.u_reg.u_rsp_intg_gen.gen_rsp_intg".
[INF:CP0335] /nfs_scratch/scratch/CompilerValidation/zaheer_ahmad/os_fpga2/Validation/RTL_testcases/RTL_Benchmarks_Gap_Analysis/pwrmgr/rtl/tlul_rsp_intg_gen.sv:34:26: Compile generate block "work@pwrmgr.u_reg.u_rsp_intg_gen.gen_data_intg".
[INF:CP0335] /nfs_scratch/scratch/CompilerValidation/zaheer_ahmad/os_fpga2/Validation/RTL_testcases/RTL_Benchmarks_Gap_Analysis/pwrmgr/rtl/prim_subreg.sv:60:12: Compile generate block "work@pwrmgr.u_reg.u_intr_state.gen_hw".
[INF:CP0335] /nfs_scratch/scratch/CompilerValidation/zaheer_ahmad/os_fpga2/Validation/RTL_testcases/RTL_Benchmarks_Gap_Analysis/pwrmgr/rtl/prim_subreg.sv:60:12: Compile generate block "work@pwrmgr.u_reg.u_intr_enable.gen_hw".
[INF:CP0335] /nfs_scratch/scratch/CompilerValidation/zaheer_ahmad/os_fpga2/Validation/RTL_testcases/RTL_Benchmarks_Gap_Analysis/pwrmgr/rtl/prim_subreg.sv:60:12: Compile generate block "work@pwrmgr.u_reg.u_control_low_power_hint.gen_hw".
[INF:CP0335] /nfs_scratch/scratch/CompilerValidation/zaheer_ahmad/os_fpga2/Validation/RTL_testcases/RTL_Benchmarks_Gap_Analysis/pwrmgr/rtl/prim_subreg.sv:60:12: Compile generate block "work@pwrmgr.u_reg.u_control_core_clk_en.gen_hw".
[INF:CP0335] /nfs_scratch/scratch/CompilerValidation/zaheer_ahmad/os_fpga2/Validation/RTL_testcases/RTL_Benchmarks_Gap_Analysis/pwrmgr/rtl/prim_subreg.sv:60:12: Compile generate block "work@pwrmgr.u_reg.u_control_io_clk_en.gen_hw".
[INF:CP0335] /nfs_scratch/scratch/CompilerValidation/zaheer_ahmad/os_fpga2/Validation/RTL_testcases/RTL_Benchmarks_Gap_Analysis/pwrmgr/rtl/prim_subreg.sv:60:12: Compile generate block "work@pwrmgr.u_reg.u_control_usb_clk_en_lp.gen_hw".
[INF:CP0335] /nfs_scratch/scratch/CompilerValidation/zaheer_ahmad/os_fpga2/Validation/RTL_testcases/RTL_Benchmarks_Gap_Analysis/pwrmgr/rtl/prim_subreg.sv:60:12: Compile generate block "work@pwrmgr.u_reg.u_control_usb_clk_en_active.gen_hw".
[INF:CP0335] /nfs_scratch/scratch/CompilerValidation/zaheer_ahmad/os_fpga2/Validation/RTL_testcases/RTL_Benchmarks_Gap_Analysis/pwrmgr/rtl/prim_subreg.sv:60:12: Compile generate block "work@pwrmgr.u_reg.u_control_main_pd_n.gen_hw".
[INF:CP0335] /nfs_scratch/scratch/CompilerValidation/zaheer_ahmad/os_fpga2/Validation/RTL_testcases/RTL_Benchmarks_Gap_Analysis/pwrmgr/rtl/prim_subreg.sv:60:12: Compile generate block "work@pwrmgr.u_reg.u_cfg_cdc_sync.gen_hw".
[INF:CP0335] /nfs_scratch/scratch/CompilerValidation/zaheer_ahmad/os_fpga2/Validation/RTL_testcases/RTL_Benchmarks_Gap_Analysis/pwrmgr/rtl/prim_subreg.sv:60:12: Compile generate block "work@pwrmgr.u_reg.u_wakeup_en_regwen.gen_hw".
[INF:CP0335] /nfs_scratch/scratch/CompilerValidation/zaheer_ahmad/os_fpga2/Validation/RTL_testcases/RTL_Benchmarks_Gap_Analysis/pwrmgr/rtl/prim_subreg.sv:60:12: Compile generate block "work@pwrmgr.u_reg.u_wakeup_en.gen_hw".
[INF:CP0335] /nfs_scratch/scratch/CompilerValidation/zaheer_ahmad/os_fpga2/Validation/RTL_testcases/RTL_Benchmarks_Gap_Analysis/pwrmgr/rtl/prim_subreg.sv:60:12: Compile generate block "work@pwrmgr.u_reg.u_wake_status.gen_hw".
[INF:CP0335] /nfs_scratch/scratch/CompilerValidation/zaheer_ahmad/os_fpga2/Validation/RTL_testcases/RTL_Benchmarks_Gap_Analysis/pwrmgr/rtl/prim_subreg.sv:60:12: Compile generate block "work@pwrmgr.u_reg.u_reset_en_regwen.gen_hw".
[INF:CP0335] /nfs_scratch/scratch/CompilerValidation/zaheer_ahmad/os_fpga2/Validation/RTL_testcases/RTL_Benchmarks_Gap_Analysis/pwrmgr/rtl/prim_subreg.sv:60:12: Compile generate block "work@pwrmgr.u_reg.u_reset_en.gen_hw".
[INF:CP0335] /nfs_scratch/scratch/CompilerValidation/zaheer_ahmad/os_fpga2/Validation/RTL_testcases/RTL_Benchmarks_Gap_Analysis/pwrmgr/rtl/prim_subreg.sv:60:12: Compile generate block "work@pwrmgr.u_reg.u_reset_status.gen_hw".
[INF:CP0335] /nfs_scratch/scratch/CompilerValidation/zaheer_ahmad/os_fpga2/Validation/RTL_testcases/RTL_Benchmarks_Gap_Analysis/pwrmgr/rtl/prim_subreg.sv:60:12: Compile generate block "work@pwrmgr.u_reg.u_wake_info_capture_dis.gen_hw".
[INF:CP0335] /nfs_scratch/scratch/CompilerValidation/zaheer_ahmad/os_fpga2/Validation/RTL_testcases/RTL_Benchmarks_Gap_Analysis/pwrmgr/rtl/pwrmgr.sv:272:42: Compile generate block "work@pwrmgr.gen_alert_tx[0]".
[INF:CP0335] /nfs_scratch/scratch/CompilerValidation/zaheer_ahmad/os_fpga2/Validation/RTL_testcases/RTL_Benchmarks_Gap_Analysis/pwrmgr/rtl/prim_diff_decode.sv:44:16: Compile generate block "work@pwrmgr.gen_alert_tx[0].u_prim_alert_sender.i_decode_ping.gen_async".
[INF:CP0335] /nfs_scratch/scratch/CompilerValidation/zaheer_ahmad/os_fpga2/Validation/RTL_testcases/RTL_Benchmarks_Gap_Analysis/pwrmgr/rtl/prim_flop_2sync.sv:28:10: Compile generate block "work@pwrmgr.gen_alert_tx[0].u_prim_alert_sender.i_decode_ping.gen_async.i_sync_p.gen_generic".
[INF:CP0335] /nfs_scratch/scratch/CompilerValidation/zaheer_ahmad/os_fpga2/Validation/RTL_testcases/RTL_Benchmarks_Gap_Analysis/pwrmgr/rtl/prim_flop_2sync.sv:28:10: Compile generate block "work@pwrmgr.gen_alert_tx[0].u_prim_alert_sender.i_decode_ping.gen_async.i_sync_n.gen_generic".
[INF:CP0335] /nfs_scratch/scratch/CompilerValidation/zaheer_ahmad/os_fpga2/Validation/RTL_testcases/RTL_Benchmarks_Gap_Analysis/pwrmgr/rtl/prim_diff_decode.sv:44:16: Compile generate block "work@pwrmgr.gen_alert_tx[0].u_prim_alert_sender.i_decode_ack.gen_async".
[INF:CP0335] /nfs_scratch/scratch/CompilerValidation/zaheer_ahmad/os_fpga2/Validation/RTL_testcases/RTL_Benchmarks_Gap_Analysis/pwrmgr/rtl/prim_flop_2sync.sv:28:10: Compile generate block "work@pwrmgr.gen_alert_tx[0].u_prim_alert_sender.i_decode_ack.gen_async.i_sync_p.gen_generic".
[INF:CP0335] /nfs_scratch/scratch/CompilerValidation/zaheer_ahmad/os_fpga2/Validation/RTL_testcases/RTL_Benchmarks_Gap_Analysis/pwrmgr/rtl/prim_flop_2sync.sv:28:10: Compile generate block "work@pwrmgr.gen_alert_tx[0].u_prim_alert_sender.i_decode_ack.gen_async.i_sync_n.gen_generic".
[INF:CP0335] /nfs_scratch/scratch/CompilerValidation/zaheer_ahmad/os_fpga2/Validation/RTL_testcases/RTL_Benchmarks_Gap_Analysis/pwrmgr/rtl/prim_buf.sv:30:10: Compile generate block "work@pwrmgr.gen_alert_tx[0].u_prim_alert_sender.u_prim_buf_p.gen_generic".
[INF:CP0335] /nfs_scratch/scratch/CompilerValidation/zaheer_ahmad/os_fpga2/Validation/RTL_testcases/RTL_Benchmarks_Gap_Analysis/pwrmgr/rtl/prim_buf.sv:30:10: Compile generate block "work@pwrmgr.gen_alert_tx[0].u_prim_alert_sender.u_prim_buf_n.gen_generic".
[INF:CP0335] /nfs_scratch/scratch/CompilerValidation/zaheer_ahmad/os_fpga2/Validation/RTL_testcases/RTL_Benchmarks_Gap_Analysis/pwrmgr/rtl/prim_flop_2sync.sv:28:10: Compile generate block "work@pwrmgr.u_cdc.u_req_pwrdn_sync.gen_generic".
[INF:CP0335] /nfs_scratch/scratch/CompilerValidation/zaheer_ahmad/os_fpga2/Validation/RTL_testcases/RTL_Benchmarks_Gap_Analysis/pwrmgr/rtl/prim_flop_2sync.sv:28:10: Compile generate block "work@pwrmgr.u_cdc.u_ack_pwrup_sync.gen_generic".
[INF:CP0335] /nfs_scratch/scratch/CompilerValidation/zaheer_ahmad/os_fpga2/Validation/RTL_testcases/RTL_Benchmarks_Gap_Analysis/pwrmgr/rtl/prim_flop_2sync.sv:28:10: Compile generate block "work@pwrmgr.u_cdc.u_slow_cdc_sync.prim_flop_2sync.gen_generic".
[INF:CP0335] /nfs_scratch/scratch/CompilerValidation/zaheer_ahmad/os_fpga2/Validation/RTL_testcases/RTL_Benchmarks_Gap_Analysis/pwrmgr/rtl/prim_flop_2sync.sv:28:10: Compile generate block "work@pwrmgr.u_cdc.u_slow_ext_req_sync.gen_generic".
[INF:CP0335] /nfs_scratch/scratch/CompilerValidation/zaheer_ahmad/os_fpga2/Validation/RTL_testcases/RTL_Benchmarks_Gap_Analysis/pwrmgr/rtl/prim_flop_2sync.sv:28:10: Compile generate block "work@pwrmgr.u_cdc.u_ip_clk_status_sync.gen_generic".
[INF:CP0335] /nfs_scratch/scratch/CompilerValidation/zaheer_ahmad/os_fpga2/Validation/RTL_testcases/RTL_Benchmarks_Gap_Analysis/pwrmgr/rtl/prim_flop_2sync.sv:28:10: Compile generate block "work@pwrmgr.u_cdc.u_ast_sync.gen_generic".
[INF:CP0335] /nfs_scratch/scratch/CompilerValidation/zaheer_ahmad/os_fpga2/Validation/RTL_testcases/RTL_Benchmarks_Gap_Analysis/pwrmgr/rtl/prim_flop_2sync.sv:28:10: Compile generate block "work@pwrmgr.u_cdc.u_req_pwrup_sync.gen_generic".
[INF:CP0335] /nfs_scratch/scratch/CompilerValidation/zaheer_ahmad/os_fpga2/Validation/RTL_testcases/RTL_Benchmarks_Gap_Analysis/pwrmgr/rtl/prim_flop_2sync.sv:28:10: Compile generate block "work@pwrmgr.u_cdc.u_ack_pwrdn_sync.gen_generic".
[INF:CP0335] /nfs_scratch/scratch/CompilerValidation/zaheer_ahmad/os_fpga2/Validation/RTL_testcases/RTL_Benchmarks_Gap_Analysis/pwrmgr/rtl/prim_flop_2sync.sv:28:10: Compile generate block "work@pwrmgr.u_cdc.u_int_fsm_invalid_sync.gen_generic".
[INF:CP0335] /nfs_scratch/scratch/CompilerValidation/zaheer_ahmad/os_fpga2/Validation/RTL_testcases/RTL_Benchmarks_Gap_Analysis/pwrmgr/rtl/prim_flop_2sync.sv:28:10: Compile generate block "work@pwrmgr.u_cdc.u_pwrup_chg_sync.gen_generic".
[INF:CP0335] /nfs_scratch/scratch/CompilerValidation/zaheer_ahmad/os_fpga2/Validation/RTL_testcases/RTL_Benchmarks_Gap_Analysis/pwrmgr/rtl/prim_flop_2sync.sv:28:10: Compile generate block "work@pwrmgr.u_cdc.u_ip_clk_en_sync.gen_generic".
[INF:CP0335] /nfs_scratch/scratch/CompilerValidation/zaheer_ahmad/os_fpga2/Validation/RTL_testcases/RTL_Benchmarks_Gap_Analysis/pwrmgr/rtl/prim_flop_2sync.sv:28:10: Compile generate block "work@pwrmgr.u_cdc.u_scdc_sync.prim_flop_2sync.gen_generic".
[INF:CP0335] /nfs_scratch/scratch/CompilerValidation/zaheer_ahmad/os_fpga2/Validation/RTL_testcases/RTL_Benchmarks_Gap_Analysis/pwrmgr/rtl/prim_flop_2sync.sv:28:10: Compile generate block "work@pwrmgr.u_cdc.u_ext_req_sync.gen_generic".
[INF:CP0335] /nfs_scratch/scratch/CompilerValidation/zaheer_ahmad/os_fpga2/Validation/RTL_testcases/RTL_Benchmarks_Gap_Analysis/pwrmgr/rtl/prim_flop_2sync.sv:28:10: Compile generate block "work@pwrmgr.u_cdc.u_sync_flash_idle.gen_generic".
[INF:CP0335] /nfs_scratch/scratch/CompilerValidation/zaheer_ahmad/os_fpga2/Validation/RTL_testcases/RTL_Benchmarks_Gap_Analysis/pwrmgr/rtl/prim_flop_2sync.sv:28:10: Compile generate block "work@pwrmgr.u_cdc.u_sync_otp.gen_generic".
[INF:CP0335] /nfs_scratch/scratch/CompilerValidation/zaheer_ahmad/os_fpga2/Validation/RTL_testcases/RTL_Benchmarks_Gap_Analysis/pwrmgr/rtl/prim_mubi4_sync.sv:42:16: Compile generate block "work@pwrmgr.u_cdc.u_sync_rom_ctrl.gen_flops".
[INF:CP0335] /nfs_scratch/scratch/CompilerValidation/zaheer_ahmad/os_fpga2/Validation/RTL_testcases/RTL_Benchmarks_Gap_Analysis/pwrmgr/rtl/prim_flop_2sync.sv:28:10: Compile generate block "work@pwrmgr.u_cdc.u_sync_rom_ctrl.gen_flops.u_prim_flop_2sync.gen_generic".
[INF:CP0335] /nfs_scratch/scratch/CompilerValidation/zaheer_ahmad/os_fpga2/Validation/RTL_testcases/RTL_Benchmarks_Gap_Analysis/pwrmgr/rtl/prim_mubi4_sync.sv:54:25: Compile generate block "work@pwrmgr.u_cdc.u_sync_rom_ctrl.gen_flops.gen_stable_chks".
[INF:CP0335] /nfs_scratch/scratch/CompilerValidation/zaheer_ahmad/os_fpga2/Validation/RTL_testcases/RTL_Benchmarks_Gap_Analysis/pwrmgr/rtl/prim_flop.sv:39:10: Compile generate block "work@pwrmgr.u_cdc.u_sync_rom_ctrl.gen_flops.gen_stable_chks.u_prim_flop_3rd_stage.gen_generic".
[INF:CP0335] /nfs_scratch/scratch/CompilerValidation/zaheer_ahmad/os_fpga2/Validation/RTL_testcases/RTL_Benchmarks_Gap_Analysis/pwrmgr/rtl/prim_xor2.sv:35:10: Compile generate block "work@pwrmgr.u_cdc.u_sync_rom_ctrl.gen_flops.gen_stable_chks.u_mubi_xor.gen_generic".
[INF:CP0335] /nfs_scratch/scratch/CompilerValidation/zaheer_ahmad/os_fpga2/Validation/RTL_testcases/RTL_Benchmarks_Gap_Analysis/pwrmgr/rtl/prim_mubi4_sync.sv:78:47: Compile generate block "work@pwrmgr.u_cdc.u_sync_rom_ctrl.gen_flops.gen_stable_chks.gen_bufs_muxes[0]".
[INF:CP0335] /nfs_scratch/scratch/CompilerValidation/zaheer_ahmad/os_fpga2/Validation/RTL_testcases/RTL_Benchmarks_Gap_Analysis/pwrmgr/rtl/prim_buf.sv:30:10: Compile generate block "work@pwrmgr.u_cdc.u_sync_rom_ctrl.gen_flops.gen_stable_chks.gen_bufs_muxes[0].u_sig_unstable_buf.u_secure_anchor_buf.gen_generic".
[INF:CP0335] /nfs_scratch/scratch/CompilerValidation/zaheer_ahmad/os_fpga2/Validation/RTL_testcases/RTL_Benchmarks_Gap_Analysis/pwrmgr/rtl/prim_clock_mux2.sv:36:10: Compile generate block "work@pwrmgr.u_cdc.u_sync_rom_ctrl.gen_flops.gen_stable_chks.gen_bufs_muxes[0].u_mux.gen_generic".
[INF:CP0335] /nfs_scratch/scratch/CompilerValidation/zaheer_ahmad/os_fpga2/Validation/RTL_testcases/RTL_Benchmarks_Gap_Analysis/pwrmgr/rtl/prim_mubi4_sync.sv:78:47: Compile generate block "work@pwrmgr.u_cdc.u_sync_rom_ctrl.gen_flops.gen_stable_chks.gen_bufs_muxes[1]".
[INF:CP0335] /nfs_scratch/scratch/CompilerValidation/zaheer_ahmad/os_fpga2/Validation/RTL_testcases/RTL_Benchmarks_Gap_Analysis/pwrmgr/rtl/prim_buf.sv:30:10: Compile generate block "work@pwrmgr.u_cdc.u_sync_rom_ctrl.gen_flops.gen_stable_chks.gen_bufs_muxes[1].u_sig_unstable_buf.u_secure_anchor_buf.gen_generic".
[INF:CP0335] /nfs_scratch/scratch/CompilerValidation/zaheer_ahmad/os_fpga2/Validation/RTL_testcases/RTL_Benchmarks_Gap_Analysis/pwrmgr/rtl/prim_clock_mux2.sv:36:10: Compile generate block "work@pwrmgr.u_cdc.u_sync_rom_ctrl.gen_flops.gen_stable_chks.gen_bufs_muxes[1].u_mux.gen_generic".
[INF:CP0335] /nfs_scratch/scratch/CompilerValidation/zaheer_ahmad/os_fpga2/Validation/RTL_testcases/RTL_Benchmarks_Gap_Analysis/pwrmgr/rtl/prim_mubi4_sync.sv:78:47: Compile generate block "work@pwrmgr.u_cdc.u_sync_rom_ctrl.gen_flops.gen_stable_chks.gen_bufs_muxes[2]".
[INF:CP0335] /nfs_scratch/scratch/CompilerValidation/zaheer_ahmad/os_fpga2/Validation/RTL_testcases/RTL_Benchmarks_Gap_Analysis/pwrmgr/rtl/prim_buf.sv:30:10: Compile generate block "work@pwrmgr.u_cdc.u_sync_rom_ctrl.gen_flops.gen_stable_chks.gen_bufs_muxes[2].u_sig_unstable_buf.u_secure_anchor_buf.gen_generic".
[INF:CP0335] /nfs_scratch/scratch/CompilerValidation/zaheer_ahmad/os_fpga2/Validation/RTL_testcases/RTL_Benchmarks_Gap_Analysis/pwrmgr/rtl/prim_clock_mux2.sv:36:10: Compile generate block "work@pwrmgr.u_cdc.u_sync_rom_ctrl.gen_flops.gen_stable_chks.gen_bufs_muxes[2].u_mux.gen_generic".
[INF:CP0335] /nfs_scratch/scratch/CompilerValidation/zaheer_ahmad/os_fpga2/Validation/RTL_testcases/RTL_Benchmarks_Gap_Analysis/pwrmgr/rtl/prim_mubi4_sync.sv:78:47: Compile generate block "work@pwrmgr.u_cdc.u_sync_rom_ctrl.gen_flops.gen_stable_chks.gen_bufs_muxes[3]".
[INF:CP0335] /nfs_scratch/scratch/CompilerValidation/zaheer_ahmad/os_fpga2/Validation/RTL_testcases/RTL_Benchmarks_Gap_Analysis/pwrmgr/rtl/prim_buf.sv:30:10: Compile generate block "work@pwrmgr.u_cdc.u_sync_rom_ctrl.gen_flops.gen_stable_chks.gen_bufs_muxes[3].u_sig_unstable_buf.u_secure_anchor_buf.gen_generic".
[INF:CP0335] /nfs_scratch/scratch/CompilerValidation/zaheer_ahmad/os_fpga2/Validation/RTL_testcases/RTL_Benchmarks_Gap_Analysis/pwrmgr/rtl/prim_clock_mux2.sv:36:10: Compile generate block "work@pwrmgr.u_cdc.u_sync_rom_ctrl.gen_flops.gen_stable_chks.gen_bufs_muxes[3].u_mux.gen_generic".
[INF:CP0335] /nfs_scratch/scratch/CompilerValidation/zaheer_ahmad/os_fpga2/Validation/RTL_testcases/RTL_Benchmarks_Gap_Analysis/pwrmgr/rtl/prim_mubi4_sync.sv:113:42: Compile generate block "work@pwrmgr.u_cdc.u_sync_rom_ctrl.gen_buffs[0]".
[INF:CP0335] /nfs_scratch/scratch/CompilerValidation/zaheer_ahmad/os_fpga2/Validation/RTL_testcases/RTL_Benchmarks_Gap_Analysis/pwrmgr/rtl/prim_mubi4_sync.sv:115:45: Compile generate block "work@pwrmgr.u_cdc.u_sync_rom_ctrl.gen_buffs[0].gen_bits[0]".
[INF:CP0335] /nfs_scratch/scratch/CompilerValidation/zaheer_ahmad/os_fpga2/Validation/RTL_testcases/RTL_Benchmarks_Gap_Analysis/pwrmgr/rtl/prim_buf.sv:30:10: Compile generate block "work@pwrmgr.u_cdc.u_sync_rom_ctrl.gen_buffs[0].gen_bits[0].u_prim_buf.gen_generic".
[INF:CP0335] /nfs_scratch/scratch/CompilerValidation/zaheer_ahmad/os_fpga2/Validation/RTL_testcases/RTL_Benchmarks_Gap_Analysis/pwrmgr/rtl/prim_mubi4_sync.sv:115:45: Compile generate block "work@pwrmgr.u_cdc.u_sync_rom_ctrl.gen_buffs[0].gen_bits[1]".
[INF:CP0335] /nfs_scratch/scratch/CompilerValidation/zaheer_ahmad/os_fpga2/Validation/RTL_testcases/RTL_Benchmarks_Gap_Analysis/pwrmgr/rtl/prim_buf.sv:30:10: Compile generate block "work@pwrmgr.u_cdc.u_sync_rom_ctrl.gen_buffs[0].gen_bits[1].u_prim_buf.gen_generic".
[INF:CP0335] /nfs_scratch/scratch/CompilerValidation/zaheer_ahmad/os_fpga2/Validation/RTL_testcases/RTL_Benchmarks_Gap_Analysis/pwrmgr/rtl/prim_mubi4_sync.sv:115:45: Compile generate block "work@pwrmgr.u_cdc.u_sync_rom_ctrl.gen_buffs[0].gen_bits[2]".
[INF:CP0335] /nfs_scratch/scratch/CompilerValidation/zaheer_ahmad/os_fpga2/Validation/RTL_testcases/RTL_Benchmarks_Gap_Analysis/pwrmgr/rtl/prim_buf.sv:30:10: Compile generate block "work@pwrmgr.u_cdc.u_sync_rom_ctrl.gen_buffs[0].gen_bits[2].u_prim_buf.gen_generic".
[INF:CP0335] /nfs_scratch/scratch/CompilerValidation/zaheer_ahmad/os_fpga2/Validation/RTL_testcases/RTL_Benchmarks_Gap_Analysis/pwrmgr/rtl/prim_mubi4_sync.sv:115:45: Compile generate block "work@pwrmgr.u_cdc.u_sync_rom_ctrl.gen_buffs[0].gen_bits[3]".
[INF:CP0335] /nfs_scratch/scratch/CompilerValidation/zaheer_ahmad/os_fpga2/Validation/RTL_testcases/RTL_Benchmarks_Gap_Analysis/pwrmgr/rtl/prim_buf.sv:30:10: Compile generate block "work@pwrmgr.u_cdc.u_sync_rom_ctrl.gen_buffs[0].gen_bits[3].u_prim_buf.gen_generic".
[INF:CP0335] /nfs_scratch/scratch/CompilerValidation/zaheer_ahmad/os_fpga2/Validation/RTL_testcases/RTL_Benchmarks_Gap_Analysis/pwrmgr/rtl/prim_flop_2sync.sv:28:10: Compile generate block "work@pwrmgr.u_cdc.u_clr_reqack.req_sync.gen_generic".
[INF:CP0335] /nfs_scratch/scratch/CompilerValidation/zaheer_ahmad/os_fpga2/Validation/RTL_testcases/RTL_Benchmarks_Gap_Analysis/pwrmgr/rtl/prim_flop_2sync.sv:28:10: Compile generate block "work@pwrmgr.u_cdc.u_clr_reqack.ack_sync.gen_generic".
[INF:CP0335] /nfs_scratch/scratch/CompilerValidation/zaheer_ahmad/os_fpga2/Validation/RTL_testcases/RTL_Benchmarks_Gap_Analysis/pwrmgr/rtl/pwrmgr.sv:394:41: Compile generate block "work@pwrmgr.gen_wakeup_status[0]".
[INF:CP0335] /nfs_scratch/scratch/CompilerValidation/zaheer_ahmad/os_fpga2/Validation/RTL_testcases/RTL_Benchmarks_Gap_Analysis/pwrmgr/rtl/pwrmgr.sv:394:41: Compile generate block "work@pwrmgr.gen_wakeup_status[1]".
[INF:CP0335] /nfs_scratch/scratch/CompilerValidation/zaheer_ahmad/os_fpga2/Validation/RTL_testcases/RTL_Benchmarks_Gap_Analysis/pwrmgr/rtl/pwrmgr.sv:394:41: Compile generate block "work@pwrmgr.gen_wakeup_status[2]".
[INF:CP0335] /nfs_scratch/scratch/CompilerValidation/zaheer_ahmad/os_fpga2/Validation/RTL_testcases/RTL_Benchmarks_Gap_Analysis/pwrmgr/rtl/pwrmgr.sv:394:41: Compile generate block "work@pwrmgr.gen_wakeup_status[3]".
[INF:CP0335] /nfs_scratch/scratch/CompilerValidation/zaheer_ahmad/os_fpga2/Validation/RTL_testcases/RTL_Benchmarks_Gap_Analysis/pwrmgr/rtl/pwrmgr.sv:394:41: Compile generate block "work@pwrmgr.gen_wakeup_status[4]".
[INF:CP0335] /nfs_scratch/scratch/CompilerValidation/zaheer_ahmad/os_fpga2/Validation/RTL_testcases/RTL_Benchmarks_Gap_Analysis/pwrmgr/rtl/pwrmgr.sv:394:41: Compile generate block "work@pwrmgr.gen_wakeup_status[5]".
[INF:CP0335] /nfs_scratch/scratch/CompilerValidation/zaheer_ahmad/os_fpga2/Validation/RTL_testcases/RTL_Benchmarks_Gap_Analysis/pwrmgr/rtl/pwrmgr.sv:399:43: Compile generate block "work@pwrmgr.gen_reset_status[0]".
[INF:CP0335] /nfs_scratch/scratch/CompilerValidation/zaheer_ahmad/os_fpga2/Validation/RTL_testcases/RTL_Benchmarks_Gap_Analysis/pwrmgr/rtl/pwrmgr.sv:399:43: Compile generate block "work@pwrmgr.gen_reset_status[1]".
[INF:CP0335] /nfs_scratch/scratch/CompilerValidation/zaheer_ahmad/os_fpga2/Validation/RTL_testcases/RTL_Benchmarks_Gap_Analysis/pwrmgr/rtl/prim_flop.sv:39:10: Compile generate block "work@pwrmgr.u_slow_fsm.u_state_regs.u_state_flop.gen_generic".
[INF:CP0335] /nfs_scratch/scratch/CompilerValidation/zaheer_ahmad/os_fpga2/Validation/RTL_testcases/RTL_Benchmarks_Gap_Analysis/pwrmgr/rtl/prim_flop.sv:39:10: Compile generate block "work@pwrmgr.u_slow_fsm.u_usb_clk_en.gen_generic".
[INF:CP0335] /nfs_scratch/scratch/CompilerValidation/zaheer_ahmad/os_fpga2/Validation/RTL_testcases/RTL_Benchmarks_Gap_Analysis/pwrmgr/rtl/prim_flop.sv:39:10: Compile generate block "work@pwrmgr.u_fsm.u_state_regs.u_state_flop.gen_generic".
[INF:CP0335] /nfs_scratch/scratch/CompilerValidation/zaheer_ahmad/os_fpga2/Validation/RTL_testcases/RTL_Benchmarks_Gap_Analysis/pwrmgr/rtl/prim_flop_2sync.sv:28:10: Compile generate block "work@pwrmgr.u_fsm.u_slow_sync_lc_done.gen_generic".
[INF:CP0335] /nfs_scratch/scratch/CompilerValidation/zaheer_ahmad/os_fpga2/Validation/RTL_testcases/RTL_Benchmarks_Gap_Analysis/pwrmgr/rtl/prim_flop_2sync.sv:28:10: Compile generate block "work@pwrmgr.u_fsm.u_sync_lc_done.gen_generic".
[INF:CP0335] /nfs_scratch/scratch/CompilerValidation/zaheer_ahmad/os_fpga2/Validation/RTL_testcases/RTL_Benchmarks_Gap_Analysis/pwrmgr/rtl/prim_flop.sv:39:10: Compile generate block "work@pwrmgr.u_fsm.u_usb_ip_clk_en.gen_generic".
[INF:CP0335] /nfs_scratch/scratch/CompilerValidation/zaheer_ahmad/os_fpga2/Validation/RTL_testcases/RTL_Benchmarks_Gap_Analysis/pwrmgr/rtl/prim_flop.sv:39:10: Compile generate block "work@pwrmgr.u_fsm.u_reg_otp_init.gen_generic".
[INF:CP0335] /nfs_scratch/scratch/CompilerValidation/zaheer_ahmad/os_fpga2/Validation/RTL_testcases/RTL_Benchmarks_Gap_Analysis/pwrmgr/rtl/prim_flop.sv:39:10: Compile generate block "work@pwrmgr.u_fsm.u_reg_lc_init.gen_generic".
[INF:CP0335] /nfs_scratch/scratch/CompilerValidation/zaheer_ahmad/os_fpga2/Validation/RTL_testcases/RTL_Benchmarks_Gap_Analysis/pwrmgr/rtl/prim_intr_hw.sv:39:24: Compile generate block "work@pwrmgr.intr_wakeup.gen_flop_intr_output".
[NTE:EL0503] /nfs_scratch/scratch/CompilerValidation/zaheer_ahmad/os_fpga2/Validation/RTL_testcases/RTL_Benchmarks_Gap_Analysis/pwrmgr/rtl/pwrmgr.sv:9:1: Top level module "work@pwrmgr".
[NTE:EL0508] Nb Top level modules: 1.
[NTE:EL0509] Max instance depth: 10.
[NTE:EL0510] Nb instances: 230.
[NTE:EL0511] Nb leaf instances: 26.
[INF:UH0706] Creating UHDM Model...
[INF:UH0707] Elaborating UHDM...
[  FATAL] : 0
[ SYNTAX] : 0
[  ERROR] : 0
[WARNING] : 0
[   NOTE] : 8
Warning: /nfs_scratch/scratch/CompilerValidation/zaheer_ahmad/os_fpga2/Validation/RTL_testcases/RTL_Benchmarks_Gap_Analysis/pwrmgr/rtl/prim_mubi_pkg.sv:80: Post-incrementation operations are handled as pre-incrementation.
Warning: /nfs_scratch/scratch/CompilerValidation/zaheer_ahmad/os_fpga2/Validation/RTL_testcases/RTL_Benchmarks_Gap_Analysis/pwrmgr/rtl/prim_mubi_pkg.sv:106: Post-incrementation operations are handled as pre-incrementation.
Warning: /nfs_scratch/scratch/CompilerValidation/zaheer_ahmad/os_fpga2/Validation/RTL_testcases/RTL_Benchmarks_Gap_Analysis/pwrmgr/rtl/prim_mubi_pkg.sv:209: Post-incrementation operations are handled as pre-incrementation.
Warning: /nfs_scratch/scratch/CompilerValidation/zaheer_ahmad/os_fpga2/Validation/RTL_testcases/RTL_Benchmarks_Gap_Analysis/pwrmgr/rtl/prim_mubi_pkg.sv:235: Post-incrementation operations are handled as pre-incrementation.
Warning: /nfs_scratch/scratch/CompilerValidation/zaheer_ahmad/os_fpga2/Validation/RTL_testcases/RTL_Benchmarks_Gap_Analysis/pwrmgr/rtl/prim_mubi_pkg.sv:338: Post-incrementation operations are handled as pre-incrementation.
Warning: /nfs_scratch/scratch/CompilerValidation/zaheer_ahmad/os_fpga2/Validation/RTL_testcases/RTL_Benchmarks_Gap_Analysis/pwrmgr/rtl/prim_mubi_pkg.sv:364: Post-incrementation operations are handled as pre-incrementation.
Warning: /nfs_scratch/scratch/CompilerValidation/zaheer_ahmad/os_fpga2/Validation/RTL_testcases/RTL_Benchmarks_Gap_Analysis/pwrmgr/rtl/prim_mubi_pkg.sv:467: Post-incrementation operations are handled as pre-incrementation.
Warning: /nfs_scratch/scratch/CompilerValidation/zaheer_ahmad/os_fpga2/Validation/RTL_testcases/RTL_Benchmarks_Gap_Analysis/pwrmgr/rtl/prim_mubi_pkg.sv:493: Post-incrementation operations are handled as pre-incrementation.
Warning: /nfs_scratch/scratch/CompilerValidation/zaheer_ahmad/os_fpga2/Validation/RTL_testcases/RTL_Benchmarks_Gap_Analysis/pwrmgr/rtl/prim_util_pkg.sv:34: Post-incrementation operations are handled as pre-incrementation.
Warning: /nfs_scratch/scratch/CompilerValidation/zaheer_ahmad/os_fpga2/Validation/RTL_testcases/RTL_Benchmarks_Gap_Analysis/pwrmgr/rtl/prim_mubi_pkg.sv:80: Post-incrementation operations are handled as pre-incrementation.
Warning: /nfs_scratch/scratch/CompilerValidation/zaheer_ahmad/os_fpga2/Validation/RTL_testcases/RTL_Benchmarks_Gap_Analysis/pwrmgr/rtl/prim_mubi_pkg.sv:106: Post-incrementation operations are handled as pre-incrementation.
Warning: /nfs_scratch/scratch/CompilerValidation/zaheer_ahmad/os_fpga2/Validation/RTL_testcases/RTL_Benchmarks_Gap_Analysis/pwrmgr/rtl/prim_mubi_pkg.sv:209: Post-incrementation operations are handled as pre-incrementation.
Warning: /nfs_scratch/scratch/CompilerValidation/zaheer_ahmad/os_fpga2/Validation/RTL_testcases/RTL_Benchmarks_Gap_Analysis/pwrmgr/rtl/prim_mubi_pkg.sv:235: Post-incrementation operations are handled as pre-incrementation.
Warning: /nfs_scratch/scratch/CompilerValidation/zaheer_ahmad/os_fpga2/Validation/RTL_testcases/RTL_Benchmarks_Gap_Analysis/pwrmgr/rtl/prim_mubi_pkg.sv:338: Post-incrementation operations are handled as pre-incrementation.
Warning: /nfs_scratch/scratch/CompilerValidation/zaheer_ahmad/os_fpga2/Validation/RTL_testcases/RTL_Benchmarks_Gap_Analysis/pwrmgr/rtl/prim_mubi_pkg.sv:364: Post-incrementation operations are handled as pre-incrementation.
Warning: /nfs_scratch/scratch/CompilerValidation/zaheer_ahmad/os_fpga2/Validation/RTL_testcases/RTL_Benchmarks_Gap_Analysis/pwrmgr/rtl/prim_mubi_pkg.sv:467: Post-incrementation operations are handled as pre-incrementation.
Warning: /nfs_scratch/scratch/CompilerValidation/zaheer_ahmad/os_fpga2/Validation/RTL_testcases/RTL_Benchmarks_Gap_Analysis/pwrmgr/rtl/prim_mubi_pkg.sv:493: Post-incrementation operations are handled as pre-incrementation.
Warning: /nfs_scratch/scratch/CompilerValidation/zaheer_ahmad/os_fpga2/Validation/RTL_testcases/RTL_Benchmarks_Gap_Analysis/pwrmgr/rtl/prim_mubi_pkg.sv:80: Post-incrementation operations are handled as pre-incrementation.
Warning: /nfs_scratch/scratch/CompilerValidation/zaheer_ahmad/os_fpga2/Validation/RTL_testcases/RTL_Benchmarks_Gap_Analysis/pwrmgr/rtl/prim_mubi_pkg.sv:106: Post-incrementation operations are handled as pre-incrementation.
Warning: /nfs_scratch/scratch/CompilerValidation/zaheer_ahmad/os_fpga2/Validation/RTL_testcases/RTL_Benchmarks_Gap_Analysis/pwrmgr/rtl/prim_mubi_pkg.sv:209: Post-incrementation operations are handled as pre-incrementation.
Warning: /nfs_scratch/scratch/CompilerValidation/zaheer_ahmad/os_fpga2/Validation/RTL_testcases/RTL_Benchmarks_Gap_Analysis/pwrmgr/rtl/prim_mubi_pkg.sv:235: Post-incrementation operations are handled as pre-incrementation.
Warning: /nfs_scratch/scratch/CompilerValidation/zaheer_ahmad/os_fpga2/Validation/RTL_testcases/RTL_Benchmarks_Gap_Analysis/pwrmgr/rtl/prim_mubi_pkg.sv:338: Post-incrementation operations are handled as pre-incrementation.
Warning: /nfs_scratch/scratch/CompilerValidation/zaheer_ahmad/os_fpga2/Validation/RTL_testcases/RTL_Benchmarks_Gap_Analysis/pwrmgr/rtl/prim_mubi_pkg.sv:364: Post-incrementation operations are handled as pre-incrementation.
Warning: /nfs_scratch/scratch/CompilerValidation/zaheer_ahmad/os_fpga2/Validation/RTL_testcases/RTL_Benchmarks_Gap_Analysis/pwrmgr/rtl/prim_mubi_pkg.sv:467: Post-incrementation operations are handled as pre-incrementation.
Warning: /nfs_scratch/scratch/CompilerValidation/zaheer_ahmad/os_fpga2/Validation/RTL_testcases/RTL_Benchmarks_Gap_Analysis/pwrmgr/rtl/prim_mubi_pkg.sv:493: Post-incrementation operations are handled as pre-incrementation.
Warning: /nfs_scratch/scratch/CompilerValidation/zaheer_ahmad/os_fpga2/Validation/RTL_testcases/RTL_Benchmarks_Gap_Analysis/pwrmgr/rtl/pwrmgr_fsm.sv:398: Post-incrementation operations are handled as pre-incrementation.
Generating RTLIL representation for module `$paramod$572334ae2b5971ff7e4eb457c77e6e769d857e82\prim_sparse_fsm_flop'.
Generating RTLIL representation for module `$paramod$21a513b276be09c9cb5553d5463fdf4800edca32\pwrmgr_fsm'.
Warning: reg '\state_q' is assigned in a continuous assignment at /nfs_scratch/scratch/CompilerValidation/zaheer_ahmad/os_fpga2/Validation/RTL_testcases/RTL_Benchmarks_Gap_Analysis/pwrmgr/rtl/pwrmgr_fsm.sv:151.10-151.50.
Warning: reg '\fetch_en_o' is assigned in a continuous assignment at /nfs_scratch/scratch/CompilerValidation/zaheer_ahmad/os_fpga2/Validation/RTL_testcases/RTL_Benchmarks_Gap_Analysis/pwrmgr/rtl/pwrmgr_fsm.sv:180.10-180.33.
Generating RTLIL representation for module `$paramod$fe55b1bb949966d310e200acf24c2aa59944d626\prim_generic_flop'.
Generating RTLIL representation for module `$paramod$44a1f8f9602035884579b7c1bf52cac427a84729\prim_flop'.
Generating RTLIL representation for module `$paramod$a7aee46bd09813908c06b21f352766ca9cf9b3c9\prim_sparse_fsm_flop'.
Generating RTLIL representation for module `$paramod$21db42bc4a37f19b92ab182268213f76666c0005\pwrmgr_slow_fsm'.
Warning: reg '\state_q' is assigned in a continuous assignment at /nfs_scratch/scratch/CompilerValidation/zaheer_ahmad/os_fpga2/Validation/RTL_testcases/RTL_Benchmarks_Gap_Analysis/pwrmgr/rtl/pwrmgr_slow_fsm.sv:125.10-125.50.
Warning: reg '\pwrup_cause_o' is assigned in a continuous assignment at /nfs_scratch/scratch/CompilerValidation/zaheer_ahmad/os_fpga2/Validation/RTL_testcases/RTL_Benchmarks_Gap_Analysis/pwrmgr/rtl/pwrmgr_slow_fsm.sv:313.10-313.33.
Generating RTLIL representation for module `$paramod$21a513b276be09c9cb5553d5463fdf4800edca32\pwrmgr_wake_info'.
Generating RTLIL representation for module `$paramod\prim_generic_clock_mux2\NoFpgaBufG=1'1'.
Generating RTLIL representation for module `$paramod\prim_clock_mux2\NoFpgaBufG=1'1\Impl=32'00000000000000000000000000000000'.
Generating RTLIL representation for module `$paramod$f00c4529a1ee6db225b5a16a9e380cfcfefeb4fc\prim_buf'.
Generating RTLIL representation for module `$paramod$4c9652adfb17b2d533bb31a43b4ddd326554f0f1\prim_flop'.
Generating RTLIL representation for module `$paramod\prim_sec_anchor_buf\Width=s32'00000000000000000000000000000100'.
Generating RTLIL representation for module `$paramod\prim_generic_xor2\Width=s32'00000000000000000000000000000100'.
Generating RTLIL representation for module `$paramod$6ae18350b51be32fd7406c5aaac3c7582e0e6af0\prim_generic_flop'.
Generating RTLIL representation for module `$paramod$6ae18350b51be32fd7406c5aaac3c7582e0e6af0\prim_flop_2sync'.
Generating RTLIL representation for module `$paramod\prim_generic_flop\Width=s32'00000000000000000000000000000010\ResetValue=2'00'.
Generating RTLIL representation for module `$paramod\prim_generic_flop_2sync\Width=s32'00000000000000000000000000000010\ResetValue=2'00'.
Generating RTLIL representation for module `$paramod$1232de8c2fe4fff6a75b5663758d1bf50afa3825\prim_generic_flop'.
Generating RTLIL representation for module `$paramod$2454416d686f119c214b8f35dcdc5a0867f85a76\prim_generic_flop'.
Generating RTLIL representation for module `$paramod$1232de8c2fe4fff6a75b5663758d1bf50afa3825\prim_flop_2sync'.
Generating RTLIL representation for module `$paramod\prim_intr_hw\Width=32'00000000000000000000000000000001\FlopOutput=1'1'.
Generating RTLIL representation for module `$paramod$25ebe4329fda051e04aa1129a6e1ffd602984606\prim_generic_flop'.
Generating RTLIL representation for module `$paramod$21a513b276be09c9cb5553d5463fdf4800edca32\pwrmgr_cdc'.
Generating RTLIL representation for module `$paramod$a7b283e8b9acadb82fb07886ab71c26207bbd72c\prim_mubi4_sync'.
Warning: reg '\mubi_o' is assigned in a continuous assignment at /nfs_scratch/scratch/CompilerValidation/zaheer_ahmad/os_fpga2/Validation/RTL_testcases/RTL_Benchmarks_Gap_Analysis/pwrmgr/rtl/prim_mubi4_sync.sv:121.12-121.42.
Generating RTLIL representation for module `$paramod$25ebe4329fda051e04aa1129a6e1ffd602984606\prim_flop_2sync'.
Generating RTLIL representation for module `$paramod$1922727dec4c1da7ed6ad3dc09fc46ad0b6c2a2c\prim_subreg'.
Generating RTLIL representation for module `$paramod\prim_clock_buf\Impl=32'00000000000000000000000000000000'.
Generating RTLIL representation for module `$paramod\prim_generic_flop\Width=s32'00000000000000000000000000000001\ResetValue=1'1'.
Generating RTLIL representation for module `$paramod\prim_generic_flop_2sync\Width=s32'00000000000000000000000000000001\ResetValue=1'1'.
Generating RTLIL representation for module `\prim_lc_sender'.
Warning: reg '\lc_en_o' is assigned in a continuous assignment at /nfs_scratch/scratch/CompilerValidation/zaheer_ahmad/os_fpga2/Validation/RTL_testcases/RTL_Benchmarks_Gap_Analysis/pwrmgr/rtl/prim_lc_sender.sv:32.10-32.52.
Generating RTLIL representation for module `$paramod\prim_generic_flop\Width=s32'00000000000000000000000000000001\ResetValue=1'0'.
Generating RTLIL representation for module `$paramod$ebe0a97d65ac33a9414f47886a18e066f6dc6365\prim_flop'.
Generating RTLIL representation for module `$paramod\prim_diff_decode\AsyncOn=1'1'.
Generating RTLIL representation for module `$paramod\prim_flop_2sync\Width=s32'00000000000000000000000000000010\ResetValue=2'00'.
Generating RTLIL representation for module `$paramod$a15eb3e9e7e337a1d68c13676510cc99e563cdd3\prim_buf'.
Generating RTLIL representation for module `$paramod$6ae18350b51be32fd7406c5aaac3c7582e0e6af0\prim_generic_flop_2sync'.
Generating RTLIL representation for module `\prim_generic_clock_buf'.
Generating RTLIL representation for module `$paramod\prim_alert_sender\AsyncOn=1'1\ALERT_TX_DEFAULT=2'01\ALERT_RX_DEFAULT=4'0101'.
Generating RTLIL representation for module `\pwrmgr'.
Warning: reg '\rom_ctrl_good' is assigned in a continuous assignment at /nfs_scratch/scratch/CompilerValidation/zaheer_ahmad/os_fpga2/Validation/RTL_testcases/RTL_Benchmarks_Gap_Analysis/pwrmgr/rtl/pwrmgr.sv:360.10-360.41.
Generating RTLIL representation for module `$paramod\prim_clock_timeout\TimeOutCnt=s32'00000000000000000000000010000000'.
Generating RTLIL representation for module `\prim_sync_reqack'.
Generating RTLIL representation for module `$paramod$1f2cba5866897a44b387e1c2993af0b4468bf03a\prim_xor2'.
Generating RTLIL representation for module `$paramod$d1667f769712e8f5d6feff44c8934483fca616bd\prim_flop'.
Generating RTLIL representation for module `$paramod$b16ec1a2d37bb01b30b4807f6e7e5972c818c2d7\tlul_cmd_intg_chk'.
Generating RTLIL representation for module `$paramod\prim_flop_2sync\Width=s32'00000000000000000000000000000001\ResetValue=1'1'.
Generating RTLIL representation for module `$paramod\prim_flop_2sync\Width=s32'00000000000000000000000000000001\ResetValue=1'0'.
Generating RTLIL representation for module `\prim_secded_inv_39_32_enc'.
Generating RTLIL representation for module `$paramod$c5a2c670fcc80b1e00077cb7c12ddf5cd8beba26\prim_count'.
Generating RTLIL representation for module `$paramod$705fa05787a5d1cbfe2ae3dc7a01b0dd03c7a1d2\prim_flop'.
Generating RTLIL representation for module `$paramod\prim_generic_flop_2sync\Width=s32'00000000000000000000000000000001\ResetValue=1'0'.
Generating RTLIL representation for module `$paramod$e28d8d901a11ac5d5e5c27396dca7dc727aac42a\prim_subreg'.
Generating RTLIL representation for module `$paramod$30daef7d8fbea83f8d5d97bb6bbeea8d50f20643\tlul_rsp_intg_gen'.
Generating RTLIL representation for module `$paramod$58cc36426b572d644c9bdaa50fac6b4ad91ed7ea\prim_esc_receiver'.
Generating RTLIL representation for module `$paramod$eca6cdb671bb55064ea4103fc00be19283c8611c\prim_buf'.
Generating RTLIL representation for module `$paramod$1232de8c2fe4fff6a75b5663758d1bf50afa3825\prim_generic_flop_2sync'.
Generating RTLIL representation for module `$paramod\prim_diff_decode\AsyncOn=1'0'.
Generating RTLIL representation for module `$paramod$55720f6f56ab0dcb7b0978d7b020cd5788c3bb7b\prim_buf'.
Generating RTLIL representation for module `$paramod$18eae125e8070a5fb29a0bd9923127bd30ff2039\prim_subreg'.
Generating RTLIL representation for module `$paramod$cafc58aacea66ce361f30fc5fb51712913515c86\prim_generic_flop'.
Generating RTLIL representation for module `$paramod\prim_sec_anchor_buf\Width=s32'00000000000000000000000000000001'.
Generating RTLIL representation for module `$paramod\prim_sec_anchor_flop\Width=s32'00000000000000000000000000000010\ResetValue=2'10'.
Generating RTLIL representation for module `$paramod\prim_generic_flop\Width=s32'00000000000000000000000000000010\ResetValue=2'10'.
Generating RTLIL representation for module `\prim_secded_inv_64_57_dec'.
Generating RTLIL representation for module `$paramod$b16ec1a2d37bb01b30b4807f6e7e5972c818c2d7\tlul_data_integ_dec'.
Generating RTLIL representation for module `$paramod$25ebe4329fda051e04aa1129a6e1ffd602984606\prim_generic_flop_2sync'.
Generating RTLIL representation for module `\prim_secded_inv_39_32_dec'.
Generating RTLIL representation for module `\prim_generic_buf'.
Generating RTLIL representation for module `\prim_secded_inv_64_57_enc'.
Generating RTLIL representation for module `$paramod$ff88e0cc5b79bb9c0662e183af7c9b980234cfc1\prim_flop'.
Generating RTLIL representation for module `$paramod$b16ec1a2d37bb01b30b4807f6e7e5972c818c2d7\tlul_data_integ_enc'.
Generating RTLIL representation for module `$paramod$ee0227794101df47ad9f37b0d88f82f880f9e439\tlul_adapter_reg'.
Generating RTLIL representation for module `$paramod$8ec11ab84d267aa735efee7deaffb669de62e241\pwrmgr_reg_top'.
Generating RTLIL representation for module `$paramod$7e00d363ce130de0a5a3e36d8a0ef795833e2889\prim_subreg'.
Generating RTLIL representation for module `$paramod$b16ec1a2d37bb01b30b4807f6e7e5972c818c2d7\tlul_err'.
Generating RTLIL representation for module `\prim_pulse_sync'.
Generating RTLIL representation for module `$paramod$112511bfd0dccda09976f1ed3a15d1c8d45112d4\prim_subreg'.
Generating RTLIL representation for module `$paramod\prim_subreg_ext\DW=32'00000000000000000000000000000001'.

-- Running command `hierarchy -top pwrmgr' --

3. Executing HIERARCHY pass (managing design hierarchy).

3.1. Analyzing design hierarchy..
Top module:  \pwrmgr
Used module:     $paramod\prim_intr_hw\Width=32'00000000000000000000000000000001\FlopOutput=1'1
Used module:     $paramod$21a513b276be09c9cb5553d5463fdf4800edca32\pwrmgr_wake_info
Used module:     $paramod$21a513b276be09c9cb5553d5463fdf4800edca32\pwrmgr_fsm
Used module:         $paramod$705fa05787a5d1cbfe2ae3dc7a01b0dd03c7a1d2\prim_flop
Used module:             $paramod\prim_generic_flop\Width=s32'00000000000000000000000000000001\ResetValue=1'0
Used module:         $paramod\prim_flop_2sync\Width=s32'00000000000000000000000000000001\ResetValue=1'0
Used module:             $paramod\prim_generic_flop_2sync\Width=s32'00000000000000000000000000000001\ResetValue=1'0
Used module:         \prim_lc_sender
Used module:             $paramod$6ae18350b51be32fd7406c5aaac3c7582e0e6af0\prim_generic_flop
Used module:         $paramod$572334ae2b5971ff7e4eb457c77e6e769d857e82\prim_sparse_fsm_flop
Used module:             $paramod$4c9652adfb17b2d533bb31a43b4ddd326554f0f1\prim_flop
Used module:                 $paramod$2454416d686f119c214b8f35dcdc5a0867f85a76\prim_generic_flop
Used module:     $paramod$21db42bc4a37f19b92ab182268213f76666c0005\pwrmgr_slow_fsm
Used module:         $paramod$a7aee46bd09813908c06b21f352766ca9cf9b3c9\prim_sparse_fsm_flop
Used module:             $paramod$44a1f8f9602035884579b7c1bf52cac427a84729\prim_flop
Used module:                 $paramod$fe55b1bb949966d310e200acf24c2aa59944d626\prim_generic_flop
Used module:     $paramod$21a513b276be09c9cb5553d5463fdf4800edca32\pwrmgr_cdc
Used module:         \prim_sync_reqack
Used module:         $paramod$a7b283e8b9acadb82fb07886ab71c26207bbd72c\prim_mubi4_sync
Used module:             $paramod$a15eb3e9e7e337a1d68c13676510cc99e563cdd3\prim_buf
Used module:                 \prim_generic_buf
Used module:             $paramod\prim_clock_mux2\NoFpgaBufG=1'1\Impl=32'00000000000000000000000000000000
Used module:                 $paramod\prim_generic_clock_mux2\NoFpgaBufG=1'1
Used module:             $paramod\prim_sec_anchor_buf\Width=s32'00000000000000000000000000000100
Used module:                 $paramod$f00c4529a1ee6db225b5a16a9e380cfcfefeb4fc\prim_buf
Used module:             $paramod$1f2cba5866897a44b387e1c2993af0b4468bf03a\prim_xor2
Used module:                 $paramod\prim_generic_xor2\Width=s32'00000000000000000000000000000100
Used module:             $paramod$d1667f769712e8f5d6feff44c8934483fca616bd\prim_flop
Used module:             $paramod$6ae18350b51be32fd7406c5aaac3c7582e0e6af0\prim_flop_2sync
Used module:                 $paramod$6ae18350b51be32fd7406c5aaac3c7582e0e6af0\prim_generic_flop_2sync
Used module:         $paramod\prim_flop_2sync\Width=s32'00000000000000000000000000000010\ResetValue=2'00
Used module:             $paramod\prim_generic_flop_2sync\Width=s32'00000000000000000000000000000010\ResetValue=2'00
Used module:                 $paramod\prim_generic_flop\Width=s32'00000000000000000000000000000010\ResetValue=2'00
Used module:         $paramod\prim_flop_2sync\Width=s32'00000000000000000000000000000001\ResetValue=1'1
Used module:             $paramod\prim_generic_flop_2sync\Width=s32'00000000000000000000000000000001\ResetValue=1'1
Used module:                 $paramod\prim_generic_flop\Width=s32'00000000000000000000000000000001\ResetValue=1'1
Used module:         $paramod$25ebe4329fda051e04aa1129a6e1ffd602984606\prim_flop_2sync
Used module:             $paramod$25ebe4329fda051e04aa1129a6e1ffd602984606\prim_generic_flop_2sync
Used module:                 $paramod$25ebe4329fda051e04aa1129a6e1ffd602984606\prim_generic_flop
Used module:         \prim_pulse_sync
Used module:         $paramod$1232de8c2fe4fff6a75b5663758d1bf50afa3825\prim_flop_2sync
Used module:             $paramod$1232de8c2fe4fff6a75b5663758d1bf50afa3825\prim_generic_flop_2sync
Used module:                 $paramod$1232de8c2fe4fff6a75b5663758d1bf50afa3825\prim_generic_flop
Used module:     $paramod$8ec11ab84d267aa735efee7deaffb669de62e241\pwrmgr_reg_top
Used module:         $paramod\prim_subreg_ext\DW=32'00000000000000000000000000000001
Used module:         $paramod$7e00d363ce130de0a5a3e36d8a0ef795833e2889\prim_subreg
Used module:         $paramod$18eae125e8070a5fb29a0bd9923127bd30ff2039\prim_subreg
Used module:         $paramod$1922727dec4c1da7ed6ad3dc09fc46ad0b6c2a2c\prim_subreg
Used module:         $paramod$e28d8d901a11ac5d5e5c27396dca7dc727aac42a\prim_subreg
Used module:         $paramod$112511bfd0dccda09976f1ed3a15d1c8d45112d4\prim_subreg
Used module:         $paramod$ee0227794101df47ad9f37b0d88f82f880f9e439\tlul_adapter_reg
Used module:             $paramod$b16ec1a2d37bb01b30b4807f6e7e5972c818c2d7\tlul_err
Used module:         $paramod$30daef7d8fbea83f8d5d97bb6bbeea8d50f20643\tlul_rsp_intg_gen
Used module:             $paramod$b16ec1a2d37bb01b30b4807f6e7e5972c818c2d7\tlul_data_integ_enc
Used module:                 \prim_secded_inv_39_32_enc
Used module:             \prim_secded_inv_64_57_enc
Used module:         $paramod$b16ec1a2d37bb01b30b4807f6e7e5972c818c2d7\tlul_cmd_intg_chk
Used module:             $paramod$b16ec1a2d37bb01b30b4807f6e7e5972c818c2d7\tlul_data_integ_dec
Used module:                 \prim_secded_inv_39_32_dec
Used module:             \prim_secded_inv_64_57_dec
Used module:     $paramod\prim_clock_timeout\TimeOutCnt=s32'00000000000000000000000010000000
Used module:     $paramod$58cc36426b572d644c9bdaa50fac6b4ad91ed7ea\prim_esc_receiver
Used module:         $paramod\prim_sec_anchor_flop\Width=s32'00000000000000000000000000000010\ResetValue=2'10
Used module:             $paramod$ebe0a97d65ac33a9414f47886a18e066f6dc6365\prim_flop
Used module:                 $paramod\prim_generic_flop\Width=s32'00000000000000000000000000000010\ResetValue=2'10
Used module:         $paramod\prim_sec_anchor_buf\Width=s32'00000000000000000000000000000001
Used module:         $paramod$c5a2c670fcc80b1e00077cb7c12ddf5cd8beba26\prim_count
Used module:             $paramod$ff88e0cc5b79bb9c0662e183af7c9b980234cfc1\prim_flop
Used module:                 $paramod$cafc58aacea66ce361f30fc5fb51712913515c86\prim_generic_flop
Used module:             $paramod$55720f6f56ab0dcb7b0978d7b020cd5788c3bb7b\prim_buf
Used module:         $paramod\prim_diff_decode\AsyncOn=1'0
Used module:         $paramod$eca6cdb671bb55064ea4103fc00be19283c8611c\prim_buf
Used module:     $paramod\prim_clock_buf\Impl=32'00000000000000000000000000000000
Used module:         \prim_generic_clock_buf
Used module:     $paramod\prim_alert_sender\AsyncOn=1'1\ALERT_TX_DEFAULT=2'01\ALERT_RX_DEFAULT=4'0101
Used module:         $paramod\prim_diff_decode\AsyncOn=1'1

3.2. Analyzing design hierarchy..
Top module:  \pwrmgr
Used module:     $paramod\prim_intr_hw\Width=32'00000000000000000000000000000001\FlopOutput=1'1
Used module:     $paramod$21a513b276be09c9cb5553d5463fdf4800edca32\pwrmgr_wake_info
Used module:     $paramod$21a513b276be09c9cb5553d5463fdf4800edca32\pwrmgr_fsm
Used module:         $paramod$705fa05787a5d1cbfe2ae3dc7a01b0dd03c7a1d2\prim_flop
Used module:             $paramod\prim_generic_flop\Width=s32'00000000000000000000000000000001\ResetValue=1'0
Used module:         $paramod\prim_flop_2sync\Width=s32'00000000000000000000000000000001\ResetValue=1'0
Used module:             $paramod\prim_generic_flop_2sync\Width=s32'00000000000000000000000000000001\ResetValue=1'0
Used module:         \prim_lc_sender
Used module:             $paramod$6ae18350b51be32fd7406c5aaac3c7582e0e6af0\prim_generic_flop
Used module:         $paramod$572334ae2b5971ff7e4eb457c77e6e769d857e82\prim_sparse_fsm_flop
Used module:             $paramod$4c9652adfb17b2d533bb31a43b4ddd326554f0f1\prim_flop
Used module:                 $paramod$2454416d686f119c214b8f35dcdc5a0867f85a76\prim_generic_flop
Used module:     $paramod$21db42bc4a37f19b92ab182268213f76666c0005\pwrmgr_slow_fsm
Used module:         $paramod$a7aee46bd09813908c06b21f352766ca9cf9b3c9\prim_sparse_fsm_flop
Used module:             $paramod$44a1f8f9602035884579b7c1bf52cac427a84729\prim_flop
Used module:                 $paramod$fe55b1bb949966d310e200acf24c2aa59944d626\prim_generic_flop
Used module:     $paramod$21a513b276be09c9cb5553d5463fdf4800edca32\pwrmgr_cdc
Used module:         \prim_sync_reqack
Used module:         $paramod$a7b283e8b9acadb82fb07886ab71c26207bbd72c\prim_mubi4_sync
Used module:             $paramod$a15eb3e9e7e337a1d68c13676510cc99e563cdd3\prim_buf
Used module:                 \prim_generic_buf
Used module:             $paramod\prim_clock_mux2\NoFpgaBufG=1'1\Impl=32'00000000000000000000000000000000
Used module:                 $paramod\prim_generic_clock_mux2\NoFpgaBufG=1'1
Used module:             $paramod\prim_sec_anchor_buf\Width=s32'00000000000000000000000000000100
Used module:                 $paramod$f00c4529a1ee6db225b5a16a9e380cfcfefeb4fc\prim_buf
Used module:             $paramod$1f2cba5866897a44b387e1c2993af0b4468bf03a\prim_xor2
Used module:                 $paramod\prim_generic_xor2\Width=s32'00000000000000000000000000000100
Used module:             $paramod$d1667f769712e8f5d6feff44c8934483fca616bd\prim_flop
Used module:             $paramod$6ae18350b51be32fd7406c5aaac3c7582e0e6af0\prim_flop_2sync
Used module:                 $paramod$6ae18350b51be32fd7406c5aaac3c7582e0e6af0\prim_generic_flop_2sync
Used module:         $paramod\prim_flop_2sync\Width=s32'00000000000000000000000000000010\ResetValue=2'00
Used module:             $paramod\prim_generic_flop_2sync\Width=s32'00000000000000000000000000000010\ResetValue=2'00
Used module:                 $paramod\prim_generic_flop\Width=s32'00000000000000000000000000000010\ResetValue=2'00
Used module:         $paramod\prim_flop_2sync\Width=s32'00000000000000000000000000000001\ResetValue=1'1
Used module:             $paramod\prim_generic_flop_2sync\Width=s32'00000000000000000000000000000001\ResetValue=1'1
Used module:                 $paramod\prim_generic_flop\Width=s32'00000000000000000000000000000001\ResetValue=1'1
Used module:         $paramod$25ebe4329fda051e04aa1129a6e1ffd602984606\prim_flop_2sync
Used module:             $paramod$25ebe4329fda051e04aa1129a6e1ffd602984606\prim_generic_flop_2sync
Used module:                 $paramod$25ebe4329fda051e04aa1129a6e1ffd602984606\prim_generic_flop
Used module:         \prim_pulse_sync
Used module:         $paramod$1232de8c2fe4fff6a75b5663758d1bf50afa3825\prim_flop_2sync
Used module:             $paramod$1232de8c2fe4fff6a75b5663758d1bf50afa3825\prim_generic_flop_2sync
Used module:                 $paramod$1232de8c2fe4fff6a75b5663758d1bf50afa3825\prim_generic_flop
Used module:     $paramod$8ec11ab84d267aa735efee7deaffb669de62e241\pwrmgr_reg_top
Used module:         $paramod\prim_subreg_ext\DW=32'00000000000000000000000000000001
Used module:         $paramod$7e00d363ce130de0a5a3e36d8a0ef795833e2889\prim_subreg
Used module:         $paramod$18eae125e8070a5fb29a0bd9923127bd30ff2039\prim_subreg
Used module:         $paramod$1922727dec4c1da7ed6ad3dc09fc46ad0b6c2a2c\prim_subreg
Used module:         $paramod$e28d8d901a11ac5d5e5c27396dca7dc727aac42a\prim_subreg
Used module:         $paramod$112511bfd0dccda09976f1ed3a15d1c8d45112d4\prim_subreg
Used module:         $paramod$ee0227794101df47ad9f37b0d88f82f880f9e439\tlul_adapter_reg
Used module:             $paramod$b16ec1a2d37bb01b30b4807f6e7e5972c818c2d7\tlul_err
Used module:         $paramod$30daef7d8fbea83f8d5d97bb6bbeea8d50f20643\tlul_rsp_intg_gen
Used module:             $paramod$b16ec1a2d37bb01b30b4807f6e7e5972c818c2d7\tlul_data_integ_enc
Used module:                 \prim_secded_inv_39_32_enc
Used module:             \prim_secded_inv_64_57_enc
Used module:         $paramod$b16ec1a2d37bb01b30b4807f6e7e5972c818c2d7\tlul_cmd_intg_chk
Used module:             $paramod$b16ec1a2d37bb01b30b4807f6e7e5972c818c2d7\tlul_data_integ_dec
Used module:                 \prim_secded_inv_39_32_dec
Used module:             \prim_secded_inv_64_57_dec
Used module:     $paramod\prim_clock_timeout\TimeOutCnt=s32'00000000000000000000000010000000
Used module:     $paramod$58cc36426b572d644c9bdaa50fac6b4ad91ed7ea\prim_esc_receiver
Used module:         $paramod\prim_sec_anchor_flop\Width=s32'00000000000000000000000000000010\ResetValue=2'10
Used module:             $paramod$ebe0a97d65ac33a9414f47886a18e066f6dc6365\prim_flop
Used module:                 $paramod\prim_generic_flop\Width=s32'00000000000000000000000000000010\ResetValue=2'10
Used module:         $paramod\prim_sec_anchor_buf\Width=s32'00000000000000000000000000000001
Used module:         $paramod$c5a2c670fcc80b1e00077cb7c12ddf5cd8beba26\prim_count
Used module:             $paramod$ff88e0cc5b79bb9c0662e183af7c9b980234cfc1\prim_flop
Used module:                 $paramod$cafc58aacea66ce361f30fc5fb51712913515c86\prim_generic_flop
Used module:             $paramod$55720f6f56ab0dcb7b0978d7b020cd5788c3bb7b\prim_buf
Used module:         $paramod\prim_diff_decode\AsyncOn=1'0
Used module:         $paramod$eca6cdb671bb55064ea4103fc00be19283c8611c\prim_buf
Used module:     $paramod\prim_clock_buf\Impl=32'00000000000000000000000000000000
Used module:         \prim_generic_clock_buf
Used module:     $paramod\prim_alert_sender\AsyncOn=1'1\ALERT_TX_DEFAULT=2'01\ALERT_RX_DEFAULT=4'0101
Used module:         $paramod\prim_diff_decode\AsyncOn=1'1
Removed 0 unused modules.
Warning: Resizing cell port $paramod$8ec11ab84d267aa735efee7deaffb669de62e241\pwrmgr_reg_top.u_wake_info_reasons.q from 6 bits to 1 bits.
Warning: Resizing cell port $paramod$8ec11ab84d267aa735efee7deaffb669de62e241\pwrmgr_reg_top.u_wake_info_reasons.d from 6 bits to 1 bits.
Warning: Resizing cell port $paramod$58cc36426b572d644c9bdaa50fac6b4ad91ed7ea\prim_esc_receiver.u_prim_buf_esc.out_o from 2 bits to 1 bits.
Warning: Resizing cell port $paramod$58cc36426b572d644c9bdaa50fac6b4ad91ed7ea\prim_esc_receiver.u_prim_buf_esc.in_i from 2 bits to 1 bits.
Warning: Resizing cell port $paramod$30daef7d8fbea83f8d5d97bb6bbeea8d50f20643\tlul_rsp_intg_gen.gen_rsp_intg.u_rsp_gen.data_i from 6 bits to 57 bits.
Warning: Resizing cell port $paramod$c5a2c670fcc80b1e00077cb7c12ddf5cd8beba26\prim_count.gen_cnts[1].u_buf.out_o from 30 bits to 1 bits.
Warning: Resizing cell port $paramod$c5a2c670fcc80b1e00077cb7c12ddf5cd8beba26\prim_count.gen_cnts[1].u_buf.in_i from 30 bits to 1 bits.
Warning: Resizing cell port $paramod$c5a2c670fcc80b1e00077cb7c12ddf5cd8beba26\prim_count.gen_cnts[0].u_buf.out_o from 30 bits to 1 bits.
Warning: Resizing cell port $paramod$c5a2c670fcc80b1e00077cb7c12ddf5cd8beba26\prim_count.gen_cnts[0].u_buf.in_i from 30 bits to 1 bits.
Warning: Resizing cell port $paramod$b16ec1a2d37bb01b30b4807f6e7e5972c818c2d7\tlul_cmd_intg_chk.u_chk.data_i from 50 bits to 64 bits.
Warning: Resizing cell port $paramod\prim_sec_anchor_buf\Width=s32'00000000000000000000000000000100.u_secure_anchor_buf.out_o from 4 bits to 1 bits.
Warning: Resizing cell port $paramod\prim_sec_anchor_buf\Width=s32'00000000000000000000000000000100.u_secure_anchor_buf.in_i from 4 bits to 1 bits.

Dumping file hier_info.json ...
 Process module "$paramod$112511bfd0dccda09976f1ed3a15d1c8d45112d4\\prim_subreg"
 Process module "$paramod$1232de8c2fe4fff6a75b5663758d1bf50afa3825\\prim_flop_2sync"
 Process module "$paramod$1232de8c2fe4fff6a75b5663758d1bf50afa3825\\prim_generic_flop"
 Process module "$paramod$1232de8c2fe4fff6a75b5663758d1bf50afa3825\\prim_generic_flop_2sync"
 Process module "$paramod$18eae125e8070a5fb29a0bd9923127bd30ff2039\\prim_subreg"
 Process module "$paramod$1922727dec4c1da7ed6ad3dc09fc46ad0b6c2a2c\\prim_subreg"
 Process module "$paramod$1f2cba5866897a44b387e1c2993af0b4468bf03a\\prim_xor2"
 Process module "$paramod$21a513b276be09c9cb5553d5463fdf4800edca32\\pwrmgr_cdc"
 Process module "$paramod$21a513b276be09c9cb5553d5463fdf4800edca32\\pwrmgr_fsm"
 Process module "$paramod$21a513b276be09c9cb5553d5463fdf4800edca32\\pwrmgr_wake_info"
 Process module "$paramod$21db42bc4a37f19b92ab182268213f76666c0005\\pwrmgr_slow_fsm"
 Process module "$paramod$2454416d686f119c214b8f35dcdc5a0867f85a76\\prim_generic_flop"
 Process module "$paramod$25ebe4329fda051e04aa1129a6e1ffd602984606\\prim_flop_2sync"
 Process module "$paramod$25ebe4329fda051e04aa1129a6e1ffd602984606\\prim_generic_flop"
 Process module "$paramod$25ebe4329fda051e04aa1129a6e1ffd602984606\\prim_generic_flop_2sync"
 Process module "$paramod$30daef7d8fbea83f8d5d97bb6bbeea8d50f20643\\tlul_rsp_intg_gen"
 Process module "$paramod$44a1f8f9602035884579b7c1bf52cac427a84729\\prim_flop"
 Process module "$paramod$4c9652adfb17b2d533bb31a43b4ddd326554f0f1\\prim_flop"
 Process module "$paramod$55720f6f56ab0dcb7b0978d7b020cd5788c3bb7b\\prim_buf"
 Process module "$paramod$572334ae2b5971ff7e4eb457c77e6e769d857e82\\prim_sparse_fsm_flop"
 Process module "$paramod$58cc36426b572d644c9bdaa50fac6b4ad91ed7ea\\prim_esc_receiver"
 Process module "$paramod$6ae18350b51be32fd7406c5aaac3c7582e0e6af0\\prim_flop_2sync"
 Process module "$paramod$6ae18350b51be32fd7406c5aaac3c7582e0e6af0\\prim_generic_flop"
 Process module "$paramod$6ae18350b51be32fd7406c5aaac3c7582e0e6af0\\prim_generic_flop_2sync"
 Process module "$paramod$705fa05787a5d1cbfe2ae3dc7a01b0dd03c7a1d2\\prim_flop"
 Process module "$paramod$7e00d363ce130de0a5a3e36d8a0ef795833e2889\\prim_subreg"
 Process module "$paramod$8ec11ab84d267aa735efee7deaffb669de62e241\\pwrmgr_reg_top"
 Process module "$paramod$a15eb3e9e7e337a1d68c13676510cc99e563cdd3\\prim_buf"
 Process module "$paramod$a7aee46bd09813908c06b21f352766ca9cf9b3c9\\prim_sparse_fsm_flop"
 Process module "$paramod$a7b283e8b9acadb82fb07886ab71c26207bbd72c\\prim_mubi4_sync"
 Process module "$paramod$b16ec1a2d37bb01b30b4807f6e7e5972c818c2d7\\tlul_cmd_intg_chk"
 Process module "$paramod$b16ec1a2d37bb01b30b4807f6e7e5972c818c2d7\\tlul_data_integ_dec"
 Process module "$paramod$b16ec1a2d37bb01b30b4807f6e7e5972c818c2d7\\tlul_data_integ_enc"
 Process module "$paramod$b16ec1a2d37bb01b30b4807f6e7e5972c818c2d7\\tlul_err"
 Process module "$paramod$c5a2c670fcc80b1e00077cb7c12ddf5cd8beba26\\prim_count"
 Process module "$paramod$cafc58aacea66ce361f30fc5fb51712913515c86\\prim_generic_flop"
 Process module "$paramod$d1667f769712e8f5d6feff44c8934483fca616bd\\prim_flop"
 Process module "$paramod$e28d8d901a11ac5d5e5c27396dca7dc727aac42a\\prim_subreg"
 Process module "$paramod$ebe0a97d65ac33a9414f47886a18e066f6dc6365\\prim_flop"
 Process module "$paramod$eca6cdb671bb55064ea4103fc00be19283c8611c\\prim_buf"
 Process module "$paramod$ee0227794101df47ad9f37b0d88f82f880f9e439\\tlul_adapter_reg"
 Process module "$paramod$f00c4529a1ee6db225b5a16a9e380cfcfefeb4fc\\prim_buf"
 Process module "$paramod$fe55b1bb949966d310e200acf24c2aa59944d626\\prim_generic_flop"
 Process module "$paramod$ff88e0cc5b79bb9c0662e183af7c9b980234cfc1\\prim_flop"
 Process module "$paramod\\prim_alert_sender\\AsyncOn=1'1\\ALERT_TX_DEFAULT=2'01\\ALERT_RX_DEFAULT=4'0101"
 Process module "$paramod\\prim_clock_buf\\Impl=32'00000000000000000000000000000000"
 Process module "$paramod\\prim_clock_mux2\\NoFpgaBufG=1'1\\Impl=32'00000000000000000000000000000000"
 Process module "$paramod\\prim_clock_timeout\\TimeOutCnt=s32'00000000000000000000000010000000"
 Process module "$paramod\\prim_diff_decode\\AsyncOn=1'0"
 Process module "$paramod\\prim_diff_decode\\AsyncOn=1'1"
 Process module "$paramod\\prim_flop_2sync\\Width=s32'00000000000000000000000000000001\\ResetValue=1'0"
 Process module "$paramod\\prim_flop_2sync\\Width=s32'00000000000000000000000000000001\\ResetValue=1'1"
 Process module "$paramod\\prim_flop_2sync\\Width=s32'00000000000000000000000000000010\\ResetValue=2'00"
 Process module "$paramod\\prim_generic_clock_mux2\\NoFpgaBufG=1'1"
 Process module "$paramod\\prim_generic_flop\\Width=s32'00000000000000000000000000000001\\ResetValue=1'0"
 Process module "$paramod\\prim_generic_flop\\Width=s32'00000000000000000000000000000001\\ResetValue=1'1"
 Process module "$paramod\\prim_generic_flop\\Width=s32'00000000000000000000000000000010\\ResetValue=2'00"
 Process module "$paramod\\prim_generic_flop\\Width=s32'00000000000000000000000000000010\\ResetValue=2'10"
 Process module "$paramod\\prim_generic_flop_2sync\\Width=s32'00000000000000000000000000000001\\ResetValue=1'0"
 Process module "$paramod\\prim_generic_flop_2sync\\Width=s32'00000000000000000000000000000001\\ResetValue=1'1"
 Process module "$paramod\\prim_generic_flop_2sync\\Width=s32'00000000000000000000000000000010\\ResetValue=2'00"
 Process module "$paramod\\prim_generic_xor2\\Width=s32'00000000000000000000000000000100"
 Process module "$paramod\\prim_intr_hw\\Width=32'00000000000000000000000000000001\\FlopOutput=1'1"
 Process module "$paramod\\prim_sec_anchor_buf\\Width=s32'00000000000000000000000000000001"
 Process module "$paramod\\prim_sec_anchor_buf\\Width=s32'00000000000000000000000000000100"
 Process module "$paramod\\prim_sec_anchor_flop\\Width=s32'00000000000000000000000000000010\\ResetValue=2'10"
 Process module "$paramod\\prim_subreg_ext\\DW=32'00000000000000000000000000000001"
 Process module "prim_generic_buf"
 Process module "prim_generic_clock_buf"
 Process module "prim_lc_sender"
 Process module "prim_pulse_sync"
 Process module "prim_secded_inv_39_32_dec"
 Process module "prim_secded_inv_39_32_enc"
 Process module "prim_secded_inv_64_57_dec"
 Process module "prim_secded_inv_64_57_enc"
 Process module "prim_sync_reqack"
Dumping file port_info.json ...

Warnings: 30 unique messages, 46 total
End of script. Logfile hash: 1d880ba0b6, CPU: user 9.24s system 0.73s, MEM: 1046.44 MB peak
Yosys 0.44 (git sha1 8ecee74c1, g++ 11.2.1 -fPIC -O3)
Time spent: 98% 2x read_systemverilog (9 sec), 0% 1x analyze (0 sec), ...
INFO: ANL: Design pwrmgr is analyzed
INFO: ANL: Top Modules: pwrmgr

INFO: SYN: ##################################################
INFO: SYN: Synthesis for design: pwrmgr
INFO: SYN: ##################################################
INFO: SYN: RS Synthesis
INFO: SYN: Synthesis command: /nfs_eda_sw/softwares/Raptor/instl_dir/12_05_2024_09_15_01/bin/yosys -s pwrmgr.ys -l pwrmgr_synth.log
Command: /nfs_eda_sw/softwares/Raptor/instl_dir/12_05_2024_09_15_01/bin/yosys -s pwrmgr.ys -l pwrmgr_synth.log

 /----------------------------------------------------------------------------\
 |  yosys -- Yosys Open SYnthesis Suite                                       |
 |  Copyright (C) 2012 - 2024  Claire Xenia Wolf <claire@yosyshq.com>         |
 |  Distributed under an ISC-like license, type "license" to see terms        |
 \----------------------------------------------------------------------------/

 Yosys 0.44 (git sha1 8ecee74c1, g++ 11.2.1 -fPIC -O3)

-- Executing script file `pwrmgr.ys' --
Warning: Using synlig as yosys plugin is deprecated. It is recommended to build synlig as standalone binary.

1. Executing SystemVerilog frontend.
[INF:CM0023] Creating log file "/nfs_scratch/scratch/CompilerValidation/zaheer_ahmad/os_fpga2/Validation/RTL_testcases/RTL_Benchmarks_Gap_Analysis/pwrmgr/results_dir/pwrmgr/run_1/synth_1_1/synthesis/slpp_all/surelog.log".
[INF:CP0300] Compilation...
[INF:CP0301] /nfs_scratch/scratch/CompilerValidation/zaheer_ahmad/os_fpga2/Validation/RTL_testcases/RTL_Benchmarks_Gap_Analysis/pwrmgr/rtl/prim_alert_pkg.sv:5:1: Compile package "prim_alert_pkg".
[INF:CP0301] /nfs_scratch/scratch/CompilerValidation/zaheer_ahmad/os_fpga2/Validation/RTL_testcases/RTL_Benchmarks_Gap_Analysis/pwrmgr/rtl/prim_mubi_pkg.sv:13:1: Compile package "prim_mubi_pkg".
[INF:CP0301] /nfs_scratch/scratch/CompilerValidation/zaheer_ahmad/os_fpga2/Validation/RTL_testcases/RTL_Benchmarks_Gap_Analysis/pwrmgr/rtl/prim_pkg.sv:11:1: Compile package "prim_pkg".
[INF:CP0301] /nfs_scratch/scratch/CompilerValidation/zaheer_ahmad/os_fpga2/Validation/RTL_testcases/RTL_Benchmarks_Gap_Analysis/pwrmgr/rtl/prim_secded_pkg.sv:8:1: Compile package "prim_secded_pkg".
[INF:CP0301] /nfs_scratch/scratch/CompilerValidation/zaheer_ahmad/os_fpga2/Validation/RTL_testcases/RTL_Benchmarks_Gap_Analysis/pwrmgr/rtl/prim_subreg_pkg.sv:5:1: Compile package "prim_subreg_pkg".
[INF:CP0301] /nfs_scratch/scratch/CompilerValidation/zaheer_ahmad/os_fpga2/Validation/RTL_testcases/RTL_Benchmarks_Gap_Analysis/pwrmgr/rtl/prim_util_pkg.sv:9:1: Compile package "prim_util_pkg".
[INF:CP0301] /nfs_scratch/scratch/CompilerValidation/zaheer_ahmad/os_fpga2/Validation/RTL_testcases/RTL_Benchmarks_Gap_Analysis/pwrmgr/rtl/pwrmgr_reg_pkg.sv:7:1: Compile package "pwrmgr_reg_pkg".
[INF:CP0301] /nfs_scratch/scratch/CompilerValidation/zaheer_ahmad/os_fpga2/Validation/RTL_testcases/RTL_Benchmarks_Gap_Analysis/pwrmgr/rtl/pwm_reg_pkg.sv:7:1: Compile package "pwm_reg_pkg".
[INF:CP0301] /nfs_scratch/scratch/CompilerValidation/zaheer_ahmad/os_fpga2/Validation/RTL_testcases/RTL_Benchmarks_Gap_Analysis/pwrmgr/rtl/prim_count_pkg.sv:8:1: Compile package "prim_count_pkg".
[INF:CP0301] /nfs_scratch/scratch/CompilerValidation/zaheer_ahmad/os_fpga2/Validation/RTL_testcases/RTL_Benchmarks_Gap_Analysis/pwrmgr/rtl/pwrmgr_pkg.sv:8:1: Compile package "pwrmgr_pkg".
[INF:CP0301] /nfs_scratch/scratch/CompilerValidation/zaheer_ahmad/os_fpga2/Validation/RTL_testcases/RTL_Benchmarks_Gap_Analysis/pwrmgr/rtl/lc_ctrl_pkg.sv:6:1: Compile package "lc_ctrl_pkg".
[INF:CP0301] /nfs_scratch/scratch/CompilerValidation/zaheer_ahmad/os_fpga2/Validation/RTL_testcases/RTL_Benchmarks_Gap_Analysis/pwrmgr/rtl/rom_ctrl_pkg.sv:6:1: Compile package "rom_ctrl_pkg".
[INF:CP0301] /nfs_scratch/scratch/CompilerValidation/zaheer_ahmad/os_fpga2/Validation/RTL_testcases/RTL_Benchmarks_Gap_Analysis/pwrmgr/rtl/prim_esc_pkg.sv:5:1: Compile package "prim_esc_pkg".
[INF:CP0301] /nfs_scratch/scratch/CompilerValidation/zaheer_ahmad/os_fpga2/Validation/RTL_testcases/RTL_Benchmarks_Gap_Analysis/pwrmgr/rtl/alert_handler_reg_pkg.sv:7:1: Compile package "alert_handler_reg_pkg".
[INF:CP0301] /nfs_scratch/scratch/CompilerValidation/zaheer_ahmad/os_fpga2/Validation/RTL_testcases/RTL_Benchmarks_Gap_Analysis/pwrmgr/rtl/top_pkg.sv:6:1: Compile package "top_pkg".
[INF:CP0301] /nfs_scratch/scratch/CompilerValidation/zaheer_ahmad/os_fpga2/Validation/RTL_testcases/RTL_Benchmarks_Gap_Analysis/pwrmgr/rtl/tlul_pkg.sv:6:1: Compile package "tlul_pkg".
[INF:CP0303] /nfs_eda_sw/softwares/Raptor/instl_dir/12_05_2024_09_15_01/share/raptor/sim_models/rapidsilicon/genesis3/FPGA_PRIMITIVES_MODELS/blackbox_models/cell_sim_blackbox.v:8:1: Compile module "work@BOOT_CLOCK".
[INF:CP0303] /nfs_eda_sw/softwares/Raptor/instl_dir/12_05_2024_09_15_01/share/raptor/sim_models/rapidsilicon/genesis3/FPGA_PRIMITIVES_MODELS/blackbox_models/cell_sim_blackbox.v:40:1: Compile module "work@CARRY".
[INF:CP0303] /nfs_eda_sw/softwares/Raptor/instl_dir/12_05_2024_09_15_01/share/raptor/sim_models/rapidsilicon/genesis3/FPGA_PRIMITIVES_MODELS/blackbox_models/cell_sim_blackbox.v:23:1: Compile module "work@CARRY_BREAK".
[INF:CP0303] /nfs_eda_sw/softwares/Raptor/instl_dir/12_05_2024_09_15_01/share/raptor/sim_models/rapidsilicon/genesis3/FPGA_PRIMITIVES_MODELS/blackbox_models/cell_sim_blackbox.v:57:1: Compile module "work@CLK_BUF".
[INF:CP0303] /nfs_eda_sw/softwares/Raptor/instl_dir/12_05_2024_09_15_01/share/raptor/sim_models/rapidsilicon/genesis3/FPGA_PRIMITIVES_MODELS/blackbox_models/cell_sim_blackbox.v:72:1: Compile module "work@DFFNRE".
[INF:CP0303] /nfs_eda_sw/softwares/Raptor/instl_dir/12_05_2024_09_15_01/share/raptor/sim_models/rapidsilicon/genesis3/FPGA_PRIMITIVES_MODELS/blackbox_models/cell_sim_blackbox.v:90:1: Compile module "work@DFFRE".
[INF:CP0303] /nfs_eda_sw/softwares/Raptor/instl_dir/12_05_2024_09_15_01/share/raptor/sim_models/rapidsilicon/genesis3/FPGA_PRIMITIVES_MODELS/blackbox_models/cell_sim_blackbox.v:108:1: Compile module "work@DLY_SEL_DECODER".
[INF:CP0303] /nfs_eda_sw/softwares/Raptor/instl_dir/12_05_2024_09_15_01/share/raptor/sim_models/rapidsilicon/genesis3/FPGA_PRIMITIVES_MODELS/blackbox_models/cell_sim_blackbox.v:144:1: Compile module "work@DLY_VALUE_MUX".
[INF:CP0303] /nfs_eda_sw/softwares/Raptor/instl_dir/12_05_2024_09_15_01/share/raptor/sim_models/rapidsilicon/genesis3/FPGA_PRIMITIVES_MODELS/blackbox_models/cell_sim_blackbox.v:178:1: Compile module "work@DSP19X2".
[INF:CP0303] /nfs_eda_sw/softwares/Raptor/instl_dir/12_05_2024_09_15_01/share/raptor/sim_models/rapidsilicon/genesis3/FPGA_PRIMITIVES_MODELS/blackbox_models/cell_sim_blackbox.v:222:1: Compile module "work@DSP38".
[INF:CP0303] /nfs_eda_sw/softwares/Raptor/instl_dir/12_05_2024_09_15_01/share/raptor/sim_models/rapidsilicon/genesis3/FPGA_PRIMITIVES_MODELS/blackbox_models/cell_sim_blackbox.v:258:1: Compile module "work@FCLK_BUF".
[INF:CP0303] /nfs_eda_sw/softwares/Raptor/instl_dir/12_05_2024_09_15_01/share/raptor/sim_models/rapidsilicon/genesis3/FPGA_PRIMITIVES_MODELS/blackbox_models/cell_sim_blackbox.v:272:1: Compile module "work@FIFO18KX2".
[INF:CP0303] /nfs_eda_sw/softwares/Raptor/instl_dir/12_05_2024_09_15_01/share/raptor/sim_models/rapidsilicon/genesis3/FPGA_PRIMITIVES_MODELS/blackbox_models/cell_sim_blackbox.v:329:1: Compile module "work@FIFO36K".
[INF:CP0303] /nfs_eda_sw/softwares/Raptor/instl_dir/12_05_2024_09_15_01/share/raptor/sim_models/rapidsilicon/genesis3/FPGA_PRIMITIVES_MODELS/blackbox_models/cell_sim_blackbox.v:386:1: Compile module "work@I_BUF".
[INF:CP0303] /nfs_eda_sw/softwares/Raptor/instl_dir/12_05_2024_09_15_01/share/raptor/sim_models/rapidsilicon/genesis3/FPGA_PRIMITIVES_MODELS/blackbox_models/cell_sim_blackbox.v:364:1: Compile module "work@I_BUF_DS".
[INF:CP0303] /nfs_eda_sw/softwares/Raptor/instl_dir/12_05_2024_09_15_01/share/raptor/sim_models/rapidsilicon/genesis3/FPGA_PRIMITIVES_MODELS/blackbox_models/cell_sim_blackbox.v:405:1: Compile module "work@I_DDR".
[INF:CP0303] /nfs_eda_sw/softwares/Raptor/instl_dir/12_05_2024_09_15_01/share/raptor/sim_models/rapidsilicon/genesis3/FPGA_PRIMITIVES_MODELS/blackbox_models/cell_sim_blackbox.v:423:1: Compile module "work@I_DELAY".
[INF:CP0303] /nfs_eda_sw/softwares/Raptor/instl_dir/12_05_2024_09_15_01/share/raptor/sim_models/rapidsilicon/genesis3/FPGA_PRIMITIVES_MODELS/blackbox_models/cell_sim_blackbox.v:445:1: Compile module "work@I_FAB".
[INF:CP0303] /nfs_eda_sw/softwares/Raptor/instl_dir/12_05_2024_09_15_01/share/raptor/sim_models/rapidsilicon/genesis3/FPGA_PRIMITIVES_MODELS/blackbox_models/cell_sim_blackbox.v:459:1: Compile module "work@I_SERDES".
[INF:CP0303] /nfs_eda_sw/softwares/Raptor/instl_dir/12_05_2024_09_15_01/share/raptor/sim_models/rapidsilicon/genesis3/FPGA_PRIMITIVES_MODELS/blackbox_models/cell_sim_blackbox.v:567:1: Compile module "work@LATCH".
[INF:CP0303] /nfs_eda_sw/softwares/Raptor/instl_dir/12_05_2024_09_15_01/share/raptor/sim_models/rapidsilicon/genesis3/FPGA_PRIMITIVES_MODELS/blackbox_models/cell_sim_blackbox.v:520:1: Compile module "work@LATCHN".
[INF:CP0303] /nfs_eda_sw/softwares/Raptor/instl_dir/12_05_2024_09_15_01/share/raptor/sim_models/rapidsilicon/genesis3/FPGA_PRIMITIVES_MODELS/blackbox_models/cell_sim_blackbox.v:488:1: Compile module "work@LATCHNR".
[INF:CP0303] /nfs_eda_sw/softwares/Raptor/instl_dir/12_05_2024_09_15_01/share/raptor/sim_models/rapidsilicon/genesis3/FPGA_PRIMITIVES_MODELS/blackbox_models/cell_sim_blackbox.v:504:1: Compile module "work@LATCHNS".
[INF:CP0303] /nfs_eda_sw/softwares/Raptor/instl_dir/12_05_2024_09_15_01/share/raptor/sim_models/rapidsilicon/genesis3/FPGA_PRIMITIVES_MODELS/blackbox_models/cell_sim_blackbox.v:535:1: Compile module "work@LATCHR".
[INF:CP0303] /nfs_eda_sw/softwares/Raptor/instl_dir/12_05_2024_09_15_01/share/raptor/sim_models/rapidsilicon/genesis3/FPGA_PRIMITIVES_MODELS/blackbox_models/cell_sim_blackbox.v:551:1: Compile module "work@LATCHS".
[INF:CP0303] /nfs_eda_sw/softwares/Raptor/instl_dir/12_05_2024_09_15_01/share/raptor/sim_models/rapidsilicon/genesis3/FPGA_PRIMITIVES_MODELS/blackbox_models/cell_sim_blackbox.v:582:1: Compile module "work@LUT1".
[INF:CP0303] /nfs_eda_sw/softwares/Raptor/instl_dir/12_05_2024_09_15_01/share/raptor/sim_models/rapidsilicon/genesis3/FPGA_PRIMITIVES_MODELS/blackbox_models/cell_sim_blackbox.v:598:1: Compile module "work@LUT2".
[INF:CP0303] /nfs_eda_sw/softwares/Raptor/instl_dir/12_05_2024_09_15_01/share/raptor/sim_models/rapidsilicon/genesis3/FPGA_PRIMITIVES_MODELS/blackbox_models/cell_sim_blackbox.v:614:1: Compile module "work@LUT3".
[INF:CP0303] /nfs_eda_sw/softwares/Raptor/instl_dir/12_05_2024_09_15_01/share/raptor/sim_models/rapidsilicon/genesis3/FPGA_PRIMITIVES_MODELS/blackbox_models/cell_sim_blackbox.v:630:1: Compile module "work@LUT4".
[INF:CP0303] /nfs_eda_sw/softwares/Raptor/instl_dir/12_05_2024_09_15_01/share/raptor/sim_models/rapidsilicon/genesis3/FPGA_PRIMITIVES_MODELS/blackbox_models/cell_sim_blackbox.v:646:1: Compile module "work@LUT5".
[INF:CP0303] /nfs_eda_sw/softwares/Raptor/instl_dir/12_05_2024_09_15_01/share/raptor/sim_models/rapidsilicon/genesis3/FPGA_PRIMITIVES_MODELS/blackbox_models/cell_sim_blackbox.v:662:1: Compile module "work@LUT6".
[INF:CP0303] /nfs_eda_sw/softwares/Raptor/instl_dir/12_05_2024_09_15_01/share/raptor/sim_models/rapidsilicon/genesis3/FPGA_PRIMITIVES_MODELS/blackbox_models/cell_sim_blackbox.v:678:1: Compile module "work@MIPI_RX".
[INF:CP0303] /nfs_eda_sw/softwares/Raptor/instl_dir/12_05_2024_09_15_01/share/raptor/sim_models/rapidsilicon/genesis3/FPGA_PRIMITIVES_MODELS/blackbox_models/cell_sim_blackbox.v:714:1: Compile module "work@MIPI_TX".
[INF:CP0303] /nfs_eda_sw/softwares/Raptor/instl_dir/12_05_2024_09_15_01/share/raptor/sim_models/rapidsilicon/genesis3/FPGA_PRIMITIVES_MODELS/blackbox_models/cell_sim_blackbox.v:816:1: Compile module "work@O_BUF".
[INF:CP0303] /nfs_eda_sw/softwares/Raptor/instl_dir/12_05_2024_09_15_01/share/raptor/sim_models/rapidsilicon/genesis3/FPGA_PRIMITIVES_MODELS/blackbox_models/cell_sim_blackbox.v:795:1: Compile module "work@O_BUFT".
[INF:CP0303] /nfs_eda_sw/softwares/Raptor/instl_dir/12_05_2024_09_15_01/share/raptor/sim_models/rapidsilicon/genesis3/FPGA_PRIMITIVES_MODELS/blackbox_models/cell_sim_blackbox.v:773:1: Compile module "work@O_BUFT_DS".
[INF:CP0303] /nfs_eda_sw/softwares/Raptor/instl_dir/12_05_2024_09_15_01/share/raptor/sim_models/rapidsilicon/genesis3/FPGA_PRIMITIVES_MODELS/blackbox_models/cell_sim_blackbox.v:751:1: Compile module "work@O_BUF_DS".
[INF:CP0303] /nfs_eda_sw/softwares/Raptor/instl_dir/12_05_2024_09_15_01/share/raptor/sim_models/rapidsilicon/genesis3/FPGA_PRIMITIVES_MODELS/blackbox_models/cell_sim_blackbox.v:837:1: Compile module "work@O_DDR".
[INF:CP0303] /nfs_eda_sw/softwares/Raptor/instl_dir/12_05_2024_09_15_01/share/raptor/sim_models/rapidsilicon/genesis3/FPGA_PRIMITIVES_MODELS/blackbox_models/cell_sim_blackbox.v:855:1: Compile module "work@O_DELAY".
[INF:CP0303] /nfs_eda_sw/softwares/Raptor/instl_dir/12_05_2024_09_15_01/share/raptor/sim_models/rapidsilicon/genesis3/FPGA_PRIMITIVES_MODELS/blackbox_models/cell_sim_blackbox.v:877:1: Compile module "work@O_FAB".
[INF:CP0303] /nfs_eda_sw/softwares/Raptor/instl_dir/12_05_2024_09_15_01/share/raptor/sim_models/rapidsilicon/genesis3/FPGA_PRIMITIVES_MODELS/blackbox_models/cell_sim_blackbox.v:910:1: Compile module "work@O_SERDES".
[INF:CP0303] /nfs_eda_sw/softwares/Raptor/instl_dir/12_05_2024_09_15_01/share/raptor/sim_models/rapidsilicon/genesis3/FPGA_PRIMITIVES_MODELS/blackbox_models/cell_sim_blackbox.v:891:1: Compile module "work@O_SERDES_CLK".
[INF:CP0303] /nfs_eda_sw/softwares/Raptor/instl_dir/12_05_2024_09_15_01/share/raptor/sim_models/rapidsilicon/genesis3/FPGA_PRIMITIVES_MODELS/blackbox_models/cell_sim_blackbox.v:937:1: Compile module "work@PLL".
[INF:CP0303] /nfs_eda_sw/softwares/Raptor/instl_dir/12_05_2024_09_15_01/share/raptor/sim_models/rapidsilicon/genesis3/FPGA_PRIMITIVES_MODELS/blackbox_models/cell_sim_blackbox.v:965:1: Compile module "work@SOC_FPGA_INTF_AHB_M".
[INF:CP0303] /nfs_eda_sw/softwares/Raptor/instl_dir/12_05_2024_09_15_01/share/raptor/sim_models/rapidsilicon/genesis3/FPGA_PRIMITIVES_MODELS/blackbox_models/cell_sim_blackbox.v:989:1: Compile module "work@SOC_FPGA_INTF_AHB_S".
[INF:CP0303] /nfs_eda_sw/softwares/Raptor/instl_dir/12_05_2024_09_15_01/share/raptor/sim_models/rapidsilicon/genesis3/FPGA_PRIMITIVES_MODELS/blackbox_models/cell_sim_blackbox.v:1016:1: Compile module "work@SOC_FPGA_INTF_AXI_M0".
[INF:CP0303] /nfs_eda_sw/softwares/Raptor/instl_dir/12_05_2024_09_15_01/share/raptor/sim_models/rapidsilicon/genesis3/FPGA_PRIMITIVES_MODELS/blackbox_models/cell_sim_blackbox.v:1065:1: Compile module "work@SOC_FPGA_INTF_AXI_M1".
[INF:CP0303] /nfs_eda_sw/softwares/Raptor/instl_dir/12_05_2024_09_15_01/share/raptor/sim_models/rapidsilicon/genesis3/FPGA_PRIMITIVES_MODELS/blackbox_models/cell_sim_blackbox.v:1114:1: Compile module "work@SOC_FPGA_INTF_DMA".
[INF:CP0303] /nfs_eda_sw/softwares/Raptor/instl_dir/12_05_2024_09_15_01/share/raptor/sim_models/rapidsilicon/genesis3/FPGA_PRIMITIVES_MODELS/blackbox_models/cell_sim_blackbox.v:1130:1: Compile module "work@SOC_FPGA_INTF_IRQ".
[INF:CP0303] /nfs_eda_sw/softwares/Raptor/instl_dir/12_05_2024_09_15_01/share/raptor/sim_models/rapidsilicon/genesis3/FPGA_PRIMITIVES_MODELS/blackbox_models/cell_sim_blackbox.v:1146:1: Compile module "work@SOC_FPGA_INTF_JTAG".
[INF:CP0303] /nfs_eda_sw/softwares/Raptor/instl_dir/12_05_2024_09_15_01/share/raptor/sim_models/rapidsilicon/genesis3/FPGA_PRIMITIVES_MODELS/blackbox_models/cell_sim_blackbox.v:1164:1: Compile module "work@SOC_FPGA_TEMPERATURE".
[INF:CP0303] /nfs_eda_sw/softwares/Raptor/instl_dir/12_05_2024_09_15_01/share/raptor/sim_models/rapidsilicon/genesis3/FPGA_PRIMITIVES_MODELS/blackbox_models/cell_sim_blackbox.v:1182:1: Compile module "work@TDP_RAM18KX2".
[INF:CP0303] /nfs_eda_sw/softwares/Raptor/instl_dir/12_05_2024_09_15_01/share/raptor/sim_models/rapidsilicon/genesis3/FPGA_PRIMITIVES_MODELS/blackbox_models/cell_sim_blackbox.v:1247:1: Compile module "work@TDP_RAM36K".
[INF:CP0303] /nfs_scratch/scratch/CompilerValidation/zaheer_ahmad/os_fpga2/Validation/RTL_testcases/RTL_Benchmarks_Gap_Analysis/pwrmgr/rtl/prim_alert_sender.sv:32:1: Compile module "work@prim_alert_sender".
[INF:CP0303] /nfs_scratch/scratch/CompilerValidation/zaheer_ahmad/os_fpga2/Validation/RTL_testcases/RTL_Benchmarks_Gap_Analysis/pwrmgr/rtl/prim_buf.sv:16:1: Compile module "work@prim_buf".
[INF:CP0303] /nfs_scratch/scratch/CompilerValidation/zaheer_ahmad/os_fpga2/Validation/RTL_testcases/RTL_Benchmarks_Gap_Analysis/pwrmgr/rtl/prim_clock_buf.sv:16:1: Compile module "work@prim_clock_buf".
[INF:CP0303] /nfs_scratch/scratch/CompilerValidation/zaheer_ahmad/os_fpga2/Validation/RTL_testcases/RTL_Benchmarks_Gap_Analysis/pwrmgr/rtl/prim_clock_mux2.sv:16:1: Compile module "work@prim_clock_mux2".
[INF:CP0303] /nfs_scratch/scratch/CompilerValidation/zaheer_ahmad/os_fpga2/Validation/RTL_testcases/RTL_Benchmarks_Gap_Analysis/pwrmgr/rtl/prim_clock_timeout.sv:11:1: Compile module "work@prim_clock_timeout".
[INF:CP0303] /nfs_scratch/scratch/CompilerValidation/zaheer_ahmad/os_fpga2/Validation/RTL_testcases/RTL_Benchmarks_Gap_Analysis/pwrmgr/rtl/prim_count.sv:36:1: Compile module "work@prim_count".
[INF:CP0303] /nfs_scratch/scratch/CompilerValidation/zaheer_ahmad/os_fpga2/Validation/RTL_testcases/RTL_Benchmarks_Gap_Analysis/pwrmgr/rtl/prim_diff_decode.sv:19:1: Compile module "work@prim_diff_decode".
[INF:CP0303] /nfs_scratch/scratch/CompilerValidation/zaheer_ahmad/os_fpga2/Validation/RTL_testcases/RTL_Benchmarks_Gap_Analysis/pwrmgr/rtl/prim_esc_receiver.sv:20:1: Compile module "work@prim_esc_receiver".
[INF:CP0303] /nfs_scratch/scratch/CompilerValidation/zaheer_ahmad/os_fpga2/Validation/RTL_testcases/RTL_Benchmarks_Gap_Analysis/pwrmgr/rtl/prim_flop.sv:16:1: Compile module "work@prim_flop".
[INF:CP0303] /nfs_scratch/scratch/CompilerValidation/zaheer_ahmad/os_fpga2/Validation/RTL_testcases/RTL_Benchmarks_Gap_Analysis/pwrmgr/rtl/prim_flop_2sync.sv:13:1: Compile module "work@prim_flop_2sync".
[INF:CP0303] /nfs_scratch/scratch/CompilerValidation/zaheer_ahmad/os_fpga2/Validation/RTL_testcases/RTL_Benchmarks_Gap_Analysis/pwrmgr/rtl/prim_generic_buf.sv:6:1: Compile module "work@prim_generic_buf".
[INF:CP0303] /nfs_scratch/scratch/CompilerValidation/zaheer_ahmad/os_fpga2/Validation/RTL_testcases/RTL_Benchmarks_Gap_Analysis/pwrmgr/rtl/prim_generic_clock_buf.sv:6:1: Compile module "work@prim_generic_clock_buf".
[INF:CP0303] /nfs_scratch/scratch/CompilerValidation/zaheer_ahmad/os_fpga2/Validation/RTL_testcases/RTL_Benchmarks_Gap_Analysis/pwrmgr/rtl/prim_generic_clock_mux2.sv:6:1: Compile module "work@prim_generic_clock_mux2".
[INF:CP0303] /nfs_scratch/scratch/CompilerValidation/zaheer_ahmad/os_fpga2/Validation/RTL_testcases/RTL_Benchmarks_Gap_Analysis/pwrmgr/rtl/prim_generic_flop.sv:7:1: Compile module "work@prim_generic_flop".
[INF:CP0303] /nfs_scratch/scratch/CompilerValidation/zaheer_ahmad/os_fpga2/Validation/RTL_testcases/RTL_Benchmarks_Gap_Analysis/pwrmgr/rtl/prim_generic_flop_2sync.sv:9:1: Compile module "work@prim_generic_flop_2sync".
[INF:CP0303] /nfs_scratch/scratch/CompilerValidation/zaheer_ahmad/os_fpga2/Validation/RTL_testcases/RTL_Benchmarks_Gap_Analysis/pwrmgr/rtl/prim_generic_xor2.sv:6:1: Compile module "work@prim_generic_xor2".
[INF:CP0303] /nfs_scratch/scratch/CompilerValidation/zaheer_ahmad/os_fpga2/Validation/RTL_testcases/RTL_Benchmarks_Gap_Analysis/pwrmgr/rtl/prim_intr_hw.sv:10:1: Compile module "work@prim_intr_hw".
[INF:CP0303] /nfs_scratch/scratch/CompilerValidation/zaheer_ahmad/os_fpga2/Validation/RTL_testcases/RTL_Benchmarks_Gap_Analysis/pwrmgr/rtl/prim_lc_sender.sv:12:1: Compile module "work@prim_lc_sender".
[INF:CP0303] /nfs_scratch/scratch/CompilerValidation/zaheer_ahmad/os_fpga2/Validation/RTL_testcases/RTL_Benchmarks_Gap_Analysis/pwrmgr/rtl/prim_mubi4_sync.sv:13:1: Compile module "work@prim_mubi4_sync".
[INF:CP0303] /nfs_scratch/scratch/CompilerValidation/zaheer_ahmad/os_fpga2/Validation/RTL_testcases/RTL_Benchmarks_Gap_Analysis/pwrmgr/rtl/prim_pulse_sync.sv:11:1: Compile module "work@prim_pulse_sync".
[INF:CP0303] /nfs_scratch/scratch/CompilerValidation/zaheer_ahmad/os_fpga2/Validation/RTL_testcases/RTL_Benchmarks_Gap_Analysis/pwrmgr/rtl/prim_sec_anchor_buf.sv:6:1: Compile module "work@prim_sec_anchor_buf".
[INF:CP0303] /nfs_scratch/scratch/CompilerValidation/zaheer_ahmad/os_fpga2/Validation/RTL_testcases/RTL_Benchmarks_Gap_Analysis/pwrmgr/rtl/prim_sec_anchor_flop.sv:6:1: Compile module "work@prim_sec_anchor_flop".
[INF:CP0303] /nfs_scratch/scratch/CompilerValidation/zaheer_ahmad/os_fpga2/Validation/RTL_testcases/RTL_Benchmarks_Gap_Analysis/pwrmgr/rtl/prim_secded_inv_39_32_dec.sv:7:1: Compile module "work@prim_secded_inv_39_32_dec".
[INF:CP0303] /nfs_scratch/scratch/CompilerValidation/zaheer_ahmad/os_fpga2/Validation/RTL_testcases/RTL_Benchmarks_Gap_Analysis/pwrmgr/rtl/prim_secded_inv_39_32_enc.sv:7:1: Compile module "work@prim_secded_inv_39_32_enc".
[INF:CP0303] /nfs_scratch/scratch/CompilerValidation/zaheer_ahmad/os_fpga2/Validation/RTL_testcases/RTL_Benchmarks_Gap_Analysis/pwrmgr/rtl/prim_secded_inv_64_57_dec.sv:7:1: Compile module "work@prim_secded_inv_64_57_dec".
[INF:CP0303] /nfs_scratch/scratch/CompilerValidation/zaheer_ahmad/os_fpga2/Validation/RTL_testcases/RTL_Benchmarks_Gap_Analysis/pwrmgr/rtl/prim_secded_inv_64_57_enc.sv:7:1: Compile module "work@prim_secded_inv_64_57_enc".
[INF:CP0303] /nfs_scratch/scratch/CompilerValidation/zaheer_ahmad/os_fpga2/Validation/RTL_testcases/RTL_Benchmarks_Gap_Analysis/pwrmgr/rtl/prim_sparse_fsm_flop.sv:6:1: Compile module "work@prim_sparse_fsm_flop".
[INF:CP0303] /nfs_scratch/scratch/CompilerValidation/zaheer_ahmad/os_fpga2/Validation/RTL_testcases/RTL_Benchmarks_Gap_Analysis/pwrmgr/rtl/prim_subreg.sv:7:1: Compile module "work@prim_subreg".
[INF:CP0303] /nfs_scratch/scratch/CompilerValidation/zaheer_ahmad/os_fpga2/Validation/RTL_testcases/RTL_Benchmarks_Gap_Analysis/pwrmgr/rtl/prim_subreg_ext.sv:7:1: Compile module "work@prim_subreg_ext".
[INF:CP0303] /nfs_scratch/scratch/CompilerValidation/zaheer_ahmad/os_fpga2/Validation/RTL_testcases/RTL_Benchmarks_Gap_Analysis/pwrmgr/rtl/prim_sync_reqack.sv:26:1: Compile module "work@prim_sync_reqack".
[INF:CP0303] /nfs_scratch/scratch/CompilerValidation/zaheer_ahmad/os_fpga2/Validation/RTL_testcases/RTL_Benchmarks_Gap_Analysis/pwrmgr/rtl/prim_xor2.sv:16:1: Compile module "work@prim_xor2".
[INF:CP0303] /nfs_scratch/scratch/CompilerValidation/zaheer_ahmad/os_fpga2/Validation/RTL_testcases/RTL_Benchmarks_Gap_Analysis/pwrmgr/rtl/pwrmgr.sv:9:1: Compile module "work@pwrmgr".
[INF:CP0303] /nfs_scratch/scratch/CompilerValidation/zaheer_ahmad/os_fpga2/Validation/RTL_testcases/RTL_Benchmarks_Gap_Analysis/pwrmgr/rtl/pwrmgr_cdc.sv:9:1: Compile module "work@pwrmgr_cdc".
[INF:CP0303] /nfs_scratch/scratch/CompilerValidation/zaheer_ahmad/os_fpga2/Validation/RTL_testcases/RTL_Benchmarks_Gap_Analysis/pwrmgr/rtl/pwrmgr_fsm.sv:9:1: Compile module "work@pwrmgr_fsm".
[INF:CP0303] /nfs_scratch/scratch/CompilerValidation/zaheer_ahmad/os_fpga2/Validation/RTL_testcases/RTL_Benchmarks_Gap_Analysis/pwrmgr/rtl/pwrmgr_reg_top.sv:8:1: Compile module "work@pwrmgr_reg_top".
[INF:CP0303] /nfs_scratch/scratch/CompilerValidation/zaheer_ahmad/os_fpga2/Validation/RTL_testcases/RTL_Benchmarks_Gap_Analysis/pwrmgr/rtl/pwrmgr_slow_fsm.sv:9:1: Compile module "work@pwrmgr_slow_fsm".
[INF:CP0303] /nfs_scratch/scratch/CompilerValidation/zaheer_ahmad/os_fpga2/Validation/RTL_testcases/RTL_Benchmarks_Gap_Analysis/pwrmgr/rtl/pwrmgr_wake_info.sv:9:1: Compile module "work@pwrmgr_wake_info".
[INF:CP0303] /nfs_scratch/scratch/CompilerValidation/zaheer_ahmad/os_fpga2/Validation/RTL_testcases/RTL_Benchmarks_Gap_Analysis/pwrmgr/rtl/tlul_adapter_reg.sv:10:1: Compile module "work@tlul_adapter_reg".
[INF:CP0303] /nfs_scratch/scratch/CompilerValidation/zaheer_ahmad/os_fpga2/Validation/RTL_testcases/RTL_Benchmarks_Gap_Analysis/pwrmgr/rtl/tlul_cmd_intg_chk.sv:3:1: Compile module "work@tlul_cmd_intg_chk".
[INF:CP0303] /nfs_scratch/scratch/CompilerValidation/zaheer_ahmad/os_fpga2/Validation/RTL_testcases/RTL_Benchmarks_Gap_Analysis/pwrmgr/rtl/tlul_data_integ_dec.sv:10:1: Compile module "work@tlul_data_integ_dec".
[INF:CP0303] /nfs_scratch/scratch/CompilerValidation/zaheer_ahmad/os_fpga2/Validation/RTL_testcases/RTL_Benchmarks_Gap_Analysis/pwrmgr/rtl/tlul_data_integ_enc.sv:10:1: Compile module "work@tlul_data_integ_enc".
[INF:CP0303] /nfs_scratch/scratch/CompilerValidation/zaheer_ahmad/os_fpga2/Validation/RTL_testcases/RTL_Benchmarks_Gap_Analysis/pwrmgr/rtl/tlul_err.sv:7:1: Compile module "work@tlul_err".
[INF:CP0303] /nfs_scratch/scratch/CompilerValidation/zaheer_ahmad/os_fpga2/Validation/RTL_testcases/RTL_Benchmarks_Gap_Analysis/pwrmgr/rtl/tlul_rsp_intg_gen.sv:9:1: Compile module "work@tlul_rsp_intg_gen".
[INF:CP0302] Compile class "work@mailbox".
[INF:CP0302] Compile class "work@process".
[INF:CP0302] Compile class "work@semaphore".
[NTE:CP0309] /nfs_scratch/scratch/CompilerValidation/zaheer_ahmad/os_fpga2/Validation/RTL_testcases/RTL_Benchmarks_Gap_Analysis/pwrmgr/rtl/prim_intr_hw.sv:24:23: Implicit port type (wire) for "hw2reg_intr_state_de_o",
there are 1 more instances of this message.
[NTE:CP0309] /nfs_scratch/scratch/CompilerValidation/zaheer_ahmad/os_fpga2/Validation/RTL_testcases/RTL_Benchmarks_Gap_Analysis/pwrmgr/rtl/pwrmgr.sv:79:10: Implicit port type (wire) for "intr_wakeup_o".
[NTE:CP0309] /nfs_scratch/scratch/CompilerValidation/zaheer_ahmad/os_fpga2/Validation/RTL_testcases/RTL_Benchmarks_Gap_Analysis/pwrmgr/rtl/pwrmgr_cdc.sv:37:10: Implicit port type (wire) for "slow_usb_ip_clk_status_o".
[INF:EL0526] Design Elaboration...
[INF:CP0335] /nfs_scratch/scratch/CompilerValidation/zaheer_ahmad/os_fpga2/Validation/RTL_testcases/RTL_Benchmarks_Gap_Analysis/pwrmgr/rtl/prim_clock_buf.sv:30:10: Compile generate block "work@pwrmgr.u_esc_clk_buf.gen_generic".
[INF:CP0335] /nfs_scratch/scratch/CompilerValidation/zaheer_ahmad/os_fpga2/Validation/RTL_testcases/RTL_Benchmarks_Gap_Analysis/pwrmgr/rtl/prim_clock_buf.sv:30:10: Compile generate block "work@pwrmgr.u_esc_rst_buf.gen_generic".
[INF:CP0335] /nfs_scratch/scratch/CompilerValidation/zaheer_ahmad/os_fpga2/Validation/RTL_testcases/RTL_Benchmarks_Gap_Analysis/pwrmgr/rtl/prim_buf.sv:30:10: Compile generate block "work@pwrmgr.u_esc_rx.u_prim_buf_esc.gen_generic".
[INF:CP0335] /nfs_scratch/scratch/CompilerValidation/zaheer_ahmad/os_fpga2/Validation/RTL_testcases/RTL_Benchmarks_Gap_Analysis/pwrmgr/rtl/prim_diff_decode.sv:178:12: Compile generate block "work@pwrmgr.u_esc_rx.u_decode_esc.gen_no_async".
[INF:CP0335] /nfs_scratch/scratch/CompilerValidation/zaheer_ahmad/os_fpga2/Validation/RTL_testcases/RTL_Benchmarks_Gap_Analysis/pwrmgr/rtl/prim_count.sv:84:12: Compile generate block "work@pwrmgr.u_esc_rx.u_prim_count.gen_dupcnt_max_val".
[INF:CP0335] /nfs_scratch/scratch/CompilerValidation/zaheer_ahmad/os_fpga2/Validation/RTL_testcases/RTL_Benchmarks_Gap_Analysis/pwrmgr/rtl/prim_count.sv:88:42: Compile generate block "work@pwrmgr.u_esc_rx.u_prim_count.gen_cnts[0]".
[INF:CP0335] /nfs_scratch/scratch/CompilerValidation/zaheer_ahmad/os_fpga2/Validation/RTL_testcases/RTL_Benchmarks_Gap_Analysis/pwrmgr/rtl/prim_buf.sv:30:10: Compile generate block "work@pwrmgr.u_esc_rx.u_prim_count.gen_cnts[0].u_buf.gen_generic".
[INF:CP0335] /nfs_scratch/scratch/CompilerValidation/zaheer_ahmad/os_fpga2/Validation/RTL_testcases/RTL_Benchmarks_Gap_Analysis/pwrmgr/rtl/prim_flop.sv:39:10: Compile generate block "work@pwrmgr.u_esc_rx.u_prim_count.gen_cnts[0].u_cnt_flop.gen_generic".
[INF:CP0335] /nfs_scratch/scratch/CompilerValidation/zaheer_ahmad/os_fpga2/Validation/RTL_testcases/RTL_Benchmarks_Gap_Analysis/pwrmgr/rtl/prim_count.sv:88:42: Compile generate block "work@pwrmgr.u_esc_rx.u_prim_count.gen_cnts[1]".
[INF:CP0335] /nfs_scratch/scratch/CompilerValidation/zaheer_ahmad/os_fpga2/Validation/RTL_testcases/RTL_Benchmarks_Gap_Analysis/pwrmgr/rtl/prim_buf.sv:30:10: Compile generate block "work@pwrmgr.u_esc_rx.u_prim_count.gen_cnts[1].u_buf.gen_generic".
[INF:CP0335] /nfs_scratch/scratch/CompilerValidation/zaheer_ahmad/os_fpga2/Validation/RTL_testcases/RTL_Benchmarks_Gap_Analysis/pwrmgr/rtl/prim_flop.sv:39:10: Compile generate block "work@pwrmgr.u_esc_rx.u_prim_count.gen_cnts[1].u_cnt_flop.gen_generic".
[INF:CP0335] /nfs_scratch/scratch/CompilerValidation/zaheer_ahmad/os_fpga2/Validation/RTL_testcases/RTL_Benchmarks_Gap_Analysis/pwrmgr/rtl/prim_count.sv:145:5: Compile generate block "work@pwrmgr.u_esc_rx.u_prim_count.gen_dup_cnt_hardening".
[INF:CP0335] /nfs_scratch/scratch/CompilerValidation/zaheer_ahmad/os_fpga2/Validation/RTL_testcases/RTL_Benchmarks_Gap_Analysis/pwrmgr/rtl/prim_buf.sv:30:10: Compile generate block "work@pwrmgr.u_esc_rx.u_prim_buf_esc_req.u_secure_anchor_buf.gen_generic".
[INF:CP0335] /nfs_scratch/scratch/CompilerValidation/zaheer_ahmad/os_fpga2/Validation/RTL_testcases/RTL_Benchmarks_Gap_Analysis/pwrmgr/rtl/prim_flop.sv:39:10: Compile generate block "work@pwrmgr.u_esc_rx.u_prim_flop_esc.u_secure_anchor_flop.gen_generic".
[INF:CP0335] /nfs_scratch/scratch/CompilerValidation/zaheer_ahmad/os_fpga2/Validation/RTL_testcases/RTL_Benchmarks_Gap_Analysis/pwrmgr/rtl/prim_flop_2sync.sv:28:10: Compile generate block "work@pwrmgr.u_esc_timeout.u_ref_timeout.req_sync.gen_generic".
[INF:CP0335] /nfs_scratch/scratch/CompilerValidation/zaheer_ahmad/os_fpga2/Validation/RTL_testcases/RTL_Benchmarks_Gap_Analysis/pwrmgr/rtl/prim_flop_2sync.sv:28:10: Compile generate block "work@pwrmgr.u_esc_timeout.u_ref_timeout.ack_sync.gen_generic".
[INF:CP0335] /nfs_scratch/scratch/CompilerValidation/zaheer_ahmad/os_fpga2/Validation/RTL_testcases/RTL_Benchmarks_Gap_Analysis/pwrmgr/rtl/prim_flop.sv:39:10: Compile generate block "work@pwrmgr.u_esc_timeout.u_out.gen_generic".
[INF:CP0335] /nfs_scratch/scratch/CompilerValidation/zaheer_ahmad/os_fpga2/Validation/RTL_testcases/RTL_Benchmarks_Gap_Analysis/pwrmgr/rtl/prim_flop.sv:39:10: Compile generate block "work@pwrmgr.u_sw_req_flop.gen_generic".
[INF:CP0335] /nfs_scratch/scratch/CompilerValidation/zaheer_ahmad/os_fpga2/Validation/RTL_testcases/RTL_Benchmarks_Gap_Analysis/pwrmgr/rtl/tlul_rsp_intg_gen.sv:19:25: Compile generate block "work@pwrmgr.u_reg.u_rsp_intg_gen.gen_rsp_intg".
[INF:CP0335] /nfs_scratch/scratch/CompilerValidation/zaheer_ahmad/os_fpga2/Validation/RTL_testcases/RTL_Benchmarks_Gap_Analysis/pwrmgr/rtl/tlul_rsp_intg_gen.sv:34:26: Compile generate block "work@pwrmgr.u_reg.u_rsp_intg_gen.gen_data_intg".
[INF:CP0335] /nfs_scratch/scratch/CompilerValidation/zaheer_ahmad/os_fpga2/Validation/RTL_testcases/RTL_Benchmarks_Gap_Analysis/pwrmgr/rtl/prim_subreg.sv:60:12: Compile generate block "work@pwrmgr.u_reg.u_intr_state.gen_hw".
[INF:CP0335] /nfs_scratch/scratch/CompilerValidation/zaheer_ahmad/os_fpga2/Validation/RTL_testcases/RTL_Benchmarks_Gap_Analysis/pwrmgr/rtl/prim_subreg.sv:60:12: Compile generate block "work@pwrmgr.u_reg.u_intr_enable.gen_hw".
[INF:CP0335] /nfs_scratch/scratch/CompilerValidation/zaheer_ahmad/os_fpga2/Validation/RTL_testcases/RTL_Benchmarks_Gap_Analysis/pwrmgr/rtl/prim_subreg.sv:60:12: Compile generate block "work@pwrmgr.u_reg.u_control_low_power_hint.gen_hw".
[INF:CP0335] /nfs_scratch/scratch/CompilerValidation/zaheer_ahmad/os_fpga2/Validation/RTL_testcases/RTL_Benchmarks_Gap_Analysis/pwrmgr/rtl/prim_subreg.sv:60:12: Compile generate block "work@pwrmgr.u_reg.u_control_core_clk_en.gen_hw".
[INF:CP0335] /nfs_scratch/scratch/CompilerValidation/zaheer_ahmad/os_fpga2/Validation/RTL_testcases/RTL_Benchmarks_Gap_Analysis/pwrmgr/rtl/prim_subreg.sv:60:12: Compile generate block "work@pwrmgr.u_reg.u_control_io_clk_en.gen_hw".
[INF:CP0335] /nfs_scratch/scratch/CompilerValidation/zaheer_ahmad/os_fpga2/Validation/RTL_testcases/RTL_Benchmarks_Gap_Analysis/pwrmgr/rtl/prim_subreg.sv:60:12: Compile generate block "work@pwrmgr.u_reg.u_control_usb_clk_en_lp.gen_hw".
[INF:CP0335] /nfs_scratch/scratch/CompilerValidation/zaheer_ahmad/os_fpga2/Validation/RTL_testcases/RTL_Benchmarks_Gap_Analysis/pwrmgr/rtl/prim_subreg.sv:60:12: Compile generate block "work@pwrmgr.u_reg.u_control_usb_clk_en_active.gen_hw".
[INF:CP0335] /nfs_scratch/scratch/CompilerValidation/zaheer_ahmad/os_fpga2/Validation/RTL_testcases/RTL_Benchmarks_Gap_Analysis/pwrmgr/rtl/prim_subreg.sv:60:12: Compile generate block "work@pwrmgr.u_reg.u_control_main_pd_n.gen_hw".
[INF:CP0335] /nfs_scratch/scratch/CompilerValidation/zaheer_ahmad/os_fpga2/Validation/RTL_testcases/RTL_Benchmarks_Gap_Analysis/pwrmgr/rtl/prim_subreg.sv:60:12: Compile generate block "work@pwrmgr.u_reg.u_cfg_cdc_sync.gen_hw".
[INF:CP0335] /nfs_scratch/scratch/CompilerValidation/zaheer_ahmad/os_fpga2/Validation/RTL_testcases/RTL_Benchmarks_Gap_Analysis/pwrmgr/rtl/prim_subreg.sv:60:12: Compile generate block "work@pwrmgr.u_reg.u_wakeup_en_regwen.gen_hw".
[INF:CP0335] /nfs_scratch/scratch/CompilerValidation/zaheer_ahmad/os_fpga2/Validation/RTL_testcases/RTL_Benchmarks_Gap_Analysis/pwrmgr/rtl/prim_subreg.sv:60:12: Compile generate block "work@pwrmgr.u_reg.u_wakeup_en.gen_hw".
[INF:CP0335] /nfs_scratch/scratch/CompilerValidation/zaheer_ahmad/os_fpga2/Validation/RTL_testcases/RTL_Benchmarks_Gap_Analysis/pwrmgr/rtl/prim_subreg.sv:60:12: Compile generate block "work@pwrmgr.u_reg.u_wake_status.gen_hw".
[INF:CP0335] /nfs_scratch/scratch/CompilerValidation/zaheer_ahmad/os_fpga2/Validation/RTL_testcases/RTL_Benchmarks_Gap_Analysis/pwrmgr/rtl/prim_subreg.sv:60:12: Compile generate block "work@pwrmgr.u_reg.u_reset_en_regwen.gen_hw".
[INF:CP0335] /nfs_scratch/scratch/CompilerValidation/zaheer_ahmad/os_fpga2/Validation/RTL_testcases/RTL_Benchmarks_Gap_Analysis/pwrmgr/rtl/prim_subreg.sv:60:12: Compile generate block "work@pwrmgr.u_reg.u_reset_en.gen_hw".
[INF:CP0335] /nfs_scratch/scratch/CompilerValidation/zaheer_ahmad/os_fpga2/Validation/RTL_testcases/RTL_Benchmarks_Gap_Analysis/pwrmgr/rtl/prim_subreg.sv:60:12: Compile generate block "work@pwrmgr.u_reg.u_reset_status.gen_hw".
[INF:CP0335] /nfs_scratch/scratch/CompilerValidation/zaheer_ahmad/os_fpga2/Validation/RTL_testcases/RTL_Benchmarks_Gap_Analysis/pwrmgr/rtl/prim_subreg.sv:60:12: Compile generate block "work@pwrmgr.u_reg.u_wake_info_capture_dis.gen_hw".
[INF:CP0335] /nfs_scratch/scratch/CompilerValidation/zaheer_ahmad/os_fpga2/Validation/RTL_testcases/RTL_Benchmarks_Gap_Analysis/pwrmgr/rtl/pwrmgr.sv:272:42: Compile generate block "work@pwrmgr.gen_alert_tx[0]".
[INF:CP0335] /nfs_scratch/scratch/CompilerValidation/zaheer_ahmad/os_fpga2/Validation/RTL_testcases/RTL_Benchmarks_Gap_Analysis/pwrmgr/rtl/prim_diff_decode.sv:44:16: Compile generate block "work@pwrmgr.gen_alert_tx[0].u_prim_alert_sender.i_decode_ping.gen_async".
[INF:CP0335] /nfs_scratch/scratch/CompilerValidation/zaheer_ahmad/os_fpga2/Validation/RTL_testcases/RTL_Benchmarks_Gap_Analysis/pwrmgr/rtl/prim_flop_2sync.sv:28:10: Compile generate block "work@pwrmgr.gen_alert_tx[0].u_prim_alert_sender.i_decode_ping.gen_async.i_sync_p.gen_generic".
[INF:CP0335] /nfs_scratch/scratch/CompilerValidation/zaheer_ahmad/os_fpga2/Validation/RTL_testcases/RTL_Benchmarks_Gap_Analysis/pwrmgr/rtl/prim_flop_2sync.sv:28:10: Compile generate block "work@pwrmgr.gen_alert_tx[0].u_prim_alert_sender.i_decode_ping.gen_async.i_sync_n.gen_generic".
[INF:CP0335] /nfs_scratch/scratch/CompilerValidation/zaheer_ahmad/os_fpga2/Validation/RTL_testcases/RTL_Benchmarks_Gap_Analysis/pwrmgr/rtl/prim_diff_decode.sv:44:16: Compile generate block "work@pwrmgr.gen_alert_tx[0].u_prim_alert_sender.i_decode_ack.gen_async".
[INF:CP0335] /nfs_scratch/scratch/CompilerValidation/zaheer_ahmad/os_fpga2/Validation/RTL_testcases/RTL_Benchmarks_Gap_Analysis/pwrmgr/rtl/prim_flop_2sync.sv:28:10: Compile generate block "work@pwrmgr.gen_alert_tx[0].u_prim_alert_sender.i_decode_ack.gen_async.i_sync_p.gen_generic".
[INF:CP0335] /nfs_scratch/scratch/CompilerValidation/zaheer_ahmad/os_fpga2/Validation/RTL_testcases/RTL_Benchmarks_Gap_Analysis/pwrmgr/rtl/prim_flop_2sync.sv:28:10: Compile generate block "work@pwrmgr.gen_alert_tx[0].u_prim_alert_sender.i_decode_ack.gen_async.i_sync_n.gen_generic".
[INF:CP0335] /nfs_scratch/scratch/CompilerValidation/zaheer_ahmad/os_fpga2/Validation/RTL_testcases/RTL_Benchmarks_Gap_Analysis/pwrmgr/rtl/prim_buf.sv:30:10: Compile generate block "work@pwrmgr.gen_alert_tx[0].u_prim_alert_sender.u_prim_buf_p.gen_generic".
[INF:CP0335] /nfs_scratch/scratch/CompilerValidation/zaheer_ahmad/os_fpga2/Validation/RTL_testcases/RTL_Benchmarks_Gap_Analysis/pwrmgr/rtl/prim_buf.sv:30:10: Compile generate block "work@pwrmgr.gen_alert_tx[0].u_prim_alert_sender.u_prim_buf_n.gen_generic".
[INF:CP0335] /nfs_scratch/scratch/CompilerValidation/zaheer_ahmad/os_fpga2/Validation/RTL_testcases/RTL_Benchmarks_Gap_Analysis/pwrmgr/rtl/prim_flop_2sync.sv:28:10: Compile generate block "work@pwrmgr.u_cdc.u_req_pwrdn_sync.gen_generic".
[INF:CP0335] /nfs_scratch/scratch/CompilerValidation/zaheer_ahmad/os_fpga2/Validation/RTL_testcases/RTL_Benchmarks_Gap_Analysis/pwrmgr/rtl/prim_flop_2sync.sv:28:10: Compile generate block "work@pwrmgr.u_cdc.u_ack_pwrup_sync.gen_generic".
[INF:CP0335] /nfs_scratch/scratch/CompilerValidation/zaheer_ahmad/os_fpga2/Validation/RTL_testcases/RTL_Benchmarks_Gap_Analysis/pwrmgr/rtl/prim_flop_2sync.sv:28:10: Compile generate block "work@pwrmgr.u_cdc.u_slow_cdc_sync.prim_flop_2sync.gen_generic".
[INF:CP0335] /nfs_scratch/scratch/CompilerValidation/zaheer_ahmad/os_fpga2/Validation/RTL_testcases/RTL_Benchmarks_Gap_Analysis/pwrmgr/rtl/prim_flop_2sync.sv:28:10: Compile generate block "work@pwrmgr.u_cdc.u_slow_ext_req_sync.gen_generic".
[INF:CP0335] /nfs_scratch/scratch/CompilerValidation/zaheer_ahmad/os_fpga2/Validation/RTL_testcases/RTL_Benchmarks_Gap_Analysis/pwrmgr/rtl/prim_flop_2sync.sv:28:10: Compile generate block "work@pwrmgr.u_cdc.u_ip_clk_status_sync.gen_generic".
[INF:CP0335] /nfs_scratch/scratch/CompilerValidation/zaheer_ahmad/os_fpga2/Validation/RTL_testcases/RTL_Benchmarks_Gap_Analysis/pwrmgr/rtl/prim_flop_2sync.sv:28:10: Compile generate block "work@pwrmgr.u_cdc.u_ast_sync.gen_generic".
[INF:CP0335] /nfs_scratch/scratch/CompilerValidation/zaheer_ahmad/os_fpga2/Validation/RTL_testcases/RTL_Benchmarks_Gap_Analysis/pwrmgr/rtl/prim_flop_2sync.sv:28:10: Compile generate block "work@pwrmgr.u_cdc.u_req_pwrup_sync.gen_generic".
[INF:CP0335] /nfs_scratch/scratch/CompilerValidation/zaheer_ahmad/os_fpga2/Validation/RTL_testcases/RTL_Benchmarks_Gap_Analysis/pwrmgr/rtl/prim_flop_2sync.sv:28:10: Compile generate block "work@pwrmgr.u_cdc.u_ack_pwrdn_sync.gen_generic".
[INF:CP0335] /nfs_scratch/scratch/CompilerValidation/zaheer_ahmad/os_fpga2/Validation/RTL_testcases/RTL_Benchmarks_Gap_Analysis/pwrmgr/rtl/prim_flop_2sync.sv:28:10: Compile generate block "work@pwrmgr.u_cdc.u_int_fsm_invalid_sync.gen_generic".
[INF:CP0335] /nfs_scratch/scratch/CompilerValidation/zaheer_ahmad/os_fpga2/Validation/RTL_testcases/RTL_Benchmarks_Gap_Analysis/pwrmgr/rtl/prim_flop_2sync.sv:28:10: Compile generate block "work@pwrmgr.u_cdc.u_pwrup_chg_sync.gen_generic".
[INF:CP0335] /nfs_scratch/scratch/CompilerValidation/zaheer_ahmad/os_fpga2/Validation/RTL_testcases/RTL_Benchmarks_Gap_Analysis/pwrmgr/rtl/prim_flop_2sync.sv:28:10: Compile generate block "work@pwrmgr.u_cdc.u_ip_clk_en_sync.gen_generic".
[INF:CP0335] /nfs_scratch/scratch/CompilerValidation/zaheer_ahmad/os_fpga2/Validation/RTL_testcases/RTL_Benchmarks_Gap_Analysis/pwrmgr/rtl/prim_flop_2sync.sv:28:10: Compile generate block "work@pwrmgr.u_cdc.u_scdc_sync.prim_flop_2sync.gen_generic".
[INF:CP0335] /nfs_scratch/scratch/CompilerValidation/zaheer_ahmad/os_fpga2/Validation/RTL_testcases/RTL_Benchmarks_Gap_Analysis/pwrmgr/rtl/prim_flop_2sync.sv:28:10: Compile generate block "work@pwrmgr.u_cdc.u_ext_req_sync.gen_generic".
[INF:CP0335] /nfs_scratch/scratch/CompilerValidation/zaheer_ahmad/os_fpga2/Validation/RTL_testcases/RTL_Benchmarks_Gap_Analysis/pwrmgr/rtl/prim_flop_2sync.sv:28:10: Compile generate block "work@pwrmgr.u_cdc.u_sync_flash_idle.gen_generic".
[INF:CP0335] /nfs_scratch/scratch/CompilerValidation/zaheer_ahmad/os_fpga2/Validation/RTL_testcases/RTL_Benchmarks_Gap_Analysis/pwrmgr/rtl/prim_flop_2sync.sv:28:10: Compile generate block "work@pwrmgr.u_cdc.u_sync_otp.gen_generic".
[INF:CP0335] /nfs_scratch/scratch/CompilerValidation/zaheer_ahmad/os_fpga2/Validation/RTL_testcases/RTL_Benchmarks_Gap_Analysis/pwrmgr/rtl/prim_mubi4_sync.sv:42:16: Compile generate block "work@pwrmgr.u_cdc.u_sync_rom_ctrl.gen_flops".
[INF:CP0335] /nfs_scratch/scratch/CompilerValidation/zaheer_ahmad/os_fpga2/Validation/RTL_testcases/RTL_Benchmarks_Gap_Analysis/pwrmgr/rtl/prim_flop_2sync.sv:28:10: Compile generate block "work@pwrmgr.u_cdc.u_sync_rom_ctrl.gen_flops.u_prim_flop_2sync.gen_generic".
[INF:CP0335] /nfs_scratch/scratch/CompilerValidation/zaheer_ahmad/os_fpga2/Validation/RTL_testcases/RTL_Benchmarks_Gap_Analysis/pwrmgr/rtl/prim_mubi4_sync.sv:54:25: Compile generate block "work@pwrmgr.u_cdc.u_sync_rom_ctrl.gen_flops.gen_stable_chks".
[INF:CP0335] /nfs_scratch/scratch/CompilerValidation/zaheer_ahmad/os_fpga2/Validation/RTL_testcases/RTL_Benchmarks_Gap_Analysis/pwrmgr/rtl/prim_flop.sv:39:10: Compile generate block "work@pwrmgr.u_cdc.u_sync_rom_ctrl.gen_flops.gen_stable_chks.u_prim_flop_3rd_stage.gen_generic".
[INF:CP0335] /nfs_scratch/scratch/CompilerValidation/zaheer_ahmad/os_fpga2/Validation/RTL_testcases/RTL_Benchmarks_Gap_Analysis/pwrmgr/rtl/prim_xor2.sv:35:10: Compile generate block "work@pwrmgr.u_cdc.u_sync_rom_ctrl.gen_flops.gen_stable_chks.u_mubi_xor.gen_generic".
[INF:CP0335] /nfs_scratch/scratch/CompilerValidation/zaheer_ahmad/os_fpga2/Validation/RTL_testcases/RTL_Benchmarks_Gap_Analysis/pwrmgr/rtl/prim_mubi4_sync.sv:78:47: Compile generate block "work@pwrmgr.u_cdc.u_sync_rom_ctrl.gen_flops.gen_stable_chks.gen_bufs_muxes[0]".
[INF:CP0335] /nfs_scratch/scratch/CompilerValidation/zaheer_ahmad/os_fpga2/Validation/RTL_testcases/RTL_Benchmarks_Gap_Analysis/pwrmgr/rtl/prim_buf.sv:30:10: Compile generate block "work@pwrmgr.u_cdc.u_sync_rom_ctrl.gen_flops.gen_stable_chks.gen_bufs_muxes[0].u_sig_unstable_buf.u_secure_anchor_buf.gen_generic".
[INF:CP0335] /nfs_scratch/scratch/CompilerValidation/zaheer_ahmad/os_fpga2/Validation/RTL_testcases/RTL_Benchmarks_Gap_Analysis/pwrmgr/rtl/prim_clock_mux2.sv:36:10: Compile generate block "work@pwrmgr.u_cdc.u_sync_rom_ctrl.gen_flops.gen_stable_chks.gen_bufs_muxes[0].u_mux.gen_generic".
[INF:CP0335] /nfs_scratch/scratch/CompilerValidation/zaheer_ahmad/os_fpga2/Validation/RTL_testcases/RTL_Benchmarks_Gap_Analysis/pwrmgr/rtl/prim_mubi4_sync.sv:78:47: Compile generate block "work@pwrmgr.u_cdc.u_sync_rom_ctrl.gen_flops.gen_stable_chks.gen_bufs_muxes[1]".
[INF:CP0335] /nfs_scratch/scratch/CompilerValidation/zaheer_ahmad/os_fpga2/Validation/RTL_testcases/RTL_Benchmarks_Gap_Analysis/pwrmgr/rtl/prim_buf.sv:30:10: Compile generate block "work@pwrmgr.u_cdc.u_sync_rom_ctrl.gen_flops.gen_stable_chks.gen_bufs_muxes[1].u_sig_unstable_buf.u_secure_anchor_buf.gen_generic".
[INF:CP0335] /nfs_scratch/scratch/CompilerValidation/zaheer_ahmad/os_fpga2/Validation/RTL_testcases/RTL_Benchmarks_Gap_Analysis/pwrmgr/rtl/prim_clock_mux2.sv:36:10: Compile generate block "work@pwrmgr.u_cdc.u_sync_rom_ctrl.gen_flops.gen_stable_chks.gen_bufs_muxes[1].u_mux.gen_generic".
[INF:CP0335] /nfs_scratch/scratch/CompilerValidation/zaheer_ahmad/os_fpga2/Validation/RTL_testcases/RTL_Benchmarks_Gap_Analysis/pwrmgr/rtl/prim_mubi4_sync.sv:78:47: Compile generate block "work@pwrmgr.u_cdc.u_sync_rom_ctrl.gen_flops.gen_stable_chks.gen_bufs_muxes[2]".
[INF:CP0335] /nfs_scratch/scratch/CompilerValidation/zaheer_ahmad/os_fpga2/Validation/RTL_testcases/RTL_Benchmarks_Gap_Analysis/pwrmgr/rtl/prim_buf.sv:30:10: Compile generate block "work@pwrmgr.u_cdc.u_sync_rom_ctrl.gen_flops.gen_stable_chks.gen_bufs_muxes[2].u_sig_unstable_buf.u_secure_anchor_buf.gen_generic".
[INF:CP0335] /nfs_scratch/scratch/CompilerValidation/zaheer_ahmad/os_fpga2/Validation/RTL_testcases/RTL_Benchmarks_Gap_Analysis/pwrmgr/rtl/prim_clock_mux2.sv:36:10: Compile generate block "work@pwrmgr.u_cdc.u_sync_rom_ctrl.gen_flops.gen_stable_chks.gen_bufs_muxes[2].u_mux.gen_generic".
[INF:CP0335] /nfs_scratch/scratch/CompilerValidation/zaheer_ahmad/os_fpga2/Validation/RTL_testcases/RTL_Benchmarks_Gap_Analysis/pwrmgr/rtl/prim_mubi4_sync.sv:78:47: Compile generate block "work@pwrmgr.u_cdc.u_sync_rom_ctrl.gen_flops.gen_stable_chks.gen_bufs_muxes[3]".
[INF:CP0335] /nfs_scratch/scratch/CompilerValidation/zaheer_ahmad/os_fpga2/Validation/RTL_testcases/RTL_Benchmarks_Gap_Analysis/pwrmgr/rtl/prim_buf.sv:30:10: Compile generate block "work@pwrmgr.u_cdc.u_sync_rom_ctrl.gen_flops.gen_stable_chks.gen_bufs_muxes[3].u_sig_unstable_buf.u_secure_anchor_buf.gen_generic".
[INF:CP0335] /nfs_scratch/scratch/CompilerValidation/zaheer_ahmad/os_fpga2/Validation/RTL_testcases/RTL_Benchmarks_Gap_Analysis/pwrmgr/rtl/prim_clock_mux2.sv:36:10: Compile generate block "work@pwrmgr.u_cdc.u_sync_rom_ctrl.gen_flops.gen_stable_chks.gen_bufs_muxes[3].u_mux.gen_generic".
[INF:CP0335] /nfs_scratch/scratch/CompilerValidation/zaheer_ahmad/os_fpga2/Validation/RTL_testcases/RTL_Benchmarks_Gap_Analysis/pwrmgr/rtl/prim_mubi4_sync.sv:113:42: Compile generate block "work@pwrmgr.u_cdc.u_sync_rom_ctrl.gen_buffs[0]".
[INF:CP0335] /nfs_scratch/scratch/CompilerValidation/zaheer_ahmad/os_fpga2/Validation/RTL_testcases/RTL_Benchmarks_Gap_Analysis/pwrmgr/rtl/prim_mubi4_sync.sv:115:45: Compile generate block "work@pwrmgr.u_cdc.u_sync_rom_ctrl.gen_buffs[0].gen_bits[0]".
[INF:CP0335] /nfs_scratch/scratch/CompilerValidation/zaheer_ahmad/os_fpga2/Validation/RTL_testcases/RTL_Benchmarks_Gap_Analysis/pwrmgr/rtl/prim_buf.sv:30:10: Compile generate block "work@pwrmgr.u_cdc.u_sync_rom_ctrl.gen_buffs[0].gen_bits[0].u_prim_buf.gen_generic".
[INF:CP0335] /nfs_scratch/scratch/CompilerValidation/zaheer_ahmad/os_fpga2/Validation/RTL_testcases/RTL_Benchmarks_Gap_Analysis/pwrmgr/rtl/prim_mubi4_sync.sv:115:45: Compile generate block "work@pwrmgr.u_cdc.u_sync_rom_ctrl.gen_buffs[0].gen_bits[1]".
[INF:CP0335] /nfs_scratch/scratch/CompilerValidation/zaheer_ahmad/os_fpga2/Validation/RTL_testcases/RTL_Benchmarks_Gap_Analysis/pwrmgr/rtl/prim_buf.sv:30:10: Compile generate block "work@pwrmgr.u_cdc.u_sync_rom_ctrl.gen_buffs[0].gen_bits[1].u_prim_buf.gen_generic".
[INF:CP0335] /nfs_scratch/scratch/CompilerValidation/zaheer_ahmad/os_fpga2/Validation/RTL_testcases/RTL_Benchmarks_Gap_Analysis/pwrmgr/rtl/prim_mubi4_sync.sv:115:45: Compile generate block "work@pwrmgr.u_cdc.u_sync_rom_ctrl.gen_buffs[0].gen_bits[2]".
[INF:CP0335] /nfs_scratch/scratch/CompilerValidation/zaheer_ahmad/os_fpga2/Validation/RTL_testcases/RTL_Benchmarks_Gap_Analysis/pwrmgr/rtl/prim_buf.sv:30:10: Compile generate block "work@pwrmgr.u_cdc.u_sync_rom_ctrl.gen_buffs[0].gen_bits[2].u_prim_buf.gen_generic".
[INF:CP0335] /nfs_scratch/scratch/CompilerValidation/zaheer_ahmad/os_fpga2/Validation/RTL_testcases/RTL_Benchmarks_Gap_Analysis/pwrmgr/rtl/prim_mubi4_sync.sv:115:45: Compile generate block "work@pwrmgr.u_cdc.u_sync_rom_ctrl.gen_buffs[0].gen_bits[3]".
[INF:CP0335] /nfs_scratch/scratch/CompilerValidation/zaheer_ahmad/os_fpga2/Validation/RTL_testcases/RTL_Benchmarks_Gap_Analysis/pwrmgr/rtl/prim_buf.sv:30:10: Compile generate block "work@pwrmgr.u_cdc.u_sync_rom_ctrl.gen_buffs[0].gen_bits[3].u_prim_buf.gen_generic".
[INF:CP0335] /nfs_scratch/scratch/CompilerValidation/zaheer_ahmad/os_fpga2/Validation/RTL_testcases/RTL_Benchmarks_Gap_Analysis/pwrmgr/rtl/prim_flop_2sync.sv:28:10: Compile generate block "work@pwrmgr.u_cdc.u_clr_reqack.req_sync.gen_generic".
[INF:CP0335] /nfs_scratch/scratch/CompilerValidation/zaheer_ahmad/os_fpga2/Validation/RTL_testcases/RTL_Benchmarks_Gap_Analysis/pwrmgr/rtl/prim_flop_2sync.sv:28:10: Compile generate block "work@pwrmgr.u_cdc.u_clr_reqack.ack_sync.gen_generic".
[INF:CP0335] /nfs_scratch/scratch/CompilerValidation/zaheer_ahmad/os_fpga2/Validation/RTL_testcases/RTL_Benchmarks_Gap_Analysis/pwrmgr/rtl/pwrmgr.sv:394:41: Compile generate block "work@pwrmgr.gen_wakeup_status[0]".
[INF:CP0335] /nfs_scratch/scratch/CompilerValidation/zaheer_ahmad/os_fpga2/Validation/RTL_testcases/RTL_Benchmarks_Gap_Analysis/pwrmgr/rtl/pwrmgr.sv:394:41: Compile generate block "work@pwrmgr.gen_wakeup_status[1]".
[INF:CP0335] /nfs_scratch/scratch/CompilerValidation/zaheer_ahmad/os_fpga2/Validation/RTL_testcases/RTL_Benchmarks_Gap_Analysis/pwrmgr/rtl/pwrmgr.sv:394:41: Compile generate block "work@pwrmgr.gen_wakeup_status[2]".
[INF:CP0335] /nfs_scratch/scratch/CompilerValidation/zaheer_ahmad/os_fpga2/Validation/RTL_testcases/RTL_Benchmarks_Gap_Analysis/pwrmgr/rtl/pwrmgr.sv:394:41: Compile generate block "work@pwrmgr.gen_wakeup_status[3]".
[INF:CP0335] /nfs_scratch/scratch/CompilerValidation/zaheer_ahmad/os_fpga2/Validation/RTL_testcases/RTL_Benchmarks_Gap_Analysis/pwrmgr/rtl/pwrmgr.sv:394:41: Compile generate block "work@pwrmgr.gen_wakeup_status[4]".
[INF:CP0335] /nfs_scratch/scratch/CompilerValidation/zaheer_ahmad/os_fpga2/Validation/RTL_testcases/RTL_Benchmarks_Gap_Analysis/pwrmgr/rtl/pwrmgr.sv:394:41: Compile generate block "work@pwrmgr.gen_wakeup_status[5]".
[INF:CP0335] /nfs_scratch/scratch/CompilerValidation/zaheer_ahmad/os_fpga2/Validation/RTL_testcases/RTL_Benchmarks_Gap_Analysis/pwrmgr/rtl/pwrmgr.sv:399:43: Compile generate block "work@pwrmgr.gen_reset_status[0]".
[INF:CP0335] /nfs_scratch/scratch/CompilerValidation/zaheer_ahmad/os_fpga2/Validation/RTL_testcases/RTL_Benchmarks_Gap_Analysis/pwrmgr/rtl/pwrmgr.sv:399:43: Compile generate block "work@pwrmgr.gen_reset_status[1]".
[INF:CP0335] /nfs_scratch/scratch/CompilerValidation/zaheer_ahmad/os_fpga2/Validation/RTL_testcases/RTL_Benchmarks_Gap_Analysis/pwrmgr/rtl/prim_flop.sv:39:10: Compile generate block "work@pwrmgr.u_slow_fsm.u_state_regs.u_state_flop.gen_generic".
[INF:CP0335] /nfs_scratch/scratch/CompilerValidation/zaheer_ahmad/os_fpga2/Validation/RTL_testcases/RTL_Benchmarks_Gap_Analysis/pwrmgr/rtl/prim_flop.sv:39:10: Compile generate block "work@pwrmgr.u_slow_fsm.u_usb_clk_en.gen_generic".
[INF:CP0335] /nfs_scratch/scratch/CompilerValidation/zaheer_ahmad/os_fpga2/Validation/RTL_testcases/RTL_Benchmarks_Gap_Analysis/pwrmgr/rtl/prim_flop.sv:39:10: Compile generate block "work@pwrmgr.u_fsm.u_state_regs.u_state_flop.gen_generic".
[INF:CP0335] /nfs_scratch/scratch/CompilerValidation/zaheer_ahmad/os_fpga2/Validation/RTL_testcases/RTL_Benchmarks_Gap_Analysis/pwrmgr/rtl/prim_flop_2sync.sv:28:10: Compile generate block "work@pwrmgr.u_fsm.u_slow_sync_lc_done.gen_generic".
[INF:CP0335] /nfs_scratch/scratch/CompilerValidation/zaheer_ahmad/os_fpga2/Validation/RTL_testcases/RTL_Benchmarks_Gap_Analysis/pwrmgr/rtl/prim_flop_2sync.sv:28:10: Compile generate block "work@pwrmgr.u_fsm.u_sync_lc_done.gen_generic".
[INF:CP0335] /nfs_scratch/scratch/CompilerValidation/zaheer_ahmad/os_fpga2/Validation/RTL_testcases/RTL_Benchmarks_Gap_Analysis/pwrmgr/rtl/prim_flop.sv:39:10: Compile generate block "work@pwrmgr.u_fsm.u_usb_ip_clk_en.gen_generic".
[INF:CP0335] /nfs_scratch/scratch/CompilerValidation/zaheer_ahmad/os_fpga2/Validation/RTL_testcases/RTL_Benchmarks_Gap_Analysis/pwrmgr/rtl/prim_flop.sv:39:10: Compile generate block "work@pwrmgr.u_fsm.u_reg_otp_init.gen_generic".
[INF:CP0335] /nfs_scratch/scratch/CompilerValidation/zaheer_ahmad/os_fpga2/Validation/RTL_testcases/RTL_Benchmarks_Gap_Analysis/pwrmgr/rtl/prim_flop.sv:39:10: Compile generate block "work@pwrmgr.u_fsm.u_reg_lc_init.gen_generic".
[INF:CP0335] /nfs_scratch/scratch/CompilerValidation/zaheer_ahmad/os_fpga2/Validation/RTL_testcases/RTL_Benchmarks_Gap_Analysis/pwrmgr/rtl/prim_intr_hw.sv:39:24: Compile generate block "work@pwrmgr.intr_wakeup.gen_flop_intr_output".
[NTE:EL0503] /nfs_scratch/scratch/CompilerValidation/zaheer_ahmad/os_fpga2/Validation/RTL_testcases/RTL_Benchmarks_Gap_Analysis/pwrmgr/rtl/pwrmgr.sv:9:1: Top level module "work@pwrmgr".
[NTE:EL0508] Nb Top level modules: 1.
[NTE:EL0509] Max instance depth: 10.
[NTE:EL0510] Nb instances: 230.
[NTE:EL0511] Nb leaf instances: 26.
[INF:UH0706] Creating UHDM Model...
[INF:UH0707] Elaborating UHDM...
[  FATAL] : 0
[ SYNTAX] : 0
[  ERROR] : 0
[WARNING] : 0
[   NOTE] : 8
Warning: /nfs_scratch/scratch/CompilerValidation/zaheer_ahmad/os_fpga2/Validation/RTL_testcases/RTL_Benchmarks_Gap_Analysis/pwrmgr/rtl/prim_mubi_pkg.sv:80: Post-incrementation operations are handled as pre-incrementation.
Warning: /nfs_scratch/scratch/CompilerValidation/zaheer_ahmad/os_fpga2/Validation/RTL_testcases/RTL_Benchmarks_Gap_Analysis/pwrmgr/rtl/prim_mubi_pkg.sv:106: Post-incrementation operations are handled as pre-incrementation.
Warning: /nfs_scratch/scratch/CompilerValidation/zaheer_ahmad/os_fpga2/Validation/RTL_testcases/RTL_Benchmarks_Gap_Analysis/pwrmgr/rtl/prim_mubi_pkg.sv:209: Post-incrementation operations are handled as pre-incrementation.
Warning: /nfs_scratch/scratch/CompilerValidation/zaheer_ahmad/os_fpga2/Validation/RTL_testcases/RTL_Benchmarks_Gap_Analysis/pwrmgr/rtl/prim_mubi_pkg.sv:235: Post-incrementation operations are handled as pre-incrementation.
Warning: /nfs_scratch/scratch/CompilerValidation/zaheer_ahmad/os_fpga2/Validation/RTL_testcases/RTL_Benchmarks_Gap_Analysis/pwrmgr/rtl/prim_mubi_pkg.sv:338: Post-incrementation operations are handled as pre-incrementation.
Warning: /nfs_scratch/scratch/CompilerValidation/zaheer_ahmad/os_fpga2/Validation/RTL_testcases/RTL_Benchmarks_Gap_Analysis/pwrmgr/rtl/prim_mubi_pkg.sv:364: Post-incrementation operations are handled as pre-incrementation.
Warning: /nfs_scratch/scratch/CompilerValidation/zaheer_ahmad/os_fpga2/Validation/RTL_testcases/RTL_Benchmarks_Gap_Analysis/pwrmgr/rtl/prim_mubi_pkg.sv:467: Post-incrementation operations are handled as pre-incrementation.
Warning: /nfs_scratch/scratch/CompilerValidation/zaheer_ahmad/os_fpga2/Validation/RTL_testcases/RTL_Benchmarks_Gap_Analysis/pwrmgr/rtl/prim_mubi_pkg.sv:493: Post-incrementation operations are handled as pre-incrementation.
Warning: /nfs_scratch/scratch/CompilerValidation/zaheer_ahmad/os_fpga2/Validation/RTL_testcases/RTL_Benchmarks_Gap_Analysis/pwrmgr/rtl/prim_util_pkg.sv:34: Post-incrementation operations are handled as pre-incrementation.
Warning: /nfs_scratch/scratch/CompilerValidation/zaheer_ahmad/os_fpga2/Validation/RTL_testcases/RTL_Benchmarks_Gap_Analysis/pwrmgr/rtl/prim_mubi_pkg.sv:80: Post-incrementation operations are handled as pre-incrementation.
Warning: /nfs_scratch/scratch/CompilerValidation/zaheer_ahmad/os_fpga2/Validation/RTL_testcases/RTL_Benchmarks_Gap_Analysis/pwrmgr/rtl/prim_mubi_pkg.sv:106: Post-incrementation operations are handled as pre-incrementation.
Warning: /nfs_scratch/scratch/CompilerValidation/zaheer_ahmad/os_fpga2/Validation/RTL_testcases/RTL_Benchmarks_Gap_Analysis/pwrmgr/rtl/prim_mubi_pkg.sv:209: Post-incrementation operations are handled as pre-incrementation.
Warning: /nfs_scratch/scratch/CompilerValidation/zaheer_ahmad/os_fpga2/Validation/RTL_testcases/RTL_Benchmarks_Gap_Analysis/pwrmgr/rtl/prim_mubi_pkg.sv:235: Post-incrementation operations are handled as pre-incrementation.
Warning: /nfs_scratch/scratch/CompilerValidation/zaheer_ahmad/os_fpga2/Validation/RTL_testcases/RTL_Benchmarks_Gap_Analysis/pwrmgr/rtl/prim_mubi_pkg.sv:338: Post-incrementation operations are handled as pre-incrementation.
Warning: /nfs_scratch/scratch/CompilerValidation/zaheer_ahmad/os_fpga2/Validation/RTL_testcases/RTL_Benchmarks_Gap_Analysis/pwrmgr/rtl/prim_mubi_pkg.sv:364: Post-incrementation operations are handled as pre-incrementation.
Warning: /nfs_scratch/scratch/CompilerValidation/zaheer_ahmad/os_fpga2/Validation/RTL_testcases/RTL_Benchmarks_Gap_Analysis/pwrmgr/rtl/prim_mubi_pkg.sv:467: Post-incrementation operations are handled as pre-incrementation.
Warning: /nfs_scratch/scratch/CompilerValidation/zaheer_ahmad/os_fpga2/Validation/RTL_testcases/RTL_Benchmarks_Gap_Analysis/pwrmgr/rtl/prim_mubi_pkg.sv:493: Post-incrementation operations are handled as pre-incrementation.
Warning: /nfs_scratch/scratch/CompilerValidation/zaheer_ahmad/os_fpga2/Validation/RTL_testcases/RTL_Benchmarks_Gap_Analysis/pwrmgr/rtl/prim_mubi_pkg.sv:80: Post-incrementation operations are handled as pre-incrementation.
Warning: /nfs_scratch/scratch/CompilerValidation/zaheer_ahmad/os_fpga2/Validation/RTL_testcases/RTL_Benchmarks_Gap_Analysis/pwrmgr/rtl/prim_mubi_pkg.sv:106: Post-incrementation operations are handled as pre-incrementation.
Warning: /nfs_scratch/scratch/CompilerValidation/zaheer_ahmad/os_fpga2/Validation/RTL_testcases/RTL_Benchmarks_Gap_Analysis/pwrmgr/rtl/prim_mubi_pkg.sv:209: Post-incrementation operations are handled as pre-incrementation.
Warning: /nfs_scratch/scratch/CompilerValidation/zaheer_ahmad/os_fpga2/Validation/RTL_testcases/RTL_Benchmarks_Gap_Analysis/pwrmgr/rtl/prim_mubi_pkg.sv:235: Post-incrementation operations are handled as pre-incrementation.
Warning: /nfs_scratch/scratch/CompilerValidation/zaheer_ahmad/os_fpga2/Validation/RTL_testcases/RTL_Benchmarks_Gap_Analysis/pwrmgr/rtl/prim_mubi_pkg.sv:338: Post-incrementation operations are handled as pre-incrementation.
Warning: /nfs_scratch/scratch/CompilerValidation/zaheer_ahmad/os_fpga2/Validation/RTL_testcases/RTL_Benchmarks_Gap_Analysis/pwrmgr/rtl/prim_mubi_pkg.sv:364: Post-incrementation operations are handled as pre-incrementation.
Warning: /nfs_scratch/scratch/CompilerValidation/zaheer_ahmad/os_fpga2/Validation/RTL_testcases/RTL_Benchmarks_Gap_Analysis/pwrmgr/rtl/prim_mubi_pkg.sv:467: Post-incrementation operations are handled as pre-incrementation.
Warning: /nfs_scratch/scratch/CompilerValidation/zaheer_ahmad/os_fpga2/Validation/RTL_testcases/RTL_Benchmarks_Gap_Analysis/pwrmgr/rtl/prim_mubi_pkg.sv:493: Post-incrementation operations are handled as pre-incrementation.
Warning: /nfs_scratch/scratch/CompilerValidation/zaheer_ahmad/os_fpga2/Validation/RTL_testcases/RTL_Benchmarks_Gap_Analysis/pwrmgr/rtl/pwrmgr_fsm.sv:398: Post-incrementation operations are handled as pre-incrementation.
Generating RTLIL representation for module `$paramod$572334ae2b5971ff7e4eb457c77e6e769d857e82\prim_sparse_fsm_flop'.
Generating RTLIL representation for module `$paramod$21a513b276be09c9cb5553d5463fdf4800edca32\pwrmgr_fsm'.
Warning: reg '\state_q' is assigned in a continuous assignment at /nfs_scratch/scratch/CompilerValidation/zaheer_ahmad/os_fpga2/Validation/RTL_testcases/RTL_Benchmarks_Gap_Analysis/pwrmgr/rtl/pwrmgr_fsm.sv:151.10-151.50.
Warning: reg '\fetch_en_o' is assigned in a continuous assignment at /nfs_scratch/scratch/CompilerValidation/zaheer_ahmad/os_fpga2/Validation/RTL_testcases/RTL_Benchmarks_Gap_Analysis/pwrmgr/rtl/pwrmgr_fsm.sv:180.10-180.33.
Generating RTLIL representation for module `$paramod$fe55b1bb949966d310e200acf24c2aa59944d626\prim_generic_flop'.
Generating RTLIL representation for module `$paramod$44a1f8f9602035884579b7c1bf52cac427a84729\prim_flop'.
Generating RTLIL representation for module `$paramod$a7aee46bd09813908c06b21f352766ca9cf9b3c9\prim_sparse_fsm_flop'.
Generating RTLIL representation for module `$paramod$21db42bc4a37f19b92ab182268213f76666c0005\pwrmgr_slow_fsm'.
Warning: reg '\state_q' is assigned in a continuous assignment at /nfs_scratch/scratch/CompilerValidation/zaheer_ahmad/os_fpga2/Validation/RTL_testcases/RTL_Benchmarks_Gap_Analysis/pwrmgr/rtl/pwrmgr_slow_fsm.sv:125.10-125.50.
Warning: reg '\pwrup_cause_o' is assigned in a continuous assignment at /nfs_scratch/scratch/CompilerValidation/zaheer_ahmad/os_fpga2/Validation/RTL_testcases/RTL_Benchmarks_Gap_Analysis/pwrmgr/rtl/pwrmgr_slow_fsm.sv:313.10-313.33.
Generating RTLIL representation for module `$paramod$21a513b276be09c9cb5553d5463fdf4800edca32\pwrmgr_wake_info'.
Generating RTLIL representation for module `$paramod\prim_generic_clock_mux2\NoFpgaBufG=1'1'.
Generating RTLIL representation for module `$paramod\prim_clock_mux2\NoFpgaBufG=1'1\Impl=32'00000000000000000000000000000000'.
Generating RTLIL representation for module `$paramod$f00c4529a1ee6db225b5a16a9e380cfcfefeb4fc\prim_buf'.
Generating RTLIL representation for module `$paramod$4c9652adfb17b2d533bb31a43b4ddd326554f0f1\prim_flop'.
Generating RTLIL representation for module `$paramod\prim_sec_anchor_buf\Width=s32'00000000000000000000000000000100'.
Generating RTLIL representation for module `$paramod\prim_generic_xor2\Width=s32'00000000000000000000000000000100'.
Generating RTLIL representation for module `$paramod$6ae18350b51be32fd7406c5aaac3c7582e0e6af0\prim_generic_flop'.
Generating RTLIL representation for module `$paramod$6ae18350b51be32fd7406c5aaac3c7582e0e6af0\prim_flop_2sync'.
Generating RTLIL representation for module `$paramod\prim_generic_flop\Width=s32'00000000000000000000000000000010\ResetValue=2'00'.
Generating RTLIL representation for module `$paramod\prim_generic_flop_2sync\Width=s32'00000000000000000000000000000010\ResetValue=2'00'.
Generating RTLIL representation for module `$paramod$1232de8c2fe4fff6a75b5663758d1bf50afa3825\prim_generic_flop'.
Generating RTLIL representation for module `$paramod$2454416d686f119c214b8f35dcdc5a0867f85a76\prim_generic_flop'.
Generating RTLIL representation for module `$paramod$1232de8c2fe4fff6a75b5663758d1bf50afa3825\prim_flop_2sync'.
Generating RTLIL representation for module `$paramod\prim_intr_hw\Width=32'00000000000000000000000000000001\FlopOutput=1'1'.
Generating RTLIL representation for module `$paramod$25ebe4329fda051e04aa1129a6e1ffd602984606\prim_generic_flop'.
Generating RTLIL representation for module `$paramod$21a513b276be09c9cb5553d5463fdf4800edca32\pwrmgr_cdc'.
Generating RTLIL representation for module `$paramod$a7b283e8b9acadb82fb07886ab71c26207bbd72c\prim_mubi4_sync'.
Warning: reg '\mubi_o' is assigned in a continuous assignment at /nfs_scratch/scratch/CompilerValidation/zaheer_ahmad/os_fpga2/Validation/RTL_testcases/RTL_Benchmarks_Gap_Analysis/pwrmgr/rtl/prim_mubi4_sync.sv:121.12-121.42.
Generating RTLIL representation for module `$paramod$25ebe4329fda051e04aa1129a6e1ffd602984606\prim_flop_2sync'.
Generating RTLIL representation for module `$paramod$1922727dec4c1da7ed6ad3dc09fc46ad0b6c2a2c\prim_subreg'.
Generating RTLIL representation for module `$paramod\prim_clock_buf\Impl=32'00000000000000000000000000000000'.
Generating RTLIL representation for module `$paramod\prim_generic_flop\Width=s32'00000000000000000000000000000001\ResetValue=1'1'.
Generating RTLIL representation for module `$paramod\prim_generic_flop_2sync\Width=s32'00000000000000000000000000000001\ResetValue=1'1'.
Generating RTLIL representation for module `\prim_lc_sender'.
Warning: reg '\lc_en_o' is assigned in a continuous assignment at /nfs_scratch/scratch/CompilerValidation/zaheer_ahmad/os_fpga2/Validation/RTL_testcases/RTL_Benchmarks_Gap_Analysis/pwrmgr/rtl/prim_lc_sender.sv:32.10-32.52.
Generating RTLIL representation for module `$paramod\prim_generic_flop\Width=s32'00000000000000000000000000000001\ResetValue=1'0'.
Generating RTLIL representation for module `$paramod$ebe0a97d65ac33a9414f47886a18e066f6dc6365\prim_flop'.
Generating RTLIL representation for module `$paramod\prim_diff_decode\AsyncOn=1'1'.
Generating RTLIL representation for module `$paramod\prim_flop_2sync\Width=s32'00000000000000000000000000000010\ResetValue=2'00'.
Generating RTLIL representation for module `$paramod$a15eb3e9e7e337a1d68c13676510cc99e563cdd3\prim_buf'.
Generating RTLIL representation for module `$paramod$6ae18350b51be32fd7406c5aaac3c7582e0e6af0\prim_generic_flop_2sync'.
Generating RTLIL representation for module `\prim_generic_clock_buf'.
Generating RTLIL representation for module `$paramod\prim_alert_sender\AsyncOn=1'1\ALERT_TX_DEFAULT=2'01\ALERT_RX_DEFAULT=4'0101'.
Generating RTLIL representation for module `\pwrmgr'.
Warning: reg '\rom_ctrl_good' is assigned in a continuous assignment at /nfs_scratch/scratch/CompilerValidation/zaheer_ahmad/os_fpga2/Validation/RTL_testcases/RTL_Benchmarks_Gap_Analysis/pwrmgr/rtl/pwrmgr.sv:360.10-360.41.
Generating RTLIL representation for module `$paramod\prim_clock_timeout\TimeOutCnt=s32'00000000000000000000000010000000'.
Generating RTLIL representation for module `\prim_sync_reqack'.
Generating RTLIL representation for module `$paramod$1f2cba5866897a44b387e1c2993af0b4468bf03a\prim_xor2'.
Generating RTLIL representation for module `$paramod$d1667f769712e8f5d6feff44c8934483fca616bd\prim_flop'.
Generating RTLIL representation for module `$paramod$b16ec1a2d37bb01b30b4807f6e7e5972c818c2d7\tlul_cmd_intg_chk'.
Generating RTLIL representation for module `$paramod\prim_flop_2sync\Width=s32'00000000000000000000000000000001\ResetValue=1'1'.
Generating RTLIL representation for module `$paramod\prim_flop_2sync\Width=s32'00000000000000000000000000000001\ResetValue=1'0'.
Generating RTLIL representation for module `\prim_secded_inv_39_32_enc'.
Generating RTLIL representation for module `$paramod$c5a2c670fcc80b1e00077cb7c12ddf5cd8beba26\prim_count'.
Generating RTLIL representation for module `$paramod$705fa05787a5d1cbfe2ae3dc7a01b0dd03c7a1d2\prim_flop'.
Generating RTLIL representation for module `$paramod\prim_generic_flop_2sync\Width=s32'00000000000000000000000000000001\ResetValue=1'0'.
Generating RTLIL representation for module `$paramod$e28d8d901a11ac5d5e5c27396dca7dc727aac42a\prim_subreg'.
Generating RTLIL representation for module `$paramod$30daef7d8fbea83f8d5d97bb6bbeea8d50f20643\tlul_rsp_intg_gen'.
Generating RTLIL representation for module `$paramod$58cc36426b572d644c9bdaa50fac6b4ad91ed7ea\prim_esc_receiver'.
Generating RTLIL representation for module `$paramod$eca6cdb671bb55064ea4103fc00be19283c8611c\prim_buf'.
Generating RTLIL representation for module `$paramod$1232de8c2fe4fff6a75b5663758d1bf50afa3825\prim_generic_flop_2sync'.
Generating RTLIL representation for module `$paramod\prim_diff_decode\AsyncOn=1'0'.
Generating RTLIL representation for module `$paramod$55720f6f56ab0dcb7b0978d7b020cd5788c3bb7b\prim_buf'.
Generating RTLIL representation for module `$paramod$18eae125e8070a5fb29a0bd9923127bd30ff2039\prim_subreg'.
Generating RTLIL representation for module `$paramod$cafc58aacea66ce361f30fc5fb51712913515c86\prim_generic_flop'.
Generating RTLIL representation for module `$paramod\prim_sec_anchor_buf\Width=s32'00000000000000000000000000000001'.
Generating RTLIL representation for module `$paramod\prim_sec_anchor_flop\Width=s32'00000000000000000000000000000010\ResetValue=2'10'.
Generating RTLIL representation for module `$paramod\prim_generic_flop\Width=s32'00000000000000000000000000000010\ResetValue=2'10'.
Generating RTLIL representation for module `\prim_secded_inv_64_57_dec'.
Generating RTLIL representation for module `$paramod$b16ec1a2d37bb01b30b4807f6e7e5972c818c2d7\tlul_data_integ_dec'.
Generating RTLIL representation for module `$paramod$25ebe4329fda051e04aa1129a6e1ffd602984606\prim_generic_flop_2sync'.
Generating RTLIL representation for module `\prim_secded_inv_39_32_dec'.
Generating RTLIL representation for module `\prim_generic_buf'.
Generating RTLIL representation for module `\prim_secded_inv_64_57_enc'.
Generating RTLIL representation for module `$paramod$ff88e0cc5b79bb9c0662e183af7c9b980234cfc1\prim_flop'.
Generating RTLIL representation for module `$paramod$b16ec1a2d37bb01b30b4807f6e7e5972c818c2d7\tlul_data_integ_enc'.
Generating RTLIL representation for module `$paramod$ee0227794101df47ad9f37b0d88f82f880f9e439\tlul_adapter_reg'.
Generating RTLIL representation for module `$paramod$8ec11ab84d267aa735efee7deaffb669de62e241\pwrmgr_reg_top'.
Generating RTLIL representation for module `$paramod$7e00d363ce130de0a5a3e36d8a0ef795833e2889\prim_subreg'.
Generating RTLIL representation for module `$paramod$b16ec1a2d37bb01b30b4807f6e7e5972c818c2d7\tlul_err'.
Generating RTLIL representation for module `\prim_pulse_sync'.
Generating RTLIL representation for module `$paramod$112511bfd0dccda09976f1ed3a15d1c8d45112d4\prim_subreg'.
Generating RTLIL representation for module `$paramod\prim_subreg_ext\DW=32'00000000000000000000000000000001'.

2. Executing Verilog-2005 frontend: /nfs_eda_sw/softwares/Raptor/instl_dir/12_05_2024_09_15_01/share/raptor/sim_models/rapidsilicon/genesis3/FPGA_PRIMITIVES_MODELS/blackbox_models/cell_sim_blackbox.v
Parsing SystemVerilog input from `/nfs_eda_sw/softwares/Raptor/instl_dir/12_05_2024_09_15_01/share/raptor/sim_models/rapidsilicon/genesis3/FPGA_PRIMITIVES_MODELS/blackbox_models/cell_sim_blackbox.v' to AST representation.
Generating RTLIL representation for module `\BOOT_CLOCK'.
Generating RTLIL representation for module `\CARRY_BREAK'.
Generating RTLIL representation for module `\CARRY'.
Generating RTLIL representation for module `\CLK_BUF'.
Generating RTLIL representation for module `\DFFNRE'.
Generating RTLIL representation for module `\DFFRE'.
Generating RTLIL representation for module `\DLY_SEL_DECODER'.
Generating RTLIL representation for module `\DLY_VALUE_MUX'.
Generating RTLIL representation for module `\DSP19X2'.
Generating RTLIL representation for module `\DSP38'.
Generating RTLIL representation for module `\FCLK_BUF'.
Generating RTLIL representation for module `\FIFO18KX2'.
Generating RTLIL representation for module `\FIFO36K'.
Generating RTLIL representation for module `\I_BUF_DS'.
Generating RTLIL representation for module `\I_BUF'.
Generating RTLIL representation for module `\I_DDR'.
Generating RTLIL representation for module `\I_DELAY'.
Generating RTLIL representation for module `\I_FAB'.
Generating RTLIL representation for module `\I_SERDES'.
Generating RTLIL representation for module `\LATCHNR'.
Generating RTLIL representation for module `\LATCHNS'.
Generating RTLIL representation for module `\LATCHN'.
Generating RTLIL representation for module `\LATCHR'.
Generating RTLIL representation for module `\LATCHS'.
Generating RTLIL representation for module `\LATCH'.
Generating RTLIL representation for module `\LUT1'.
Generating RTLIL representation for module `\LUT2'.
Generating RTLIL representation for module `\LUT3'.
Generating RTLIL representation for module `\LUT4'.
Generating RTLIL representation for module `\LUT5'.
Generating RTLIL representation for module `\LUT6'.
Generating RTLIL representation for module `\MIPI_RX'.
Generating RTLIL representation for module `\MIPI_TX'.
Generating RTLIL representation for module `\O_BUF_DS'.
Generating RTLIL representation for module `\O_BUFT_DS'.
Generating RTLIL representation for module `\O_BUFT'.
Generating RTLIL representation for module `\O_BUF'.
Generating RTLIL representation for module `\O_DDR'.
Generating RTLIL representation for module `\O_DELAY'.
Generating RTLIL representation for module `\O_FAB'.
Generating RTLIL representation for module `\O_SERDES_CLK'.
Generating RTLIL representation for module `\O_SERDES'.
Generating RTLIL representation for module `\PLL'.
Generating RTLIL representation for module `\SOC_FPGA_INTF_AHB_M'.
Generating RTLIL representation for module `\SOC_FPGA_INTF_AHB_S'.
Generating RTLIL representation for module `\SOC_FPGA_INTF_AXI_M0'.
Generating RTLIL representation for module `\SOC_FPGA_INTF_AXI_M1'.
Generating RTLIL representation for module `\SOC_FPGA_INTF_DMA'.
Generating RTLIL representation for module `\SOC_FPGA_INTF_IRQ'.
Generating RTLIL representation for module `\SOC_FPGA_INTF_JTAG'.
Generating RTLIL representation for module `\SOC_FPGA_TEMPERATURE'.
Generating RTLIL representation for module `\TDP_RAM18KX2'.
Generating RTLIL representation for module `\TDP_RAM36K'.
Successfully finished Verilog frontend.

3. Executing HIERARCHY pass (managing design hierarchy).

3.1. Analyzing design hierarchy..
Top module:  \pwrmgr
Used module:     $paramod\prim_intr_hw\Width=32'00000000000000000000000000000001\FlopOutput=1'1
Used module:     $paramod$21a513b276be09c9cb5553d5463fdf4800edca32\pwrmgr_wake_info
Used module:     $paramod$21a513b276be09c9cb5553d5463fdf4800edca32\pwrmgr_fsm
Used module:         $paramod$705fa05787a5d1cbfe2ae3dc7a01b0dd03c7a1d2\prim_flop
Used module:             $paramod\prim_generic_flop\Width=s32'00000000000000000000000000000001\ResetValue=1'0
Used module:         $paramod\prim_flop_2sync\Width=s32'00000000000000000000000000000001\ResetValue=1'0
Used module:             $paramod\prim_generic_flop_2sync\Width=s32'00000000000000000000000000000001\ResetValue=1'0
Used module:         \prim_lc_sender
Used module:             $paramod$6ae18350b51be32fd7406c5aaac3c7582e0e6af0\prim_generic_flop
Used module:         $paramod$572334ae2b5971ff7e4eb457c77e6e769d857e82\prim_sparse_fsm_flop
Used module:             $paramod$4c9652adfb17b2d533bb31a43b4ddd326554f0f1\prim_flop
Used module:                 $paramod$2454416d686f119c214b8f35dcdc5a0867f85a76\prim_generic_flop
Used module:     $paramod$21db42bc4a37f19b92ab182268213f76666c0005\pwrmgr_slow_fsm
Used module:         $paramod$a7aee46bd09813908c06b21f352766ca9cf9b3c9\prim_sparse_fsm_flop
Used module:             $paramod$44a1f8f9602035884579b7c1bf52cac427a84729\prim_flop
Used module:                 $paramod$fe55b1bb949966d310e200acf24c2aa59944d626\prim_generic_flop
Used module:     $paramod$21a513b276be09c9cb5553d5463fdf4800edca32\pwrmgr_cdc
Used module:         \prim_sync_reqack
Used module:         $paramod$a7b283e8b9acadb82fb07886ab71c26207bbd72c\prim_mubi4_sync
Used module:             $paramod$a15eb3e9e7e337a1d68c13676510cc99e563cdd3\prim_buf
Used module:                 \prim_generic_buf
Used module:             $paramod\prim_clock_mux2\NoFpgaBufG=1'1\Impl=32'00000000000000000000000000000000
Used module:                 $paramod\prim_generic_clock_mux2\NoFpgaBufG=1'1
Used module:             $paramod\prim_sec_anchor_buf\Width=s32'00000000000000000000000000000100
Used module:                 $paramod$f00c4529a1ee6db225b5a16a9e380cfcfefeb4fc\prim_buf
Used module:             $paramod$1f2cba5866897a44b387e1c2993af0b4468bf03a\prim_xor2
Used module:                 $paramod\prim_generic_xor2\Width=s32'00000000000000000000000000000100
Used module:             $paramod$d1667f769712e8f5d6feff44c8934483fca616bd\prim_flop
Used module:             $paramod$6ae18350b51be32fd7406c5aaac3c7582e0e6af0\prim_flop_2sync
Used module:                 $paramod$6ae18350b51be32fd7406c5aaac3c7582e0e6af0\prim_generic_flop_2sync
Used module:         $paramod\prim_flop_2sync\Width=s32'00000000000000000000000000000010\ResetValue=2'00
Used module:             $paramod\prim_generic_flop_2sync\Width=s32'00000000000000000000000000000010\ResetValue=2'00
Used module:                 $paramod\prim_generic_flop\Width=s32'00000000000000000000000000000010\ResetValue=2'00
Used module:         $paramod\prim_flop_2sync\Width=s32'00000000000000000000000000000001\ResetValue=1'1
Used module:             $paramod\prim_generic_flop_2sync\Width=s32'00000000000000000000000000000001\ResetValue=1'1
Used module:                 $paramod\prim_generic_flop\Width=s32'00000000000000000000000000000001\ResetValue=1'1
Used module:         $paramod$25ebe4329fda051e04aa1129a6e1ffd602984606\prim_flop_2sync
Used module:             $paramod$25ebe4329fda051e04aa1129a6e1ffd602984606\prim_generic_flop_2sync
Used module:                 $paramod$25ebe4329fda051e04aa1129a6e1ffd602984606\prim_generic_flop
Used module:         \prim_pulse_sync
Used module:         $paramod$1232de8c2fe4fff6a75b5663758d1bf50afa3825\prim_flop_2sync
Used module:             $paramod$1232de8c2fe4fff6a75b5663758d1bf50afa3825\prim_generic_flop_2sync
Used module:                 $paramod$1232de8c2fe4fff6a75b5663758d1bf50afa3825\prim_generic_flop
Used module:     $paramod$8ec11ab84d267aa735efee7deaffb669de62e241\pwrmgr_reg_top
Used module:         $paramod\prim_subreg_ext\DW=32'00000000000000000000000000000001
Used module:         $paramod$7e00d363ce130de0a5a3e36d8a0ef795833e2889\prim_subreg
Used module:         $paramod$18eae125e8070a5fb29a0bd9923127bd30ff2039\prim_subreg
Used module:         $paramod$1922727dec4c1da7ed6ad3dc09fc46ad0b6c2a2c\prim_subreg
Used module:         $paramod$e28d8d901a11ac5d5e5c27396dca7dc727aac42a\prim_subreg
Used module:         $paramod$112511bfd0dccda09976f1ed3a15d1c8d45112d4\prim_subreg
Used module:         $paramod$ee0227794101df47ad9f37b0d88f82f880f9e439\tlul_adapter_reg
Used module:             $paramod$b16ec1a2d37bb01b30b4807f6e7e5972c818c2d7\tlul_err
Used module:         $paramod$30daef7d8fbea83f8d5d97bb6bbeea8d50f20643\tlul_rsp_intg_gen
Used module:             $paramod$b16ec1a2d37bb01b30b4807f6e7e5972c818c2d7\tlul_data_integ_enc
Used module:                 \prim_secded_inv_39_32_enc
Used module:             \prim_secded_inv_64_57_enc
Used module:         $paramod$b16ec1a2d37bb01b30b4807f6e7e5972c818c2d7\tlul_cmd_intg_chk
Used module:             $paramod$b16ec1a2d37bb01b30b4807f6e7e5972c818c2d7\tlul_data_integ_dec
Used module:                 \prim_secded_inv_39_32_dec
Used module:             \prim_secded_inv_64_57_dec
Used module:     $paramod\prim_clock_timeout\TimeOutCnt=s32'00000000000000000000000010000000
Used module:     $paramod$58cc36426b572d644c9bdaa50fac6b4ad91ed7ea\prim_esc_receiver
Used module:         $paramod\prim_sec_anchor_flop\Width=s32'00000000000000000000000000000010\ResetValue=2'10
Used module:             $paramod$ebe0a97d65ac33a9414f47886a18e066f6dc6365\prim_flop
Used module:                 $paramod\prim_generic_flop\Width=s32'00000000000000000000000000000010\ResetValue=2'10
Used module:         $paramod\prim_sec_anchor_buf\Width=s32'00000000000000000000000000000001
Used module:         $paramod$c5a2c670fcc80b1e00077cb7c12ddf5cd8beba26\prim_count
Used module:             $paramod$ff88e0cc5b79bb9c0662e183af7c9b980234cfc1\prim_flop
Used module:                 $paramod$cafc58aacea66ce361f30fc5fb51712913515c86\prim_generic_flop
Used module:             $paramod$55720f6f56ab0dcb7b0978d7b020cd5788c3bb7b\prim_buf
Used module:         $paramod\prim_diff_decode\AsyncOn=1'0
Used module:         $paramod$eca6cdb671bb55064ea4103fc00be19283c8611c\prim_buf
Used module:     $paramod\prim_clock_buf\Impl=32'00000000000000000000000000000000
Used module:         \prim_generic_clock_buf
Used module:     $paramod\prim_alert_sender\AsyncOn=1'1\ALERT_TX_DEFAULT=2'01\ALERT_RX_DEFAULT=4'0101
Used module:         $paramod\prim_diff_decode\AsyncOn=1'1

3.2. Analyzing design hierarchy..
Top module:  \pwrmgr
Used module:     $paramod\prim_intr_hw\Width=32'00000000000000000000000000000001\FlopOutput=1'1
Used module:     $paramod$21a513b276be09c9cb5553d5463fdf4800edca32\pwrmgr_wake_info
Used module:     $paramod$21a513b276be09c9cb5553d5463fdf4800edca32\pwrmgr_fsm
Used module:         $paramod$705fa05787a5d1cbfe2ae3dc7a01b0dd03c7a1d2\prim_flop
Used module:             $paramod\prim_generic_flop\Width=s32'00000000000000000000000000000001\ResetValue=1'0
Used module:         $paramod\prim_flop_2sync\Width=s32'00000000000000000000000000000001\ResetValue=1'0
Used module:             $paramod\prim_generic_flop_2sync\Width=s32'00000000000000000000000000000001\ResetValue=1'0
Used module:         \prim_lc_sender
Used module:             $paramod$6ae18350b51be32fd7406c5aaac3c7582e0e6af0\prim_generic_flop
Used module:         $paramod$572334ae2b5971ff7e4eb457c77e6e769d857e82\prim_sparse_fsm_flop
Used module:             $paramod$4c9652adfb17b2d533bb31a43b4ddd326554f0f1\prim_flop
Used module:                 $paramod$2454416d686f119c214b8f35dcdc5a0867f85a76\prim_generic_flop
Used module:     $paramod$21db42bc4a37f19b92ab182268213f76666c0005\pwrmgr_slow_fsm
Used module:         $paramod$a7aee46bd09813908c06b21f352766ca9cf9b3c9\prim_sparse_fsm_flop
Used module:             $paramod$44a1f8f9602035884579b7c1bf52cac427a84729\prim_flop
Used module:                 $paramod$fe55b1bb949966d310e200acf24c2aa59944d626\prim_generic_flop
Used module:     $paramod$21a513b276be09c9cb5553d5463fdf4800edca32\pwrmgr_cdc
Used module:         \prim_sync_reqack
Used module:         $paramod$a7b283e8b9acadb82fb07886ab71c26207bbd72c\prim_mubi4_sync
Used module:             $paramod$a15eb3e9e7e337a1d68c13676510cc99e563cdd3\prim_buf
Used module:                 \prim_generic_buf
Used module:             $paramod\prim_clock_mux2\NoFpgaBufG=1'1\Impl=32'00000000000000000000000000000000
Used module:                 $paramod\prim_generic_clock_mux2\NoFpgaBufG=1'1
Used module:             $paramod\prim_sec_anchor_buf\Width=s32'00000000000000000000000000000100
Used module:                 $paramod$f00c4529a1ee6db225b5a16a9e380cfcfefeb4fc\prim_buf
Used module:             $paramod$1f2cba5866897a44b387e1c2993af0b4468bf03a\prim_xor2
Used module:                 $paramod\prim_generic_xor2\Width=s32'00000000000000000000000000000100
Used module:             $paramod$d1667f769712e8f5d6feff44c8934483fca616bd\prim_flop
Used module:             $paramod$6ae18350b51be32fd7406c5aaac3c7582e0e6af0\prim_flop_2sync
Used module:                 $paramod$6ae18350b51be32fd7406c5aaac3c7582e0e6af0\prim_generic_flop_2sync
Used module:         $paramod\prim_flop_2sync\Width=s32'00000000000000000000000000000010\ResetValue=2'00
Used module:             $paramod\prim_generic_flop_2sync\Width=s32'00000000000000000000000000000010\ResetValue=2'00
Used module:                 $paramod\prim_generic_flop\Width=s32'00000000000000000000000000000010\ResetValue=2'00
Used module:         $paramod\prim_flop_2sync\Width=s32'00000000000000000000000000000001\ResetValue=1'1
Used module:             $paramod\prim_generic_flop_2sync\Width=s32'00000000000000000000000000000001\ResetValue=1'1
Used module:                 $paramod\prim_generic_flop\Width=s32'00000000000000000000000000000001\ResetValue=1'1
Used module:         $paramod$25ebe4329fda051e04aa1129a6e1ffd602984606\prim_flop_2sync
Used module:             $paramod$25ebe4329fda051e04aa1129a6e1ffd602984606\prim_generic_flop_2sync
Used module:                 $paramod$25ebe4329fda051e04aa1129a6e1ffd602984606\prim_generic_flop
Used module:         \prim_pulse_sync
Used module:         $paramod$1232de8c2fe4fff6a75b5663758d1bf50afa3825\prim_flop_2sync
Used module:             $paramod$1232de8c2fe4fff6a75b5663758d1bf50afa3825\prim_generic_flop_2sync
Used module:                 $paramod$1232de8c2fe4fff6a75b5663758d1bf50afa3825\prim_generic_flop
Used module:     $paramod$8ec11ab84d267aa735efee7deaffb669de62e241\pwrmgr_reg_top
Used module:         $paramod\prim_subreg_ext\DW=32'00000000000000000000000000000001
Used module:         $paramod$7e00d363ce130de0a5a3e36d8a0ef795833e2889\prim_subreg
Used module:         $paramod$18eae125e8070a5fb29a0bd9923127bd30ff2039\prim_subreg
Used module:         $paramod$1922727dec4c1da7ed6ad3dc09fc46ad0b6c2a2c\prim_subreg
Used module:         $paramod$e28d8d901a11ac5d5e5c27396dca7dc727aac42a\prim_subreg
Used module:         $paramod$112511bfd0dccda09976f1ed3a15d1c8d45112d4\prim_subreg
Used module:         $paramod$ee0227794101df47ad9f37b0d88f82f880f9e439\tlul_adapter_reg
Used module:             $paramod$b16ec1a2d37bb01b30b4807f6e7e5972c818c2d7\tlul_err
Used module:         $paramod$30daef7d8fbea83f8d5d97bb6bbeea8d50f20643\tlul_rsp_intg_gen
Used module:             $paramod$b16ec1a2d37bb01b30b4807f6e7e5972c818c2d7\tlul_data_integ_enc
Used module:                 \prim_secded_inv_39_32_enc
Used module:             \prim_secded_inv_64_57_enc
Used module:         $paramod$b16ec1a2d37bb01b30b4807f6e7e5972c818c2d7\tlul_cmd_intg_chk
Used module:             $paramod$b16ec1a2d37bb01b30b4807f6e7e5972c818c2d7\tlul_data_integ_dec
Used module:                 \prim_secded_inv_39_32_dec
Used module:             \prim_secded_inv_64_57_dec
Used module:     $paramod\prim_clock_timeout\TimeOutCnt=s32'00000000000000000000000010000000
Used module:     $paramod$58cc36426b572d644c9bdaa50fac6b4ad91ed7ea\prim_esc_receiver
Used module:         $paramod\prim_sec_anchor_flop\Width=s32'00000000000000000000000000000010\ResetValue=2'10
Used module:             $paramod$ebe0a97d65ac33a9414f47886a18e066f6dc6365\prim_flop
Used module:                 $paramod\prim_generic_flop\Width=s32'00000000000000000000000000000010\ResetValue=2'10
Used module:         $paramod\prim_sec_anchor_buf\Width=s32'00000000000000000000000000000001
Used module:         $paramod$c5a2c670fcc80b1e00077cb7c12ddf5cd8beba26\prim_count
Used module:             $paramod$ff88e0cc5b79bb9c0662e183af7c9b980234cfc1\prim_flop
Used module:                 $paramod$cafc58aacea66ce361f30fc5fb51712913515c86\prim_generic_flop
Used module:             $paramod$55720f6f56ab0dcb7b0978d7b020cd5788c3bb7b\prim_buf
Used module:         $paramod\prim_diff_decode\AsyncOn=1'0
Used module:         $paramod$eca6cdb671bb55064ea4103fc00be19283c8611c\prim_buf
Used module:     $paramod\prim_clock_buf\Impl=32'00000000000000000000000000000000
Used module:         \prim_generic_clock_buf
Used module:     $paramod\prim_alert_sender\AsyncOn=1'1\ALERT_TX_DEFAULT=2'01\ALERT_RX_DEFAULT=4'0101
Used module:         $paramod\prim_diff_decode\AsyncOn=1'1
Removed 0 unused modules.
Warning: Resizing cell port $paramod$8ec11ab84d267aa735efee7deaffb669de62e241\pwrmgr_reg_top.u_wake_info_reasons.q from 6 bits to 1 bits.
Warning: Resizing cell port $paramod$8ec11ab84d267aa735efee7deaffb669de62e241\pwrmgr_reg_top.u_wake_info_reasons.d from 6 bits to 1 bits.
Warning: Resizing cell port $paramod$58cc36426b572d644c9bdaa50fac6b4ad91ed7ea\prim_esc_receiver.u_prim_buf_esc.out_o from 2 bits to 1 bits.
Warning: Resizing cell port $paramod$58cc36426b572d644c9bdaa50fac6b4ad91ed7ea\prim_esc_receiver.u_prim_buf_esc.in_i from 2 bits to 1 bits.
Warning: Resizing cell port $paramod$30daef7d8fbea83f8d5d97bb6bbeea8d50f20643\tlul_rsp_intg_gen.gen_rsp_intg.u_rsp_gen.data_i from 6 bits to 57 bits.
Warning: Resizing cell port $paramod$c5a2c670fcc80b1e00077cb7c12ddf5cd8beba26\prim_count.gen_cnts[1].u_buf.out_o from 30 bits to 1 bits.
Warning: Resizing cell port $paramod$c5a2c670fcc80b1e00077cb7c12ddf5cd8beba26\prim_count.gen_cnts[1].u_buf.in_i from 30 bits to 1 bits.
Warning: Resizing cell port $paramod$c5a2c670fcc80b1e00077cb7c12ddf5cd8beba26\prim_count.gen_cnts[0].u_buf.out_o from 30 bits to 1 bits.
Warning: Resizing cell port $paramod$c5a2c670fcc80b1e00077cb7c12ddf5cd8beba26\prim_count.gen_cnts[0].u_buf.in_i from 30 bits to 1 bits.
Warning: Resizing cell port $paramod$b16ec1a2d37bb01b30b4807f6e7e5972c818c2d7\tlul_cmd_intg_chk.u_chk.data_i from 50 bits to 64 bits.
Warning: Resizing cell port $paramod\prim_sec_anchor_buf\Width=s32'00000000000000000000000000000100.u_secure_anchor_buf.out_o from 4 bits to 1 bits.
Warning: Resizing cell port $paramod\prim_sec_anchor_buf\Width=s32'00000000000000000000000000000100.u_secure_anchor_buf.in_i from 4 bits to 1 bits.

4. Executing synth_rs pass: v0.4.218

4.1. Executing Verilog-2005 frontend: /nfs_eda_sw/softwares/Raptor/instl_dir/12_05_2024_09_15_01/bin/../share/yosys/rapidsilicon/common/cells_sim.v
Parsing Verilog input from `/nfs_eda_sw/softwares/Raptor/instl_dir/12_05_2024_09_15_01/bin/../share/yosys/rapidsilicon/common/cells_sim.v' to AST representation.
Generating RTLIL representation for module `\inv'.
Generating RTLIL representation for module `\buff'.
Generating RTLIL representation for module `\logic_0'.
Generating RTLIL representation for module `\logic_1'.
Generating RTLIL representation for module `\gclkbuff'.
Successfully finished Verilog frontend.

4.2. Executing Verilog-2005 frontend: /nfs_eda_sw/softwares/Raptor/instl_dir/12_05_2024_09_15_01/bin/../share/yosys/rapidsilicon/genesis3/FPGA_PRIMITIVES_MODELS/sim_models/verilog/CARRY.v
Parsing Verilog input from `/nfs_eda_sw/softwares/Raptor/instl_dir/12_05_2024_09_15_01/bin/../share/yosys/rapidsilicon/genesis3/FPGA_PRIMITIVES_MODELS/sim_models/verilog/CARRY.v' to AST representation.
Replacing existing blackbox module `\CARRY' at /nfs_eda_sw/softwares/Raptor/instl_dir/12_05_2024_09_15_01/bin/../share/yosys/rapidsilicon/genesis3/FPGA_PRIMITIVES_MODELS/sim_models/verilog/CARRY.v:10.1-41.10.
Generating RTLIL representation for module `\CARRY'.
Successfully finished Verilog frontend.

4.3. Executing Verilog-2005 frontend: /nfs_eda_sw/softwares/Raptor/instl_dir/12_05_2024_09_15_01/bin/../share/yosys/rapidsilicon/genesis3/llatches_sim.v
Parsing Verilog input from `/nfs_eda_sw/softwares/Raptor/instl_dir/12_05_2024_09_15_01/bin/../share/yosys/rapidsilicon/genesis3/llatches_sim.v' to AST representation.
Replacing existing blackbox module `\LATCH' at /nfs_eda_sw/softwares/Raptor/instl_dir/12_05_2024_09_15_01/bin/../share/yosys/rapidsilicon/genesis3/llatches_sim.v:20.1-34.10.
Generating RTLIL representation for module `\LATCH'.
Replacing existing blackbox module `\LATCHN' at /nfs_eda_sw/softwares/Raptor/instl_dir/12_05_2024_09_15_01/bin/../share/yosys/rapidsilicon/genesis3/llatches_sim.v:48.1-62.10.
Generating RTLIL representation for module `\LATCHN'.
Replacing existing blackbox module `\LATCHR' at /nfs_eda_sw/softwares/Raptor/instl_dir/12_05_2024_09_15_01/bin/../share/yosys/rapidsilicon/genesis3/llatches_sim.v:81.1-97.10.
Generating RTLIL representation for module `\LATCHR'.
Replacing existing blackbox module `\LATCHS' at /nfs_eda_sw/softwares/Raptor/instl_dir/12_05_2024_09_15_01/bin/../share/yosys/rapidsilicon/genesis3/llatches_sim.v:115.1-131.10.
Generating RTLIL representation for module `\LATCHS'.
Replacing existing blackbox module `\LATCHNR' at /nfs_eda_sw/softwares/Raptor/instl_dir/12_05_2024_09_15_01/bin/../share/yosys/rapidsilicon/genesis3/llatches_sim.v:150.1-166.10.
Generating RTLIL representation for module `\LATCHNR'.
Replacing existing blackbox module `\LATCHNS' at /nfs_eda_sw/softwares/Raptor/instl_dir/12_05_2024_09_15_01/bin/../share/yosys/rapidsilicon/genesis3/llatches_sim.v:184.1-200.10.
Generating RTLIL representation for module `\LATCHNS'.
Generating RTLIL representation for module `\LATCHSRE'.
Generating RTLIL representation for module `\LATCHNSRE'.
Successfully finished Verilog frontend.

4.4. Executing Verilog-2005 frontend: /nfs_eda_sw/softwares/Raptor/instl_dir/12_05_2024_09_15_01/bin/../share/yosys/rapidsilicon/genesis3/FPGA_PRIMITIVES_MODELS/sim_models/verilog/DFFRE.v
Parsing Verilog input from `/nfs_eda_sw/softwares/Raptor/instl_dir/12_05_2024_09_15_01/bin/../share/yosys/rapidsilicon/genesis3/FPGA_PRIMITIVES_MODELS/sim_models/verilog/DFFRE.v' to AST representation.
Replacing existing blackbox module `\DFFRE' at /nfs_eda_sw/softwares/Raptor/instl_dir/12_05_2024_09_15_01/bin/../share/yosys/rapidsilicon/genesis3/FPGA_PRIMITIVES_MODELS/sim_models/verilog/DFFRE.v:11.1-91.10.
Generating RTLIL representation for module `\DFFRE'.
Successfully finished Verilog frontend.

4.5. Executing Verilog-2005 frontend: /nfs_eda_sw/softwares/Raptor/instl_dir/12_05_2024_09_15_01/bin/../share/yosys/rapidsilicon/genesis3/FPGA_PRIMITIVES_MODELS/sim_models/verilog/DFFNRE.v
Parsing Verilog input from `/nfs_eda_sw/softwares/Raptor/instl_dir/12_05_2024_09_15_01/bin/../share/yosys/rapidsilicon/genesis3/FPGA_PRIMITIVES_MODELS/sim_models/verilog/DFFNRE.v' to AST representation.
Replacing existing blackbox module `\DFFNRE' at /nfs_eda_sw/softwares/Raptor/instl_dir/12_05_2024_09_15_01/bin/../share/yosys/rapidsilicon/genesis3/FPGA_PRIMITIVES_MODELS/sim_models/verilog/DFFNRE.v:11.1-84.10.
Generating RTLIL representation for module `\DFFNRE'.
Successfully finished Verilog frontend.

4.6. Executing Verilog-2005 frontend: /nfs_eda_sw/softwares/Raptor/instl_dir/12_05_2024_09_15_01/bin/../share/yosys/rapidsilicon/genesis3/FPGA_PRIMITIVES_MODELS/sim_models/verilog/LUT1.v
Parsing Verilog input from `/nfs_eda_sw/softwares/Raptor/instl_dir/12_05_2024_09_15_01/bin/../share/yosys/rapidsilicon/genesis3/FPGA_PRIMITIVES_MODELS/sim_models/verilog/LUT1.v' to AST representation.
Replacing existing blackbox module `\LUT1' at /nfs_eda_sw/softwares/Raptor/instl_dir/12_05_2024_09_15_01/bin/../share/yosys/rapidsilicon/genesis3/FPGA_PRIMITIVES_MODELS/sim_models/verilog/LUT1.v:10.1-30.10.
Generating RTLIL representation for module `\LUT1'.
Successfully finished Verilog frontend.

4.7. Executing Verilog-2005 frontend: /nfs_eda_sw/softwares/Raptor/instl_dir/12_05_2024_09_15_01/bin/../share/yosys/rapidsilicon/genesis3/FPGA_PRIMITIVES_MODELS/sim_models/verilog/LUT2.v
Parsing Verilog input from `/nfs_eda_sw/softwares/Raptor/instl_dir/12_05_2024_09_15_01/bin/../share/yosys/rapidsilicon/genesis3/FPGA_PRIMITIVES_MODELS/sim_models/verilog/LUT2.v' to AST representation.
Replacing existing blackbox module `\LUT2' at /nfs_eda_sw/softwares/Raptor/instl_dir/12_05_2024_09_15_01/bin/../share/yosys/rapidsilicon/genesis3/FPGA_PRIMITIVES_MODELS/sim_models/verilog/LUT2.v:10.1-31.10.
Generating RTLIL representation for module `\LUT2'.
Successfully finished Verilog frontend.

4.8. Executing Verilog-2005 frontend: /nfs_eda_sw/softwares/Raptor/instl_dir/12_05_2024_09_15_01/bin/../share/yosys/rapidsilicon/genesis3/FPGA_PRIMITIVES_MODELS/sim_models/verilog/LUT3.v
Parsing Verilog input from `/nfs_eda_sw/softwares/Raptor/instl_dir/12_05_2024_09_15_01/bin/../share/yosys/rapidsilicon/genesis3/FPGA_PRIMITIVES_MODELS/sim_models/verilog/LUT3.v' to AST representation.
Replacing existing blackbox module `\LUT3' at /nfs_eda_sw/softwares/Raptor/instl_dir/12_05_2024_09_15_01/bin/../share/yosys/rapidsilicon/genesis3/FPGA_PRIMITIVES_MODELS/sim_models/verilog/LUT3.v:10.1-33.10.
Generating RTLIL representation for module `\LUT3'.
Successfully finished Verilog frontend.

4.9. Executing Verilog-2005 frontend: /nfs_eda_sw/softwares/Raptor/instl_dir/12_05_2024_09_15_01/bin/../share/yosys/rapidsilicon/genesis3/FPGA_PRIMITIVES_MODELS/sim_models/verilog/LUT4.v
Parsing Verilog input from `/nfs_eda_sw/softwares/Raptor/instl_dir/12_05_2024_09_15_01/bin/../share/yosys/rapidsilicon/genesis3/FPGA_PRIMITIVES_MODELS/sim_models/verilog/LUT4.v' to AST representation.
Replacing existing blackbox module `\LUT4' at /nfs_eda_sw/softwares/Raptor/instl_dir/12_05_2024_09_15_01/bin/../share/yosys/rapidsilicon/genesis3/FPGA_PRIMITIVES_MODELS/sim_models/verilog/LUT4.v:11.1-35.10.
Generating RTLIL representation for module `\LUT4'.
Successfully finished Verilog frontend.

4.10. Executing Verilog-2005 frontend: /nfs_eda_sw/softwares/Raptor/instl_dir/12_05_2024_09_15_01/bin/../share/yosys/rapidsilicon/genesis3/FPGA_PRIMITIVES_MODELS/sim_models/verilog/LUT5.v
Parsing Verilog input from `/nfs_eda_sw/softwares/Raptor/instl_dir/12_05_2024_09_15_01/bin/../share/yosys/rapidsilicon/genesis3/FPGA_PRIMITIVES_MODELS/sim_models/verilog/LUT5.v' to AST representation.
Replacing existing blackbox module `\LUT5' at /nfs_eda_sw/softwares/Raptor/instl_dir/12_05_2024_09_15_01/bin/../share/yosys/rapidsilicon/genesis3/FPGA_PRIMITIVES_MODELS/sim_models/verilog/LUT5.v:10.1-34.10.
Generating RTLIL representation for module `\LUT5'.
Successfully finished Verilog frontend.

4.11. Executing Verilog-2005 frontend: /nfs_eda_sw/softwares/Raptor/instl_dir/12_05_2024_09_15_01/bin/../share/yosys/rapidsilicon/genesis3/FPGA_PRIMITIVES_MODELS/sim_models/verilog/LUT6.v
Parsing Verilog input from `/nfs_eda_sw/softwares/Raptor/instl_dir/12_05_2024_09_15_01/bin/../share/yosys/rapidsilicon/genesis3/FPGA_PRIMITIVES_MODELS/sim_models/verilog/LUT6.v' to AST representation.
Replacing existing blackbox module `\LUT6' at /nfs_eda_sw/softwares/Raptor/instl_dir/12_05_2024_09_15_01/bin/../share/yosys/rapidsilicon/genesis3/FPGA_PRIMITIVES_MODELS/sim_models/verilog/LUT6.v:10.1-34.10.
Generating RTLIL representation for module `\LUT6'.
Successfully finished Verilog frontend.

4.12. Executing Verilog-2005 frontend: /nfs_eda_sw/softwares/Raptor/instl_dir/12_05_2024_09_15_01/bin/../share/yosys/rapidsilicon/genesis3/FPGA_PRIMITIVES_MODELS/sim_models/verilog/CLK_BUF.v
Parsing Verilog input from `/nfs_eda_sw/softwares/Raptor/instl_dir/12_05_2024_09_15_01/bin/../share/yosys/rapidsilicon/genesis3/FPGA_PRIMITIVES_MODELS/sim_models/verilog/CLK_BUF.v' to AST representation.
Replacing existing blackbox module `\CLK_BUF' at /nfs_eda_sw/softwares/Raptor/instl_dir/12_05_2024_09_15_01/bin/../share/yosys/rapidsilicon/genesis3/FPGA_PRIMITIVES_MODELS/sim_models/verilog/CLK_BUF.v:10.1-29.10.
Generating RTLIL representation for module `\CLK_BUF'.
Successfully finished Verilog frontend.

4.13. Executing Verilog-2005 frontend: /nfs_eda_sw/softwares/Raptor/instl_dir/12_05_2024_09_15_01/bin/../share/yosys/rapidsilicon/genesis3/FPGA_PRIMITIVES_MODELS/sim_models/verilog/O_BUF.v
Parsing Verilog input from `/nfs_eda_sw/softwares/Raptor/instl_dir/12_05_2024_09_15_01/bin/../share/yosys/rapidsilicon/genesis3/FPGA_PRIMITIVES_MODELS/sim_models/verilog/O_BUF.v' to AST representation.
Replacing existing blackbox module `\O_BUF' at /nfs_eda_sw/softwares/Raptor/instl_dir/12_05_2024_09_15_01/bin/../share/yosys/rapidsilicon/genesis3/FPGA_PRIMITIVES_MODELS/sim_models/verilog/O_BUF.v:10.1-89.10.
Generating RTLIL representation for module `\O_BUF'.
Successfully finished Verilog frontend.

4.14. Executing Verilog-2005 frontend: /nfs_eda_sw/softwares/Raptor/instl_dir/12_05_2024_09_15_01/bin/../share/yosys/rapidsilicon/genesis3/FPGA_PRIMITIVES_MODELS/sim_models/verilog/DSP38.v
Parsing Verilog input from `/nfs_eda_sw/softwares/Raptor/instl_dir/12_05_2024_09_15_01/bin/../share/yosys/rapidsilicon/genesis3/FPGA_PRIMITIVES_MODELS/sim_models/verilog/DSP38.v' to AST representation.
Replacing existing blackbox module `\DSP38' at /nfs_eda_sw/softwares/Raptor/instl_dir/12_05_2024_09_15_01/bin/../share/yosys/rapidsilicon/genesis3/FPGA_PRIMITIVES_MODELS/sim_models/verilog/DSP38.v:10.1-341.10.
Generating RTLIL representation for module `\DSP38'.
Successfully finished Verilog frontend.

4.15. Executing Verilog-2005 frontend: /nfs_eda_sw/softwares/Raptor/instl_dir/12_05_2024_09_15_01/bin/../share/yosys/rapidsilicon/genesis3/bram_map_rs.v
Parsing Verilog input from `/nfs_eda_sw/softwares/Raptor/instl_dir/12_05_2024_09_15_01/bin/../share/yosys/rapidsilicon/genesis3/bram_map_rs.v' to AST representation.
Replacing existing blackbox module `\TDP_RAM36K' at /nfs_eda_sw/softwares/Raptor/instl_dir/12_05_2024_09_15_01/bin/../share/yosys/rapidsilicon/genesis3/bram_map_rs.v:2.1-29.10.
Generating RTLIL representation for module `\TDP_RAM36K'.
Replacing existing blackbox module `\TDP_RAM18KX2' at /nfs_eda_sw/softwares/Raptor/instl_dir/12_05_2024_09_15_01/bin/../share/yosys/rapidsilicon/genesis3/bram_map_rs.v:33.1-84.10.
Generating RTLIL representation for module `\TDP_RAM18KX2'.
Generating RTLIL representation for module `\RS_DSP3'.
Replacing existing blackbox module `\DSP19X2' at /nfs_eda_sw/softwares/Raptor/instl_dir/12_05_2024_09_15_01/bin/../share/yosys/rapidsilicon/genesis3/bram_map_rs.v:116.1-149.10.
Generating RTLIL representation for module `\DSP19X2'.
Successfully finished Verilog frontend.

4.16. Executing Verilog-2005 frontend: /nfs_eda_sw/softwares/Raptor/instl_dir/12_05_2024_09_15_01/bin/../share/yosys/rapidsilicon/genesis3/brams_sim.v
Parsing Verilog input from `/nfs_eda_sw/softwares/Raptor/instl_dir/12_05_2024_09_15_01/bin/../share/yosys/rapidsilicon/genesis3/brams_sim.v' to AST representation.
Generating RTLIL representation for module `\TDP_BRAM18'.
Generating RTLIL representation for module `\BRAM2x18_TDP'.
Generating RTLIL representation for module `\BRAM2x18_SDP'.
Generating RTLIL representation for module `\_$_mem_v2_asymmetric'.
Successfully finished Verilog frontend.

4.17. Executing HIERARCHY pass (managing design hierarchy).

4.17.1. Analyzing design hierarchy..
Top module:  \pwrmgr
Used module:     $paramod\prim_intr_hw\Width=32'00000000000000000000000000000001\FlopOutput=1'1
Used module:     $paramod$21a513b276be09c9cb5553d5463fdf4800edca32\pwrmgr_wake_info
Used module:     $paramod$21a513b276be09c9cb5553d5463fdf4800edca32\pwrmgr_fsm
Used module:         $paramod$705fa05787a5d1cbfe2ae3dc7a01b0dd03c7a1d2\prim_flop
Used module:             $paramod\prim_generic_flop\Width=s32'00000000000000000000000000000001\ResetValue=1'0
Used module:         $paramod\prim_flop_2sync\Width=s32'00000000000000000000000000000001\ResetValue=1'0
Used module:             $paramod\prim_generic_flop_2sync\Width=s32'00000000000000000000000000000001\ResetValue=1'0
Used module:         \prim_lc_sender
Used module:             $paramod$6ae18350b51be32fd7406c5aaac3c7582e0e6af0\prim_generic_flop
Used module:         $paramod$572334ae2b5971ff7e4eb457c77e6e769d857e82\prim_sparse_fsm_flop
Used module:             $paramod$4c9652adfb17b2d533bb31a43b4ddd326554f0f1\prim_flop
Used module:                 $paramod$2454416d686f119c214b8f35dcdc5a0867f85a76\prim_generic_flop
Used module:     $paramod$21db42bc4a37f19b92ab182268213f76666c0005\pwrmgr_slow_fsm
Used module:         $paramod$a7aee46bd09813908c06b21f352766ca9cf9b3c9\prim_sparse_fsm_flop
Used module:             $paramod$44a1f8f9602035884579b7c1bf52cac427a84729\prim_flop
Used module:                 $paramod$fe55b1bb949966d310e200acf24c2aa59944d626\prim_generic_flop
Used module:     $paramod$21a513b276be09c9cb5553d5463fdf4800edca32\pwrmgr_cdc
Used module:         \prim_sync_reqack
Used module:         $paramod$a7b283e8b9acadb82fb07886ab71c26207bbd72c\prim_mubi4_sync
Used module:             $paramod$a15eb3e9e7e337a1d68c13676510cc99e563cdd3\prim_buf
Used module:                 \prim_generic_buf
Used module:             $paramod\prim_clock_mux2\NoFpgaBufG=1'1\Impl=32'00000000000000000000000000000000
Used module:                 $paramod\prim_generic_clock_mux2\NoFpgaBufG=1'1
Used module:             $paramod\prim_sec_anchor_buf\Width=s32'00000000000000000000000000000100
Used module:                 $paramod$f00c4529a1ee6db225b5a16a9e380cfcfefeb4fc\prim_buf
Used module:             $paramod$1f2cba5866897a44b387e1c2993af0b4468bf03a\prim_xor2
Used module:                 $paramod\prim_generic_xor2\Width=s32'00000000000000000000000000000100
Used module:             $paramod$d1667f769712e8f5d6feff44c8934483fca616bd\prim_flop
Used module:             $paramod$6ae18350b51be32fd7406c5aaac3c7582e0e6af0\prim_flop_2sync
Used module:                 $paramod$6ae18350b51be32fd7406c5aaac3c7582e0e6af0\prim_generic_flop_2sync
Used module:         $paramod\prim_flop_2sync\Width=s32'00000000000000000000000000000010\ResetValue=2'00
Used module:             $paramod\prim_generic_flop_2sync\Width=s32'00000000000000000000000000000010\ResetValue=2'00
Used module:                 $paramod\prim_generic_flop\Width=s32'00000000000000000000000000000010\ResetValue=2'00
Used module:         $paramod\prim_flop_2sync\Width=s32'00000000000000000000000000000001\ResetValue=1'1
Used module:             $paramod\prim_generic_flop_2sync\Width=s32'00000000000000000000000000000001\ResetValue=1'1
Used module:                 $paramod\prim_generic_flop\Width=s32'00000000000000000000000000000001\ResetValue=1'1
Used module:         $paramod$25ebe4329fda051e04aa1129a6e1ffd602984606\prim_flop_2sync
Used module:             $paramod$25ebe4329fda051e04aa1129a6e1ffd602984606\prim_generic_flop_2sync
Used module:                 $paramod$25ebe4329fda051e04aa1129a6e1ffd602984606\prim_generic_flop
Used module:         \prim_pulse_sync
Used module:         $paramod$1232de8c2fe4fff6a75b5663758d1bf50afa3825\prim_flop_2sync
Used module:             $paramod$1232de8c2fe4fff6a75b5663758d1bf50afa3825\prim_generic_flop_2sync
Used module:                 $paramod$1232de8c2fe4fff6a75b5663758d1bf50afa3825\prim_generic_flop
Used module:     $paramod$8ec11ab84d267aa735efee7deaffb669de62e241\pwrmgr_reg_top
Used module:         $paramod\prim_subreg_ext\DW=32'00000000000000000000000000000001
Used module:         $paramod$7e00d363ce130de0a5a3e36d8a0ef795833e2889\prim_subreg
Used module:         $paramod$18eae125e8070a5fb29a0bd9923127bd30ff2039\prim_subreg
Used module:         $paramod$1922727dec4c1da7ed6ad3dc09fc46ad0b6c2a2c\prim_subreg
Used module:         $paramod$e28d8d901a11ac5d5e5c27396dca7dc727aac42a\prim_subreg
Used module:         $paramod$112511bfd0dccda09976f1ed3a15d1c8d45112d4\prim_subreg
Used module:         $paramod$ee0227794101df47ad9f37b0d88f82f880f9e439\tlul_adapter_reg
Used module:             $paramod$b16ec1a2d37bb01b30b4807f6e7e5972c818c2d7\tlul_err
Used module:         $paramod$30daef7d8fbea83f8d5d97bb6bbeea8d50f20643\tlul_rsp_intg_gen
Used module:             $paramod$b16ec1a2d37bb01b30b4807f6e7e5972c818c2d7\tlul_data_integ_enc
Used module:                 \prim_secded_inv_39_32_enc
Used module:             \prim_secded_inv_64_57_enc
Used module:         $paramod$b16ec1a2d37bb01b30b4807f6e7e5972c818c2d7\tlul_cmd_intg_chk
Used module:             $paramod$b16ec1a2d37bb01b30b4807f6e7e5972c818c2d7\tlul_data_integ_dec
Used module:                 \prim_secded_inv_39_32_dec
Used module:             \prim_secded_inv_64_57_dec
Used module:     $paramod\prim_clock_timeout\TimeOutCnt=s32'00000000000000000000000010000000
Used module:     $paramod$58cc36426b572d644c9bdaa50fac6b4ad91ed7ea\prim_esc_receiver
Used module:         $paramod\prim_sec_anchor_flop\Width=s32'00000000000000000000000000000010\ResetValue=2'10
Used module:             $paramod$ebe0a97d65ac33a9414f47886a18e066f6dc6365\prim_flop
Used module:                 $paramod\prim_generic_flop\Width=s32'00000000000000000000000000000010\ResetValue=2'10
Used module:         $paramod\prim_sec_anchor_buf\Width=s32'00000000000000000000000000000001
Used module:         $paramod$c5a2c670fcc80b1e00077cb7c12ddf5cd8beba26\prim_count
Used module:             $paramod$ff88e0cc5b79bb9c0662e183af7c9b980234cfc1\prim_flop
Used module:                 $paramod$cafc58aacea66ce361f30fc5fb51712913515c86\prim_generic_flop
Used module:             $paramod$55720f6f56ab0dcb7b0978d7b020cd5788c3bb7b\prim_buf
Used module:         $paramod\prim_diff_decode\AsyncOn=1'0
Used module:         $paramod$eca6cdb671bb55064ea4103fc00be19283c8611c\prim_buf
Used module:     $paramod\prim_clock_buf\Impl=32'00000000000000000000000000000000
Used module:         \prim_generic_clock_buf
Used module:     $paramod\prim_alert_sender\AsyncOn=1'1\ALERT_TX_DEFAULT=2'01\ALERT_RX_DEFAULT=4'0101
Used module:         $paramod\prim_diff_decode\AsyncOn=1'1

4.17.2. Analyzing design hierarchy..
Top module:  \pwrmgr
Used module:     $paramod\prim_intr_hw\Width=32'00000000000000000000000000000001\FlopOutput=1'1
Used module:     $paramod$21a513b276be09c9cb5553d5463fdf4800edca32\pwrmgr_wake_info
Used module:     $paramod$21a513b276be09c9cb5553d5463fdf4800edca32\pwrmgr_fsm
Used module:         $paramod$705fa05787a5d1cbfe2ae3dc7a01b0dd03c7a1d2\prim_flop
Used module:             $paramod\prim_generic_flop\Width=s32'00000000000000000000000000000001\ResetValue=1'0
Used module:         $paramod\prim_flop_2sync\Width=s32'00000000000000000000000000000001\ResetValue=1'0
Used module:             $paramod\prim_generic_flop_2sync\Width=s32'00000000000000000000000000000001\ResetValue=1'0
Used module:         \prim_lc_sender
Used module:             $paramod$6ae18350b51be32fd7406c5aaac3c7582e0e6af0\prim_generic_flop
Used module:         $paramod$572334ae2b5971ff7e4eb457c77e6e769d857e82\prim_sparse_fsm_flop
Used module:             $paramod$4c9652adfb17b2d533bb31a43b4ddd326554f0f1\prim_flop
Used module:                 $paramod$2454416d686f119c214b8f35dcdc5a0867f85a76\prim_generic_flop
Used module:     $paramod$21db42bc4a37f19b92ab182268213f76666c0005\pwrmgr_slow_fsm
Used module:         $paramod$a7aee46bd09813908c06b21f352766ca9cf9b3c9\prim_sparse_fsm_flop
Used module:             $paramod$44a1f8f9602035884579b7c1bf52cac427a84729\prim_flop
Used module:                 $paramod$fe55b1bb949966d310e200acf24c2aa59944d626\prim_generic_flop
Used module:     $paramod$21a513b276be09c9cb5553d5463fdf4800edca32\pwrmgr_cdc
Used module:         \prim_sync_reqack
Used module:         $paramod$a7b283e8b9acadb82fb07886ab71c26207bbd72c\prim_mubi4_sync
Used module:             $paramod$a15eb3e9e7e337a1d68c13676510cc99e563cdd3\prim_buf
Used module:                 \prim_generic_buf
Used module:             $paramod\prim_clock_mux2\NoFpgaBufG=1'1\Impl=32'00000000000000000000000000000000
Used module:                 $paramod\prim_generic_clock_mux2\NoFpgaBufG=1'1
Used module:             $paramod\prim_sec_anchor_buf\Width=s32'00000000000000000000000000000100
Used module:                 $paramod$f00c4529a1ee6db225b5a16a9e380cfcfefeb4fc\prim_buf
Used module:             $paramod$1f2cba5866897a44b387e1c2993af0b4468bf03a\prim_xor2
Used module:                 $paramod\prim_generic_xor2\Width=s32'00000000000000000000000000000100
Used module:             $paramod$d1667f769712e8f5d6feff44c8934483fca616bd\prim_flop
Used module:             $paramod$6ae18350b51be32fd7406c5aaac3c7582e0e6af0\prim_flop_2sync
Used module:                 $paramod$6ae18350b51be32fd7406c5aaac3c7582e0e6af0\prim_generic_flop_2sync
Used module:         $paramod\prim_flop_2sync\Width=s32'00000000000000000000000000000010\ResetValue=2'00
Used module:             $paramod\prim_generic_flop_2sync\Width=s32'00000000000000000000000000000010\ResetValue=2'00
Used module:                 $paramod\prim_generic_flop\Width=s32'00000000000000000000000000000010\ResetValue=2'00
Used module:         $paramod\prim_flop_2sync\Width=s32'00000000000000000000000000000001\ResetValue=1'1
Used module:             $paramod\prim_generic_flop_2sync\Width=s32'00000000000000000000000000000001\ResetValue=1'1
Used module:                 $paramod\prim_generic_flop\Width=s32'00000000000000000000000000000001\ResetValue=1'1
Used module:         $paramod$25ebe4329fda051e04aa1129a6e1ffd602984606\prim_flop_2sync
Used module:             $paramod$25ebe4329fda051e04aa1129a6e1ffd602984606\prim_generic_flop_2sync
Used module:                 $paramod$25ebe4329fda051e04aa1129a6e1ffd602984606\prim_generic_flop
Used module:         \prim_pulse_sync
Used module:         $paramod$1232de8c2fe4fff6a75b5663758d1bf50afa3825\prim_flop_2sync
Used module:             $paramod$1232de8c2fe4fff6a75b5663758d1bf50afa3825\prim_generic_flop_2sync
Used module:                 $paramod$1232de8c2fe4fff6a75b5663758d1bf50afa3825\prim_generic_flop
Used module:     $paramod$8ec11ab84d267aa735efee7deaffb669de62e241\pwrmgr_reg_top
Used module:         $paramod\prim_subreg_ext\DW=32'00000000000000000000000000000001
Used module:         $paramod$7e00d363ce130de0a5a3e36d8a0ef795833e2889\prim_subreg
Used module:         $paramod$18eae125e8070a5fb29a0bd9923127bd30ff2039\prim_subreg
Used module:         $paramod$1922727dec4c1da7ed6ad3dc09fc46ad0b6c2a2c\prim_subreg
Used module:         $paramod$e28d8d901a11ac5d5e5c27396dca7dc727aac42a\prim_subreg
Used module:         $paramod$112511bfd0dccda09976f1ed3a15d1c8d45112d4\prim_subreg
Used module:         $paramod$ee0227794101df47ad9f37b0d88f82f880f9e439\tlul_adapter_reg
Used module:             $paramod$b16ec1a2d37bb01b30b4807f6e7e5972c818c2d7\tlul_err
Used module:         $paramod$30daef7d8fbea83f8d5d97bb6bbeea8d50f20643\tlul_rsp_intg_gen
Used module:             $paramod$b16ec1a2d37bb01b30b4807f6e7e5972c818c2d7\tlul_data_integ_enc
Used module:                 \prim_secded_inv_39_32_enc
Used module:             \prim_secded_inv_64_57_enc
Used module:         $paramod$b16ec1a2d37bb01b30b4807f6e7e5972c818c2d7\tlul_cmd_intg_chk
Used module:             $paramod$b16ec1a2d37bb01b30b4807f6e7e5972c818c2d7\tlul_data_integ_dec
Used module:                 \prim_secded_inv_39_32_dec
Used module:             \prim_secded_inv_64_57_dec
Used module:     $paramod\prim_clock_timeout\TimeOutCnt=s32'00000000000000000000000010000000
Used module:     $paramod$58cc36426b572d644c9bdaa50fac6b4ad91ed7ea\prim_esc_receiver
Used module:         $paramod\prim_sec_anchor_flop\Width=s32'00000000000000000000000000000010\ResetValue=2'10
Used module:             $paramod$ebe0a97d65ac33a9414f47886a18e066f6dc6365\prim_flop
Used module:                 $paramod\prim_generic_flop\Width=s32'00000000000000000000000000000010\ResetValue=2'10
Used module:         $paramod\prim_sec_anchor_buf\Width=s32'00000000000000000000000000000001
Used module:         $paramod$c5a2c670fcc80b1e00077cb7c12ddf5cd8beba26\prim_count
Used module:             $paramod$ff88e0cc5b79bb9c0662e183af7c9b980234cfc1\prim_flop
Used module:                 $paramod$cafc58aacea66ce361f30fc5fb51712913515c86\prim_generic_flop
Used module:             $paramod$55720f6f56ab0dcb7b0978d7b020cd5788c3bb7b\prim_buf
Used module:         $paramod\prim_diff_decode\AsyncOn=1'0
Used module:         $paramod$eca6cdb671bb55064ea4103fc00be19283c8611c\prim_buf
Used module:     $paramod\prim_clock_buf\Impl=32'00000000000000000000000000000000
Used module:         \prim_generic_clock_buf
Used module:     $paramod\prim_alert_sender\AsyncOn=1'1\ALERT_TX_DEFAULT=2'01\ALERT_RX_DEFAULT=4'0101
Used module:         $paramod\prim_diff_decode\AsyncOn=1'1
Removed 0 unused modules.

4.18. Executing PROC pass (convert processes to netlists).

4.18.1. Executing PROC_CLEAN pass (remove empty switches from decision trees).
Found and cleaned up 1 empty switch in `$paramod$8ec11ab84d267aa735efee7deaffb669de62e241\pwrmgr_reg_top.$proc$/nfs_scratch/scratch/CompilerValidation/zaheer_ahmad/os_fpga2/Validation/RTL_testcases/RTL_Benchmarks_Gap_Analysis/pwrmgr/rtl/pwrmgr_reg_top.sv:822$749'.
Cleaned up 1 empty switch.

4.18.2. Executing PROC_RMDEAD pass (remove dead branches from decision trees).
Marked 1 switch rules as full_case in process $proc$/nfs_scratch/scratch/CompilerValidation/zaheer_ahmad/os_fpga2/Validation/RTL_testcases/RTL_Benchmarks_Gap_Analysis/pwrmgr/rtl/prim_subreg.sv:65$858 in module $paramod$112511bfd0dccda09976f1ed3a15d1c8d45112d4\prim_subreg.
Marked 1 switch rules as full_case in process $proc$/nfs_scratch/scratch/CompilerValidation/zaheer_ahmad/os_fpga2/Validation/RTL_testcases/RTL_Benchmarks_Gap_Analysis/pwrmgr/rtl/prim_subreg.sv:70$856 in module $paramod$112511bfd0dccda09976f1ed3a15d1c8d45112d4\prim_subreg.
Marked 1 switch rules as full_case in process $proc$/nfs_scratch/scratch/CompilerValidation/zaheer_ahmad/os_fpga2/Validation/RTL_testcases/RTL_Benchmarks_Gap_Analysis/pwrmgr/rtl/prim_pulse_sync.sv:27$853 in module prim_pulse_sync.
Marked 1 switch rules as full_case in process $proc$/nfs_scratch/scratch/CompilerValidation/zaheer_ahmad/os_fpga2/Validation/RTL_testcases/RTL_Benchmarks_Gap_Analysis/pwrmgr/rtl/prim_pulse_sync.sv:55$850 in module prim_pulse_sync.
Marked 2 switch rules as full_case in process $proc$/nfs_scratch/scratch/CompilerValidation/zaheer_ahmad/os_fpga2/Validation/RTL_testcases/RTL_Benchmarks_Gap_Analysis/pwrmgr/rtl/tlul_err.sv:46$829 in module $paramod$b16ec1a2d37bb01b30b4807f6e7e5972c818c2d7\tlul_err.
Marked 1 switch rules as full_case in process $proc$/nfs_scratch/scratch/CompilerValidation/zaheer_ahmad/os_fpga2/Validation/RTL_testcases/RTL_Benchmarks_Gap_Analysis/pwrmgr/rtl/prim_subreg.sv:65$812 in module $paramod$7e00d363ce130de0a5a3e36d8a0ef795833e2889\prim_subreg.
Marked 1 switch rules as full_case in process $proc$/nfs_scratch/scratch/CompilerValidation/zaheer_ahmad/os_fpga2/Validation/RTL_testcases/RTL_Benchmarks_Gap_Analysis/pwrmgr/rtl/prim_subreg.sv:70$810 in module $paramod$7e00d363ce130de0a5a3e36d8a0ef795833e2889\prim_subreg.
Marked 1 switch rules as full_case in process $proc$/nfs_scratch/scratch/CompilerValidation/zaheer_ahmad/os_fpga2/Validation/RTL_testcases/RTL_Benchmarks_Gap_Analysis/pwrmgr/rtl/pwrmgr_reg_top.sv:56$806 in module $paramod$8ec11ab84d267aa735efee7deaffb669de62e241\pwrmgr_reg_top.
Marked 1 switch rules as full_case in process $proc$/nfs_scratch/scratch/CompilerValidation/zaheer_ahmad/os_fpga2/Validation/RTL_testcases/RTL_Benchmarks_Gap_Analysis/pwrmgr/rtl/pwrmgr_reg_top.sv:743$748 in module $paramod$8ec11ab84d267aa735efee7deaffb669de62e241\pwrmgr_reg_top.
Marked 2 switch rules as full_case in process $proc$/nfs_scratch/scratch/CompilerValidation/zaheer_ahmad/os_fpga2/Validation/RTL_testcases/RTL_Benchmarks_Gap_Analysis/pwrmgr/rtl/tlul_adapter_reg.sv:64$640 in module $paramod$ee0227794101df47ad9f37b0d88f82f880f9e439\tlul_adapter_reg.
Marked 1 switch rules as full_case in process $proc$/nfs_scratch/scratch/CompilerValidation/zaheer_ahmad/os_fpga2/Validation/RTL_testcases/RTL_Benchmarks_Gap_Analysis/pwrmgr/rtl/tlul_adapter_reg.sv:119$623 in module $paramod$ee0227794101df47ad9f37b0d88f82f880f9e439\tlul_adapter_reg.
Marked 1 switch rules as full_case in process $proc$/nfs_scratch/scratch/CompilerValidation/zaheer_ahmad/os_fpga2/Validation/RTL_testcases/RTL_Benchmarks_Gap_Analysis/pwrmgr/rtl/tlul_adapter_reg.sv:83$619 in module $paramod$ee0227794101df47ad9f37b0d88f82f880f9e439\tlul_adapter_reg.
Marked 1 switch rules as full_case in process $proc$/nfs_scratch/scratch/CompilerValidation/zaheer_ahmad/os_fpga2/Validation/RTL_testcases/RTL_Benchmarks_Gap_Analysis/pwrmgr/rtl/tlul_adapter_reg.sv:70$616 in module $paramod$ee0227794101df47ad9f37b0d88f82f880f9e439\tlul_adapter_reg.
Marked 1 switch rules as full_case in process $proc$/nfs_scratch/scratch/CompilerValidation/zaheer_ahmad/os_fpga2/Validation/RTL_testcases/RTL_Benchmarks_Gap_Analysis/pwrmgr/rtl/prim_generic_flop.sv:18$361 in module $paramod\prim_generic_flop\Width=s32'00000000000000000000000000000010\ResetValue=2'10.
Marked 1 switch rules as full_case in process $proc$/nfs_scratch/scratch/CompilerValidation/zaheer_ahmad/os_fpga2/Validation/RTL_testcases/RTL_Benchmarks_Gap_Analysis/pwrmgr/rtl/prim_generic_flop.sv:18$359 in module $paramod$cafc58aacea66ce361f30fc5fb51712913515c86\prim_generic_flop.
Marked 1 switch rules as full_case in process $proc$/nfs_scratch/scratch/CompilerValidation/zaheer_ahmad/os_fpga2/Validation/RTL_testcases/RTL_Benchmarks_Gap_Analysis/pwrmgr/rtl/prim_subreg.sv:65$357 in module $paramod$18eae125e8070a5fb29a0bd9923127bd30ff2039\prim_subreg.
Marked 1 switch rules as full_case in process $proc$/nfs_scratch/scratch/CompilerValidation/zaheer_ahmad/os_fpga2/Validation/RTL_testcases/RTL_Benchmarks_Gap_Analysis/pwrmgr/rtl/prim_subreg.sv:70$355 in module $paramod$18eae125e8070a5fb29a0bd9923127bd30ff2039\prim_subreg.
Marked 1 switch rules as full_case in process $proc$/nfs_scratch/scratch/CompilerValidation/zaheer_ahmad/os_fpga2/Validation/RTL_testcases/RTL_Benchmarks_Gap_Analysis/pwrmgr/rtl/prim_diff_decode.sv:195$353 in module $paramod\prim_diff_decode\AsyncOn=1'0.
Marked 7 switch rules as full_case in process $proc$/nfs_scratch/scratch/CompilerValidation/zaheer_ahmad/os_fpga2/Validation/RTL_testcases/RTL_Benchmarks_Gap_Analysis/pwrmgr/rtl/prim_esc_receiver.sv:155$332 in module $paramod$58cc36426b572d644c9bdaa50fac6b4ad91ed7ea\prim_esc_receiver.
Marked 1 switch rules as full_case in process $proc$/nfs_scratch/scratch/CompilerValidation/zaheer_ahmad/os_fpga2/Validation/RTL_testcases/RTL_Benchmarks_Gap_Analysis/pwrmgr/rtl/prim_esc_receiver.sv:236$320 in module $paramod$58cc36426b572d644c9bdaa50fac6b4ad91ed7ea\prim_esc_receiver.
Marked 1 switch rules as full_case in process $proc$/nfs_scratch/scratch/CompilerValidation/zaheer_ahmad/os_fpga2/Validation/RTL_testcases/RTL_Benchmarks_Gap_Analysis/pwrmgr/rtl/prim_subreg.sv:65$307 in module $paramod$e28d8d901a11ac5d5e5c27396dca7dc727aac42a\prim_subreg.
Marked 1 switch rules as full_case in process $proc$/nfs_scratch/scratch/CompilerValidation/zaheer_ahmad/os_fpga2/Validation/RTL_testcases/RTL_Benchmarks_Gap_Analysis/pwrmgr/rtl/prim_subreg.sv:70$305 in module $paramod$e28d8d901a11ac5d5e5c27396dca7dc727aac42a\prim_subreg.
Removed 1 dead cases from process $proc$/nfs_scratch/scratch/CompilerValidation/zaheer_ahmad/os_fpga2/Validation/RTL_testcases/RTL_Benchmarks_Gap_Analysis/pwrmgr/rtl/prim_sync_reqack.sv:70$246 in module prim_sync_reqack.
Marked 3 switch rules as full_case in process $proc$/nfs_scratch/scratch/CompilerValidation/zaheer_ahmad/os_fpga2/Validation/RTL_testcases/RTL_Benchmarks_Gap_Analysis/pwrmgr/rtl/prim_sync_reqack.sv:70$246 in module prim_sync_reqack.
Marked 1 switch rules as full_case in process $proc$/nfs_scratch/scratch/CompilerValidation/zaheer_ahmad/os_fpga2/Validation/RTL_testcases/RTL_Benchmarks_Gap_Analysis/pwrmgr/rtl/prim_sync_reqack.sv:141$244 in module prim_sync_reqack.
Marked 1 switch rules as full_case in process $proc$/nfs_scratch/scratch/CompilerValidation/zaheer_ahmad/os_fpga2/Validation/RTL_testcases/RTL_Benchmarks_Gap_Analysis/pwrmgr/rtl/prim_sync_reqack.sv:132$242 in module prim_sync_reqack.
Removed 1 dead cases from process $proc$/nfs_scratch/scratch/CompilerValidation/zaheer_ahmad/os_fpga2/Validation/RTL_testcases/RTL_Benchmarks_Gap_Analysis/pwrmgr/rtl/prim_sync_reqack.sv:102$239 in module prim_sync_reqack.
Marked 3 switch rules as full_case in process $proc$/nfs_scratch/scratch/CompilerValidation/zaheer_ahmad/os_fpga2/Validation/RTL_testcases/RTL_Benchmarks_Gap_Analysis/pwrmgr/rtl/prim_sync_reqack.sv:102$239 in module prim_sync_reqack.
Marked 3 switch rules as full_case in process $proc$/nfs_scratch/scratch/CompilerValidation/zaheer_ahmad/os_fpga2/Validation/RTL_testcases/RTL_Benchmarks_Gap_Analysis/pwrmgr/rtl/prim_clock_timeout.sv:30$234 in module $paramod\prim_clock_timeout\TimeOutCnt=s32'00000000000000000000000010000000.
Marked 2 switch rules as full_case in process $proc$/nfs_scratch/scratch/CompilerValidation/zaheer_ahmad/os_fpga2/Validation/RTL_testcases/RTL_Benchmarks_Gap_Analysis/pwrmgr/rtl/pwrmgr.sv:240$223 in module pwrmgr.
Removed 1 dead cases from process $proc$/nfs_scratch/scratch/CompilerValidation/zaheer_ahmad/os_fpga2/Validation/RTL_testcases/RTL_Benchmarks_Gap_Analysis/pwrmgr/rtl/prim_alert_sender.sv:127$196 in module $paramod\prim_alert_sender\AsyncOn=1'1\ALERT_TX_DEFAULT=2'01\ALERT_RX_DEFAULT=4'0101.
Marked 8 switch rules as full_case in process $proc$/nfs_scratch/scratch/CompilerValidation/zaheer_ahmad/os_fpga2/Validation/RTL_testcases/RTL_Benchmarks_Gap_Analysis/pwrmgr/rtl/prim_alert_sender.sv:127$196 in module $paramod\prim_alert_sender\AsyncOn=1'1\ALERT_TX_DEFAULT=2'01\ALERT_RX_DEFAULT=4'0101.
Marked 1 switch rules as full_case in process $proc$/nfs_scratch/scratch/CompilerValidation/zaheer_ahmad/os_fpga2/Validation/RTL_testcases/RTL_Benchmarks_Gap_Analysis/pwrmgr/rtl/prim_alert_sender.sv:222$189 in module $paramod\prim_alert_sender\AsyncOn=1'1\ALERT_TX_DEFAULT=2'01\ALERT_RX_DEFAULT=4'0101.
Marked 1 switch rules as full_case in process $proc$/nfs_scratch/scratch/CompilerValidation/zaheer_ahmad/os_fpga2/Validation/RTL_testcases/RTL_Benchmarks_Gap_Analysis/pwrmgr/rtl/prim_diff_decode.sv:161$187 in module $paramod\prim_diff_decode\AsyncOn=1'1.
Marked 8 switch rules as full_case in process $proc$/nfs_scratch/scratch/CompilerValidation/zaheer_ahmad/os_fpga2/Validation/RTL_testcases/RTL_Benchmarks_Gap_Analysis/pwrmgr/rtl/prim_diff_decode.sv:106$184 in module $paramod\prim_diff_decode\AsyncOn=1'1.
Marked 1 switch rules as full_case in process $proc$/nfs_scratch/scratch/CompilerValidation/zaheer_ahmad/os_fpga2/Validation/RTL_testcases/RTL_Benchmarks_Gap_Analysis/pwrmgr/rtl/prim_generic_flop.sv:18$178 in module $paramod\prim_generic_flop\Width=s32'00000000000000000000000000000001\ResetValue=1'0.
Marked 1 switch rules as full_case in process $proc$/nfs_scratch/scratch/CompilerValidation/zaheer_ahmad/os_fpga2/Validation/RTL_testcases/RTL_Benchmarks_Gap_Analysis/pwrmgr/rtl/prim_generic_flop.sv:18$176 in module $paramod\prim_generic_flop\Width=s32'00000000000000000000000000000001\ResetValue=1'1.
Marked 1 switch rules as full_case in process $proc$/nfs_scratch/scratch/CompilerValidation/zaheer_ahmad/os_fpga2/Validation/RTL_testcases/RTL_Benchmarks_Gap_Analysis/pwrmgr/rtl/prim_subreg.sv:65$174 in module $paramod$1922727dec4c1da7ed6ad3dc09fc46ad0b6c2a2c\prim_subreg.
Marked 1 switch rules as full_case in process $proc$/nfs_scratch/scratch/CompilerValidation/zaheer_ahmad/os_fpga2/Validation/RTL_testcases/RTL_Benchmarks_Gap_Analysis/pwrmgr/rtl/prim_subreg.sv:70$172 in module $paramod$1922727dec4c1da7ed6ad3dc09fc46ad0b6c2a2c\prim_subreg.
Marked 1 switch rules as full_case in process $proc$/nfs_scratch/scratch/CompilerValidation/zaheer_ahmad/os_fpga2/Validation/RTL_testcases/RTL_Benchmarks_Gap_Analysis/pwrmgr/rtl/pwrmgr_cdc.sv:147$166 in module $paramod$21a513b276be09c9cb5553d5463fdf4800edca32\pwrmgr_cdc.
Marked 1 switch rules as full_case in process $proc$/nfs_scratch/scratch/CompilerValidation/zaheer_ahmad/os_fpga2/Validation/RTL_testcases/RTL_Benchmarks_Gap_Analysis/pwrmgr/rtl/pwrmgr_cdc.sv:260$163 in module $paramod$21a513b276be09c9cb5553d5463fdf4800edca32\pwrmgr_cdc.
Marked 1 switch rules as full_case in process $proc$/nfs_scratch/scratch/CompilerValidation/zaheer_ahmad/os_fpga2/Validation/RTL_testcases/RTL_Benchmarks_Gap_Analysis/pwrmgr/rtl/pwrmgr_cdc.sv:250$161 in module $paramod$21a513b276be09c9cb5553d5463fdf4800edca32\pwrmgr_cdc.
Marked 1 switch rules as full_case in process $proc$/nfs_scratch/scratch/CompilerValidation/zaheer_ahmad/os_fpga2/Validation/RTL_testcases/RTL_Benchmarks_Gap_Analysis/pwrmgr/rtl/pwrmgr_cdc.sv:169$159 in module $paramod$21a513b276be09c9cb5553d5463fdf4800edca32\pwrmgr_cdc.
Marked 1 switch rules as full_case in process $proc$/nfs_scratch/scratch/CompilerValidation/zaheer_ahmad/os_fpga2/Validation/RTL_testcases/RTL_Benchmarks_Gap_Analysis/pwrmgr/rtl/pwrmgr_cdc.sv:157$156 in module $paramod$21a513b276be09c9cb5553d5463fdf4800edca32\pwrmgr_cdc.
Marked 1 switch rules as full_case in process $proc$/nfs_scratch/scratch/CompilerValidation/zaheer_ahmad/os_fpga2/Validation/RTL_testcases/RTL_Benchmarks_Gap_Analysis/pwrmgr/rtl/prim_generic_flop.sv:18$154 in module $paramod$25ebe4329fda051e04aa1129a6e1ffd602984606\prim_generic_flop.
Marked 1 switch rules as full_case in process $proc$/nfs_scratch/scratch/CompilerValidation/zaheer_ahmad/os_fpga2/Validation/RTL_testcases/RTL_Benchmarks_Gap_Analysis/pwrmgr/rtl/prim_intr_hw.sv:41$147 in module $paramod\prim_intr_hw\Width=32'00000000000000000000000000000001\FlopOutput=1'1.
Marked 1 switch rules as full_case in process $proc$/nfs_scratch/scratch/CompilerValidation/zaheer_ahmad/os_fpga2/Validation/RTL_testcases/RTL_Benchmarks_Gap_Analysis/pwrmgr/rtl/prim_generic_flop.sv:18$145 in module $paramod$2454416d686f119c214b8f35dcdc5a0867f85a76\prim_generic_flop.
Marked 1 switch rules as full_case in process $proc$/nfs_scratch/scratch/CompilerValidation/zaheer_ahmad/os_fpga2/Validation/RTL_testcases/RTL_Benchmarks_Gap_Analysis/pwrmgr/rtl/prim_generic_flop.sv:18$143 in module $paramod$1232de8c2fe4fff6a75b5663758d1bf50afa3825\prim_generic_flop.
Marked 1 switch rules as full_case in process $proc$/nfs_scratch/scratch/CompilerValidation/zaheer_ahmad/os_fpga2/Validation/RTL_testcases/RTL_Benchmarks_Gap_Analysis/pwrmgr/rtl/prim_generic_flop.sv:18$141 in module $paramod\prim_generic_flop\Width=s32'00000000000000000000000000000010\ResetValue=2'00.
Marked 1 switch rules as full_case in process $proc$/nfs_scratch/scratch/CompilerValidation/zaheer_ahmad/os_fpga2/Validation/RTL_testcases/RTL_Benchmarks_Gap_Analysis/pwrmgr/rtl/prim_generic_flop.sv:18$139 in module $paramod$6ae18350b51be32fd7406c5aaac3c7582e0e6af0\prim_generic_flop.
Marked 1 switch rules as full_case in process $proc$/nfs_scratch/scratch/CompilerValidation/zaheer_ahmad/os_fpga2/Validation/RTL_testcases/RTL_Benchmarks_Gap_Analysis/pwrmgr/rtl/pwrmgr_wake_info.sv:27$135 in module $paramod$21a513b276be09c9cb5553d5463fdf4800edca32\pwrmgr_wake_info.
Marked 2 switch rules as full_case in process $proc$/nfs_scratch/scratch/CompilerValidation/zaheer_ahmad/os_fpga2/Validation/RTL_testcases/RTL_Benchmarks_Gap_Analysis/pwrmgr/rtl/pwrmgr_wake_info.sv:55$127 in module $paramod$21a513b276be09c9cb5553d5463fdf4800edca32\pwrmgr_wake_info.
Marked 2 switch rules as full_case in process $proc$/nfs_scratch/scratch/CompilerValidation/zaheer_ahmad/os_fpga2/Validation/RTL_testcases/RTL_Benchmarks_Gap_Analysis/pwrmgr/rtl/pwrmgr_wake_info.sv:40$122 in module $paramod$21a513b276be09c9cb5553d5463fdf4800edca32\pwrmgr_wake_info.
Marked 1 switch rules as full_case in process $proc$/nfs_scratch/scratch/CompilerValidation/zaheer_ahmad/os_fpga2/Validation/RTL_testcases/RTL_Benchmarks_Gap_Analysis/pwrmgr/rtl/pwrmgr_slow_fsm.sv:95$120 in module $paramod$21db42bc4a37f19b92ab182268213f76666c0005\pwrmgr_slow_fsm.
Marked 2 switch rules as full_case in process $proc$/nfs_scratch/scratch/CompilerValidation/zaheer_ahmad/os_fpga2/Validation/RTL_testcases/RTL_Benchmarks_Gap_Analysis/pwrmgr/rtl/pwrmgr_slow_fsm.sv:303$99 in module $paramod$21db42bc4a37f19b92ab182268213f76666c0005\pwrmgr_slow_fsm.
Marked 2 switch rules as full_case in process $proc$/nfs_scratch/scratch/CompilerValidation/zaheer_ahmad/os_fpga2/Validation/RTL_testcases/RTL_Benchmarks_Gap_Analysis/pwrmgr/rtl/pwrmgr_slow_fsm.sv:285$93 in module $paramod$21db42bc4a37f19b92ab182268213f76666c0005\pwrmgr_slow_fsm.
Marked 1 switch rules as full_case in process $proc$/nfs_scratch/scratch/CompilerValidation/zaheer_ahmad/os_fpga2/Validation/RTL_testcases/RTL_Benchmarks_Gap_Analysis/pwrmgr/rtl/pwrmgr_slow_fsm.sv:274$91 in module $paramod$21db42bc4a37f19b92ab182268213f76666c0005\pwrmgr_slow_fsm.
Marked 9 switch rules as full_case in process $proc$/nfs_scratch/scratch/CompilerValidation/zaheer_ahmad/os_fpga2/Validation/RTL_testcases/RTL_Benchmarks_Gap_Analysis/pwrmgr/rtl/pwrmgr_slow_fsm.sv:138$79 in module $paramod$21db42bc4a37f19b92ab182268213f76666c0005\pwrmgr_slow_fsm.
Marked 1 switch rules as full_case in process $proc$/nfs_scratch/scratch/CompilerValidation/zaheer_ahmad/os_fpga2/Validation/RTL_testcases/RTL_Benchmarks_Gap_Analysis/pwrmgr/rtl/prim_generic_flop.sv:18$77 in module $paramod$fe55b1bb949966d310e200acf24c2aa59944d626\prim_generic_flop.
Marked 1 switch rules as full_case in process $proc$/nfs_scratch/scratch/CompilerValidation/zaheer_ahmad/os_fpga2/Validation/RTL_testcases/RTL_Benchmarks_Gap_Analysis/pwrmgr/rtl/pwrmgr_fsm.sv:128$65 in module $paramod$21a513b276be09c9cb5553d5463fdf4800edca32\pwrmgr_fsm.
Marked 16 switch rules as full_case in process $proc$/nfs_scratch/scratch/CompilerValidation/zaheer_ahmad/os_fpga2/Validation/RTL_testcases/RTL_Benchmarks_Gap_Analysis/pwrmgr/rtl/pwrmgr_fsm.sv:242$10 in module $paramod$21a513b276be09c9cb5553d5463fdf4800edca32\pwrmgr_fsm.
Marked 2 switch rules as full_case in process $proc$/nfs_scratch/scratch/CompilerValidation/zaheer_ahmad/os_fpga2/Validation/RTL_testcases/RTL_Benchmarks_Gap_Analysis/pwrmgr/rtl/pwrmgr_fsm.sv:164$5 in module $paramod$21a513b276be09c9cb5553d5463fdf4800edca32\pwrmgr_fsm.
Removed a total of 3 dead cases.

4.18.3. Executing PROC_PRUNE pass (remove redundant assignments in processes).
Removed 58 redundant assignments.
Promoted 227 assignments to connections.

4.18.4. Executing PROC_INIT pass (extract init attributes).

4.18.5. Executing PROC_ARST pass (detect async resets in processes).
Found async reset \rst_ni in `$paramod$112511bfd0dccda09976f1ed3a15d1c8d45112d4\prim_subreg.$proc$/nfs_scratch/scratch/CompilerValidation/zaheer_ahmad/os_fpga2/Validation/RTL_testcases/RTL_Benchmarks_Gap_Analysis/pwrmgr/rtl/prim_subreg.sv:65$858'.
Found async reset \rst_ni in `$paramod$112511bfd0dccda09976f1ed3a15d1c8d45112d4\prim_subreg.$proc$/nfs_scratch/scratch/CompilerValidation/zaheer_ahmad/os_fpga2/Validation/RTL_testcases/RTL_Benchmarks_Gap_Analysis/pwrmgr/rtl/prim_subreg.sv:70$856'.
Found async reset \rst_src_ni in `\prim_pulse_sync.$proc$/nfs_scratch/scratch/CompilerValidation/zaheer_ahmad/os_fpga2/Validation/RTL_testcases/RTL_Benchmarks_Gap_Analysis/pwrmgr/rtl/prim_pulse_sync.sv:27$853'.
Found async reset \rst_dst_ni in `\prim_pulse_sync.$proc$/nfs_scratch/scratch/CompilerValidation/zaheer_ahmad/os_fpga2/Validation/RTL_testcases/RTL_Benchmarks_Gap_Analysis/pwrmgr/rtl/prim_pulse_sync.sv:55$850'.
Found async reset \rst_ni in `$paramod$7e00d363ce130de0a5a3e36d8a0ef795833e2889\prim_subreg.$proc$/nfs_scratch/scratch/CompilerValidation/zaheer_ahmad/os_fpga2/Validation/RTL_testcases/RTL_Benchmarks_Gap_Analysis/pwrmgr/rtl/prim_subreg.sv:65$812'.
Found async reset \rst_ni in `$paramod$7e00d363ce130de0a5a3e36d8a0ef795833e2889\prim_subreg.$proc$/nfs_scratch/scratch/CompilerValidation/zaheer_ahmad/os_fpga2/Validation/RTL_testcases/RTL_Benchmarks_Gap_Analysis/pwrmgr/rtl/prim_subreg.sv:70$810'.
Found async reset \rst_ni in `$paramod$8ec11ab84d267aa735efee7deaffb669de62e241\pwrmgr_reg_top.$proc$/nfs_scratch/scratch/CompilerValidation/zaheer_ahmad/os_fpga2/Validation/RTL_testcases/RTL_Benchmarks_Gap_Analysis/pwrmgr/rtl/pwrmgr_reg_top.sv:56$806'.
Found async reset \rst_ni in `$paramod$ee0227794101df47ad9f37b0d88f82f880f9e439\tlul_adapter_reg.$proc$/nfs_scratch/scratch/CompilerValidation/zaheer_ahmad/os_fpga2/Validation/RTL_testcases/RTL_Benchmarks_Gap_Analysis/pwrmgr/rtl/tlul_adapter_reg.sv:64$640'.
Found async reset \rst_ni in `$paramod$ee0227794101df47ad9f37b0d88f82f880f9e439\tlul_adapter_reg.$proc$/nfs_scratch/scratch/CompilerValidation/zaheer_ahmad/os_fpga2/Validation/RTL_testcases/RTL_Benchmarks_Gap_Analysis/pwrmgr/rtl/tlul_adapter_reg.sv:83$619'.
Found async reset \rst_ni in `$paramod$ee0227794101df47ad9f37b0d88f82f880f9e439\tlul_adapter_reg.$proc$/nfs_scratch/scratch/CompilerValidation/zaheer_ahmad/os_fpga2/Validation/RTL_testcases/RTL_Benchmarks_Gap_Analysis/pwrmgr/rtl/tlul_adapter_reg.sv:70$616'.
Found async reset \rst_ni in `$paramod\prim_generic_flop\Width=s32'00000000000000000000000000000010\ResetValue=2'10.$proc$/nfs_scratch/scratch/CompilerValidation/zaheer_ahmad/os_fpga2/Validation/RTL_testcases/RTL_Benchmarks_Gap_Analysis/pwrmgr/rtl/prim_generic_flop.sv:18$361'.
Found async reset \rst_ni in `$paramod$cafc58aacea66ce361f30fc5fb51712913515c86\prim_generic_flop.$proc$/nfs_scratch/scratch/CompilerValidation/zaheer_ahmad/os_fpga2/Validation/RTL_testcases/RTL_Benchmarks_Gap_Analysis/pwrmgr/rtl/prim_generic_flop.sv:18$359'.
Found async reset \rst_ni in `$paramod$18eae125e8070a5fb29a0bd9923127bd30ff2039\prim_subreg.$proc$/nfs_scratch/scratch/CompilerValidation/zaheer_ahmad/os_fpga2/Validation/RTL_testcases/RTL_Benchmarks_Gap_Analysis/pwrmgr/rtl/prim_subreg.sv:65$357'.
Found async reset \rst_ni in `$paramod$18eae125e8070a5fb29a0bd9923127bd30ff2039\prim_subreg.$proc$/nfs_scratch/scratch/CompilerValidation/zaheer_ahmad/os_fpga2/Validation/RTL_testcases/RTL_Benchmarks_Gap_Analysis/pwrmgr/rtl/prim_subreg.sv:70$355'.
Found async reset \rst_ni in `$paramod\prim_diff_decode\AsyncOn=1'0.$proc$/nfs_scratch/scratch/CompilerValidation/zaheer_ahmad/os_fpga2/Validation/RTL_testcases/RTL_Benchmarks_Gap_Analysis/pwrmgr/rtl/prim_diff_decode.sv:195$353'.
Found async reset \rst_ni in `$paramod$58cc36426b572d644c9bdaa50fac6b4ad91ed7ea\prim_esc_receiver.$proc$/nfs_scratch/scratch/CompilerValidation/zaheer_ahmad/os_fpga2/Validation/RTL_testcases/RTL_Benchmarks_Gap_Analysis/pwrmgr/rtl/prim_esc_receiver.sv:236$320'.
Found async reset \rst_ni in `$paramod$e28d8d901a11ac5d5e5c27396dca7dc727aac42a\prim_subreg.$proc$/nfs_scratch/scratch/CompilerValidation/zaheer_ahmad/os_fpga2/Validation/RTL_testcases/RTL_Benchmarks_Gap_Analysis/pwrmgr/rtl/prim_subreg.sv:65$307'.
Found async reset \rst_ni in `$paramod$e28d8d901a11ac5d5e5c27396dca7dc727aac42a\prim_subreg.$proc$/nfs_scratch/scratch/CompilerValidation/zaheer_ahmad/os_fpga2/Validation/RTL_testcases/RTL_Benchmarks_Gap_Analysis/pwrmgr/rtl/prim_subreg.sv:70$305'.
Found async reset \rst_dst_ni in `\prim_sync_reqack.$proc$/nfs_scratch/scratch/CompilerValidation/zaheer_ahmad/os_fpga2/Validation/RTL_testcases/RTL_Benchmarks_Gap_Analysis/pwrmgr/rtl/prim_sync_reqack.sv:141$244'.
Found async reset \rst_src_ni in `\prim_sync_reqack.$proc$/nfs_scratch/scratch/CompilerValidation/zaheer_ahmad/os_fpga2/Validation/RTL_testcases/RTL_Benchmarks_Gap_Analysis/pwrmgr/rtl/prim_sync_reqack.sv:132$242'.
Found async reset \rst_ni in `$paramod\prim_clock_timeout\TimeOutCnt=s32'00000000000000000000000010000000.$proc$/nfs_scratch/scratch/CompilerValidation/zaheer_ahmad/os_fpga2/Validation/RTL_testcases/RTL_Benchmarks_Gap_Analysis/pwrmgr/rtl/prim_clock_timeout.sv:30$234'.
Found async reset \rst_ni in `\pwrmgr.$proc$/nfs_scratch/scratch/CompilerValidation/zaheer_ahmad/os_fpga2/Validation/RTL_testcases/RTL_Benchmarks_Gap_Analysis/pwrmgr/rtl/pwrmgr.sv:240$223'.
Found async reset \rst_ni in `$paramod\prim_alert_sender\AsyncOn=1'1\ALERT_TX_DEFAULT=2'01\ALERT_RX_DEFAULT=4'0101.$proc$/nfs_scratch/scratch/CompilerValidation/zaheer_ahmad/os_fpga2/Validation/RTL_testcases/RTL_Benchmarks_Gap_Analysis/pwrmgr/rtl/prim_alert_sender.sv:222$189'.
Found async reset \rst_ni in `$paramod\prim_diff_decode\AsyncOn=1'1.$proc$/nfs_scratch/scratch/CompilerValidation/zaheer_ahmad/os_fpga2/Validation/RTL_testcases/RTL_Benchmarks_Gap_Analysis/pwrmgr/rtl/prim_diff_decode.sv:161$187'.
Found async reset \rst_ni in `$paramod\prim_generic_flop\Width=s32'00000000000000000000000000000001\ResetValue=1'0.$proc$/nfs_scratch/scratch/CompilerValidation/zaheer_ahmad/os_fpga2/Validation/RTL_testcases/RTL_Benchmarks_Gap_Analysis/pwrmgr/rtl/prim_generic_flop.sv:18$178'.
Found async reset \rst_ni in `$paramod\prim_generic_flop\Width=s32'00000000000000000000000000000001\ResetValue=1'1.$proc$/nfs_scratch/scratch/CompilerValidation/zaheer_ahmad/os_fpga2/Validation/RTL_testcases/RTL_Benchmarks_Gap_Analysis/pwrmgr/rtl/prim_generic_flop.sv:18$176'.
Found async reset \rst_ni in `$paramod$1922727dec4c1da7ed6ad3dc09fc46ad0b6c2a2c\prim_subreg.$proc$/nfs_scratch/scratch/CompilerValidation/zaheer_ahmad/os_fpga2/Validation/RTL_testcases/RTL_Benchmarks_Gap_Analysis/pwrmgr/rtl/prim_subreg.sv:65$174'.
Found async reset \rst_ni in `$paramod$1922727dec4c1da7ed6ad3dc09fc46ad0b6c2a2c\prim_subreg.$proc$/nfs_scratch/scratch/CompilerValidation/zaheer_ahmad/os_fpga2/Validation/RTL_testcases/RTL_Benchmarks_Gap_Analysis/pwrmgr/rtl/prim_subreg.sv:70$172'.
Found async reset \rst_slow_ni in `$paramod$21a513b276be09c9cb5553d5463fdf4800edca32\pwrmgr_cdc.$proc$/nfs_scratch/scratch/CompilerValidation/zaheer_ahmad/os_fpga2/Validation/RTL_testcases/RTL_Benchmarks_Gap_Analysis/pwrmgr/rtl/pwrmgr_cdc.sv:147$166'.
Found async reset \rst_ni in `$paramod$21a513b276be09c9cb5553d5463fdf4800edca32\pwrmgr_cdc.$proc$/nfs_scratch/scratch/CompilerValidation/zaheer_ahmad/os_fpga2/Validation/RTL_testcases/RTL_Benchmarks_Gap_Analysis/pwrmgr/rtl/pwrmgr_cdc.sv:260$163'.
Found async reset \rst_ni in `$paramod$21a513b276be09c9cb5553d5463fdf4800edca32\pwrmgr_cdc.$proc$/nfs_scratch/scratch/CompilerValidation/zaheer_ahmad/os_fpga2/Validation/RTL_testcases/RTL_Benchmarks_Gap_Analysis/pwrmgr/rtl/pwrmgr_cdc.sv:250$161'.
Found async reset \rst_slow_ni in `$paramod$21a513b276be09c9cb5553d5463fdf4800edca32\pwrmgr_cdc.$proc$/nfs_scratch/scratch/CompilerValidation/zaheer_ahmad/os_fpga2/Validation/RTL_testcases/RTL_Benchmarks_Gap_Analysis/pwrmgr/rtl/pwrmgr_cdc.sv:169$159'.
Found async reset \rst_slow_ni in `$paramod$21a513b276be09c9cb5553d5463fdf4800edca32\pwrmgr_cdc.$proc$/nfs_scratch/scratch/CompilerValidation/zaheer_ahmad/os_fpga2/Validation/RTL_testcases/RTL_Benchmarks_Gap_Analysis/pwrmgr/rtl/pwrmgr_cdc.sv:157$156'.
Found async reset \rst_ni in `$paramod$25ebe4329fda051e04aa1129a6e1ffd602984606\prim_generic_flop.$proc$/nfs_scratch/scratch/CompilerValidation/zaheer_ahmad/os_fpga2/Validation/RTL_testcases/RTL_Benchmarks_Gap_Analysis/pwrmgr/rtl/prim_generic_flop.sv:18$154'.
Found async reset \rst_ni in `$paramod\prim_intr_hw\Width=32'00000000000000000000000000000001\FlopOutput=1'1.$proc$/nfs_scratch/scratch/CompilerValidation/zaheer_ahmad/os_fpga2/Validation/RTL_testcases/RTL_Benchmarks_Gap_Analysis/pwrmgr/rtl/prim_intr_hw.sv:41$147'.
Found async reset \rst_ni in `$paramod$2454416d686f119c214b8f35dcdc5a0867f85a76\prim_generic_flop.$proc$/nfs_scratch/scratch/CompilerValidation/zaheer_ahmad/os_fpga2/Validation/RTL_testcases/RTL_Benchmarks_Gap_Analysis/pwrmgr/rtl/prim_generic_flop.sv:18$145'.
Found async reset \rst_ni in `$paramod$1232de8c2fe4fff6a75b5663758d1bf50afa3825\prim_generic_flop.$proc$/nfs_scratch/scratch/CompilerValidation/zaheer_ahmad/os_fpga2/Validation/RTL_testcases/RTL_Benchmarks_Gap_Analysis/pwrmgr/rtl/prim_generic_flop.sv:18$143'.
Found async reset \rst_ni in `$paramod\prim_generic_flop\Width=s32'00000000000000000000000000000010\ResetValue=2'00.$proc$/nfs_scratch/scratch/CompilerValidation/zaheer_ahmad/os_fpga2/Validation/RTL_testcases/RTL_Benchmarks_Gap_Analysis/pwrmgr/rtl/prim_generic_flop.sv:18$141'.
Found async reset \rst_ni in `$paramod$6ae18350b51be32fd7406c5aaac3c7582e0e6af0\prim_generic_flop.$proc$/nfs_scratch/scratch/CompilerValidation/zaheer_ahmad/os_fpga2/Validation/RTL_testcases/RTL_Benchmarks_Gap_Analysis/pwrmgr/rtl/prim_generic_flop.sv:18$139'.
Found async reset \rst_ni in `$paramod$21a513b276be09c9cb5553d5463fdf4800edca32\pwrmgr_wake_info.$proc$/nfs_scratch/scratch/CompilerValidation/zaheer_ahmad/os_fpga2/Validation/RTL_testcases/RTL_Benchmarks_Gap_Analysis/pwrmgr/rtl/pwrmgr_wake_info.sv:27$135'.
Found async reset \rst_ni in `$paramod$21a513b276be09c9cb5553d5463fdf4800edca32\pwrmgr_wake_info.$proc$/nfs_scratch/scratch/CompilerValidation/zaheer_ahmad/os_fpga2/Validation/RTL_testcases/RTL_Benchmarks_Gap_Analysis/pwrmgr/rtl/pwrmgr_wake_info.sv:55$127'.
Found async reset \rst_ni in `$paramod$21a513b276be09c9cb5553d5463fdf4800edca32\pwrmgr_wake_info.$proc$/nfs_scratch/scratch/CompilerValidation/zaheer_ahmad/os_fpga2/Validation/RTL_testcases/RTL_Benchmarks_Gap_Analysis/pwrmgr/rtl/pwrmgr_wake_info.sv:40$122'.
Found async reset \rst_ni in `$paramod$21db42bc4a37f19b92ab182268213f76666c0005\pwrmgr_slow_fsm.$proc$/nfs_scratch/scratch/CompilerValidation/zaheer_ahmad/os_fpga2/Validation/RTL_testcases/RTL_Benchmarks_Gap_Analysis/pwrmgr/rtl/pwrmgr_slow_fsm.sv:95$120'.
Found async reset \rst_ni in `$paramod$21db42bc4a37f19b92ab182268213f76666c0005\pwrmgr_slow_fsm.$proc$/nfs_scratch/scratch/CompilerValidation/zaheer_ahmad/os_fpga2/Validation/RTL_testcases/RTL_Benchmarks_Gap_Analysis/pwrmgr/rtl/pwrmgr_slow_fsm.sv:303$99'.
Found async reset \rst_main_ni in `$paramod$21db42bc4a37f19b92ab182268213f76666c0005\pwrmgr_slow_fsm.$proc$/nfs_scratch/scratch/CompilerValidation/zaheer_ahmad/os_fpga2/Validation/RTL_testcases/RTL_Benchmarks_Gap_Analysis/pwrmgr/rtl/pwrmgr_slow_fsm.sv:285$93'.
Found async reset \rst_main_ni in `$paramod$21db42bc4a37f19b92ab182268213f76666c0005\pwrmgr_slow_fsm.$proc$/nfs_scratch/scratch/CompilerValidation/zaheer_ahmad/os_fpga2/Validation/RTL_testcases/RTL_Benchmarks_Gap_Analysis/pwrmgr/rtl/pwrmgr_slow_fsm.sv:274$91'.
Found async reset \rst_ni in `$paramod$fe55b1bb949966d310e200acf24c2aa59944d626\prim_generic_flop.$proc$/nfs_scratch/scratch/CompilerValidation/zaheer_ahmad/os_fpga2/Validation/RTL_testcases/RTL_Benchmarks_Gap_Analysis/pwrmgr/rtl/prim_generic_flop.sv:18$77'.
Found async reset \rst_ni in `$paramod$21a513b276be09c9cb5553d5463fdf4800edca32\pwrmgr_fsm.$proc$/nfs_scratch/scratch/CompilerValidation/zaheer_ahmad/os_fpga2/Validation/RTL_testcases/RTL_Benchmarks_Gap_Analysis/pwrmgr/rtl/pwrmgr_fsm.sv:128$65'.
Found async reset \rst_ni in `$paramod$21a513b276be09c9cb5553d5463fdf4800edca32\pwrmgr_fsm.$proc$/nfs_scratch/scratch/CompilerValidation/zaheer_ahmad/os_fpga2/Validation/RTL_testcases/RTL_Benchmarks_Gap_Analysis/pwrmgr/rtl/pwrmgr_fsm.sv:164$5'.

4.18.6. Executing PROC_ROM pass (convert switches to ROMs).
Converted 0 switches.
<suppressed ~85 debug messages>

4.18.7. Executing PROC_MUX pass (convert decision trees to multiplexers).
Creating decoders for process `$paramod$112511bfd0dccda09976f1ed3a15d1c8d45112d4\prim_subreg.$proc$/nfs_scratch/scratch/CompilerValidation/zaheer_ahmad/os_fpga2/Validation/RTL_testcases/RTL_Benchmarks_Gap_Analysis/pwrmgr/rtl/prim_subreg.sv:65$858'.
     1/1: $0\qe[0:0]
Creating decoders for process `$paramod$112511bfd0dccda09976f1ed3a15d1c8d45112d4\prim_subreg.$proc$/nfs_scratch/scratch/CompilerValidation/zaheer_ahmad/os_fpga2/Validation/RTL_testcases/RTL_Benchmarks_Gap_Analysis/pwrmgr/rtl/prim_subreg.sv:70$856'.
     1/1: $0\q[0:0]
Creating decoders for process `\prim_pulse_sync.$proc$/nfs_scratch/scratch/CompilerValidation/zaheer_ahmad/os_fpga2/Validation/RTL_testcases/RTL_Benchmarks_Gap_Analysis/pwrmgr/rtl/prim_pulse_sync.sv:27$853'.
     1/1: $0\src_level[0:0]
Creating decoders for process `\prim_pulse_sync.$proc$/nfs_scratch/scratch/CompilerValidation/zaheer_ahmad/os_fpga2/Validation/RTL_testcases/RTL_Benchmarks_Gap_Analysis/pwrmgr/rtl/prim_pulse_sync.sv:55$850'.
     1/1: $0\dst_level_q[0:0]
Creating decoders for process `$paramod$b16ec1a2d37bb01b30b4807f6e7e5972c818c2d7\tlul_err.$proc$/nfs_scratch/scratch/CompilerValidation/zaheer_ahmad/os_fpga2/Validation/RTL_testcases/RTL_Benchmarks_Gap_Analysis/pwrmgr/rtl/tlul_err.sv:46$829'.
     1/6: $2\fulldata_chk[0:0]
     2/6: $2\mask_chk[0:0]
     3/6: $2\addr_sz_chk[0:0]
     4/6: $1\fulldata_chk[0:0]
     5/6: $1\mask_chk[0:0]
     6/6: $1\addr_sz_chk[0:0]
Creating decoders for process `$paramod$7e00d363ce130de0a5a3e36d8a0ef795833e2889\prim_subreg.$proc$/nfs_scratch/scratch/CompilerValidation/zaheer_ahmad/os_fpga2/Validation/RTL_testcases/RTL_Benchmarks_Gap_Analysis/pwrmgr/rtl/prim_subreg.sv:65$812'.
     1/1: $0\qe[0:0]
Creating decoders for process `$paramod$7e00d363ce130de0a5a3e36d8a0ef795833e2889\prim_subreg.$proc$/nfs_scratch/scratch/CompilerValidation/zaheer_ahmad/os_fpga2/Validation/RTL_testcases/RTL_Benchmarks_Gap_Analysis/pwrmgr/rtl/prim_subreg.sv:70$810'.
     1/1: $0\q[0:0]
Creating decoders for process `$paramod$8ec11ab84d267aa735efee7deaffb669de62e241\pwrmgr_reg_top.$proc$/nfs_scratch/scratch/CompilerValidation/zaheer_ahmad/os_fpga2/Validation/RTL_testcases/RTL_Benchmarks_Gap_Analysis/pwrmgr/rtl/pwrmgr_reg_top.sv:56$806'.
     1/1: $0\intg_err_q[0:0]
Creating decoders for process `$paramod$8ec11ab84d267aa735efee7deaffb669de62e241\pwrmgr_reg_top.$proc$/nfs_scratch/scratch/CompilerValidation/zaheer_ahmad/os_fpga2/Validation/RTL_testcases/RTL_Benchmarks_Gap_Analysis/pwrmgr/rtl/pwrmgr_reg_top.sv:822$749'.
Creating decoders for process `$paramod$8ec11ab84d267aa735efee7deaffb669de62e241\pwrmgr_reg_top.$proc$/nfs_scratch/scratch/CompilerValidation/zaheer_ahmad/os_fpga2/Validation/RTL_testcases/RTL_Benchmarks_Gap_Analysis/pwrmgr/rtl/pwrmgr_reg_top.sv:743$748'.
     1/10: $1\reg_rdata_next[31:0] [31:9]
     2/10: $1\reg_rdata_next[31:0] [0]
     3/10: $1\reg_rdata_next[31:0] [8]
     4/10: $1\reg_rdata_next[31:0] [3]
     5/10: $1\reg_rdata_next[31:0] [2]
     6/10: $1\reg_rdata_next[31:0] [7]
     7/10: $1\reg_rdata_next[31:0] [6]
     8/10: $1\reg_rdata_next[31:0] [5]
     9/10: $1\reg_rdata_next[31:0] [4]
    10/10: $1\reg_rdata_next[31:0] [1]
Creating decoders for process `$paramod$8ec11ab84d267aa735efee7deaffb669de62e241\pwrmgr_reg_top.$proc$/nfs_scratch/scratch/CompilerValidation/zaheer_ahmad/os_fpga2/Validation/RTL_testcases/RTL_Benchmarks_Gap_Analysis/pwrmgr/rtl/pwrmgr_reg_top.sv:675$677'.
Creating decoders for process `$paramod$8ec11ab84d267aa735efee7deaffb669de62e241\pwrmgr_reg_top.$proc$/nfs_scratch/scratch/CompilerValidation/zaheer_ahmad/os_fpga2/Validation/RTL_testcases/RTL_Benchmarks_Gap_Analysis/pwrmgr/rtl/pwrmgr_reg_top.sv:654$662'.
Creating decoders for process `$paramod$ee0227794101df47ad9f37b0d88f82f880f9e439\tlul_adapter_reg.$proc$/nfs_scratch/scratch/CompilerValidation/zaheer_ahmad/os_fpga2/Validation/RTL_testcases/RTL_Benchmarks_Gap_Analysis/pwrmgr/rtl/tlul_adapter_reg.sv:64$640'.
     1/1: $0\outstanding[0:0]
Creating decoders for process `$paramod$ee0227794101df47ad9f37b0d88f82f880f9e439\tlul_adapter_reg.$proc$/nfs_scratch/scratch/CompilerValidation/zaheer_ahmad/os_fpga2/Validation/RTL_testcases/RTL_Benchmarks_Gap_Analysis/pwrmgr/rtl/tlul_adapter_reg.sv:119$623'.
     1/1: $1\addr_align_err[0:0]
Creating decoders for process `$paramod$ee0227794101df47ad9f37b0d88f82f880f9e439\tlul_adapter_reg.$proc$/nfs_scratch/scratch/CompilerValidation/zaheer_ahmad/os_fpga2/Validation/RTL_testcases/RTL_Benchmarks_Gap_Analysis/pwrmgr/rtl/tlul_adapter_reg.sv:83$619'.
     1/2: $0\error[0:0]
     2/2: $0\rdata[31:0]
Creating decoders for process `$paramod$ee0227794101df47ad9f37b0d88f82f880f9e439\tlul_adapter_reg.$proc$/nfs_scratch/scratch/CompilerValidation/zaheer_ahmad/os_fpga2/Validation/RTL_testcases/RTL_Benchmarks_Gap_Analysis/pwrmgr/rtl/tlul_adapter_reg.sv:70$616'.
     1/3: $0\rspop[2:0]
     2/3: $0\reqsz[1:0]
     3/3: $0\reqid[7:0]
Creating decoders for process `\prim_secded_inv_64_57_enc.$proc$/nfs_scratch/scratch/CompilerValidation/zaheer_ahmad/os_fpga2/Validation/RTL_testcases/RTL_Benchmarks_Gap_Analysis/pwrmgr/rtl/prim_secded_inv_64_57_enc.sv:12$594'.
Creating decoders for process `\prim_secded_inv_39_32_dec.$proc$/nfs_scratch/scratch/CompilerValidation/zaheer_ahmad/os_fpga2/Validation/RTL_testcases/RTL_Benchmarks_Gap_Analysis/pwrmgr/rtl/prim_secded_inv_39_32_dec.sv:14$504'.
Creating decoders for process `\prim_secded_inv_64_57_dec.$proc$/nfs_scratch/scratch/CompilerValidation/zaheer_ahmad/os_fpga2/Validation/RTL_testcases/RTL_Benchmarks_Gap_Analysis/pwrmgr/rtl/prim_secded_inv_64_57_dec.sv:14$363'.
Creating decoders for process `$paramod\prim_generic_flop\Width=s32'00000000000000000000000000000010\ResetValue=2'10.$proc$/nfs_scratch/scratch/CompilerValidation/zaheer_ahmad/os_fpga2/Validation/RTL_testcases/RTL_Benchmarks_Gap_Analysis/pwrmgr/rtl/prim_generic_flop.sv:18$361'.
     1/1: $0\q_o[1:0]
Creating decoders for process `$paramod$cafc58aacea66ce361f30fc5fb51712913515c86\prim_generic_flop.$proc$/nfs_scratch/scratch/CompilerValidation/zaheer_ahmad/os_fpga2/Validation/RTL_testcases/RTL_Benchmarks_Gap_Analysis/pwrmgr/rtl/prim_generic_flop.sv:18$359'.
     1/1: $0\q_o[29:0]
Creating decoders for process `$paramod$18eae125e8070a5fb29a0bd9923127bd30ff2039\prim_subreg.$proc$/nfs_scratch/scratch/CompilerValidation/zaheer_ahmad/os_fpga2/Validation/RTL_testcases/RTL_Benchmarks_Gap_Analysis/pwrmgr/rtl/prim_subreg.sv:65$357'.
     1/1: $0\qe[0:0]
Creating decoders for process `$paramod$18eae125e8070a5fb29a0bd9923127bd30ff2039\prim_subreg.$proc$/nfs_scratch/scratch/CompilerValidation/zaheer_ahmad/os_fpga2/Validation/RTL_testcases/RTL_Benchmarks_Gap_Analysis/pwrmgr/rtl/prim_subreg.sv:70$355'.
     1/1: $0\q[0:0]
Creating decoders for process `$paramod\prim_diff_decode\AsyncOn=1'0.$proc$/nfs_scratch/scratch/CompilerValidation/zaheer_ahmad/os_fpga2/Validation/RTL_testcases/RTL_Benchmarks_Gap_Analysis/pwrmgr/rtl/prim_diff_decode.sv:195$353'.
     1/2: $0\level_q[0:0]
     2/2: $0\gen_no_async.diff_pq[0:0]
Creating decoders for process `$paramod$58cc36426b572d644c9bdaa50fac6b4ad91ed7ea\prim_esc_receiver.$proc$/nfs_scratch/scratch/CompilerValidation/zaheer_ahmad/os_fpga2/Validation/RTL_testcases/RTL_Benchmarks_Gap_Analysis/pwrmgr/rtl/prim_esc_receiver.sv:155$332'.
     1/22: $5\resp_nd[0:0]
     2/22: $5\resp_pd[0:0]
     3/22: $7\state_d[2:0]
     4/22: $4\resp_nd[0:0]
     5/22: $4\resp_pd[0:0]
     6/22: $6\state_d[2:0]
     7/22: $4\esc_req[0:0]
     8/22: $3\resp_nd[0:0]
     9/22: $3\resp_pd[0:0]
    10/22: $5\state_d[2:0]
    11/22: $3\esc_req[0:0]
    12/22: $4\state_d[2:0]
    13/22: $2\esc_req[0:0]
    14/22: $3\state_d[2:0]
    15/22: $2\resp_nd[0:0]
    16/22: $2\resp_pd[0:0]
    17/22: $2\state_d[2:0]
    18/22: $1\resp_nd[0:0]
    19/22: $1\resp_pd[0:0]
    20/22: $1\state_d[2:0]
    21/22: $1\esc_req[0:0]
    22/22: $1\ping_en[0:0]
Creating decoders for process `$paramod$58cc36426b572d644c9bdaa50fac6b4ad91ed7ea\prim_esc_receiver.$proc$/nfs_scratch/scratch/CompilerValidation/zaheer_ahmad/os_fpga2/Validation/RTL_testcases/RTL_Benchmarks_Gap_Analysis/pwrmgr/rtl/prim_esc_receiver.sv:236$320'.
     1/1: $0\state_q[2:0]
Creating decoders for process `$paramod$30daef7d8fbea83f8d5d97bb6bbeea8d50f20643\tlul_rsp_intg_gen.$proc$/nfs_scratch/scratch/CompilerValidation/zaheer_ahmad/os_fpga2/Validation/RTL_testcases/RTL_Benchmarks_Gap_Analysis/pwrmgr/rtl/tlul_pkg.sv:0$313'.
Creating decoders for process `$paramod$30daef7d8fbea83f8d5d97bb6bbeea8d50f20643\tlul_rsp_intg_gen.$proc$/nfs_scratch/scratch/CompilerValidation/zaheer_ahmad/os_fpga2/Validation/RTL_testcases/RTL_Benchmarks_Gap_Analysis/pwrmgr/rtl/tlul_rsp_intg_gen.sv:44$312'.
Creating decoders for process `$paramod$e28d8d901a11ac5d5e5c27396dca7dc727aac42a\prim_subreg.$proc$/nfs_scratch/scratch/CompilerValidation/zaheer_ahmad/os_fpga2/Validation/RTL_testcases/RTL_Benchmarks_Gap_Analysis/pwrmgr/rtl/prim_subreg.sv:65$307'.
     1/1: $0\qe[0:0]
Creating decoders for process `$paramod$e28d8d901a11ac5d5e5c27396dca7dc727aac42a\prim_subreg.$proc$/nfs_scratch/scratch/CompilerValidation/zaheer_ahmad/os_fpga2/Validation/RTL_testcases/RTL_Benchmarks_Gap_Analysis/pwrmgr/rtl/prim_subreg.sv:70$305'.
     1/1: $0\q[0:0]
Creating decoders for process `\prim_secded_inv_39_32_enc.$proc$/nfs_scratch/scratch/CompilerValidation/zaheer_ahmad/os_fpga2/Validation/RTL_testcases/RTL_Benchmarks_Gap_Analysis/pwrmgr/rtl/prim_secded_inv_39_32_enc.sv:12$267'.
Creating decoders for process `$paramod$b16ec1a2d37bb01b30b4807f6e7e5972c818c2d7\tlul_cmd_intg_chk.$proc$/nfs_scratch/scratch/CompilerValidation/zaheer_ahmad/os_fpga2/Validation/RTL_testcases/RTL_Benchmarks_Gap_Analysis/pwrmgr/rtl/tlul_pkg.sv:0$260'.
Creating decoders for process `\prim_sync_reqack.$proc$/nfs_scratch/scratch/CompilerValidation/zaheer_ahmad/os_fpga2/Validation/RTL_testcases/RTL_Benchmarks_Gap_Analysis/pwrmgr/rtl/prim_sync_reqack.sv:70$246'.
     1/6: $3\src_fsm_ns[0:0]
     2/6: $2\src_req_d[0:0]
     3/6: $2\src_fsm_ns[0:0]
     4/6: $1\src_req_d[0:0]
     5/6: $1\src_fsm_ns[0:0]
     6/6: $1\src_ack_o[0:0]
Creating decoders for process `\prim_sync_reqack.$proc$/nfs_scratch/scratch/CompilerValidation/zaheer_ahmad/os_fpga2/Validation/RTL_testcases/RTL_Benchmarks_Gap_Analysis/pwrmgr/rtl/prim_sync_reqack.sv:141$244'.
     1/2: $0\dst_ack_q[0:0]
     2/2: $0\dst_fsm_cs[0:0]
Creating decoders for process `\prim_sync_reqack.$proc$/nfs_scratch/scratch/CompilerValidation/zaheer_ahmad/os_fpga2/Validation/RTL_testcases/RTL_Benchmarks_Gap_Analysis/pwrmgr/rtl/prim_sync_reqack.sv:132$242'.
     1/2: $0\src_req_q[0:0]
     2/2: $0\src_fsm_cs[0:0]
Creating decoders for process `\prim_sync_reqack.$proc$/nfs_scratch/scratch/CompilerValidation/zaheer_ahmad/os_fpga2/Validation/RTL_testcases/RTL_Benchmarks_Gap_Analysis/pwrmgr/rtl/prim_sync_reqack.sv:102$239'.
     1/5: $3\dst_fsm_ns[0:0]
     2/5: $2\dst_fsm_ns[0:0]
     3/5: $1\dst_fsm_ns[0:0]
     4/5: $1\dst_ack_d[0:0]
     5/5: $1\dst_req_o[0:0]
Creating decoders for process `$paramod\prim_clock_timeout\TimeOutCnt=s32'00000000000000000000000010000000.$proc$/nfs_scratch/scratch/CompilerValidation/zaheer_ahmad/os_fpga2/Validation/RTL_testcases/RTL_Benchmarks_Gap_Analysis/pwrmgr/rtl/prim_clock_timeout.sv:30$234'.
     1/1: $0\cnt[7:0]
Creating decoders for process `\pwrmgr.$proc$/nfs_scratch/scratch/CompilerValidation/zaheer_ahmad/os_fpga2/Validation/RTL_testcases/RTL_Benchmarks_Gap_Analysis/pwrmgr/rtl/prim_mubi_pkg.sv:0$228'.
Creating decoders for process `\pwrmgr.$proc$/nfs_scratch/scratch/CompilerValidation/zaheer_ahmad/os_fpga2/Validation/RTL_testcases/RTL_Benchmarks_Gap_Analysis/pwrmgr/rtl/pwrmgr.sv:240$223'.
     1/1: $0\lowpwr_cfg_wen[0:0]
Creating decoders for process `$paramod\prim_alert_sender\AsyncOn=1'1\ALERT_TX_DEFAULT=2'01\ALERT_RX_DEFAULT=4'0101.$proc$/nfs_scratch/scratch/CompilerValidation/zaheer_ahmad/os_fpga2/Validation/RTL_testcases/RTL_Benchmarks_Gap_Analysis/pwrmgr/rtl/prim_alert_sender.sv:127$196'.
     1/26: $3\alert_clr[0:0]
     2/26: $3\ping_clr[0:0]
     3/26: $6\alert_n[0:0]
     4/26: $6\alert_p[0:0]
     5/26: $8\state_d[2:0]
     6/26: $5\alert_n[0:0]
     7/26: $5\alert_p[0:0]
     8/26: $7\state_d[2:0]
     9/26: $6\state_d[2:0]
    10/26: $2\ping_clr[0:0]
    11/26: $5\state_d[2:0]
    12/26: $4\alert_n[0:0]
    13/26: $4\alert_p[0:0]
    14/26: $2\alert_clr[0:0]
    15/26: $4\state_d[2:0]
    16/26: $3\state_d[2:0]
    17/26: $3\alert_n[0:0]
    18/26: $3\alert_p[0:0]
    19/26: $2\alert_n[0:0]
    20/26: $2\alert_p[0:0]
    21/26: $2\state_d[2:0]
    22/26: $1\alert_n[0:0]
    23/26: $1\alert_p[0:0]
    24/26: $1\state_d[2:0]
    25/26: $1\ping_clr[0:0]
    26/26: $1\alert_clr[0:0]
Creating decoders for process `$paramod\prim_alert_sender\AsyncOn=1'1\ALERT_TX_DEFAULT=2'01\ALERT_RX_DEFAULT=4'0101.$proc$/nfs_scratch/scratch/CompilerValidation/zaheer_ahmad/os_fpga2/Validation/RTL_testcases/RTL_Benchmarks_Gap_Analysis/pwrmgr/rtl/prim_alert_sender.sv:222$189'.
     1/5: $0\ping_set_q[0:0]
     2/5: $0\alert_set_q[0:0]
     3/5: $0\alert_nq[0:0]
     4/5: $0\alert_pq[0:0]
     5/5: $0\state_q[2:0]
Creating decoders for process `$paramod\prim_diff_decode\AsyncOn=1'1.$proc$/nfs_scratch/scratch/CompilerValidation/zaheer_ahmad/os_fpga2/Validation/RTL_testcases/RTL_Benchmarks_Gap_Analysis/pwrmgr/rtl/prim_diff_decode.sv:161$187'.
     1/4: $0\level_q[0:0]
     2/4: $0\gen_async.diff_nq[0:0]
     3/4: $0\gen_async.diff_pq[0:0]
     4/4: $0\gen_async.state_q[1:0]
Creating decoders for process `$paramod\prim_diff_decode\AsyncOn=1'1.$proc$/nfs_scratch/scratch/CompilerValidation/zaheer_ahmad/os_fpga2/Validation/RTL_testcases/RTL_Benchmarks_Gap_Analysis/pwrmgr/rtl/prim_diff_decode.sv:106$184'.
     1/25: $5\sigint_o[0:0]
     2/25: $5\gen_async.state_d[1:0]
     3/25: $6\rise_o[0:0]
     4/25: $6\fall_o[0:0]
     5/25: $5\fall_o[0:0]
     6/25: $5\rise_o[0:0]
     7/25: $3\level_d[0:0]
     8/25: $4\gen_async.state_d[1:0]
     9/25: $4\sigint_o[0:0]
    10/25: $3\gen_async.state_d[1:0]
    11/25: $3\sigint_o[0:0]
    12/25: $4\rise_o[0:0]
    13/25: $4\fall_o[0:0]
    14/25: $3\fall_o[0:0]
    15/25: $3\rise_o[0:0]
    16/25: $2\fall_o[0:0]
    17/25: $2\rise_o[0:0]
    18/25: $2\level_d[0:0]
    19/25: $2\gen_async.state_d[1:0]
    20/25: $2\sigint_o[0:0]
    21/25: $1\gen_async.state_d[1:0]
    22/25: $1\sigint_o[0:0]
    23/25: $1\fall_o[0:0]
    24/25: $1\rise_o[0:0]
    25/25: $1\level_d[0:0]
Creating decoders for process `$paramod\prim_generic_flop\Width=s32'00000000000000000000000000000001\ResetValue=1'0.$proc$/nfs_scratch/scratch/CompilerValidation/zaheer_ahmad/os_fpga2/Validation/RTL_testcases/RTL_Benchmarks_Gap_Analysis/pwrmgr/rtl/prim_generic_flop.sv:18$178'.
     1/1: $0\q_o[0:0]
Creating decoders for process `$paramod\prim_generic_flop\Width=s32'00000000000000000000000000000001\ResetValue=1'1.$proc$/nfs_scratch/scratch/CompilerValidation/zaheer_ahmad/os_fpga2/Validation/RTL_testcases/RTL_Benchmarks_Gap_Analysis/pwrmgr/rtl/prim_generic_flop.sv:18$176'.
     1/1: $0\q_o[0:0]
Creating decoders for process `$paramod$1922727dec4c1da7ed6ad3dc09fc46ad0b6c2a2c\prim_subreg.$proc$/nfs_scratch/scratch/CompilerValidation/zaheer_ahmad/os_fpga2/Validation/RTL_testcases/RTL_Benchmarks_Gap_Analysis/pwrmgr/rtl/prim_subreg.sv:65$174'.
     1/1: $0\qe[0:0]
Creating decoders for process `$paramod$1922727dec4c1da7ed6ad3dc09fc46ad0b6c2a2c\prim_subreg.$proc$/nfs_scratch/scratch/CompilerValidation/zaheer_ahmad/os_fpga2/Validation/RTL_testcases/RTL_Benchmarks_Gap_Analysis/pwrmgr/rtl/prim_subreg.sv:70$172'.
     1/1: $0\q[0:0]
Creating decoders for process `$paramod$21a513b276be09c9cb5553d5463fdf4800edca32\pwrmgr_cdc.$proc$/nfs_scratch/scratch/CompilerValidation/zaheer_ahmad/os_fpga2/Validation/RTL_testcases/RTL_Benchmarks_Gap_Analysis/pwrmgr/rtl/pwrmgr_cdc.sv:147$166'.
     1/1: $0\slow_ast_q2[4:0]
Creating decoders for process `$paramod$21a513b276be09c9cb5553d5463fdf4800edca32\pwrmgr_cdc.$proc$/nfs_scratch/scratch/CompilerValidation/zaheer_ahmad/os_fpga2/Validation/RTL_testcases/RTL_Benchmarks_Gap_Analysis/pwrmgr/rtl/pwrmgr_cdc.sv:260$163'.
     1/1: $0\pwrup_cause_o[1:0]
Creating decoders for process `$paramod$21a513b276be09c9cb5553d5463fdf4800edca32\pwrmgr_cdc.$proc$/nfs_scratch/scratch/CompilerValidation/zaheer_ahmad/os_fpga2/Validation/RTL_testcases/RTL_Benchmarks_Gap_Analysis/pwrmgr/rtl/pwrmgr_cdc.sv:250$161'.
     1/1: $0\pwrup_cause_toggle_q2[0:0]
Creating decoders for process `$paramod$21a513b276be09c9cb5553d5463fdf4800edca32\pwrmgr_cdc.$proc$/nfs_scratch/scratch/CompilerValidation/zaheer_ahmad/os_fpga2/Validation/RTL_testcases/RTL_Benchmarks_Gap_Analysis/pwrmgr/rtl/pwrmgr_cdc.sv:169$159'.
     1/7: $0\slow_usb_clk_en_active_o[0:0]
     2/7: $0\slow_usb_clk_en_lp_o[0:0]
     3/7: $0\slow_core_clk_en_o[0:0]
     4/7: $0\slow_io_clk_en_o[0:0]
     5/7: $0\slow_main_pd_no[0:0]
     6/7: $0\slow_reset_en_o[1:0]
     7/7: $0\slow_wakeup_en_o[5:0]
Creating decoders for process `$paramod$21a513b276be09c9cb5553d5463fdf4800edca32\pwrmgr_cdc.$proc$/nfs_scratch/scratch/CompilerValidation/zaheer_ahmad/os_fpga2/Validation/RTL_testcases/RTL_Benchmarks_Gap_Analysis/pwrmgr/rtl/pwrmgr_cdc.sv:157$156'.
     1/1: $0\slow_ast_o[4:0]
Creating decoders for process `$paramod$25ebe4329fda051e04aa1129a6e1ffd602984606\prim_generic_flop.$proc$/nfs_scratch/scratch/CompilerValidation/zaheer_ahmad/os_fpga2/Validation/RTL_testcases/RTL_Benchmarks_Gap_Analysis/pwrmgr/rtl/prim_generic_flop.sv:18$154'.
     1/1: $0\q_o[10:0]
Creating decoders for process `$paramod\prim_intr_hw\Width=32'00000000000000000000000000000001\FlopOutput=1'1.$proc$/nfs_scratch/scratch/CompilerValidation/zaheer_ahmad/os_fpga2/Validation/RTL_testcases/RTL_Benchmarks_Gap_Analysis/pwrmgr/rtl/prim_intr_hw.sv:41$147'.
     1/1: $0\intr_o[0:0]
Creating decoders for process `$paramod$2454416d686f119c214b8f35dcdc5a0867f85a76\prim_generic_flop.$proc$/nfs_scratch/scratch/CompilerValidation/zaheer_ahmad/os_fpga2/Validation/RTL_testcases/RTL_Benchmarks_Gap_Analysis/pwrmgr/rtl/prim_generic_flop.sv:18$145'.
     1/1: $0\q_o[11:0]
Creating decoders for process `$paramod$1232de8c2fe4fff6a75b5663758d1bf50afa3825\prim_generic_flop.$proc$/nfs_scratch/scratch/CompilerValidation/zaheer_ahmad/os_fpga2/Validation/RTL_testcases/RTL_Benchmarks_Gap_Analysis/pwrmgr/rtl/prim_generic_flop.sv:18$143'.
     1/1: $0\q_o[4:0]
Creating decoders for process `$paramod\prim_generic_flop\Width=s32'00000000000000000000000000000010\ResetValue=2'00.$proc$/nfs_scratch/scratch/CompilerValidation/zaheer_ahmad/os_fpga2/Validation/RTL_testcases/RTL_Benchmarks_Gap_Analysis/pwrmgr/rtl/prim_generic_flop.sv:18$141'.
     1/1: $0\q_o[1:0]
Creating decoders for process `$paramod$6ae18350b51be32fd7406c5aaac3c7582e0e6af0\prim_generic_flop.$proc$/nfs_scratch/scratch/CompilerValidation/zaheer_ahmad/os_fpga2/Validation/RTL_testcases/RTL_Benchmarks_Gap_Analysis/pwrmgr/rtl/prim_generic_flop.sv:18$139'.
     1/1: $0\q_o[3:0]
Creating decoders for process `$paramod$21a513b276be09c9cb5553d5463fdf4800edca32\pwrmgr_wake_info.$proc$/nfs_scratch/scratch/CompilerValidation/zaheer_ahmad/os_fpga2/Validation/RTL_testcases/RTL_Benchmarks_Gap_Analysis/pwrmgr/rtl/pwrmgr_wake_info.sv:27$135'.
     1/1: $0\start_capture_q1[0:0]
Creating decoders for process `$paramod$21a513b276be09c9cb5553d5463fdf4800edca32\pwrmgr_wake_info.$proc$/nfs_scratch/scratch/CompilerValidation/zaheer_ahmad/os_fpga2/Validation/RTL_testcases/RTL_Benchmarks_Gap_Analysis/pwrmgr/rtl/pwrmgr_wake_info.sv:55$127'.
     1/2: $0\info[7:0] [7:6]
     2/2: $0\info[7:0] [5:0]
Creating decoders for process `$paramod$21a513b276be09c9cb5553d5463fdf4800edca32\pwrmgr_wake_info.$proc$/nfs_scratch/scratch/CompilerValidation/zaheer_ahmad/os_fpga2/Validation/RTL_testcases/RTL_Benchmarks_Gap_Analysis/pwrmgr/rtl/pwrmgr_wake_info.sv:40$122'.
     1/1: $0\record_en[0:0]
Creating decoders for process `$paramod$21db42bc4a37f19b92ab182268213f76666c0005\pwrmgr_slow_fsm.$proc$/nfs_scratch/scratch/CompilerValidation/zaheer_ahmad/os_fpga2/Validation/RTL_testcases/RTL_Benchmarks_Gap_Analysis/pwrmgr/rtl/pwrmgr_slow_fsm.sv:95$120'.
     1/11: $0\fsm_invalid_q[0:0]
     2/11: $0\ack_pwrdn_q[0:0]
     3/11: $0\req_pwrup_q[0:0]
     4/11: $0\usb_clk_en_q[0:0]
     5/11: $0\io_clk_en_q[0:0]
     6/11: $0\core_clk_en_q[0:0]
     7/11: $0\pwr_clamp_env_q[0:0]
     8/11: $0\pwr_clamp_q[0:0]
     9/11: $0\pd_nq[0:0]
    10/11: $0\cause_toggle_q[0:0]
    11/11: $0\cause_q[1:0]
Creating decoders for process `$paramod$21db42bc4a37f19b92ab182268213f76666c0005\pwrmgr_slow_fsm.$proc$/nfs_scratch/scratch/CompilerValidation/zaheer_ahmad/os_fpga2/Validation/RTL_testcases/RTL_Benchmarks_Gap_Analysis/pwrmgr/rtl/pwrmgr_slow_fsm.sv:303$99'.
     1/1: $0\rst_req_o[0:0]
Creating decoders for process `$paramod$21db42bc4a37f19b92ab182268213f76666c0005\pwrmgr_slow_fsm.$proc$/nfs_scratch/scratch/CompilerValidation/zaheer_ahmad/os_fpga2/Validation/RTL_testcases/RTL_Benchmarks_Gap_Analysis/pwrmgr/rtl/pwrmgr_slow_fsm.sv:285$93'.
     1/1: $0\main_pok_st[0:0]
Creating decoders for process `$paramod$21db42bc4a37f19b92ab182268213f76666c0005\pwrmgr_slow_fsm.$proc$/nfs_scratch/scratch/CompilerValidation/zaheer_ahmad/os_fpga2/Validation/RTL_testcases/RTL_Benchmarks_Gap_Analysis/pwrmgr/rtl/pwrmgr_slow_fsm.sv:274$91'.
     1/1: $0\ast_main_pok[0:0]
Creating decoders for process `$paramod$21db42bc4a37f19b92ab182268213f76666c0005\pwrmgr_slow_fsm.$proc$/nfs_scratch/scratch/CompilerValidation/zaheer_ahmad/os_fpga2/Validation/RTL_testcases/RTL_Benchmarks_Gap_Analysis/pwrmgr/rtl/pwrmgr_slow_fsm.sv:138$79'.
     1/29: $9\state_d[9:0]
     2/29: $8\state_d[9:0]
     3/29: $3\pwr_clamp_env_d[0:0]
     4/29: $7\state_d[9:0]
     5/29: $2\ack_pwrdn_d[0:0]
     6/29: $6\state_d[9:0]
     7/29: $5\state_d[9:0]
     8/29: $2\req_pwrup_d[0:0]
     9/29: $4\state_d[9:0]
    10/29: $3\state_d[9:0]
    11/29: $2\pwr_clamp_env_d[0:0]
    12/29: $2\set_main_pok[0:0]
    13/29: $2\cause_d[1:0]
    14/29: $2\cause_toggle_d[0:0]
    15/29: $2\state_d[9:0]
    16/29: $1\cause_d[1:0]
    17/29: $1\state_d[9:0]
    18/29: $1\set_main_pok[0:0]
    19/29: $1\mon_main_pok[0:0]
    20/29: $1\fsm_invalid_d[0:0]
    21/29: $1\usb_clk_en_d[0:0]
    22/29: $1\io_clk_en_d[0:0]
    23/29: $1\core_clk_en_d[0:0]
    24/29: $1\pwr_clamp_env_d[0:0]
    25/29: $1\pwr_clamp_d[0:0]
    26/29: $1\pd_nd[0:0]
    27/29: $1\ack_pwrdn_d[0:0]
    28/29: $1\req_pwrup_d[0:0]
    29/29: $1\cause_toggle_d[0:0]
Creating decoders for process `$paramod$fe55b1bb949966d310e200acf24c2aa59944d626\prim_generic_flop.$proc$/nfs_scratch/scratch/CompilerValidation/zaheer_ahmad/os_fpga2/Validation/RTL_testcases/RTL_Benchmarks_Gap_Analysis/pwrmgr/rtl/prim_generic_flop.sv:18$77'.
     1/1: $0\q_o[9:0]
Creating decoders for process `$paramod$21a513b276be09c9cb5553d5463fdf4800edca32\pwrmgr_fsm.$proc$/nfs_scratch/scratch/CompilerValidation/zaheer_ahmad/os_fpga2/Validation/RTL_testcases/RTL_Benchmarks_Gap_Analysis/pwrmgr/rtl/prim_mubi_pkg.sv:0$72'.
Creating decoders for process `$paramod$21a513b276be09c9cb5553d5463fdf4800edca32\pwrmgr_fsm.$proc$/nfs_scratch/scratch/CompilerValidation/zaheer_ahmad/os_fpga2/Validation/RTL_testcases/RTL_Benchmarks_Gap_Analysis/pwrmgr/rtl/prim_mubi_pkg.sv:0$67'.
Creating decoders for process `$paramod$21a513b276be09c9cb5553d5463fdf4800edca32\pwrmgr_fsm.$proc$/nfs_scratch/scratch/CompilerValidation/zaheer_ahmad/os_fpga2/Validation/RTL_testcases/RTL_Benchmarks_Gap_Analysis/pwrmgr/rtl/pwrmgr_fsm.sv:128$65'.
     1/8: $0\low_power_q[0:0]
     2/8: $0\reset_cause_q[1:0]
     3/8: $0\rst_sys_req_q[1:0]
     4/8: $0\rst_lc_req_q[1:0]
     5/8: $0\ip_clk_en_q[0:0]
     6/8: $0\reset_ongoing_q[0:0]
     7/8: $0\req_pwrdn_q[0:0]
     8/8: $0\ack_pwrup_q[0:0]
Creating decoders for process `$paramod$21a513b276be09c9cb5553d5463fdf4800edca32\pwrmgr_fsm.$proc$/nfs_scratch/scratch/CompilerValidation/zaheer_ahmad/os_fpga2/Validation/RTL_testcases/RTL_Benchmarks_Gap_Analysis/pwrmgr/rtl/pwrmgr_fsm.sv:242$10'.
     1/51: $16\state_d[11:0]
     2/51: $1\rst_sys_req_d[1:0] [1]
     3/51: $1\rst_sys_req_d[1:0] [0]
     4/51: $2\req_pwrdn_d[0:0]
     5/51: $1\rst_lc_req_d[1:0] [0]
     6/51: $15\state_d[11:0]
     7/51: $1\rst_lc_req_d[1:0] [1]
     8/51: $13\state_d[11:0]
     9/51: $2\abort_o[0:0]
    10/51: $4\wkup_o[0:0]
    11/51: $3\ip_clk_en_d[0:0]
    12/51: $11\state_d[11:0]
    13/51: $2\fall_through_o[0:0]
    14/51: $3\wkup_o[0:0]
    15/51: $2\ip_clk_en_d[0:0]
    16/51: $2\low_power_d[0:0]
    17/51: $10\state_d[11:0]
    18/51: $9\state_d[11:0]
    19/51: $2\reset_cause_d[1:0]
    20/51: $2\fetch_en_d[3:0]
    21/51: $8\state_d[11:0]
    22/51: $7\state_d[11:0]
    23/51: $2\reset_ongoing_d[0:0]
    24/51: $2\wkup_o[0:0]
    25/51: $2\clr_cfg_lock_o[0:0]
    26/51: $2\ack_pwrup_d[0:0]
    27/51: $6\state_d[11:0]
    28/51: $5\state_d[11:0]
    29/51: $4\state_d[11:0]
    30/51: $3\state_d[11:0]
    31/51: $2\state_d[11:0]
    32/51: $1\state_d[11:0]
    33/51: $1$fordecl_block25.i[31:0]$12
    34/51: $1\strap_o[0:0]
    35/51: $1\clr_cfg_lock_o[0:0]
    36/51: $1\clr_hint_o[0:0]
    37/51: $1\abort_o[0:0]
    38/51: $1\fall_through_o[0:0]
    39/51: $1\wkup_o[0:0]
    40/51: $1\clr_slow_req_o[0:0]
    41/51: $1\low_power_d[0:0]
    42/51: $1\lc_init[0:0]
    43/51: $1\otp_init[0:0]
    44/51: $14\state_d[11:0]
    45/51: $12\state_d[11:0]
    46/51: $1\ip_clk_en_d[0:0]
    47/51: $1\ack_pwrup_d[0:0]
    48/51: $1\req_pwrdn_d[0:0]
    49/51: $1\reset_ongoing_d[0:0]
    50/51: $1\fetch_en_d[3:0]
    51/51: $1\reset_cause_d[1:0]
Creating decoders for process `$paramod$21a513b276be09c9cb5553d5463fdf4800edca32\pwrmgr_fsm.$proc$/nfs_scratch/scratch/CompilerValidation/zaheer_ahmad/os_fpga2/Validation/RTL_testcases/RTL_Benchmarks_Gap_Analysis/pwrmgr/rtl/pwrmgr_fsm.sv:164$5'.
     1/1: $0\strap_sampled[0:0]

4.18.8. Executing PROC_DLATCH pass (convert process syncs to latches).
No latch inferred for signal `$paramod$b16ec1a2d37bb01b30b4807f6e7e5972c818c2d7\tlul_err.\addr_sz_chk' from process `$paramod$b16ec1a2d37bb01b30b4807f6e7e5972c818c2d7\tlul_err.$proc$/nfs_scratch/scratch/CompilerValidation/zaheer_ahmad/os_fpga2/Validation/RTL_testcases/RTL_Benchmarks_Gap_Analysis/pwrmgr/rtl/tlul_err.sv:46$829'.
No latch inferred for signal `$paramod$b16ec1a2d37bb01b30b4807f6e7e5972c818c2d7\tlul_err.\mask_chk' from process `$paramod$b16ec1a2d37bb01b30b4807f6e7e5972c818c2d7\tlul_err.$proc$/nfs_scratch/scratch/CompilerValidation/zaheer_ahmad/os_fpga2/Validation/RTL_testcases/RTL_Benchmarks_Gap_Analysis/pwrmgr/rtl/tlul_err.sv:46$829'.
No latch inferred for signal `$paramod$b16ec1a2d37bb01b30b4807f6e7e5972c818c2d7\tlul_err.\fulldata_chk' from process `$paramod$b16ec1a2d37bb01b30b4807f6e7e5972c818c2d7\tlul_err.$proc$/nfs_scratch/scratch/CompilerValidation/zaheer_ahmad/os_fpga2/Validation/RTL_testcases/RTL_Benchmarks_Gap_Analysis/pwrmgr/rtl/tlul_err.sv:46$829'.
No latch inferred for signal `$paramod$8ec11ab84d267aa735efee7deaffb669de62e241\pwrmgr_reg_top.\reg_busy_sel' from process `$paramod$8ec11ab84d267aa735efee7deaffb669de62e241\pwrmgr_reg_top.$proc$/nfs_scratch/scratch/CompilerValidation/zaheer_ahmad/os_fpga2/Validation/RTL_testcases/RTL_Benchmarks_Gap_Analysis/pwrmgr/rtl/pwrmgr_reg_top.sv:822$749'.
No latch inferred for signal `$paramod$8ec11ab84d267aa735efee7deaffb669de62e241\pwrmgr_reg_top.\reg_rdata_next' from process `$paramod$8ec11ab84d267aa735efee7deaffb669de62e241\pwrmgr_reg_top.$proc$/nfs_scratch/scratch/CompilerValidation/zaheer_ahmad/os_fpga2/Validation/RTL_testcases/RTL_Benchmarks_Gap_Analysis/pwrmgr/rtl/pwrmgr_reg_top.sv:743$748'.
No latch inferred for signal `$paramod$8ec11ab84d267aa735efee7deaffb669de62e241\pwrmgr_reg_top.\wr_err' from process `$paramod$8ec11ab84d267aa735efee7deaffb669de62e241\pwrmgr_reg_top.$proc$/nfs_scratch/scratch/CompilerValidation/zaheer_ahmad/os_fpga2/Validation/RTL_testcases/RTL_Benchmarks_Gap_Analysis/pwrmgr/rtl/pwrmgr_reg_top.sv:675$677'.
No latch inferred for signal `$paramod$8ec11ab84d267aa735efee7deaffb669de62e241\pwrmgr_reg_top.\addr_hit' from process `$paramod$8ec11ab84d267aa735efee7deaffb669de62e241\pwrmgr_reg_top.$proc$/nfs_scratch/scratch/CompilerValidation/zaheer_ahmad/os_fpga2/Validation/RTL_testcases/RTL_Benchmarks_Gap_Analysis/pwrmgr/rtl/pwrmgr_reg_top.sv:654$662'.
No latch inferred for signal `$paramod$ee0227794101df47ad9f37b0d88f82f880f9e439\tlul_adapter_reg.\addr_align_err' from process `$paramod$ee0227794101df47ad9f37b0d88f82f880f9e439\tlul_adapter_reg.$proc$/nfs_scratch/scratch/CompilerValidation/zaheer_ahmad/os_fpga2/Validation/RTL_testcases/RTL_Benchmarks_Gap_Analysis/pwrmgr/rtl/tlul_adapter_reg.sv:119$623'.
No latch inferred for signal `\prim_secded_inv_64_57_enc.\data_o' from process `\prim_secded_inv_64_57_enc.$proc$/nfs_scratch/scratch/CompilerValidation/zaheer_ahmad/os_fpga2/Validation/RTL_testcases/RTL_Benchmarks_Gap_Analysis/pwrmgr/rtl/prim_secded_inv_64_57_enc.sv:12$594'.
No latch inferred for signal `\prim_secded_inv_39_32_dec.\err_o' from process `\prim_secded_inv_39_32_dec.$proc$/nfs_scratch/scratch/CompilerValidation/zaheer_ahmad/os_fpga2/Validation/RTL_testcases/RTL_Benchmarks_Gap_Analysis/pwrmgr/rtl/prim_secded_inv_39_32_dec.sv:14$504'.
No latch inferred for signal `\prim_secded_inv_39_32_dec.\data_o' from process `\prim_secded_inv_39_32_dec.$proc$/nfs_scratch/scratch/CompilerValidation/zaheer_ahmad/os_fpga2/Validation/RTL_testcases/RTL_Benchmarks_Gap_Analysis/pwrmgr/rtl/prim_secded_inv_39_32_dec.sv:14$504'.
No latch inferred for signal `\prim_secded_inv_39_32_dec.\syndrome_o' from process `\prim_secded_inv_39_32_dec.$proc$/nfs_scratch/scratch/CompilerValidation/zaheer_ahmad/os_fpga2/Validation/RTL_testcases/RTL_Benchmarks_Gap_Analysis/pwrmgr/rtl/prim_secded_inv_39_32_dec.sv:14$504'.
No latch inferred for signal `\prim_secded_inv_64_57_dec.\err_o' from process `\prim_secded_inv_64_57_dec.$proc$/nfs_scratch/scratch/CompilerValidation/zaheer_ahmad/os_fpga2/Validation/RTL_testcases/RTL_Benchmarks_Gap_Analysis/pwrmgr/rtl/prim_secded_inv_64_57_dec.sv:14$363'.
No latch inferred for signal `\prim_secded_inv_64_57_dec.\data_o' from process `\prim_secded_inv_64_57_dec.$proc$/nfs_scratch/scratch/CompilerValidation/zaheer_ahmad/os_fpga2/Validation/RTL_testcases/RTL_Benchmarks_Gap_Analysis/pwrmgr/rtl/prim_secded_inv_64_57_dec.sv:14$363'.
No latch inferred for signal `\prim_secded_inv_64_57_dec.\syndrome_o' from process `\prim_secded_inv_64_57_dec.$proc$/nfs_scratch/scratch/CompilerValidation/zaheer_ahmad/os_fpga2/Validation/RTL_testcases/RTL_Benchmarks_Gap_Analysis/pwrmgr/rtl/prim_secded_inv_64_57_dec.sv:14$363'.
No latch inferred for signal `$paramod$58cc36426b572d644c9bdaa50fac6b4ad91ed7ea\prim_esc_receiver.\state_d' from process `$paramod$58cc36426b572d644c9bdaa50fac6b4ad91ed7ea\prim_esc_receiver.$proc$/nfs_scratch/scratch/CompilerValidation/zaheer_ahmad/os_fpga2/Validation/RTL_testcases/RTL_Benchmarks_Gap_Analysis/pwrmgr/rtl/prim_esc_receiver.sv:155$332'.
No latch inferred for signal `$paramod$58cc36426b572d644c9bdaa50fac6b4ad91ed7ea\prim_esc_receiver.\ping_en' from process `$paramod$58cc36426b572d644c9bdaa50fac6b4ad91ed7ea\prim_esc_receiver.$proc$/nfs_scratch/scratch/CompilerValidation/zaheer_ahmad/os_fpga2/Validation/RTL_testcases/RTL_Benchmarks_Gap_Analysis/pwrmgr/rtl/prim_esc_receiver.sv:155$332'.
No latch inferred for signal `$paramod$58cc36426b572d644c9bdaa50fac6b4ad91ed7ea\prim_esc_receiver.\esc_req' from process `$paramod$58cc36426b572d644c9bdaa50fac6b4ad91ed7ea\prim_esc_receiver.$proc$/nfs_scratch/scratch/CompilerValidation/zaheer_ahmad/os_fpga2/Validation/RTL_testcases/RTL_Benchmarks_Gap_Analysis/pwrmgr/rtl/prim_esc_receiver.sv:155$332'.
No latch inferred for signal `$paramod$58cc36426b572d644c9bdaa50fac6b4ad91ed7ea\prim_esc_receiver.\resp_pd' from process `$paramod$58cc36426b572d644c9bdaa50fac6b4ad91ed7ea\prim_esc_receiver.$proc$/nfs_scratch/scratch/CompilerValidation/zaheer_ahmad/os_fpga2/Validation/RTL_testcases/RTL_Benchmarks_Gap_Analysis/pwrmgr/rtl/prim_esc_receiver.sv:155$332'.
No latch inferred for signal `$paramod$58cc36426b572d644c9bdaa50fac6b4ad91ed7ea\prim_esc_receiver.\resp_nd' from process `$paramod$58cc36426b572d644c9bdaa50fac6b4ad91ed7ea\prim_esc_receiver.$proc$/nfs_scratch/scratch/CompilerValidation/zaheer_ahmad/os_fpga2/Validation/RTL_testcases/RTL_Benchmarks_Gap_Analysis/pwrmgr/rtl/prim_esc_receiver.sv:155$332'.
No latch inferred for signal `$paramod$30daef7d8fbea83f8d5d97bb6bbeea8d50f20643\tlul_rsp_intg_gen.\tlul_pkg::extract_d2h_rsp_intg$func$/nfs_scratch/scratch/CompilerValidation/zaheer_ahmad/os_fpga2/Validation/RTL_testcases/RTL_Benchmarks_Gap_Analysis/pwrmgr/rtl/tlul_rsp_intg_gen.sv:23$309.$result' from process `$paramod$30daef7d8fbea83f8d5d97bb6bbeea8d50f20643\tlul_rsp_intg_gen.$proc$/nfs_scratch/scratch/CompilerValidation/zaheer_ahmad/os_fpga2/Validation/RTL_testcases/RTL_Benchmarks_Gap_Analysis/pwrmgr/rtl/tlul_pkg.sv:0$313'.
No latch inferred for signal `$paramod$30daef7d8fbea83f8d5d97bb6bbeea8d50f20643\tlul_rsp_intg_gen.\tlul_pkg::extract_d2h_rsp_intg$func$/nfs_scratch/scratch/CompilerValidation/zaheer_ahmad/os_fpga2/Validation/RTL_testcases/RTL_Benchmarks_Gap_Analysis/pwrmgr/rtl/tlul_rsp_intg_gen.sv:23$310.$result' from process `$paramod$30daef7d8fbea83f8d5d97bb6bbeea8d50f20643\tlul_rsp_intg_gen.$proc$/nfs_scratch/scratch/CompilerValidation/zaheer_ahmad/os_fpga2/Validation/RTL_testcases/RTL_Benchmarks_Gap_Analysis/pwrmgr/rtl/tlul_pkg.sv:0$313'.
No latch inferred for signal `$paramod$30daef7d8fbea83f8d5d97bb6bbeea8d50f20643\tlul_rsp_intg_gen.\tlul_pkg::extract_d2h_rsp_intg$func$/nfs_scratch/scratch/CompilerValidation/zaheer_ahmad/os_fpga2/Validation/RTL_testcases/RTL_Benchmarks_Gap_Analysis/pwrmgr/rtl/tlul_rsp_intg_gen.sv:23$310.tl' from process `$paramod$30daef7d8fbea83f8d5d97bb6bbeea8d50f20643\tlul_rsp_intg_gen.$proc$/nfs_scratch/scratch/CompilerValidation/zaheer_ahmad/os_fpga2/Validation/RTL_testcases/RTL_Benchmarks_Gap_Analysis/pwrmgr/rtl/tlul_pkg.sv:0$313'.
No latch inferred for signal `$paramod$30daef7d8fbea83f8d5d97bb6bbeea8d50f20643\tlul_rsp_intg_gen.\tlul_pkg::extract_d2h_rsp_intg$func$/nfs_scratch/scratch/CompilerValidation/zaheer_ahmad/os_fpga2/Validation/RTL_testcases/RTL_Benchmarks_Gap_Analysis/pwrmgr/rtl/tlul_rsp_intg_gen.sv:23$310.$unnamed_block$47.payload' from process `$paramod$30daef7d8fbea83f8d5d97bb6bbeea8d50f20643\tlul_rsp_intg_gen.$proc$/nfs_scratch/scratch/CompilerValidation/zaheer_ahmad/os_fpga2/Validation/RTL_testcases/RTL_Benchmarks_Gap_Analysis/pwrmgr/rtl/tlul_pkg.sv:0$313'.
No latch inferred for signal `$paramod$30daef7d8fbea83f8d5d97bb6bbeea8d50f20643\tlul_rsp_intg_gen.\tlul_pkg::extract_d2h_rsp_intg$func$/nfs_scratch/scratch/CompilerValidation/zaheer_ahmad/os_fpga2/Validation/RTL_testcases/RTL_Benchmarks_Gap_Analysis/pwrmgr/rtl/tlul_rsp_intg_gen.sv:23$310.$unnamed_block$47.unused_tlul' from process `$paramod$30daef7d8fbea83f8d5d97bb6bbeea8d50f20643\tlul_rsp_intg_gen.$proc$/nfs_scratch/scratch/CompilerValidation/zaheer_ahmad/os_fpga2/Validation/RTL_testcases/RTL_Benchmarks_Gap_Analysis/pwrmgr/rtl/tlul_pkg.sv:0$313'.
No latch inferred for signal `$paramod$30daef7d8fbea83f8d5d97bb6bbeea8d50f20643\tlul_rsp_intg_gen.\tl_o' from process `$paramod$30daef7d8fbea83f8d5d97bb6bbeea8d50f20643\tlul_rsp_intg_gen.$proc$/nfs_scratch/scratch/CompilerValidation/zaheer_ahmad/os_fpga2/Validation/RTL_testcases/RTL_Benchmarks_Gap_Analysis/pwrmgr/rtl/tlul_rsp_intg_gen.sv:44$312'.
No latch inferred for signal `\prim_secded_inv_39_32_enc.\data_o' from process `\prim_secded_inv_39_32_enc.$proc$/nfs_scratch/scratch/CompilerValidation/zaheer_ahmad/os_fpga2/Validation/RTL_testcases/RTL_Benchmarks_Gap_Analysis/pwrmgr/rtl/prim_secded_inv_39_32_enc.sv:12$267'.
No latch inferred for signal `$paramod$b16ec1a2d37bb01b30b4807f6e7e5972c818c2d7\tlul_cmd_intg_chk.\tlul_pkg::extract_h2d_cmd_intg$func$/nfs_scratch/scratch/CompilerValidation/zaheer_ahmad/os_fpga2/Validation/RTL_testcases/RTL_Benchmarks_Gap_Analysis/pwrmgr/rtl/tlul_cmd_intg_chk.sv:14$249.$result' from process `$paramod$b16ec1a2d37bb01b30b4807f6e7e5972c818c2d7\tlul_cmd_intg_chk.$proc$/nfs_scratch/scratch/CompilerValidation/zaheer_ahmad/os_fpga2/Validation/RTL_testcases/RTL_Benchmarks_Gap_Analysis/pwrmgr/rtl/tlul_pkg.sv:0$260'.
No latch inferred for signal `$paramod$b16ec1a2d37bb01b30b4807f6e7e5972c818c2d7\tlul_cmd_intg_chk.\tlul_pkg::extract_h2d_cmd_intg$func$/nfs_scratch/scratch/CompilerValidation/zaheer_ahmad/os_fpga2/Validation/RTL_testcases/RTL_Benchmarks_Gap_Analysis/pwrmgr/rtl/tlul_cmd_intg_chk.sv:14$250.$result' from process `$paramod$b16ec1a2d37bb01b30b4807f6e7e5972c818c2d7\tlul_cmd_intg_chk.$proc$/nfs_scratch/scratch/CompilerValidation/zaheer_ahmad/os_fpga2/Validation/RTL_testcases/RTL_Benchmarks_Gap_Analysis/pwrmgr/rtl/tlul_pkg.sv:0$260'.
No latch inferred for signal `$paramod$b16ec1a2d37bb01b30b4807f6e7e5972c818c2d7\tlul_cmd_intg_chk.\tlul_pkg::extract_h2d_cmd_intg$func$/nfs_scratch/scratch/CompilerValidation/zaheer_ahmad/os_fpga2/Validation/RTL_testcases/RTL_Benchmarks_Gap_Analysis/pwrmgr/rtl/tlul_cmd_intg_chk.sv:14$250.tl' from process `$paramod$b16ec1a2d37bb01b30b4807f6e7e5972c818c2d7\tlul_cmd_intg_chk.$proc$/nfs_scratch/scratch/CompilerValidation/zaheer_ahmad/os_fpga2/Validation/RTL_testcases/RTL_Benchmarks_Gap_Analysis/pwrmgr/rtl/tlul_pkg.sv:0$260'.
No latch inferred for signal `$paramod$b16ec1a2d37bb01b30b4807f6e7e5972c818c2d7\tlul_cmd_intg_chk.\tlul_pkg::extract_h2d_cmd_intg$func$/nfs_scratch/scratch/CompilerValidation/zaheer_ahmad/os_fpga2/Validation/RTL_testcases/RTL_Benchmarks_Gap_Analysis/pwrmgr/rtl/tlul_cmd_intg_chk.sv:14$250.$unnamed_block$46.payload' from process `$paramod$b16ec1a2d37bb01b30b4807f6e7e5972c818c2d7\tlul_cmd_intg_chk.$proc$/nfs_scratch/scratch/CompilerValidation/zaheer_ahmad/os_fpga2/Validation/RTL_testcases/RTL_Benchmarks_Gap_Analysis/pwrmgr/rtl/tlul_pkg.sv:0$260'.
No latch inferred for signal `$paramod$b16ec1a2d37bb01b30b4807f6e7e5972c818c2d7\tlul_cmd_intg_chk.\tlul_pkg::extract_h2d_cmd_intg$func$/nfs_scratch/scratch/CompilerValidation/zaheer_ahmad/os_fpga2/Validation/RTL_testcases/RTL_Benchmarks_Gap_Analysis/pwrmgr/rtl/tlul_cmd_intg_chk.sv:14$250.$unnamed_block$46.unused_tlul' from process `$paramod$b16ec1a2d37bb01b30b4807f6e7e5972c818c2d7\tlul_cmd_intg_chk.$proc$/nfs_scratch/scratch/CompilerValidation/zaheer_ahmad/os_fpga2/Validation/RTL_testcases/RTL_Benchmarks_Gap_Analysis/pwrmgr/rtl/tlul_pkg.sv:0$260'.
No latch inferred for signal `\prim_sync_reqack.\src_ack_o' from process `\prim_sync_reqack.$proc$/nfs_scratch/scratch/CompilerValidation/zaheer_ahmad/os_fpga2/Validation/RTL_testcases/RTL_Benchmarks_Gap_Analysis/pwrmgr/rtl/prim_sync_reqack.sv:70$246'.
No latch inferred for signal `\prim_sync_reqack.\src_fsm_ns' from process `\prim_sync_reqack.$proc$/nfs_scratch/scratch/CompilerValidation/zaheer_ahmad/os_fpga2/Validation/RTL_testcases/RTL_Benchmarks_Gap_Analysis/pwrmgr/rtl/prim_sync_reqack.sv:70$246'.
No latch inferred for signal `\prim_sync_reqack.\src_req_d' from process `\prim_sync_reqack.$proc$/nfs_scratch/scratch/CompilerValidation/zaheer_ahmad/os_fpga2/Validation/RTL_testcases/RTL_Benchmarks_Gap_Analysis/pwrmgr/rtl/prim_sync_reqack.sv:70$246'.
No latch inferred for signal `\prim_sync_reqack.\dst_req_o' from process `\prim_sync_reqack.$proc$/nfs_scratch/scratch/CompilerValidation/zaheer_ahmad/os_fpga2/Validation/RTL_testcases/RTL_Benchmarks_Gap_Analysis/pwrmgr/rtl/prim_sync_reqack.sv:102$239'.
No latch inferred for signal `\prim_sync_reqack.\dst_fsm_ns' from process `\prim_sync_reqack.$proc$/nfs_scratch/scratch/CompilerValidation/zaheer_ahmad/os_fpga2/Validation/RTL_testcases/RTL_Benchmarks_Gap_Analysis/pwrmgr/rtl/prim_sync_reqack.sv:102$239'.
No latch inferred for signal `\prim_sync_reqack.\dst_ack_d' from process `\prim_sync_reqack.$proc$/nfs_scratch/scratch/CompilerValidation/zaheer_ahmad/os_fpga2/Validation/RTL_testcases/RTL_Benchmarks_Gap_Analysis/pwrmgr/rtl/prim_sync_reqack.sv:102$239'.
No latch inferred for signal `\pwrmgr.\prim_mubi_pkg::mubi4_test_true_strict$func$/nfs_scratch/scratch/CompilerValidation/zaheer_ahmad/os_fpga2/Validation/RTL_testcases/RTL_Benchmarks_Gap_Analysis/pwrmgr/rtl/pwrmgr.sv:149$208.$result' from process `\pwrmgr.$proc$/nfs_scratch/scratch/CompilerValidation/zaheer_ahmad/os_fpga2/Validation/RTL_testcases/RTL_Benchmarks_Gap_Analysis/pwrmgr/rtl/prim_mubi_pkg.sv:0$228'.
No latch inferred for signal `\pwrmgr.\prim_mubi_pkg::mubi4_test_true_strict$func$/nfs_scratch/scratch/CompilerValidation/zaheer_ahmad/os_fpga2/Validation/RTL_testcases/RTL_Benchmarks_Gap_Analysis/pwrmgr/rtl/pwrmgr.sv:149$209.$result' from process `\pwrmgr.$proc$/nfs_scratch/scratch/CompilerValidation/zaheer_ahmad/os_fpga2/Validation/RTL_testcases/RTL_Benchmarks_Gap_Analysis/pwrmgr/rtl/prim_mubi_pkg.sv:0$228'.
No latch inferred for signal `\pwrmgr.\prim_mubi_pkg::mubi4_test_true_strict$func$/nfs_scratch/scratch/CompilerValidation/zaheer_ahmad/os_fpga2/Validation/RTL_testcases/RTL_Benchmarks_Gap_Analysis/pwrmgr/rtl/pwrmgr.sv:149$209.val' from process `\pwrmgr.$proc$/nfs_scratch/scratch/CompilerValidation/zaheer_ahmad/os_fpga2/Validation/RTL_testcases/RTL_Benchmarks_Gap_Analysis/pwrmgr/rtl/prim_mubi_pkg.sv:0$228'.
No latch inferred for signal `$paramod\prim_alert_sender\AsyncOn=1'1\ALERT_TX_DEFAULT=2'01\ALERT_RX_DEFAULT=4'0101.\state_d' from process `$paramod\prim_alert_sender\AsyncOn=1'1\ALERT_TX_DEFAULT=2'01\ALERT_RX_DEFAULT=4'0101.$proc$/nfs_scratch/scratch/CompilerValidation/zaheer_ahmad/os_fpga2/Validation/RTL_testcases/RTL_Benchmarks_Gap_Analysis/pwrmgr/rtl/prim_alert_sender.sv:127$196'.
No latch inferred for signal `$paramod\prim_alert_sender\AsyncOn=1'1\ALERT_TX_DEFAULT=2'01\ALERT_RX_DEFAULT=4'0101.\alert_p' from process `$paramod\prim_alert_sender\AsyncOn=1'1\ALERT_TX_DEFAULT=2'01\ALERT_RX_DEFAULT=4'0101.$proc$/nfs_scratch/scratch/CompilerValidation/zaheer_ahmad/os_fpga2/Validation/RTL_testcases/RTL_Benchmarks_Gap_Analysis/pwrmgr/rtl/prim_alert_sender.sv:127$196'.
No latch inferred for signal `$paramod\prim_alert_sender\AsyncOn=1'1\ALERT_TX_DEFAULT=2'01\ALERT_RX_DEFAULT=4'0101.\alert_n' from process `$paramod\prim_alert_sender\AsyncOn=1'1\ALERT_TX_DEFAULT=2'01\ALERT_RX_DEFAULT=4'0101.$proc$/nfs_scratch/scratch/CompilerValidation/zaheer_ahmad/os_fpga2/Validation/RTL_testcases/RTL_Benchmarks_Gap_Analysis/pwrmgr/rtl/prim_alert_sender.sv:127$196'.
No latch inferred for signal `$paramod\prim_alert_sender\AsyncOn=1'1\ALERT_TX_DEFAULT=2'01\ALERT_RX_DEFAULT=4'0101.\alert_clr' from process `$paramod\prim_alert_sender\AsyncOn=1'1\ALERT_TX_DEFAULT=2'01\ALERT_RX_DEFAULT=4'0101.$proc$/nfs_scratch/scratch/CompilerValidation/zaheer_ahmad/os_fpga2/Validation/RTL_testcases/RTL_Benchmarks_Gap_Analysis/pwrmgr/rtl/prim_alert_sender.sv:127$196'.
No latch inferred for signal `$paramod\prim_alert_sender\AsyncOn=1'1\ALERT_TX_DEFAULT=2'01\ALERT_RX_DEFAULT=4'0101.\ping_clr' from process `$paramod\prim_alert_sender\AsyncOn=1'1\ALERT_TX_DEFAULT=2'01\ALERT_RX_DEFAULT=4'0101.$proc$/nfs_scratch/scratch/CompilerValidation/zaheer_ahmad/os_fpga2/Validation/RTL_testcases/RTL_Benchmarks_Gap_Analysis/pwrmgr/rtl/prim_alert_sender.sv:127$196'.
No latch inferred for signal `$paramod\prim_diff_decode\AsyncOn=1'1.\level_d' from process `$paramod\prim_diff_decode\AsyncOn=1'1.$proc$/nfs_scratch/scratch/CompilerValidation/zaheer_ahmad/os_fpga2/Validation/RTL_testcases/RTL_Benchmarks_Gap_Analysis/pwrmgr/rtl/prim_diff_decode.sv:106$184'.
No latch inferred for signal `$paramod\prim_diff_decode\AsyncOn=1'1.\rise_o' from process `$paramod\prim_diff_decode\AsyncOn=1'1.$proc$/nfs_scratch/scratch/CompilerValidation/zaheer_ahmad/os_fpga2/Validation/RTL_testcases/RTL_Benchmarks_Gap_Analysis/pwrmgr/rtl/prim_diff_decode.sv:106$184'.
No latch inferred for signal `$paramod\prim_diff_decode\AsyncOn=1'1.\fall_o' from process `$paramod\prim_diff_decode\AsyncOn=1'1.$proc$/nfs_scratch/scratch/CompilerValidation/zaheer_ahmad/os_fpga2/Validation/RTL_testcases/RTL_Benchmarks_Gap_Analysis/pwrmgr/rtl/prim_diff_decode.sv:106$184'.
No latch inferred for signal `$paramod\prim_diff_decode\AsyncOn=1'1.\sigint_o' from process `$paramod\prim_diff_decode\AsyncOn=1'1.$proc$/nfs_scratch/scratch/CompilerValidation/zaheer_ahmad/os_fpga2/Validation/RTL_testcases/RTL_Benchmarks_Gap_Analysis/pwrmgr/rtl/prim_diff_decode.sv:106$184'.
No latch inferred for signal `$paramod\prim_diff_decode\AsyncOn=1'1.\gen_async.state_d' from process `$paramod\prim_diff_decode\AsyncOn=1'1.$proc$/nfs_scratch/scratch/CompilerValidation/zaheer_ahmad/os_fpga2/Validation/RTL_testcases/RTL_Benchmarks_Gap_Analysis/pwrmgr/rtl/prim_diff_decode.sv:106$184'.
No latch inferred for signal `$paramod$21db42bc4a37f19b92ab182268213f76666c0005\pwrmgr_slow_fsm.\state_d' from process `$paramod$21db42bc4a37f19b92ab182268213f76666c0005\pwrmgr_slow_fsm.$proc$/nfs_scratch/scratch/CompilerValidation/zaheer_ahmad/os_fpga2/Validation/RTL_testcases/RTL_Benchmarks_Gap_Analysis/pwrmgr/rtl/pwrmgr_slow_fsm.sv:138$79'.
No latch inferred for signal `$paramod$21db42bc4a37f19b92ab182268213f76666c0005\pwrmgr_slow_fsm.\cause_d' from process `$paramod$21db42bc4a37f19b92ab182268213f76666c0005\pwrmgr_slow_fsm.$proc$/nfs_scratch/scratch/CompilerValidation/zaheer_ahmad/os_fpga2/Validation/RTL_testcases/RTL_Benchmarks_Gap_Analysis/pwrmgr/rtl/pwrmgr_slow_fsm.sv:138$79'.
No latch inferred for signal `$paramod$21db42bc4a37f19b92ab182268213f76666c0005\pwrmgr_slow_fsm.\cause_toggle_d' from process `$paramod$21db42bc4a37f19b92ab182268213f76666c0005\pwrmgr_slow_fsm.$proc$/nfs_scratch/scratch/CompilerValidation/zaheer_ahmad/os_fpga2/Validation/RTL_testcases/RTL_Benchmarks_Gap_Analysis/pwrmgr/rtl/pwrmgr_slow_fsm.sv:138$79'.
No latch inferred for signal `$paramod$21db42bc4a37f19b92ab182268213f76666c0005\pwrmgr_slow_fsm.\req_pwrup_d' from process `$paramod$21db42bc4a37f19b92ab182268213f76666c0005\pwrmgr_slow_fsm.$proc$/nfs_scratch/scratch/CompilerValidation/zaheer_ahmad/os_fpga2/Validation/RTL_testcases/RTL_Benchmarks_Gap_Analysis/pwrmgr/rtl/pwrmgr_slow_fsm.sv:138$79'.
No latch inferred for signal `$paramod$21db42bc4a37f19b92ab182268213f76666c0005\pwrmgr_slow_fsm.\ack_pwrdn_d' from process `$paramod$21db42bc4a37f19b92ab182268213f76666c0005\pwrmgr_slow_fsm.$proc$/nfs_scratch/scratch/CompilerValidation/zaheer_ahmad/os_fpga2/Validation/RTL_testcases/RTL_Benchmarks_Gap_Analysis/pwrmgr/rtl/pwrmgr_slow_fsm.sv:138$79'.
No latch inferred for signal `$paramod$21db42bc4a37f19b92ab182268213f76666c0005\pwrmgr_slow_fsm.\pd_nd' from process `$paramod$21db42bc4a37f19b92ab182268213f76666c0005\pwrmgr_slow_fsm.$proc$/nfs_scratch/scratch/CompilerValidation/zaheer_ahmad/os_fpga2/Validation/RTL_testcases/RTL_Benchmarks_Gap_Analysis/pwrmgr/rtl/pwrmgr_slow_fsm.sv:138$79'.
No latch inferred for signal `$paramod$21db42bc4a37f19b92ab182268213f76666c0005\pwrmgr_slow_fsm.\pwr_clamp_d' from process `$paramod$21db42bc4a37f19b92ab182268213f76666c0005\pwrmgr_slow_fsm.$proc$/nfs_scratch/scratch/CompilerValidation/zaheer_ahmad/os_fpga2/Validation/RTL_testcases/RTL_Benchmarks_Gap_Analysis/pwrmgr/rtl/pwrmgr_slow_fsm.sv:138$79'.
No latch inferred for signal `$paramod$21db42bc4a37f19b92ab182268213f76666c0005\pwrmgr_slow_fsm.\pwr_clamp_env_d' from process `$paramod$21db42bc4a37f19b92ab182268213f76666c0005\pwrmgr_slow_fsm.$proc$/nfs_scratch/scratch/CompilerValidation/zaheer_ahmad/os_fpga2/Validation/RTL_testcases/RTL_Benchmarks_Gap_Analysis/pwrmgr/rtl/pwrmgr_slow_fsm.sv:138$79'.
No latch inferred for signal `$paramod$21db42bc4a37f19b92ab182268213f76666c0005\pwrmgr_slow_fsm.\core_clk_en_d' from process `$paramod$21db42bc4a37f19b92ab182268213f76666c0005\pwrmgr_slow_fsm.$proc$/nfs_scratch/scratch/CompilerValidation/zaheer_ahmad/os_fpga2/Validation/RTL_testcases/RTL_Benchmarks_Gap_Analysis/pwrmgr/rtl/pwrmgr_slow_fsm.sv:138$79'.
No latch inferred for signal `$paramod$21db42bc4a37f19b92ab182268213f76666c0005\pwrmgr_slow_fsm.\io_clk_en_d' from process `$paramod$21db42bc4a37f19b92ab182268213f76666c0005\pwrmgr_slow_fsm.$proc$/nfs_scratch/scratch/CompilerValidation/zaheer_ahmad/os_fpga2/Validation/RTL_testcases/RTL_Benchmarks_Gap_Analysis/pwrmgr/rtl/pwrmgr_slow_fsm.sv:138$79'.
No latch inferred for signal `$paramod$21db42bc4a37f19b92ab182268213f76666c0005\pwrmgr_slow_fsm.\usb_clk_en_d' from process `$paramod$21db42bc4a37f19b92ab182268213f76666c0005\pwrmgr_slow_fsm.$proc$/nfs_scratch/scratch/CompilerValidation/zaheer_ahmad/os_fpga2/Validation/RTL_testcases/RTL_Benchmarks_Gap_Analysis/pwrmgr/rtl/pwrmgr_slow_fsm.sv:138$79'.
No latch inferred for signal `$paramod$21db42bc4a37f19b92ab182268213f76666c0005\pwrmgr_slow_fsm.\fsm_invalid_d' from process `$paramod$21db42bc4a37f19b92ab182268213f76666c0005\pwrmgr_slow_fsm.$proc$/nfs_scratch/scratch/CompilerValidation/zaheer_ahmad/os_fpga2/Validation/RTL_testcases/RTL_Benchmarks_Gap_Analysis/pwrmgr/rtl/pwrmgr_slow_fsm.sv:138$79'.
No latch inferred for signal `$paramod$21db42bc4a37f19b92ab182268213f76666c0005\pwrmgr_slow_fsm.\mon_main_pok' from process `$paramod$21db42bc4a37f19b92ab182268213f76666c0005\pwrmgr_slow_fsm.$proc$/nfs_scratch/scratch/CompilerValidation/zaheer_ahmad/os_fpga2/Validation/RTL_testcases/RTL_Benchmarks_Gap_Analysis/pwrmgr/rtl/pwrmgr_slow_fsm.sv:138$79'.
No latch inferred for signal `$paramod$21db42bc4a37f19b92ab182268213f76666c0005\pwrmgr_slow_fsm.\set_main_pok' from process `$paramod$21db42bc4a37f19b92ab182268213f76666c0005\pwrmgr_slow_fsm.$proc$/nfs_scratch/scratch/CompilerValidation/zaheer_ahmad/os_fpga2/Validation/RTL_testcases/RTL_Benchmarks_Gap_Analysis/pwrmgr/rtl/pwrmgr_slow_fsm.sv:138$79'.
No latch inferred for signal `$paramod$21a513b276be09c9cb5553d5463fdf4800edca32\pwrmgr_fsm.\prim_mubi_pkg::mubi4_test_true_strict$func$/nfs_scratch/scratch/CompilerValidation/zaheer_ahmad/os_fpga2/Validation/RTL_testcases/RTL_Benchmarks_Gap_Analysis/pwrmgr/rtl/pwrmgr_fsm.sv:240$2.$result' from process `$paramod$21a513b276be09c9cb5553d5463fdf4800edca32\pwrmgr_fsm.$proc$/nfs_scratch/scratch/CompilerValidation/zaheer_ahmad/os_fpga2/Validation/RTL_testcases/RTL_Benchmarks_Gap_Analysis/pwrmgr/rtl/prim_mubi_pkg.sv:0$72'.
No latch inferred for signal `$paramod$21a513b276be09c9cb5553d5463fdf4800edca32\pwrmgr_fsm.\prim_mubi_pkg::mubi4_test_true_strict$func$/nfs_scratch/scratch/CompilerValidation/zaheer_ahmad/os_fpga2/Validation/RTL_testcases/RTL_Benchmarks_Gap_Analysis/pwrmgr/rtl/pwrmgr_fsm.sv:240$4.$result' from process `$paramod$21a513b276be09c9cb5553d5463fdf4800edca32\pwrmgr_fsm.$proc$/nfs_scratch/scratch/CompilerValidation/zaheer_ahmad/os_fpga2/Validation/RTL_testcases/RTL_Benchmarks_Gap_Analysis/pwrmgr/rtl/prim_mubi_pkg.sv:0$72'.
No latch inferred for signal `$paramod$21a513b276be09c9cb5553d5463fdf4800edca32\pwrmgr_fsm.\prim_mubi_pkg::mubi4_test_true_strict$func$/nfs_scratch/scratch/CompilerValidation/zaheer_ahmad/os_fpga2/Validation/RTL_testcases/RTL_Benchmarks_Gap_Analysis/pwrmgr/rtl/pwrmgr_fsm.sv:240$4.val' from process `$paramod$21a513b276be09c9cb5553d5463fdf4800edca32\pwrmgr_fsm.$proc$/nfs_scratch/scratch/CompilerValidation/zaheer_ahmad/os_fpga2/Validation/RTL_testcases/RTL_Benchmarks_Gap_Analysis/pwrmgr/rtl/prim_mubi_pkg.sv:0$72'.
No latch inferred for signal `$paramod$21a513b276be09c9cb5553d5463fdf4800edca32\pwrmgr_fsm.\prim_mubi_pkg::mubi4_test_true_strict$func$/nfs_scratch/scratch/CompilerValidation/zaheer_ahmad/os_fpga2/Validation/RTL_testcases/RTL_Benchmarks_Gap_Analysis/pwrmgr/rtl/pwrmgr_fsm.sv:236$1.$result' from process `$paramod$21a513b276be09c9cb5553d5463fdf4800edca32\pwrmgr_fsm.$proc$/nfs_scratch/scratch/CompilerValidation/zaheer_ahmad/os_fpga2/Validation/RTL_testcases/RTL_Benchmarks_Gap_Analysis/pwrmgr/rtl/prim_mubi_pkg.sv:0$67'.
No latch inferred for signal `$paramod$21a513b276be09c9cb5553d5463fdf4800edca32\pwrmgr_fsm.\prim_mubi_pkg::mubi4_test_true_strict$func$/nfs_scratch/scratch/CompilerValidation/zaheer_ahmad/os_fpga2/Validation/RTL_testcases/RTL_Benchmarks_Gap_Analysis/pwrmgr/rtl/pwrmgr_fsm.sv:236$3.$result' from process `$paramod$21a513b276be09c9cb5553d5463fdf4800edca32\pwrmgr_fsm.$proc$/nfs_scratch/scratch/CompilerValidation/zaheer_ahmad/os_fpga2/Validation/RTL_testcases/RTL_Benchmarks_Gap_Analysis/pwrmgr/rtl/prim_mubi_pkg.sv:0$67'.
No latch inferred for signal `$paramod$21a513b276be09c9cb5553d5463fdf4800edca32\pwrmgr_fsm.\prim_mubi_pkg::mubi4_test_true_strict$func$/nfs_scratch/scratch/CompilerValidation/zaheer_ahmad/os_fpga2/Validation/RTL_testcases/RTL_Benchmarks_Gap_Analysis/pwrmgr/rtl/pwrmgr_fsm.sv:236$3.val' from process `$paramod$21a513b276be09c9cb5553d5463fdf4800edca32\pwrmgr_fsm.$proc$/nfs_scratch/scratch/CompilerValidation/zaheer_ahmad/os_fpga2/Validation/RTL_testcases/RTL_Benchmarks_Gap_Analysis/pwrmgr/rtl/prim_mubi_pkg.sv:0$67'.
No latch inferred for signal `$paramod$21a513b276be09c9cb5553d5463fdf4800edca32\pwrmgr_fsm.\reset_cause_d' from process `$paramod$21a513b276be09c9cb5553d5463fdf4800edca32\pwrmgr_fsm.$proc$/nfs_scratch/scratch/CompilerValidation/zaheer_ahmad/os_fpga2/Validation/RTL_testcases/RTL_Benchmarks_Gap_Analysis/pwrmgr/rtl/pwrmgr_fsm.sv:242$10'.
No latch inferred for signal `$paramod$21a513b276be09c9cb5553d5463fdf4800edca32\pwrmgr_fsm.\fetch_en_d' from process `$paramod$21a513b276be09c9cb5553d5463fdf4800edca32\pwrmgr_fsm.$proc$/nfs_scratch/scratch/CompilerValidation/zaheer_ahmad/os_fpga2/Validation/RTL_testcases/RTL_Benchmarks_Gap_Analysis/pwrmgr/rtl/pwrmgr_fsm.sv:242$10'.
No latch inferred for signal `$paramod$21a513b276be09c9cb5553d5463fdf4800edca32\pwrmgr_fsm.\state_d' from process `$paramod$21a513b276be09c9cb5553d5463fdf4800edca32\pwrmgr_fsm.$proc$/nfs_scratch/scratch/CompilerValidation/zaheer_ahmad/os_fpga2/Validation/RTL_testcases/RTL_Benchmarks_Gap_Analysis/pwrmgr/rtl/pwrmgr_fsm.sv:242$10'.
No latch inferred for signal `$paramod$21a513b276be09c9cb5553d5463fdf4800edca32\pwrmgr_fsm.\reset_ongoing_d' from process `$paramod$21a513b276be09c9cb5553d5463fdf4800edca32\pwrmgr_fsm.$proc$/nfs_scratch/scratch/CompilerValidation/zaheer_ahmad/os_fpga2/Validation/RTL_testcases/RTL_Benchmarks_Gap_Analysis/pwrmgr/rtl/pwrmgr_fsm.sv:242$10'.
No latch inferred for signal `$paramod$21a513b276be09c9cb5553d5463fdf4800edca32\pwrmgr_fsm.\req_pwrdn_d' from process `$paramod$21a513b276be09c9cb5553d5463fdf4800edca32\pwrmgr_fsm.$proc$/nfs_scratch/scratch/CompilerValidation/zaheer_ahmad/os_fpga2/Validation/RTL_testcases/RTL_Benchmarks_Gap_Analysis/pwrmgr/rtl/pwrmgr_fsm.sv:242$10'.
No latch inferred for signal `$paramod$21a513b276be09c9cb5553d5463fdf4800edca32\pwrmgr_fsm.\ack_pwrup_d' from process `$paramod$21a513b276be09c9cb5553d5463fdf4800edca32\pwrmgr_fsm.$proc$/nfs_scratch/scratch/CompilerValidation/zaheer_ahmad/os_fpga2/Validation/RTL_testcases/RTL_Benchmarks_Gap_Analysis/pwrmgr/rtl/pwrmgr_fsm.sv:242$10'.
No latch inferred for signal `$paramod$21a513b276be09c9cb5553d5463fdf4800edca32\pwrmgr_fsm.\ip_clk_en_d' from process `$paramod$21a513b276be09c9cb5553d5463fdf4800edca32\pwrmgr_fsm.$proc$/nfs_scratch/scratch/CompilerValidation/zaheer_ahmad/os_fpga2/Validation/RTL_testcases/RTL_Benchmarks_Gap_Analysis/pwrmgr/rtl/pwrmgr_fsm.sv:242$10'.
No latch inferred for signal `$paramod$21a513b276be09c9cb5553d5463fdf4800edca32\pwrmgr_fsm.\rst_lc_req_d' from process `$paramod$21a513b276be09c9cb5553d5463fdf4800edca32\pwrmgr_fsm.$proc$/nfs_scratch/scratch/CompilerValidation/zaheer_ahmad/os_fpga2/Validation/RTL_testcases/RTL_Benchmarks_Gap_Analysis/pwrmgr/rtl/pwrmgr_fsm.sv:242$10'.
No latch inferred for signal `$paramod$21a513b276be09c9cb5553d5463fdf4800edca32\pwrmgr_fsm.\rst_sys_req_d' from process `$paramod$21a513b276be09c9cb5553d5463fdf4800edca32\pwrmgr_fsm.$proc$/nfs_scratch/scratch/CompilerValidation/zaheer_ahmad/os_fpga2/Validation/RTL_testcases/RTL_Benchmarks_Gap_Analysis/pwrmgr/rtl/pwrmgr_fsm.sv:242$10'.
No latch inferred for signal `$paramod$21a513b276be09c9cb5553d5463fdf4800edca32\pwrmgr_fsm.\otp_init' from process `$paramod$21a513b276be09c9cb5553d5463fdf4800edca32\pwrmgr_fsm.$proc$/nfs_scratch/scratch/CompilerValidation/zaheer_ahmad/os_fpga2/Validation/RTL_testcases/RTL_Benchmarks_Gap_Analysis/pwrmgr/rtl/pwrmgr_fsm.sv:242$10'.
No latch inferred for signal `$paramod$21a513b276be09c9cb5553d5463fdf4800edca32\pwrmgr_fsm.\lc_init' from process `$paramod$21a513b276be09c9cb5553d5463fdf4800edca32\pwrmgr_fsm.$proc$/nfs_scratch/scratch/CompilerValidation/zaheer_ahmad/os_fpga2/Validation/RTL_testcases/RTL_Benchmarks_Gap_Analysis/pwrmgr/rtl/pwrmgr_fsm.sv:242$10'.
No latch inferred for signal `$paramod$21a513b276be09c9cb5553d5463fdf4800edca32\pwrmgr_fsm.\low_power_d' from process `$paramod$21a513b276be09c9cb5553d5463fdf4800edca32\pwrmgr_fsm.$proc$/nfs_scratch/scratch/CompilerValidation/zaheer_ahmad/os_fpga2/Validation/RTL_testcases/RTL_Benchmarks_Gap_Analysis/pwrmgr/rtl/pwrmgr_fsm.sv:242$10'.
No latch inferred for signal `$paramod$21a513b276be09c9cb5553d5463fdf4800edca32\pwrmgr_fsm.\clr_slow_req_o' from process `$paramod$21a513b276be09c9cb5553d5463fdf4800edca32\pwrmgr_fsm.$proc$/nfs_scratch/scratch/CompilerValidation/zaheer_ahmad/os_fpga2/Validation/RTL_testcases/RTL_Benchmarks_Gap_Analysis/pwrmgr/rtl/pwrmgr_fsm.sv:242$10'.
No latch inferred for signal `$paramod$21a513b276be09c9cb5553d5463fdf4800edca32\pwrmgr_fsm.\wkup_o' from process `$paramod$21a513b276be09c9cb5553d5463fdf4800edca32\pwrmgr_fsm.$proc$/nfs_scratch/scratch/CompilerValidation/zaheer_ahmad/os_fpga2/Validation/RTL_testcases/RTL_Benchmarks_Gap_Analysis/pwrmgr/rtl/pwrmgr_fsm.sv:242$10'.
No latch inferred for signal `$paramod$21a513b276be09c9cb5553d5463fdf4800edca32\pwrmgr_fsm.\fall_through_o' from process `$paramod$21a513b276be09c9cb5553d5463fdf4800edca32\pwrmgr_fsm.$proc$/nfs_scratch/scratch/CompilerValidation/zaheer_ahmad/os_fpga2/Validation/RTL_testcases/RTL_Benchmarks_Gap_Analysis/pwrmgr/rtl/pwrmgr_fsm.sv:242$10'.
No latch inferred for signal `$paramod$21a513b276be09c9cb5553d5463fdf4800edca32\pwrmgr_fsm.\abort_o' from process `$paramod$21a513b276be09c9cb5553d5463fdf4800edca32\pwrmgr_fsm.$proc$/nfs_scratch/scratch/CompilerValidation/zaheer_ahmad/os_fpga2/Validation/RTL_testcases/RTL_Benchmarks_Gap_Analysis/pwrmgr/rtl/pwrmgr_fsm.sv:242$10'.
No latch inferred for signal `$paramod$21a513b276be09c9cb5553d5463fdf4800edca32\pwrmgr_fsm.\clr_hint_o' from process `$paramod$21a513b276be09c9cb5553d5463fdf4800edca32\pwrmgr_fsm.$proc$/nfs_scratch/scratch/CompilerValidation/zaheer_ahmad/os_fpga2/Validation/RTL_testcases/RTL_Benchmarks_Gap_Analysis/pwrmgr/rtl/pwrmgr_fsm.sv:242$10'.
No latch inferred for signal `$paramod$21a513b276be09c9cb5553d5463fdf4800edca32\pwrmgr_fsm.\clr_cfg_lock_o' from process `$paramod$21a513b276be09c9cb5553d5463fdf4800edca32\pwrmgr_fsm.$proc$/nfs_scratch/scratch/CompilerValidation/zaheer_ahmad/os_fpga2/Validation/RTL_testcases/RTL_Benchmarks_Gap_Analysis/pwrmgr/rtl/pwrmgr_fsm.sv:242$10'.
No latch inferred for signal `$paramod$21a513b276be09c9cb5553d5463fdf4800edca32\pwrmgr_fsm.\strap_o' from process `$paramod$21a513b276be09c9cb5553d5463fdf4800edca32\pwrmgr_fsm.$proc$/nfs_scratch/scratch/CompilerValidation/zaheer_ahmad/os_fpga2/Validation/RTL_testcases/RTL_Benchmarks_Gap_Analysis/pwrmgr/rtl/pwrmgr_fsm.sv:242$10'.
No latch inferred for signal `$paramod$21a513b276be09c9cb5553d5463fdf4800edca32\pwrmgr_fsm.$fordecl_block25.i' from process `$paramod$21a513b276be09c9cb5553d5463fdf4800edca32\pwrmgr_fsm.$proc$/nfs_scratch/scratch/CompilerValidation/zaheer_ahmad/os_fpga2/Validation/RTL_testcases/RTL_Benchmarks_Gap_Analysis/pwrmgr/rtl/pwrmgr_fsm.sv:242$10'.

4.18.9. Executing PROC_DFF pass (convert process syncs to FFs).
Creating register for signal `$paramod$112511bfd0dccda09976f1ed3a15d1c8d45112d4\prim_subreg.\qe' using process `$paramod$112511bfd0dccda09976f1ed3a15d1c8d45112d4\prim_subreg.$proc$/nfs_scratch/scratch/CompilerValidation/zaheer_ahmad/os_fpga2/Validation/RTL_testcases/RTL_Benchmarks_Gap_Analysis/pwrmgr/rtl/prim_subreg.sv:65$858'.
  created $adff cell `$procdff$2824' with positive edge clock and negative level reset.
Creating register for signal `$paramod$112511bfd0dccda09976f1ed3a15d1c8d45112d4\prim_subreg.\q' using process `$paramod$112511bfd0dccda09976f1ed3a15d1c8d45112d4\prim_subreg.$proc$/nfs_scratch/scratch/CompilerValidation/zaheer_ahmad/os_fpga2/Validation/RTL_testcases/RTL_Benchmarks_Gap_Analysis/pwrmgr/rtl/prim_subreg.sv:70$856'.
  created $adff cell `$procdff$2825' with positive edge clock and negative level reset.
Creating register for signal `\prim_pulse_sync.\src_level' using process `\prim_pulse_sync.$proc$/nfs_scratch/scratch/CompilerValidation/zaheer_ahmad/os_fpga2/Validation/RTL_testcases/RTL_Benchmarks_Gap_Analysis/pwrmgr/rtl/prim_pulse_sync.sv:27$853'.
  created $adff cell `$procdff$2826' with positive edge clock and negative level reset.
Creating register for signal `\prim_pulse_sync.\dst_level_q' using process `\prim_pulse_sync.$proc$/nfs_scratch/scratch/CompilerValidation/zaheer_ahmad/os_fpga2/Validation/RTL_testcases/RTL_Benchmarks_Gap_Analysis/pwrmgr/rtl/prim_pulse_sync.sv:55$850'.
  created $adff cell `$procdff$2827' with positive edge clock and negative level reset.
Creating register for signal `$paramod$7e00d363ce130de0a5a3e36d8a0ef795833e2889\prim_subreg.\qe' using process `$paramod$7e00d363ce130de0a5a3e36d8a0ef795833e2889\prim_subreg.$proc$/nfs_scratch/scratch/CompilerValidation/zaheer_ahmad/os_fpga2/Validation/RTL_testcases/RTL_Benchmarks_Gap_Analysis/pwrmgr/rtl/prim_subreg.sv:65$812'.
  created $adff cell `$procdff$2828' with positive edge clock and negative level reset.
Creating register for signal `$paramod$7e00d363ce130de0a5a3e36d8a0ef795833e2889\prim_subreg.\q' using process `$paramod$7e00d363ce130de0a5a3e36d8a0ef795833e2889\prim_subreg.$proc$/nfs_scratch/scratch/CompilerValidation/zaheer_ahmad/os_fpga2/Validation/RTL_testcases/RTL_Benchmarks_Gap_Analysis/pwrmgr/rtl/prim_subreg.sv:70$810'.
  created $adff cell `$procdff$2829' with positive edge clock and negative level reset.
Creating register for signal `$paramod$8ec11ab84d267aa735efee7deaffb669de62e241\pwrmgr_reg_top.\intg_err_q' using process `$paramod$8ec11ab84d267aa735efee7deaffb669de62e241\pwrmgr_reg_top.$proc$/nfs_scratch/scratch/CompilerValidation/zaheer_ahmad/os_fpga2/Validation/RTL_testcases/RTL_Benchmarks_Gap_Analysis/pwrmgr/rtl/pwrmgr_reg_top.sv:56$806'.
  created $adff cell `$procdff$2830' with positive edge clock and negative level reset.
Creating register for signal `$paramod$ee0227794101df47ad9f37b0d88f82f880f9e439\tlul_adapter_reg.\outstanding' using process `$paramod$ee0227794101df47ad9f37b0d88f82f880f9e439\tlul_adapter_reg.$proc$/nfs_scratch/scratch/CompilerValidation/zaheer_ahmad/os_fpga2/Validation/RTL_testcases/RTL_Benchmarks_Gap_Analysis/pwrmgr/rtl/tlul_adapter_reg.sv:64$640'.
  created $adff cell `$procdff$2831' with positive edge clock and negative level reset.
Creating register for signal `$paramod$ee0227794101df47ad9f37b0d88f82f880f9e439\tlul_adapter_reg.\rdata' using process `$paramod$ee0227794101df47ad9f37b0d88f82f880f9e439\tlul_adapter_reg.$proc$/nfs_scratch/scratch/CompilerValidation/zaheer_ahmad/os_fpga2/Validation/RTL_testcases/RTL_Benchmarks_Gap_Analysis/pwrmgr/rtl/tlul_adapter_reg.sv:83$619'.
  created $adff cell `$procdff$2832' with positive edge clock and negative level reset.
Creating register for signal `$paramod$ee0227794101df47ad9f37b0d88f82f880f9e439\tlul_adapter_reg.\error' using process `$paramod$ee0227794101df47ad9f37b0d88f82f880f9e439\tlul_adapter_reg.$proc$/nfs_scratch/scratch/CompilerValidation/zaheer_ahmad/os_fpga2/Validation/RTL_testcases/RTL_Benchmarks_Gap_Analysis/pwrmgr/rtl/tlul_adapter_reg.sv:83$619'.
  created $adff cell `$procdff$2833' with positive edge clock and negative level reset.
Creating register for signal `$paramod$ee0227794101df47ad9f37b0d88f82f880f9e439\tlul_adapter_reg.\reqid' using process `$paramod$ee0227794101df47ad9f37b0d88f82f880f9e439\tlul_adapter_reg.$proc$/nfs_scratch/scratch/CompilerValidation/zaheer_ahmad/os_fpga2/Validation/RTL_testcases/RTL_Benchmarks_Gap_Analysis/pwrmgr/rtl/tlul_adapter_reg.sv:70$616'.
  created $adff cell `$procdff$2834' with positive edge clock and negative level reset.
Creating register for signal `$paramod$ee0227794101df47ad9f37b0d88f82f880f9e439\tlul_adapter_reg.\reqsz' using process `$paramod$ee0227794101df47ad9f37b0d88f82f880f9e439\tlul_adapter_reg.$proc$/nfs_scratch/scratch/CompilerValidation/zaheer_ahmad/os_fpga2/Validation/RTL_testcases/RTL_Benchmarks_Gap_Analysis/pwrmgr/rtl/tlul_adapter_reg.sv:70$616'.
  created $adff cell `$procdff$2835' with positive edge clock and negative level reset.
Creating register for signal `$paramod$ee0227794101df47ad9f37b0d88f82f880f9e439\tlul_adapter_reg.\rspop' using process `$paramod$ee0227794101df47ad9f37b0d88f82f880f9e439\tlul_adapter_reg.$proc$/nfs_scratch/scratch/CompilerValidation/zaheer_ahmad/os_fpga2/Validation/RTL_testcases/RTL_Benchmarks_Gap_Analysis/pwrmgr/rtl/tlul_adapter_reg.sv:70$616'.
  created $adff cell `$procdff$2836' with positive edge clock and negative level reset.
Creating register for signal `$paramod\prim_generic_flop\Width=s32'00000000000000000000000000000010\ResetValue=2'10.\q_o' using process `$paramod\prim_generic_flop\Width=s32'00000000000000000000000000000010\ResetValue=2'10.$proc$/nfs_scratch/scratch/CompilerValidation/zaheer_ahmad/os_fpga2/Validation/RTL_testcases/RTL_Benchmarks_Gap_Analysis/pwrmgr/rtl/prim_generic_flop.sv:18$361'.
  created $adff cell `$procdff$2837' with positive edge clock and negative level reset.
Creating register for signal `$paramod$cafc58aacea66ce361f30fc5fb51712913515c86\prim_generic_flop.\q_o' using process `$paramod$cafc58aacea66ce361f30fc5fb51712913515c86\prim_generic_flop.$proc$/nfs_scratch/scratch/CompilerValidation/zaheer_ahmad/os_fpga2/Validation/RTL_testcases/RTL_Benchmarks_Gap_Analysis/pwrmgr/rtl/prim_generic_flop.sv:18$359'.
  created $adff cell `$procdff$2838' with positive edge clock and negative level reset.
Creating register for signal `$paramod$18eae125e8070a5fb29a0bd9923127bd30ff2039\prim_subreg.\qe' using process `$paramod$18eae125e8070a5fb29a0bd9923127bd30ff2039\prim_subreg.$proc$/nfs_scratch/scratch/CompilerValidation/zaheer_ahmad/os_fpga2/Validation/RTL_testcases/RTL_Benchmarks_Gap_Analysis/pwrmgr/rtl/prim_subreg.sv:65$357'.
  created $adff cell `$procdff$2839' with positive edge clock and negative level reset.
Creating register for signal `$paramod$18eae125e8070a5fb29a0bd9923127bd30ff2039\prim_subreg.\q' using process `$paramod$18eae125e8070a5fb29a0bd9923127bd30ff2039\prim_subreg.$proc$/nfs_scratch/scratch/CompilerValidation/zaheer_ahmad/os_fpga2/Validation/RTL_testcases/RTL_Benchmarks_Gap_Analysis/pwrmgr/rtl/prim_subreg.sv:70$355'.
  created $adff cell `$procdff$2840' with positive edge clock and negative level reset.
Creating register for signal `$paramod\prim_diff_decode\AsyncOn=1'0.\level_q' using process `$paramod\prim_diff_decode\AsyncOn=1'0.$proc$/nfs_scratch/scratch/CompilerValidation/zaheer_ahmad/os_fpga2/Validation/RTL_testcases/RTL_Benchmarks_Gap_Analysis/pwrmgr/rtl/prim_diff_decode.sv:195$353'.
  created $adff cell `$procdff$2841' with positive edge clock and negative level reset.
Creating register for signal `$paramod\prim_diff_decode\AsyncOn=1'0.\gen_no_async.diff_pq' using process `$paramod\prim_diff_decode\AsyncOn=1'0.$proc$/nfs_scratch/scratch/CompilerValidation/zaheer_ahmad/os_fpga2/Validation/RTL_testcases/RTL_Benchmarks_Gap_Analysis/pwrmgr/rtl/prim_diff_decode.sv:195$353'.
  created $adff cell `$procdff$2842' with positive edge clock and negative level reset.
Creating register for signal `$paramod$58cc36426b572d644c9bdaa50fac6b4ad91ed7ea\prim_esc_receiver.\state_q' using process `$paramod$58cc36426b572d644c9bdaa50fac6b4ad91ed7ea\prim_esc_receiver.$proc$/nfs_scratch/scratch/CompilerValidation/zaheer_ahmad/os_fpga2/Validation/RTL_testcases/RTL_Benchmarks_Gap_Analysis/pwrmgr/rtl/prim_esc_receiver.sv:236$320'.
  created $adff cell `$procdff$2843' with positive edge clock and negative level reset.
Creating register for signal `$paramod$e28d8d901a11ac5d5e5c27396dca7dc727aac42a\prim_subreg.\qe' using process `$paramod$e28d8d901a11ac5d5e5c27396dca7dc727aac42a\prim_subreg.$proc$/nfs_scratch/scratch/CompilerValidation/zaheer_ahmad/os_fpga2/Validation/RTL_testcases/RTL_Benchmarks_Gap_Analysis/pwrmgr/rtl/prim_subreg.sv:65$307'.
  created $adff cell `$procdff$2844' with positive edge clock and negative level reset.
Creating register for signal `$paramod$e28d8d901a11ac5d5e5c27396dca7dc727aac42a\prim_subreg.\q' using process `$paramod$e28d8d901a11ac5d5e5c27396dca7dc727aac42a\prim_subreg.$proc$/nfs_scratch/scratch/CompilerValidation/zaheer_ahmad/os_fpga2/Validation/RTL_testcases/RTL_Benchmarks_Gap_Analysis/pwrmgr/rtl/prim_subreg.sv:70$305'.
  created $adff cell `$procdff$2845' with positive edge clock and negative level reset.
Creating register for signal `\prim_sync_reqack.\dst_fsm_cs' using process `\prim_sync_reqack.$proc$/nfs_scratch/scratch/CompilerValidation/zaheer_ahmad/os_fpga2/Validation/RTL_testcases/RTL_Benchmarks_Gap_Analysis/pwrmgr/rtl/prim_sync_reqack.sv:141$244'.
  created $adff cell `$procdff$2846' with positive edge clock and negative level reset.
Creating register for signal `\prim_sync_reqack.\dst_ack_q' using process `\prim_sync_reqack.$proc$/nfs_scratch/scratch/CompilerValidation/zaheer_ahmad/os_fpga2/Validation/RTL_testcases/RTL_Benchmarks_Gap_Analysis/pwrmgr/rtl/prim_sync_reqack.sv:141$244'.
  created $adff cell `$procdff$2847' with positive edge clock and negative level reset.
Creating register for signal `\prim_sync_reqack.\src_fsm_cs' using process `\prim_sync_reqack.$proc$/nfs_scratch/scratch/CompilerValidation/zaheer_ahmad/os_fpga2/Validation/RTL_testcases/RTL_Benchmarks_Gap_Analysis/pwrmgr/rtl/prim_sync_reqack.sv:132$242'.
  created $adff cell `$procdff$2848' with positive edge clock and negative level reset.
Creating register for signal `\prim_sync_reqack.\src_req_q' using process `\prim_sync_reqack.$proc$/nfs_scratch/scratch/CompilerValidation/zaheer_ahmad/os_fpga2/Validation/RTL_testcases/RTL_Benchmarks_Gap_Analysis/pwrmgr/rtl/prim_sync_reqack.sv:132$242'.
  created $adff cell `$procdff$2849' with positive edge clock and negative level reset.
Creating register for signal `$paramod\prim_clock_timeout\TimeOutCnt=s32'00000000000000000000000010000000.\cnt' using process `$paramod\prim_clock_timeout\TimeOutCnt=s32'00000000000000000000000010000000.$proc$/nfs_scratch/scratch/CompilerValidation/zaheer_ahmad/os_fpga2/Validation/RTL_testcases/RTL_Benchmarks_Gap_Analysis/pwrmgr/rtl/prim_clock_timeout.sv:30$234'.
  created $adff cell `$procdff$2850' with positive edge clock and negative level reset.
Creating register for signal `\pwrmgr.\lowpwr_cfg_wen' using process `\pwrmgr.$proc$/nfs_scratch/scratch/CompilerValidation/zaheer_ahmad/os_fpga2/Validation/RTL_testcases/RTL_Benchmarks_Gap_Analysis/pwrmgr/rtl/pwrmgr.sv:240$223'.
  created $adff cell `$procdff$2851' with positive edge clock and negative level reset.
Creating register for signal `$paramod\prim_alert_sender\AsyncOn=1'1\ALERT_TX_DEFAULT=2'01\ALERT_RX_DEFAULT=4'0101.\state_q' using process `$paramod\prim_alert_sender\AsyncOn=1'1\ALERT_TX_DEFAULT=2'01\ALERT_RX_DEFAULT=4'0101.$proc$/nfs_scratch/scratch/CompilerValidation/zaheer_ahmad/os_fpga2/Validation/RTL_testcases/RTL_Benchmarks_Gap_Analysis/pwrmgr/rtl/prim_alert_sender.sv:222$189'.
  created $adff cell `$procdff$2852' with positive edge clock and negative level reset.
Creating register for signal `$paramod\prim_alert_sender\AsyncOn=1'1\ALERT_TX_DEFAULT=2'01\ALERT_RX_DEFAULT=4'0101.\alert_pq' using process `$paramod\prim_alert_sender\AsyncOn=1'1\ALERT_TX_DEFAULT=2'01\ALERT_RX_DEFAULT=4'0101.$proc$/nfs_scratch/scratch/CompilerValidation/zaheer_ahmad/os_fpga2/Validation/RTL_testcases/RTL_Benchmarks_Gap_Analysis/pwrmgr/rtl/prim_alert_sender.sv:222$189'.
  created $adff cell `$procdff$2853' with positive edge clock and negative level reset.
Creating register for signal `$paramod\prim_alert_sender\AsyncOn=1'1\ALERT_TX_DEFAULT=2'01\ALERT_RX_DEFAULT=4'0101.\alert_nq' using process `$paramod\prim_alert_sender\AsyncOn=1'1\ALERT_TX_DEFAULT=2'01\ALERT_RX_DEFAULT=4'0101.$proc$/nfs_scratch/scratch/CompilerValidation/zaheer_ahmad/os_fpga2/Validation/RTL_testcases/RTL_Benchmarks_Gap_Analysis/pwrmgr/rtl/prim_alert_sender.sv:222$189'.
  created $adff cell `$procdff$2854' with positive edge clock and negative level reset.
Creating register for signal `$paramod\prim_alert_sender\AsyncOn=1'1\ALERT_TX_DEFAULT=2'01\ALERT_RX_DEFAULT=4'0101.\alert_set_q' using process `$paramod\prim_alert_sender\AsyncOn=1'1\ALERT_TX_DEFAULT=2'01\ALERT_RX_DEFAULT=4'0101.$proc$/nfs_scratch/scratch/CompilerValidation/zaheer_ahmad/os_fpga2/Validation/RTL_testcases/RTL_Benchmarks_Gap_Analysis/pwrmgr/rtl/prim_alert_sender.sv:222$189'.
  created $adff cell `$procdff$2855' with positive edge clock and negative level reset.
Creating register for signal `$paramod\prim_alert_sender\AsyncOn=1'1\ALERT_TX_DEFAULT=2'01\ALERT_RX_DEFAULT=4'0101.\ping_set_q' using process `$paramod\prim_alert_sender\AsyncOn=1'1\ALERT_TX_DEFAULT=2'01\ALERT_RX_DEFAULT=4'0101.$proc$/nfs_scratch/scratch/CompilerValidation/zaheer_ahmad/os_fpga2/Validation/RTL_testcases/RTL_Benchmarks_Gap_Analysis/pwrmgr/rtl/prim_alert_sender.sv:222$189'.
  created $adff cell `$procdff$2856' with positive edge clock and negative level reset.
Creating register for signal `$paramod\prim_diff_decode\AsyncOn=1'1.\level_q' using process `$paramod\prim_diff_decode\AsyncOn=1'1.$proc$/nfs_scratch/scratch/CompilerValidation/zaheer_ahmad/os_fpga2/Validation/RTL_testcases/RTL_Benchmarks_Gap_Analysis/pwrmgr/rtl/prim_diff_decode.sv:161$187'.
  created $adff cell `$procdff$2857' with positive edge clock and negative level reset.
Creating register for signal `$paramod\prim_diff_decode\AsyncOn=1'1.\gen_async.state_q' using process `$paramod\prim_diff_decode\AsyncOn=1'1.$proc$/nfs_scratch/scratch/CompilerValidation/zaheer_ahmad/os_fpga2/Validation/RTL_testcases/RTL_Benchmarks_Gap_Analysis/pwrmgr/rtl/prim_diff_decode.sv:161$187'.
  created $adff cell `$procdff$2858' with positive edge clock and negative level reset.
Creating register for signal `$paramod\prim_diff_decode\AsyncOn=1'1.\gen_async.diff_pq' using process `$paramod\prim_diff_decode\AsyncOn=1'1.$proc$/nfs_scratch/scratch/CompilerValidation/zaheer_ahmad/os_fpga2/Validation/RTL_testcases/RTL_Benchmarks_Gap_Analysis/pwrmgr/rtl/prim_diff_decode.sv:161$187'.
  created $adff cell `$procdff$2859' with positive edge clock and negative level reset.
Creating register for signal `$paramod\prim_diff_decode\AsyncOn=1'1.\gen_async.diff_nq' using process `$paramod\prim_diff_decode\AsyncOn=1'1.$proc$/nfs_scratch/scratch/CompilerValidation/zaheer_ahmad/os_fpga2/Validation/RTL_testcases/RTL_Benchmarks_Gap_Analysis/pwrmgr/rtl/prim_diff_decode.sv:161$187'.
  created $adff cell `$procdff$2860' with positive edge clock and negative level reset.
Creating register for signal `$paramod\prim_generic_flop\Width=s32'00000000000000000000000000000001\ResetValue=1'0.\q_o' using process `$paramod\prim_generic_flop\Width=s32'00000000000000000000000000000001\ResetValue=1'0.$proc$/nfs_scratch/scratch/CompilerValidation/zaheer_ahmad/os_fpga2/Validation/RTL_testcases/RTL_Benchmarks_Gap_Analysis/pwrmgr/rtl/prim_generic_flop.sv:18$178'.
  created $adff cell `$procdff$2861' with positive edge clock and negative level reset.
Creating register for signal `$paramod\prim_generic_flop\Width=s32'00000000000000000000000000000001\ResetValue=1'1.\q_o' using process `$paramod\prim_generic_flop\Width=s32'00000000000000000000000000000001\ResetValue=1'1.$proc$/nfs_scratch/scratch/CompilerValidation/zaheer_ahmad/os_fpga2/Validation/RTL_testcases/RTL_Benchmarks_Gap_Analysis/pwrmgr/rtl/prim_generic_flop.sv:18$176'.
  created $adff cell `$procdff$2862' with positive edge clock and negative level reset.
Creating register for signal `$paramod$1922727dec4c1da7ed6ad3dc09fc46ad0b6c2a2c\prim_subreg.\qe' using process `$paramod$1922727dec4c1da7ed6ad3dc09fc46ad0b6c2a2c\prim_subreg.$proc$/nfs_scratch/scratch/CompilerValidation/zaheer_ahmad/os_fpga2/Validation/RTL_testcases/RTL_Benchmarks_Gap_Analysis/pwrmgr/rtl/prim_subreg.sv:65$174'.
  created $adff cell `$procdff$2863' with positive edge clock and negative level reset.
Creating register for signal `$paramod$1922727dec4c1da7ed6ad3dc09fc46ad0b6c2a2c\prim_subreg.\q' using process `$paramod$1922727dec4c1da7ed6ad3dc09fc46ad0b6c2a2c\prim_subreg.$proc$/nfs_scratch/scratch/CompilerValidation/zaheer_ahmad/os_fpga2/Validation/RTL_testcases/RTL_Benchmarks_Gap_Analysis/pwrmgr/rtl/prim_subreg.sv:70$172'.
  created $adff cell `$procdff$2864' with positive edge clock and negative level reset.
Creating register for signal `$paramod$21a513b276be09c9cb5553d5463fdf4800edca32\pwrmgr_cdc.\slow_ast_q2' using process `$paramod$21a513b276be09c9cb5553d5463fdf4800edca32\pwrmgr_cdc.$proc$/nfs_scratch/scratch/CompilerValidation/zaheer_ahmad/os_fpga2/Validation/RTL_testcases/RTL_Benchmarks_Gap_Analysis/pwrmgr/rtl/pwrmgr_cdc.sv:147$166'.
  created $adff cell `$procdff$2865' with positive edge clock and negative level reset.
Creating register for signal `$paramod$21a513b276be09c9cb5553d5463fdf4800edca32\pwrmgr_cdc.\pwrup_cause_o' using process `$paramod$21a513b276be09c9cb5553d5463fdf4800edca32\pwrmgr_cdc.$proc$/nfs_scratch/scratch/CompilerValidation/zaheer_ahmad/os_fpga2/Validation/RTL_testcases/RTL_Benchmarks_Gap_Analysis/pwrmgr/rtl/pwrmgr_cdc.sv:260$163'.
  created $adff cell `$procdff$2866' with positive edge clock and negative level reset.
Creating register for signal `$paramod$21a513b276be09c9cb5553d5463fdf4800edca32\pwrmgr_cdc.\pwrup_cause_toggle_q2' using process `$paramod$21a513b276be09c9cb5553d5463fdf4800edca32\pwrmgr_cdc.$proc$/nfs_scratch/scratch/CompilerValidation/zaheer_ahmad/os_fpga2/Validation/RTL_testcases/RTL_Benchmarks_Gap_Analysis/pwrmgr/rtl/pwrmgr_cdc.sv:250$161'.
  created $adff cell `$procdff$2867' with positive edge clock and negative level reset.
Creating register for signal `$paramod$21a513b276be09c9cb5553d5463fdf4800edca32\pwrmgr_cdc.\slow_wakeup_en_o' using process `$paramod$21a513b276be09c9cb5553d5463fdf4800edca32\pwrmgr_cdc.$proc$/nfs_scratch/scratch/CompilerValidation/zaheer_ahmad/os_fpga2/Validation/RTL_testcases/RTL_Benchmarks_Gap_Analysis/pwrmgr/rtl/pwrmgr_cdc.sv:169$159'.
  created $adff cell `$procdff$2868' with positive edge clock and negative level reset.
Creating register for signal `$paramod$21a513b276be09c9cb5553d5463fdf4800edca32\pwrmgr_cdc.\slow_reset_en_o' using process `$paramod$21a513b276be09c9cb5553d5463fdf4800edca32\pwrmgr_cdc.$proc$/nfs_scratch/scratch/CompilerValidation/zaheer_ahmad/os_fpga2/Validation/RTL_testcases/RTL_Benchmarks_Gap_Analysis/pwrmgr/rtl/pwrmgr_cdc.sv:169$159'.
  created $adff cell `$procdff$2869' with positive edge clock and negative level reset.
Creating register for signal `$paramod$21a513b276be09c9cb5553d5463fdf4800edca32\pwrmgr_cdc.\slow_main_pd_no' using process `$paramod$21a513b276be09c9cb5553d5463fdf4800edca32\pwrmgr_cdc.$proc$/nfs_scratch/scratch/CompilerValidation/zaheer_ahmad/os_fpga2/Validation/RTL_testcases/RTL_Benchmarks_Gap_Analysis/pwrmgr/rtl/pwrmgr_cdc.sv:169$159'.
  created $adff cell `$procdff$2870' with positive edge clock and negative level reset.
Creating register for signal `$paramod$21a513b276be09c9cb5553d5463fdf4800edca32\pwrmgr_cdc.\slow_io_clk_en_o' using process `$paramod$21a513b276be09c9cb5553d5463fdf4800edca32\pwrmgr_cdc.$proc$/nfs_scratch/scratch/CompilerValidation/zaheer_ahmad/os_fpga2/Validation/RTL_testcases/RTL_Benchmarks_Gap_Analysis/pwrmgr/rtl/pwrmgr_cdc.sv:169$159'.
  created $adff cell `$procdff$2871' with positive edge clock and negative level reset.
Creating register for signal `$paramod$21a513b276be09c9cb5553d5463fdf4800edca32\pwrmgr_cdc.\slow_core_clk_en_o' using process `$paramod$21a513b276be09c9cb5553d5463fdf4800edca32\pwrmgr_cdc.$proc$/nfs_scratch/scratch/CompilerValidation/zaheer_ahmad/os_fpga2/Validation/RTL_testcases/RTL_Benchmarks_Gap_Analysis/pwrmgr/rtl/pwrmgr_cdc.sv:169$159'.
  created $adff cell `$procdff$2872' with positive edge clock and negative level reset.
Creating register for signal `$paramod$21a513b276be09c9cb5553d5463fdf4800edca32\pwrmgr_cdc.\slow_usb_clk_en_lp_o' using process `$paramod$21a513b276be09c9cb5553d5463fdf4800edca32\pwrmgr_cdc.$proc$/nfs_scratch/scratch/CompilerValidation/zaheer_ahmad/os_fpga2/Validation/RTL_testcases/RTL_Benchmarks_Gap_Analysis/pwrmgr/rtl/pwrmgr_cdc.sv:169$159'.
  created $adff cell `$procdff$2873' with positive edge clock and negative level reset.
Creating register for signal `$paramod$21a513b276be09c9cb5553d5463fdf4800edca32\pwrmgr_cdc.\slow_usb_clk_en_active_o' using process `$paramod$21a513b276be09c9cb5553d5463fdf4800edca32\pwrmgr_cdc.$proc$/nfs_scratch/scratch/CompilerValidation/zaheer_ahmad/os_fpga2/Validation/RTL_testcases/RTL_Benchmarks_Gap_Analysis/pwrmgr/rtl/pwrmgr_cdc.sv:169$159'.
  created $adff cell `$procdff$2874' with positive edge clock and negative level reset.
Creating register for signal `$paramod$21a513b276be09c9cb5553d5463fdf4800edca32\pwrmgr_cdc.\slow_ast_o' using process `$paramod$21a513b276be09c9cb5553d5463fdf4800edca32\pwrmgr_cdc.$proc$/nfs_scratch/scratch/CompilerValidation/zaheer_ahmad/os_fpga2/Validation/RTL_testcases/RTL_Benchmarks_Gap_Analysis/pwrmgr/rtl/pwrmgr_cdc.sv:157$156'.
  created $adff cell `$procdff$2875' with positive edge clock and negative level reset.
Creating register for signal `$paramod$25ebe4329fda051e04aa1129a6e1ffd602984606\prim_generic_flop.\q_o' using process `$paramod$25ebe4329fda051e04aa1129a6e1ffd602984606\prim_generic_flop.$proc$/nfs_scratch/scratch/CompilerValidation/zaheer_ahmad/os_fpga2/Validation/RTL_testcases/RTL_Benchmarks_Gap_Analysis/pwrmgr/rtl/prim_generic_flop.sv:18$154'.
  created $adff cell `$procdff$2876' with positive edge clock and negative level reset.
Creating register for signal `$paramod\prim_intr_hw\Width=32'00000000000000000000000000000001\FlopOutput=1'1.\intr_o' using process `$paramod\prim_intr_hw\Width=32'00000000000000000000000000000001\FlopOutput=1'1.$proc$/nfs_scratch/scratch/CompilerValidation/zaheer_ahmad/os_fpga2/Validation/RTL_testcases/RTL_Benchmarks_Gap_Analysis/pwrmgr/rtl/prim_intr_hw.sv:41$147'.
  created $adff cell `$procdff$2877' with positive edge clock and negative level reset.
Creating register for signal `$paramod$2454416d686f119c214b8f35dcdc5a0867f85a76\prim_generic_flop.\q_o' using process `$paramod$2454416d686f119c214b8f35dcdc5a0867f85a76\prim_generic_flop.$proc$/nfs_scratch/scratch/CompilerValidation/zaheer_ahmad/os_fpga2/Validation/RTL_testcases/RTL_Benchmarks_Gap_Analysis/pwrmgr/rtl/prim_generic_flop.sv:18$145'.
  created $adff cell `$procdff$2878' with positive edge clock and negative level reset.
Creating register for signal `$paramod$1232de8c2fe4fff6a75b5663758d1bf50afa3825\prim_generic_flop.\q_o' using process `$paramod$1232de8c2fe4fff6a75b5663758d1bf50afa3825\prim_generic_flop.$proc$/nfs_scratch/scratch/CompilerValidation/zaheer_ahmad/os_fpga2/Validation/RTL_testcases/RTL_Benchmarks_Gap_Analysis/pwrmgr/rtl/prim_generic_flop.sv:18$143'.
  created $adff cell `$procdff$2879' with positive edge clock and negative level reset.
Creating register for signal `$paramod\prim_generic_flop\Width=s32'00000000000000000000000000000010\ResetValue=2'00.\q_o' using process `$paramod\prim_generic_flop\Width=s32'00000000000000000000000000000010\ResetValue=2'00.$proc$/nfs_scratch/scratch/CompilerValidation/zaheer_ahmad/os_fpga2/Validation/RTL_testcases/RTL_Benchmarks_Gap_Analysis/pwrmgr/rtl/prim_generic_flop.sv:18$141'.
  created $adff cell `$procdff$2880' with positive edge clock and negative level reset.
Creating register for signal `$paramod$6ae18350b51be32fd7406c5aaac3c7582e0e6af0\prim_generic_flop.\q_o' using process `$paramod$6ae18350b51be32fd7406c5aaac3c7582e0e6af0\prim_generic_flop.$proc$/nfs_scratch/scratch/CompilerValidation/zaheer_ahmad/os_fpga2/Validation/RTL_testcases/RTL_Benchmarks_Gap_Analysis/pwrmgr/rtl/prim_generic_flop.sv:18$139'.
  created $adff cell `$procdff$2881' with positive edge clock and negative level reset.
Creating register for signal `$paramod$21a513b276be09c9cb5553d5463fdf4800edca32\pwrmgr_wake_info.\start_capture_q1' using process `$paramod$21a513b276be09c9cb5553d5463fdf4800edca32\pwrmgr_wake_info.$proc$/nfs_scratch/scratch/CompilerValidation/zaheer_ahmad/os_fpga2/Validation/RTL_testcases/RTL_Benchmarks_Gap_Analysis/pwrmgr/rtl/pwrmgr_wake_info.sv:27$135'.
  created $adff cell `$procdff$2882' with positive edge clock and negative level reset.
Creating register for signal `$paramod$21a513b276be09c9cb5553d5463fdf4800edca32\pwrmgr_wake_info.\info' using process `$paramod$21a513b276be09c9cb5553d5463fdf4800edca32\pwrmgr_wake_info.$proc$/nfs_scratch/scratch/CompilerValidation/zaheer_ahmad/os_fpga2/Validation/RTL_testcases/RTL_Benchmarks_Gap_Analysis/pwrmgr/rtl/pwrmgr_wake_info.sv:55$127'.
  created $adff cell `$procdff$2883' with positive edge clock and negative level reset.
Creating register for signal `$paramod$21a513b276be09c9cb5553d5463fdf4800edca32\pwrmgr_wake_info.\record_en' using process `$paramod$21a513b276be09c9cb5553d5463fdf4800edca32\pwrmgr_wake_info.$proc$/nfs_scratch/scratch/CompilerValidation/zaheer_ahmad/os_fpga2/Validation/RTL_testcases/RTL_Benchmarks_Gap_Analysis/pwrmgr/rtl/pwrmgr_wake_info.sv:40$122'.
  created $adff cell `$procdff$2884' with positive edge clock and negative level reset.
Creating register for signal `$paramod$21db42bc4a37f19b92ab182268213f76666c0005\pwrmgr_slow_fsm.\cause_q' using process `$paramod$21db42bc4a37f19b92ab182268213f76666c0005\pwrmgr_slow_fsm.$proc$/nfs_scratch/scratch/CompilerValidation/zaheer_ahmad/os_fpga2/Validation/RTL_testcases/RTL_Benchmarks_Gap_Analysis/pwrmgr/rtl/pwrmgr_slow_fsm.sv:95$120'.
  created $adff cell `$procdff$2885' with positive edge clock and negative level reset.
Creating register for signal `$paramod$21db42bc4a37f19b92ab182268213f76666c0005\pwrmgr_slow_fsm.\cause_toggle_q' using process `$paramod$21db42bc4a37f19b92ab182268213f76666c0005\pwrmgr_slow_fsm.$proc$/nfs_scratch/scratch/CompilerValidation/zaheer_ahmad/os_fpga2/Validation/RTL_testcases/RTL_Benchmarks_Gap_Analysis/pwrmgr/rtl/pwrmgr_slow_fsm.sv:95$120'.
  created $adff cell `$procdff$2886' with positive edge clock and negative level reset.
Creating register for signal `$paramod$21db42bc4a37f19b92ab182268213f76666c0005\pwrmgr_slow_fsm.\req_pwrup_q' using process `$paramod$21db42bc4a37f19b92ab182268213f76666c0005\pwrmgr_slow_fsm.$proc$/nfs_scratch/scratch/CompilerValidation/zaheer_ahmad/os_fpga2/Validation/RTL_testcases/RTL_Benchmarks_Gap_Analysis/pwrmgr/rtl/pwrmgr_slow_fsm.sv:95$120'.
  created $adff cell `$procdff$2887' with positive edge clock and negative level reset.
Creating register for signal `$paramod$21db42bc4a37f19b92ab182268213f76666c0005\pwrmgr_slow_fsm.\ack_pwrdn_q' using process `$paramod$21db42bc4a37f19b92ab182268213f76666c0005\pwrmgr_slow_fsm.$proc$/nfs_scratch/scratch/CompilerValidation/zaheer_ahmad/os_fpga2/Validation/RTL_testcases/RTL_Benchmarks_Gap_Analysis/pwrmgr/rtl/pwrmgr_slow_fsm.sv:95$120'.
  created $adff cell `$procdff$2888' with positive edge clock and negative level reset.
Creating register for signal `$paramod$21db42bc4a37f19b92ab182268213f76666c0005\pwrmgr_slow_fsm.\pd_nq' using process `$paramod$21db42bc4a37f19b92ab182268213f76666c0005\pwrmgr_slow_fsm.$proc$/nfs_scratch/scratch/CompilerValidation/zaheer_ahmad/os_fpga2/Validation/RTL_testcases/RTL_Benchmarks_Gap_Analysis/pwrmgr/rtl/pwrmgr_slow_fsm.sv:95$120'.
  created $adff cell `$procdff$2889' with positive edge clock and negative level reset.
Creating register for signal `$paramod$21db42bc4a37f19b92ab182268213f76666c0005\pwrmgr_slow_fsm.\pwr_clamp_q' using process `$paramod$21db42bc4a37f19b92ab182268213f76666c0005\pwrmgr_slow_fsm.$proc$/nfs_scratch/scratch/CompilerValidation/zaheer_ahmad/os_fpga2/Validation/RTL_testcases/RTL_Benchmarks_Gap_Analysis/pwrmgr/rtl/pwrmgr_slow_fsm.sv:95$120'.
  created $adff cell `$procdff$2890' with positive edge clock and negative level reset.
Creating register for signal `$paramod$21db42bc4a37f19b92ab182268213f76666c0005\pwrmgr_slow_fsm.\pwr_clamp_env_q' using process `$paramod$21db42bc4a37f19b92ab182268213f76666c0005\pwrmgr_slow_fsm.$proc$/nfs_scratch/scratch/CompilerValidation/zaheer_ahmad/os_fpga2/Validation/RTL_testcases/RTL_Benchmarks_Gap_Analysis/pwrmgr/rtl/pwrmgr_slow_fsm.sv:95$120'.
  created $adff cell `$procdff$2891' with positive edge clock and negative level reset.
Creating register for signal `$paramod$21db42bc4a37f19b92ab182268213f76666c0005\pwrmgr_slow_fsm.\core_clk_en_q' using process `$paramod$21db42bc4a37f19b92ab182268213f76666c0005\pwrmgr_slow_fsm.$proc$/nfs_scratch/scratch/CompilerValidation/zaheer_ahmad/os_fpga2/Validation/RTL_testcases/RTL_Benchmarks_Gap_Analysis/pwrmgr/rtl/pwrmgr_slow_fsm.sv:95$120'.
  created $adff cell `$procdff$2892' with positive edge clock and negative level reset.
Creating register for signal `$paramod$21db42bc4a37f19b92ab182268213f76666c0005\pwrmgr_slow_fsm.\io_clk_en_q' using process `$paramod$21db42bc4a37f19b92ab182268213f76666c0005\pwrmgr_slow_fsm.$proc$/nfs_scratch/scratch/CompilerValidation/zaheer_ahmad/os_fpga2/Validation/RTL_testcases/RTL_Benchmarks_Gap_Analysis/pwrmgr/rtl/pwrmgr_slow_fsm.sv:95$120'.
  created $adff cell `$procdff$2893' with positive edge clock and negative level reset.
Creating register for signal `$paramod$21db42bc4a37f19b92ab182268213f76666c0005\pwrmgr_slow_fsm.\usb_clk_en_q' using process `$paramod$21db42bc4a37f19b92ab182268213f76666c0005\pwrmgr_slow_fsm.$proc$/nfs_scratch/scratch/CompilerValidation/zaheer_ahmad/os_fpga2/Validation/RTL_testcases/RTL_Benchmarks_Gap_Analysis/pwrmgr/rtl/pwrmgr_slow_fsm.sv:95$120'.
  created $adff cell `$procdff$2894' with positive edge clock and negative level reset.
Creating register for signal `$paramod$21db42bc4a37f19b92ab182268213f76666c0005\pwrmgr_slow_fsm.\fsm_invalid_q' using process `$paramod$21db42bc4a37f19b92ab182268213f76666c0005\pwrmgr_slow_fsm.$proc$/nfs_scratch/scratch/CompilerValidation/zaheer_ahmad/os_fpga2/Validation/RTL_testcases/RTL_Benchmarks_Gap_Analysis/pwrmgr/rtl/pwrmgr_slow_fsm.sv:95$120'.
  created $adff cell `$procdff$2895' with positive edge clock and negative level reset.
Creating register for signal `$paramod$21db42bc4a37f19b92ab182268213f76666c0005\pwrmgr_slow_fsm.\rst_req_o' using process `$paramod$21db42bc4a37f19b92ab182268213f76666c0005\pwrmgr_slow_fsm.$proc$/nfs_scratch/scratch/CompilerValidation/zaheer_ahmad/os_fpga2/Validation/RTL_testcases/RTL_Benchmarks_Gap_Analysis/pwrmgr/rtl/pwrmgr_slow_fsm.sv:303$99'.
  created $adff cell `$procdff$2896' with positive edge clock and negative level reset.
Creating register for signal `$paramod$21db42bc4a37f19b92ab182268213f76666c0005\pwrmgr_slow_fsm.\main_pok_st' using process `$paramod$21db42bc4a37f19b92ab182268213f76666c0005\pwrmgr_slow_fsm.$proc$/nfs_scratch/scratch/CompilerValidation/zaheer_ahmad/os_fpga2/Validation/RTL_testcases/RTL_Benchmarks_Gap_Analysis/pwrmgr/rtl/pwrmgr_slow_fsm.sv:285$93'.
  created $adff cell `$procdff$2897' with positive edge clock and negative level reset.
Creating register for signal `$paramod$21db42bc4a37f19b92ab182268213f76666c0005\pwrmgr_slow_fsm.\ast_main_pok' using process `$paramod$21db42bc4a37f19b92ab182268213f76666c0005\pwrmgr_slow_fsm.$proc$/nfs_scratch/scratch/CompilerValidation/zaheer_ahmad/os_fpga2/Validation/RTL_testcases/RTL_Benchmarks_Gap_Analysis/pwrmgr/rtl/pwrmgr_slow_fsm.sv:274$91'.
  created $adff cell `$procdff$2898' with positive edge clock and negative level reset.
Creating register for signal `$paramod$fe55b1bb949966d310e200acf24c2aa59944d626\prim_generic_flop.\q_o' using process `$paramod$fe55b1bb949966d310e200acf24c2aa59944d626\prim_generic_flop.$proc$/nfs_scratch/scratch/CompilerValidation/zaheer_ahmad/os_fpga2/Validation/RTL_testcases/RTL_Benchmarks_Gap_Analysis/pwrmgr/rtl/prim_generic_flop.sv:18$77'.
  created $adff cell `$procdff$2899' with positive edge clock and negative level reset.
Creating register for signal `$paramod$21a513b276be09c9cb5553d5463fdf4800edca32\pwrmgr_fsm.\reset_cause_q' using process `$paramod$21a513b276be09c9cb5553d5463fdf4800edca32\pwrmgr_fsm.$proc$/nfs_scratch/scratch/CompilerValidation/zaheer_ahmad/os_fpga2/Validation/RTL_testcases/RTL_Benchmarks_Gap_Analysis/pwrmgr/rtl/pwrmgr_fsm.sv:128$65'.
  created $adff cell `$procdff$2900' with positive edge clock and negative level reset.
Creating register for signal `$paramod$21a513b276be09c9cb5553d5463fdf4800edca32\pwrmgr_fsm.\reset_ongoing_q' using process `$paramod$21a513b276be09c9cb5553d5463fdf4800edca32\pwrmgr_fsm.$proc$/nfs_scratch/scratch/CompilerValidation/zaheer_ahmad/os_fpga2/Validation/RTL_testcases/RTL_Benchmarks_Gap_Analysis/pwrmgr/rtl/pwrmgr_fsm.sv:128$65'.
  created $adff cell `$procdff$2901' with positive edge clock and negative level reset.
Creating register for signal `$paramod$21a513b276be09c9cb5553d5463fdf4800edca32\pwrmgr_fsm.\req_pwrdn_q' using process `$paramod$21a513b276be09c9cb5553d5463fdf4800edca32\pwrmgr_fsm.$proc$/nfs_scratch/scratch/CompilerValidation/zaheer_ahmad/os_fpga2/Validation/RTL_testcases/RTL_Benchmarks_Gap_Analysis/pwrmgr/rtl/pwrmgr_fsm.sv:128$65'.
  created $adff cell `$procdff$2902' with positive edge clock and negative level reset.
Creating register for signal `$paramod$21a513b276be09c9cb5553d5463fdf4800edca32\pwrmgr_fsm.\ack_pwrup_q' using process `$paramod$21a513b276be09c9cb5553d5463fdf4800edca32\pwrmgr_fsm.$proc$/nfs_scratch/scratch/CompilerValidation/zaheer_ahmad/os_fpga2/Validation/RTL_testcases/RTL_Benchmarks_Gap_Analysis/pwrmgr/rtl/pwrmgr_fsm.sv:128$65'.
  created $adff cell `$procdff$2903' with positive edge clock and negative level reset.
Creating register for signal `$paramod$21a513b276be09c9cb5553d5463fdf4800edca32\pwrmgr_fsm.\ip_clk_en_q' using process `$paramod$21a513b276be09c9cb5553d5463fdf4800edca32\pwrmgr_fsm.$proc$/nfs_scratch/scratch/CompilerValidation/zaheer_ahmad/os_fpga2/Validation/RTL_testcases/RTL_Benchmarks_Gap_Analysis/pwrmgr/rtl/pwrmgr_fsm.sv:128$65'.
  created $adff cell `$procdff$2904' with positive edge clock and negative level reset.
Creating register for signal `$paramod$21a513b276be09c9cb5553d5463fdf4800edca32\pwrmgr_fsm.\rst_lc_req_q' using process `$paramod$21a513b276be09c9cb5553d5463fdf4800edca32\pwrmgr_fsm.$proc$/nfs_scratch/scratch/CompilerValidation/zaheer_ahmad/os_fpga2/Validation/RTL_testcases/RTL_Benchmarks_Gap_Analysis/pwrmgr/rtl/pwrmgr_fsm.sv:128$65'.
  created $adff cell `$procdff$2905' with positive edge clock and negative level reset.
Creating register for signal `$paramod$21a513b276be09c9cb5553d5463fdf4800edca32\pwrmgr_fsm.\rst_sys_req_q' using process `$paramod$21a513b276be09c9cb5553d5463fdf4800edca32\pwrmgr_fsm.$proc$/nfs_scratch/scratch/CompilerValidation/zaheer_ahmad/os_fpga2/Validation/RTL_testcases/RTL_Benchmarks_Gap_Analysis/pwrmgr/rtl/pwrmgr_fsm.sv:128$65'.
  created $adff cell `$procdff$2906' with positive edge clock and negative level reset.
Creating register for signal `$paramod$21a513b276be09c9cb5553d5463fdf4800edca32\pwrmgr_fsm.\low_power_q' using process `$paramod$21a513b276be09c9cb5553d5463fdf4800edca32\pwrmgr_fsm.$proc$/nfs_scratch/scratch/CompilerValidation/zaheer_ahmad/os_fpga2/Validation/RTL_testcases/RTL_Benchmarks_Gap_Analysis/pwrmgr/rtl/pwrmgr_fsm.sv:128$65'.
  created $adff cell `$procdff$2907' with positive edge clock and negative level reset.
Creating register for signal `$paramod$21a513b276be09c9cb5553d5463fdf4800edca32\pwrmgr_fsm.\strap_sampled' using process `$paramod$21a513b276be09c9cb5553d5463fdf4800edca32\pwrmgr_fsm.$proc$/nfs_scratch/scratch/CompilerValidation/zaheer_ahmad/os_fpga2/Validation/RTL_testcases/RTL_Benchmarks_Gap_Analysis/pwrmgr/rtl/pwrmgr_fsm.sv:164$5'.
  created $adff cell `$procdff$2908' with positive edge clock and negative level reset.

4.18.10. Executing PROC_MEMWR pass (convert process memory writes to cells).

4.18.11. Executing PROC_CLEAN pass (remove empty switches from decision trees).
Removing empty process `$paramod$112511bfd0dccda09976f1ed3a15d1c8d45112d4\prim_subreg.$proc$/nfs_scratch/scratch/CompilerValidation/zaheer_ahmad/os_fpga2/Validation/RTL_testcases/RTL_Benchmarks_Gap_Analysis/pwrmgr/rtl/prim_subreg.sv:65$858'.
Found and cleaned up 1 empty switch in `$paramod$112511bfd0dccda09976f1ed3a15d1c8d45112d4\prim_subreg.$proc$/nfs_scratch/scratch/CompilerValidation/zaheer_ahmad/os_fpga2/Validation/RTL_testcases/RTL_Benchmarks_Gap_Analysis/pwrmgr/rtl/prim_subreg.sv:70$856'.
Removing empty process `$paramod$112511bfd0dccda09976f1ed3a15d1c8d45112d4\prim_subreg.$proc$/nfs_scratch/scratch/CompilerValidation/zaheer_ahmad/os_fpga2/Validation/RTL_testcases/RTL_Benchmarks_Gap_Analysis/pwrmgr/rtl/prim_subreg.sv:70$856'.
Removing empty process `prim_pulse_sync.$proc$/nfs_scratch/scratch/CompilerValidation/zaheer_ahmad/os_fpga2/Validation/RTL_testcases/RTL_Benchmarks_Gap_Analysis/pwrmgr/rtl/prim_pulse_sync.sv:27$853'.
Removing empty process `prim_pulse_sync.$proc$/nfs_scratch/scratch/CompilerValidation/zaheer_ahmad/os_fpga2/Validation/RTL_testcases/RTL_Benchmarks_Gap_Analysis/pwrmgr/rtl/prim_pulse_sync.sv:55$850'.
Found and cleaned up 2 empty switches in `$paramod$b16ec1a2d37bb01b30b4807f6e7e5972c818c2d7\tlul_err.$proc$/nfs_scratch/scratch/CompilerValidation/zaheer_ahmad/os_fpga2/Validation/RTL_testcases/RTL_Benchmarks_Gap_Analysis/pwrmgr/rtl/tlul_err.sv:46$829'.
Removing empty process `$paramod$b16ec1a2d37bb01b30b4807f6e7e5972c818c2d7\tlul_err.$proc$/nfs_scratch/scratch/CompilerValidation/zaheer_ahmad/os_fpga2/Validation/RTL_testcases/RTL_Benchmarks_Gap_Analysis/pwrmgr/rtl/tlul_err.sv:46$829'.
Removing empty process `$paramod$7e00d363ce130de0a5a3e36d8a0ef795833e2889\prim_subreg.$proc$/nfs_scratch/scratch/CompilerValidation/zaheer_ahmad/os_fpga2/Validation/RTL_testcases/RTL_Benchmarks_Gap_Analysis/pwrmgr/rtl/prim_subreg.sv:65$812'.
Found and cleaned up 1 empty switch in `$paramod$7e00d363ce130de0a5a3e36d8a0ef795833e2889\prim_subreg.$proc$/nfs_scratch/scratch/CompilerValidation/zaheer_ahmad/os_fpga2/Validation/RTL_testcases/RTL_Benchmarks_Gap_Analysis/pwrmgr/rtl/prim_subreg.sv:70$810'.
Removing empty process `$paramod$7e00d363ce130de0a5a3e36d8a0ef795833e2889\prim_subreg.$proc$/nfs_scratch/scratch/CompilerValidation/zaheer_ahmad/os_fpga2/Validation/RTL_testcases/RTL_Benchmarks_Gap_Analysis/pwrmgr/rtl/prim_subreg.sv:70$810'.
Found and cleaned up 1 empty switch in `$paramod$8ec11ab84d267aa735efee7deaffb669de62e241\pwrmgr_reg_top.$proc$/nfs_scratch/scratch/CompilerValidation/zaheer_ahmad/os_fpga2/Validation/RTL_testcases/RTL_Benchmarks_Gap_Analysis/pwrmgr/rtl/pwrmgr_reg_top.sv:56$806'.
Removing empty process `$paramod$8ec11ab84d267aa735efee7deaffb669de62e241\pwrmgr_reg_top.$proc$/nfs_scratch/scratch/CompilerValidation/zaheer_ahmad/os_fpga2/Validation/RTL_testcases/RTL_Benchmarks_Gap_Analysis/pwrmgr/rtl/pwrmgr_reg_top.sv:56$806'.
Removing empty process `$paramod$8ec11ab84d267aa735efee7deaffb669de62e241\pwrmgr_reg_top.$proc$/nfs_scratch/scratch/CompilerValidation/zaheer_ahmad/os_fpga2/Validation/RTL_testcases/RTL_Benchmarks_Gap_Analysis/pwrmgr/rtl/pwrmgr_reg_top.sv:822$749'.
Found and cleaned up 1 empty switch in `$paramod$8ec11ab84d267aa735efee7deaffb669de62e241\pwrmgr_reg_top.$proc$/nfs_scratch/scratch/CompilerValidation/zaheer_ahmad/os_fpga2/Validation/RTL_testcases/RTL_Benchmarks_Gap_Analysis/pwrmgr/rtl/pwrmgr_reg_top.sv:743$748'.
Removing empty process `$paramod$8ec11ab84d267aa735efee7deaffb669de62e241\pwrmgr_reg_top.$proc$/nfs_scratch/scratch/CompilerValidation/zaheer_ahmad/os_fpga2/Validation/RTL_testcases/RTL_Benchmarks_Gap_Analysis/pwrmgr/rtl/pwrmgr_reg_top.sv:743$748'.
Removing empty process `$paramod$8ec11ab84d267aa735efee7deaffb669de62e241\pwrmgr_reg_top.$proc$/nfs_scratch/scratch/CompilerValidation/zaheer_ahmad/os_fpga2/Validation/RTL_testcases/RTL_Benchmarks_Gap_Analysis/pwrmgr/rtl/pwrmgr_reg_top.sv:675$677'.
Removing empty process `$paramod$8ec11ab84d267aa735efee7deaffb669de62e241\pwrmgr_reg_top.$proc$/nfs_scratch/scratch/CompilerValidation/zaheer_ahmad/os_fpga2/Validation/RTL_testcases/RTL_Benchmarks_Gap_Analysis/pwrmgr/rtl/pwrmgr_reg_top.sv:654$662'.
Found and cleaned up 2 empty switches in `$paramod$ee0227794101df47ad9f37b0d88f82f880f9e439\tlul_adapter_reg.$proc$/nfs_scratch/scratch/CompilerValidation/zaheer_ahmad/os_fpga2/Validation/RTL_testcases/RTL_Benchmarks_Gap_Analysis/pwrmgr/rtl/tlul_adapter_reg.sv:64$640'.
Removing empty process `$paramod$ee0227794101df47ad9f37b0d88f82f880f9e439\tlul_adapter_reg.$proc$/nfs_scratch/scratch/CompilerValidation/zaheer_ahmad/os_fpga2/Validation/RTL_testcases/RTL_Benchmarks_Gap_Analysis/pwrmgr/rtl/tlul_adapter_reg.sv:64$640'.
Found and cleaned up 1 empty switch in `$paramod$ee0227794101df47ad9f37b0d88f82f880f9e439\tlul_adapter_reg.$proc$/nfs_scratch/scratch/CompilerValidation/zaheer_ahmad/os_fpga2/Validation/RTL_testcases/RTL_Benchmarks_Gap_Analysis/pwrmgr/rtl/tlul_adapter_reg.sv:119$623'.
Removing empty process `$paramod$ee0227794101df47ad9f37b0d88f82f880f9e439\tlul_adapter_reg.$proc$/nfs_scratch/scratch/CompilerValidation/zaheer_ahmad/os_fpga2/Validation/RTL_testcases/RTL_Benchmarks_Gap_Analysis/pwrmgr/rtl/tlul_adapter_reg.sv:119$623'.
Found and cleaned up 1 empty switch in `$paramod$ee0227794101df47ad9f37b0d88f82f880f9e439\tlul_adapter_reg.$proc$/nfs_scratch/scratch/CompilerValidation/zaheer_ahmad/os_fpga2/Validation/RTL_testcases/RTL_Benchmarks_Gap_Analysis/pwrmgr/rtl/tlul_adapter_reg.sv:83$619'.
Removing empty process `$paramod$ee0227794101df47ad9f37b0d88f82f880f9e439\tlul_adapter_reg.$proc$/nfs_scratch/scratch/CompilerValidation/zaheer_ahmad/os_fpga2/Validation/RTL_testcases/RTL_Benchmarks_Gap_Analysis/pwrmgr/rtl/tlul_adapter_reg.sv:83$619'.
Found and cleaned up 1 empty switch in `$paramod$ee0227794101df47ad9f37b0d88f82f880f9e439\tlul_adapter_reg.$proc$/nfs_scratch/scratch/CompilerValidation/zaheer_ahmad/os_fpga2/Validation/RTL_testcases/RTL_Benchmarks_Gap_Analysis/pwrmgr/rtl/tlul_adapter_reg.sv:70$616'.
Removing empty process `$paramod$ee0227794101df47ad9f37b0d88f82f880f9e439\tlul_adapter_reg.$proc$/nfs_scratch/scratch/CompilerValidation/zaheer_ahmad/os_fpga2/Validation/RTL_testcases/RTL_Benchmarks_Gap_Analysis/pwrmgr/rtl/tlul_adapter_reg.sv:70$616'.
Removing empty process `prim_secded_inv_64_57_enc.$proc$/nfs_scratch/scratch/CompilerValidation/zaheer_ahmad/os_fpga2/Validation/RTL_testcases/RTL_Benchmarks_Gap_Analysis/pwrmgr/rtl/prim_secded_inv_64_57_enc.sv:12$594'.
Removing empty process `prim_secded_inv_39_32_dec.$proc$/nfs_scratch/scratch/CompilerValidation/zaheer_ahmad/os_fpga2/Validation/RTL_testcases/RTL_Benchmarks_Gap_Analysis/pwrmgr/rtl/prim_secded_inv_39_32_dec.sv:14$504'.
Removing empty process `prim_secded_inv_64_57_dec.$proc$/nfs_scratch/scratch/CompilerValidation/zaheer_ahmad/os_fpga2/Validation/RTL_testcases/RTL_Benchmarks_Gap_Analysis/pwrmgr/rtl/prim_secded_inv_64_57_dec.sv:14$363'.
Removing empty process `$paramod\prim_generic_flop\Width=s32'00000000000000000000000000000010\ResetValue=2'10.$proc$/nfs_scratch/scratch/CompilerValidation/zaheer_ahmad/os_fpga2/Validation/RTL_testcases/RTL_Benchmarks_Gap_Analysis/pwrmgr/rtl/prim_generic_flop.sv:18$361'.
Removing empty process `$paramod$cafc58aacea66ce361f30fc5fb51712913515c86\prim_generic_flop.$proc$/nfs_scratch/scratch/CompilerValidation/zaheer_ahmad/os_fpga2/Validation/RTL_testcases/RTL_Benchmarks_Gap_Analysis/pwrmgr/rtl/prim_generic_flop.sv:18$359'.
Removing empty process `$paramod$18eae125e8070a5fb29a0bd9923127bd30ff2039\prim_subreg.$proc$/nfs_scratch/scratch/CompilerValidation/zaheer_ahmad/os_fpga2/Validation/RTL_testcases/RTL_Benchmarks_Gap_Analysis/pwrmgr/rtl/prim_subreg.sv:65$357'.
Found and cleaned up 1 empty switch in `$paramod$18eae125e8070a5fb29a0bd9923127bd30ff2039\prim_subreg.$proc$/nfs_scratch/scratch/CompilerValidation/zaheer_ahmad/os_fpga2/Validation/RTL_testcases/RTL_Benchmarks_Gap_Analysis/pwrmgr/rtl/prim_subreg.sv:70$355'.
Removing empty process `$paramod$18eae125e8070a5fb29a0bd9923127bd30ff2039\prim_subreg.$proc$/nfs_scratch/scratch/CompilerValidation/zaheer_ahmad/os_fpga2/Validation/RTL_testcases/RTL_Benchmarks_Gap_Analysis/pwrmgr/rtl/prim_subreg.sv:70$355'.
Removing empty process `$paramod\prim_diff_decode\AsyncOn=1'0.$proc$/nfs_scratch/scratch/CompilerValidation/zaheer_ahmad/os_fpga2/Validation/RTL_testcases/RTL_Benchmarks_Gap_Analysis/pwrmgr/rtl/prim_diff_decode.sv:195$353'.
Found and cleaned up 7 empty switches in `$paramod$58cc36426b572d644c9bdaa50fac6b4ad91ed7ea\prim_esc_receiver.$proc$/nfs_scratch/scratch/CompilerValidation/zaheer_ahmad/os_fpga2/Validation/RTL_testcases/RTL_Benchmarks_Gap_Analysis/pwrmgr/rtl/prim_esc_receiver.sv:155$332'.
Removing empty process `$paramod$58cc36426b572d644c9bdaa50fac6b4ad91ed7ea\prim_esc_receiver.$proc$/nfs_scratch/scratch/CompilerValidation/zaheer_ahmad/os_fpga2/Validation/RTL_testcases/RTL_Benchmarks_Gap_Analysis/pwrmgr/rtl/prim_esc_receiver.sv:155$332'.
Removing empty process `$paramod$58cc36426b572d644c9bdaa50fac6b4ad91ed7ea\prim_esc_receiver.$proc$/nfs_scratch/scratch/CompilerValidation/zaheer_ahmad/os_fpga2/Validation/RTL_testcases/RTL_Benchmarks_Gap_Analysis/pwrmgr/rtl/prim_esc_receiver.sv:236$320'.
Removing empty process `$paramod$30daef7d8fbea83f8d5d97bb6bbeea8d50f20643\tlul_rsp_intg_gen.$proc$/nfs_scratch/scratch/CompilerValidation/zaheer_ahmad/os_fpga2/Validation/RTL_testcases/RTL_Benchmarks_Gap_Analysis/pwrmgr/rtl/tlul_pkg.sv:0$313'.
Removing empty process `$paramod$30daef7d8fbea83f8d5d97bb6bbeea8d50f20643\tlul_rsp_intg_gen.$proc$/nfs_scratch/scratch/CompilerValidation/zaheer_ahmad/os_fpga2/Validation/RTL_testcases/RTL_Benchmarks_Gap_Analysis/pwrmgr/rtl/tlul_rsp_intg_gen.sv:44$312'.
Removing empty process `$paramod$e28d8d901a11ac5d5e5c27396dca7dc727aac42a\prim_subreg.$proc$/nfs_scratch/scratch/CompilerValidation/zaheer_ahmad/os_fpga2/Validation/RTL_testcases/RTL_Benchmarks_Gap_Analysis/pwrmgr/rtl/prim_subreg.sv:65$307'.
Found and cleaned up 1 empty switch in `$paramod$e28d8d901a11ac5d5e5c27396dca7dc727aac42a\prim_subreg.$proc$/nfs_scratch/scratch/CompilerValidation/zaheer_ahmad/os_fpga2/Validation/RTL_testcases/RTL_Benchmarks_Gap_Analysis/pwrmgr/rtl/prim_subreg.sv:70$305'.
Removing empty process `$paramod$e28d8d901a11ac5d5e5c27396dca7dc727aac42a\prim_subreg.$proc$/nfs_scratch/scratch/CompilerValidation/zaheer_ahmad/os_fpga2/Validation/RTL_testcases/RTL_Benchmarks_Gap_Analysis/pwrmgr/rtl/prim_subreg.sv:70$305'.
Removing empty process `prim_secded_inv_39_32_enc.$proc$/nfs_scratch/scratch/CompilerValidation/zaheer_ahmad/os_fpga2/Validation/RTL_testcases/RTL_Benchmarks_Gap_Analysis/pwrmgr/rtl/prim_secded_inv_39_32_enc.sv:12$267'.
Removing empty process `$paramod$b16ec1a2d37bb01b30b4807f6e7e5972c818c2d7\tlul_cmd_intg_chk.$proc$/nfs_scratch/scratch/CompilerValidation/zaheer_ahmad/os_fpga2/Validation/RTL_testcases/RTL_Benchmarks_Gap_Analysis/pwrmgr/rtl/tlul_pkg.sv:0$260'.
Found and cleaned up 3 empty switches in `\prim_sync_reqack.$proc$/nfs_scratch/scratch/CompilerValidation/zaheer_ahmad/os_fpga2/Validation/RTL_testcases/RTL_Benchmarks_Gap_Analysis/pwrmgr/rtl/prim_sync_reqack.sv:70$246'.
Removing empty process `prim_sync_reqack.$proc$/nfs_scratch/scratch/CompilerValidation/zaheer_ahmad/os_fpga2/Validation/RTL_testcases/RTL_Benchmarks_Gap_Analysis/pwrmgr/rtl/prim_sync_reqack.sv:70$246'.
Removing empty process `prim_sync_reqack.$proc$/nfs_scratch/scratch/CompilerValidation/zaheer_ahmad/os_fpga2/Validation/RTL_testcases/RTL_Benchmarks_Gap_Analysis/pwrmgr/rtl/prim_sync_reqack.sv:141$244'.
Removing empty process `prim_sync_reqack.$proc$/nfs_scratch/scratch/CompilerValidation/zaheer_ahmad/os_fpga2/Validation/RTL_testcases/RTL_Benchmarks_Gap_Analysis/pwrmgr/rtl/prim_sync_reqack.sv:132$242'.
Found and cleaned up 3 empty switches in `\prim_sync_reqack.$proc$/nfs_scratch/scratch/CompilerValidation/zaheer_ahmad/os_fpga2/Validation/RTL_testcases/RTL_Benchmarks_Gap_Analysis/pwrmgr/rtl/prim_sync_reqack.sv:102$239'.
Removing empty process `prim_sync_reqack.$proc$/nfs_scratch/scratch/CompilerValidation/zaheer_ahmad/os_fpga2/Validation/RTL_testcases/RTL_Benchmarks_Gap_Analysis/pwrmgr/rtl/prim_sync_reqack.sv:102$239'.
Found and cleaned up 3 empty switches in `$paramod\prim_clock_timeout\TimeOutCnt=s32'00000000000000000000000010000000.$proc$/nfs_scratch/scratch/CompilerValidation/zaheer_ahmad/os_fpga2/Validation/RTL_testcases/RTL_Benchmarks_Gap_Analysis/pwrmgr/rtl/prim_clock_timeout.sv:30$234'.
Removing empty process `$paramod\prim_clock_timeout\TimeOutCnt=s32'00000000000000000000000010000000.$proc$/nfs_scratch/scratch/CompilerValidation/zaheer_ahmad/os_fpga2/Validation/RTL_testcases/RTL_Benchmarks_Gap_Analysis/pwrmgr/rtl/prim_clock_timeout.sv:30$234'.
Removing empty process `pwrmgr.$proc$/nfs_scratch/scratch/CompilerValidation/zaheer_ahmad/os_fpga2/Validation/RTL_testcases/RTL_Benchmarks_Gap_Analysis/pwrmgr/rtl/prim_mubi_pkg.sv:0$228'.
Found and cleaned up 2 empty switches in `\pwrmgr.$proc$/nfs_scratch/scratch/CompilerValidation/zaheer_ahmad/os_fpga2/Validation/RTL_testcases/RTL_Benchmarks_Gap_Analysis/pwrmgr/rtl/pwrmgr.sv:240$223'.
Removing empty process `pwrmgr.$proc$/nfs_scratch/scratch/CompilerValidation/zaheer_ahmad/os_fpga2/Validation/RTL_testcases/RTL_Benchmarks_Gap_Analysis/pwrmgr/rtl/pwrmgr.sv:240$223'.
Found and cleaned up 8 empty switches in `$paramod\prim_alert_sender\AsyncOn=1'1\ALERT_TX_DEFAULT=2'01\ALERT_RX_DEFAULT=4'0101.$proc$/nfs_scratch/scratch/CompilerValidation/zaheer_ahmad/os_fpga2/Validation/RTL_testcases/RTL_Benchmarks_Gap_Analysis/pwrmgr/rtl/prim_alert_sender.sv:127$196'.
Removing empty process `$paramod\prim_alert_sender\AsyncOn=1'1\ALERT_TX_DEFAULT=2'01\ALERT_RX_DEFAULT=4'0101.$proc$/nfs_scratch/scratch/CompilerValidation/zaheer_ahmad/os_fpga2/Validation/RTL_testcases/RTL_Benchmarks_Gap_Analysis/pwrmgr/rtl/prim_alert_sender.sv:127$196'.
Removing empty process `$paramod\prim_alert_sender\AsyncOn=1'1\ALERT_TX_DEFAULT=2'01\ALERT_RX_DEFAULT=4'0101.$proc$/nfs_scratch/scratch/CompilerValidation/zaheer_ahmad/os_fpga2/Validation/RTL_testcases/RTL_Benchmarks_Gap_Analysis/pwrmgr/rtl/prim_alert_sender.sv:222$189'.
Removing empty process `$paramod\prim_diff_decode\AsyncOn=1'1.$proc$/nfs_scratch/scratch/CompilerValidation/zaheer_ahmad/os_fpga2/Validation/RTL_testcases/RTL_Benchmarks_Gap_Analysis/pwrmgr/rtl/prim_diff_decode.sv:161$187'.
Found and cleaned up 8 empty switches in `$paramod\prim_diff_decode\AsyncOn=1'1.$proc$/nfs_scratch/scratch/CompilerValidation/zaheer_ahmad/os_fpga2/Validation/RTL_testcases/RTL_Benchmarks_Gap_Analysis/pwrmgr/rtl/prim_diff_decode.sv:106$184'.
Removing empty process `$paramod\prim_diff_decode\AsyncOn=1'1.$proc$/nfs_scratch/scratch/CompilerValidation/zaheer_ahmad/os_fpga2/Validation/RTL_testcases/RTL_Benchmarks_Gap_Analysis/pwrmgr/rtl/prim_diff_decode.sv:106$184'.
Removing empty process `$paramod\prim_generic_flop\Width=s32'00000000000000000000000000000001\ResetValue=1'0.$proc$/nfs_scratch/scratch/CompilerValidation/zaheer_ahmad/os_fpga2/Validation/RTL_testcases/RTL_Benchmarks_Gap_Analysis/pwrmgr/rtl/prim_generic_flop.sv:18$178'.
Removing empty process `$paramod\prim_generic_flop\Width=s32'00000000000000000000000000000001\ResetValue=1'1.$proc$/nfs_scratch/scratch/CompilerValidation/zaheer_ahmad/os_fpga2/Validation/RTL_testcases/RTL_Benchmarks_Gap_Analysis/pwrmgr/rtl/prim_generic_flop.sv:18$176'.
Removing empty process `$paramod$1922727dec4c1da7ed6ad3dc09fc46ad0b6c2a2c\prim_subreg.$proc$/nfs_scratch/scratch/CompilerValidation/zaheer_ahmad/os_fpga2/Validation/RTL_testcases/RTL_Benchmarks_Gap_Analysis/pwrmgr/rtl/prim_subreg.sv:65$174'.
Found and cleaned up 1 empty switch in `$paramod$1922727dec4c1da7ed6ad3dc09fc46ad0b6c2a2c\prim_subreg.$proc$/nfs_scratch/scratch/CompilerValidation/zaheer_ahmad/os_fpga2/Validation/RTL_testcases/RTL_Benchmarks_Gap_Analysis/pwrmgr/rtl/prim_subreg.sv:70$172'.
Removing empty process `$paramod$1922727dec4c1da7ed6ad3dc09fc46ad0b6c2a2c\prim_subreg.$proc$/nfs_scratch/scratch/CompilerValidation/zaheer_ahmad/os_fpga2/Validation/RTL_testcases/RTL_Benchmarks_Gap_Analysis/pwrmgr/rtl/prim_subreg.sv:70$172'.
Removing empty process `$paramod$21a513b276be09c9cb5553d5463fdf4800edca32\pwrmgr_cdc.$proc$/nfs_scratch/scratch/CompilerValidation/zaheer_ahmad/os_fpga2/Validation/RTL_testcases/RTL_Benchmarks_Gap_Analysis/pwrmgr/rtl/pwrmgr_cdc.sv:147$166'.
Found and cleaned up 1 empty switch in `$paramod$21a513b276be09c9cb5553d5463fdf4800edca32\pwrmgr_cdc.$proc$/nfs_scratch/scratch/CompilerValidation/zaheer_ahmad/os_fpga2/Validation/RTL_testcases/RTL_Benchmarks_Gap_Analysis/pwrmgr/rtl/pwrmgr_cdc.sv:260$163'.
Removing empty process `$paramod$21a513b276be09c9cb5553d5463fdf4800edca32\pwrmgr_cdc.$proc$/nfs_scratch/scratch/CompilerValidation/zaheer_ahmad/os_fpga2/Validation/RTL_testcases/RTL_Benchmarks_Gap_Analysis/pwrmgr/rtl/pwrmgr_cdc.sv:260$163'.
Removing empty process `$paramod$21a513b276be09c9cb5553d5463fdf4800edca32\pwrmgr_cdc.$proc$/nfs_scratch/scratch/CompilerValidation/zaheer_ahmad/os_fpga2/Validation/RTL_testcases/RTL_Benchmarks_Gap_Analysis/pwrmgr/rtl/pwrmgr_cdc.sv:250$161'.
Found and cleaned up 1 empty switch in `$paramod$21a513b276be09c9cb5553d5463fdf4800edca32\pwrmgr_cdc.$proc$/nfs_scratch/scratch/CompilerValidation/zaheer_ahmad/os_fpga2/Validation/RTL_testcases/RTL_Benchmarks_Gap_Analysis/pwrmgr/rtl/pwrmgr_cdc.sv:169$159'.
Removing empty process `$paramod$21a513b276be09c9cb5553d5463fdf4800edca32\pwrmgr_cdc.$proc$/nfs_scratch/scratch/CompilerValidation/zaheer_ahmad/os_fpga2/Validation/RTL_testcases/RTL_Benchmarks_Gap_Analysis/pwrmgr/rtl/pwrmgr_cdc.sv:169$159'.
Found and cleaned up 1 empty switch in `$paramod$21a513b276be09c9cb5553d5463fdf4800edca32\pwrmgr_cdc.$proc$/nfs_scratch/scratch/CompilerValidation/zaheer_ahmad/os_fpga2/Validation/RTL_testcases/RTL_Benchmarks_Gap_Analysis/pwrmgr/rtl/pwrmgr_cdc.sv:157$156'.
Removing empty process `$paramod$21a513b276be09c9cb5553d5463fdf4800edca32\pwrmgr_cdc.$proc$/nfs_scratch/scratch/CompilerValidation/zaheer_ahmad/os_fpga2/Validation/RTL_testcases/RTL_Benchmarks_Gap_Analysis/pwrmgr/rtl/pwrmgr_cdc.sv:157$156'.
Removing empty process `$paramod$25ebe4329fda051e04aa1129a6e1ffd602984606\prim_generic_flop.$proc$/nfs_scratch/scratch/CompilerValidation/zaheer_ahmad/os_fpga2/Validation/RTL_testcases/RTL_Benchmarks_Gap_Analysis/pwrmgr/rtl/prim_generic_flop.sv:18$154'.
Removing empty process `$paramod\prim_intr_hw\Width=32'00000000000000000000000000000001\FlopOutput=1'1.$proc$/nfs_scratch/scratch/CompilerValidation/zaheer_ahmad/os_fpga2/Validation/RTL_testcases/RTL_Benchmarks_Gap_Analysis/pwrmgr/rtl/prim_intr_hw.sv:41$147'.
Removing empty process `$paramod$2454416d686f119c214b8f35dcdc5a0867f85a76\prim_generic_flop.$proc$/nfs_scratch/scratch/CompilerValidation/zaheer_ahmad/os_fpga2/Validation/RTL_testcases/RTL_Benchmarks_Gap_Analysis/pwrmgr/rtl/prim_generic_flop.sv:18$145'.
Removing empty process `$paramod$1232de8c2fe4fff6a75b5663758d1bf50afa3825\prim_generic_flop.$proc$/nfs_scratch/scratch/CompilerValidation/zaheer_ahmad/os_fpga2/Validation/RTL_testcases/RTL_Benchmarks_Gap_Analysis/pwrmgr/rtl/prim_generic_flop.sv:18$143'.
Removing empty process `$paramod\prim_generic_flop\Width=s32'00000000000000000000000000000010\ResetValue=2'00.$proc$/nfs_scratch/scratch/CompilerValidation/zaheer_ahmad/os_fpga2/Validation/RTL_testcases/RTL_Benchmarks_Gap_Analysis/pwrmgr/rtl/prim_generic_flop.sv:18$141'.
Removing empty process `$paramod$6ae18350b51be32fd7406c5aaac3c7582e0e6af0\prim_generic_flop.$proc$/nfs_scratch/scratch/CompilerValidation/zaheer_ahmad/os_fpga2/Validation/RTL_testcases/RTL_Benchmarks_Gap_Analysis/pwrmgr/rtl/prim_generic_flop.sv:18$139'.
Removing empty process `$paramod$21a513b276be09c9cb5553d5463fdf4800edca32\pwrmgr_wake_info.$proc$/nfs_scratch/scratch/CompilerValidation/zaheer_ahmad/os_fpga2/Validation/RTL_testcases/RTL_Benchmarks_Gap_Analysis/pwrmgr/rtl/pwrmgr_wake_info.sv:27$135'.
Found and cleaned up 2 empty switches in `$paramod$21a513b276be09c9cb5553d5463fdf4800edca32\pwrmgr_wake_info.$proc$/nfs_scratch/scratch/CompilerValidation/zaheer_ahmad/os_fpga2/Validation/RTL_testcases/RTL_Benchmarks_Gap_Analysis/pwrmgr/rtl/pwrmgr_wake_info.sv:55$127'.
Removing empty process `$paramod$21a513b276be09c9cb5553d5463fdf4800edca32\pwrmgr_wake_info.$proc$/nfs_scratch/scratch/CompilerValidation/zaheer_ahmad/os_fpga2/Validation/RTL_testcases/RTL_Benchmarks_Gap_Analysis/pwrmgr/rtl/pwrmgr_wake_info.sv:55$127'.
Found and cleaned up 2 empty switches in `$paramod$21a513b276be09c9cb5553d5463fdf4800edca32\pwrmgr_wake_info.$proc$/nfs_scratch/scratch/CompilerValidation/zaheer_ahmad/os_fpga2/Validation/RTL_testcases/RTL_Benchmarks_Gap_Analysis/pwrmgr/rtl/pwrmgr_wake_info.sv:40$122'.
Removing empty process `$paramod$21a513b276be09c9cb5553d5463fdf4800edca32\pwrmgr_wake_info.$proc$/nfs_scratch/scratch/CompilerValidation/zaheer_ahmad/os_fpga2/Validation/RTL_testcases/RTL_Benchmarks_Gap_Analysis/pwrmgr/rtl/pwrmgr_wake_info.sv:40$122'.
Removing empty process `$paramod$21db42bc4a37f19b92ab182268213f76666c0005\pwrmgr_slow_fsm.$proc$/nfs_scratch/scratch/CompilerValidation/zaheer_ahmad/os_fpga2/Validation/RTL_testcases/RTL_Benchmarks_Gap_Analysis/pwrmgr/rtl/pwrmgr_slow_fsm.sv:95$120'.
Found and cleaned up 1 empty switch in `$paramod$21db42bc4a37f19b92ab182268213f76666c0005\pwrmgr_slow_fsm.$proc$/nfs_scratch/scratch/CompilerValidation/zaheer_ahmad/os_fpga2/Validation/RTL_testcases/RTL_Benchmarks_Gap_Analysis/pwrmgr/rtl/pwrmgr_slow_fsm.sv:303$99'.
Removing empty process `$paramod$21db42bc4a37f19b92ab182268213f76666c0005\pwrmgr_slow_fsm.$proc$/nfs_scratch/scratch/CompilerValidation/zaheer_ahmad/os_fpga2/Validation/RTL_testcases/RTL_Benchmarks_Gap_Analysis/pwrmgr/rtl/pwrmgr_slow_fsm.sv:303$99'.
Found and cleaned up 2 empty switches in `$paramod$21db42bc4a37f19b92ab182268213f76666c0005\pwrmgr_slow_fsm.$proc$/nfs_scratch/scratch/CompilerValidation/zaheer_ahmad/os_fpga2/Validation/RTL_testcases/RTL_Benchmarks_Gap_Analysis/pwrmgr/rtl/pwrmgr_slow_fsm.sv:285$93'.
Removing empty process `$paramod$21db42bc4a37f19b92ab182268213f76666c0005\pwrmgr_slow_fsm.$proc$/nfs_scratch/scratch/CompilerValidation/zaheer_ahmad/os_fpga2/Validation/RTL_testcases/RTL_Benchmarks_Gap_Analysis/pwrmgr/rtl/pwrmgr_slow_fsm.sv:285$93'.
Removing empty process `$paramod$21db42bc4a37f19b92ab182268213f76666c0005\pwrmgr_slow_fsm.$proc$/nfs_scratch/scratch/CompilerValidation/zaheer_ahmad/os_fpga2/Validation/RTL_testcases/RTL_Benchmarks_Gap_Analysis/pwrmgr/rtl/pwrmgr_slow_fsm.sv:274$91'.
Found and cleaned up 9 empty switches in `$paramod$21db42bc4a37f19b92ab182268213f76666c0005\pwrmgr_slow_fsm.$proc$/nfs_scratch/scratch/CompilerValidation/zaheer_ahmad/os_fpga2/Validation/RTL_testcases/RTL_Benchmarks_Gap_Analysis/pwrmgr/rtl/pwrmgr_slow_fsm.sv:138$79'.
Removing empty process `$paramod$21db42bc4a37f19b92ab182268213f76666c0005\pwrmgr_slow_fsm.$proc$/nfs_scratch/scratch/CompilerValidation/zaheer_ahmad/os_fpga2/Validation/RTL_testcases/RTL_Benchmarks_Gap_Analysis/pwrmgr/rtl/pwrmgr_slow_fsm.sv:138$79'.
Removing empty process `$paramod$fe55b1bb949966d310e200acf24c2aa59944d626\prim_generic_flop.$proc$/nfs_scratch/scratch/CompilerValidation/zaheer_ahmad/os_fpga2/Validation/RTL_testcases/RTL_Benchmarks_Gap_Analysis/pwrmgr/rtl/prim_generic_flop.sv:18$77'.
Removing empty process `$paramod$21a513b276be09c9cb5553d5463fdf4800edca32\pwrmgr_fsm.$proc$/nfs_scratch/scratch/CompilerValidation/zaheer_ahmad/os_fpga2/Validation/RTL_testcases/RTL_Benchmarks_Gap_Analysis/pwrmgr/rtl/prim_mubi_pkg.sv:0$72'.
Removing empty process `$paramod$21a513b276be09c9cb5553d5463fdf4800edca32\pwrmgr_fsm.$proc$/nfs_scratch/scratch/CompilerValidation/zaheer_ahmad/os_fpga2/Validation/RTL_testcases/RTL_Benchmarks_Gap_Analysis/pwrmgr/rtl/prim_mubi_pkg.sv:0$67'.
Removing empty process `$paramod$21a513b276be09c9cb5553d5463fdf4800edca32\pwrmgr_fsm.$proc$/nfs_scratch/scratch/CompilerValidation/zaheer_ahmad/os_fpga2/Validation/RTL_testcases/RTL_Benchmarks_Gap_Analysis/pwrmgr/rtl/pwrmgr_fsm.sv:128$65'.
Found and cleaned up 16 empty switches in `$paramod$21a513b276be09c9cb5553d5463fdf4800edca32\pwrmgr_fsm.$proc$/nfs_scratch/scratch/CompilerValidation/zaheer_ahmad/os_fpga2/Validation/RTL_testcases/RTL_Benchmarks_Gap_Analysis/pwrmgr/rtl/pwrmgr_fsm.sv:242$10'.
Removing empty process `$paramod$21a513b276be09c9cb5553d5463fdf4800edca32\pwrmgr_fsm.$proc$/nfs_scratch/scratch/CompilerValidation/zaheer_ahmad/os_fpga2/Validation/RTL_testcases/RTL_Benchmarks_Gap_Analysis/pwrmgr/rtl/pwrmgr_fsm.sv:242$10'.
Found and cleaned up 2 empty switches in `$paramod$21a513b276be09c9cb5553d5463fdf4800edca32\pwrmgr_fsm.$proc$/nfs_scratch/scratch/CompilerValidation/zaheer_ahmad/os_fpga2/Validation/RTL_testcases/RTL_Benchmarks_Gap_Analysis/pwrmgr/rtl/pwrmgr_fsm.sv:164$5'.
Removing empty process `$paramod$21a513b276be09c9cb5553d5463fdf4800edca32\pwrmgr_fsm.$proc$/nfs_scratch/scratch/CompilerValidation/zaheer_ahmad/os_fpga2/Validation/RTL_testcases/RTL_Benchmarks_Gap_Analysis/pwrmgr/rtl/pwrmgr_fsm.sv:164$5'.
Cleaned up 85 empty switches.

4.18.12. Executing OPT_EXPR pass (perform const folding).
Optimizing module $paramod\prim_subreg_ext\DW=32'00000000000000000000000000000001.
Optimizing module $paramod$112511bfd0dccda09976f1ed3a15d1c8d45112d4\prim_subreg.
Optimizing module prim_pulse_sync.
Optimizing module $paramod$b16ec1a2d37bb01b30b4807f6e7e5972c818c2d7\tlul_err.
<suppressed ~7 debug messages>
Optimizing module $paramod$7e00d363ce130de0a5a3e36d8a0ef795833e2889\prim_subreg.
Optimizing module $paramod$8ec11ab84d267aa735efee7deaffb669de62e241\pwrmgr_reg_top.
<suppressed ~169 debug messages>
Optimizing module $paramod$ee0227794101df47ad9f37b0d88f82f880f9e439\tlul_adapter_reg.
<suppressed ~1 debug messages>
Optimizing module $paramod$b16ec1a2d37bb01b30b4807f6e7e5972c818c2d7\tlul_data_integ_enc.
Optimizing module $paramod$ff88e0cc5b79bb9c0662e183af7c9b980234cfc1\prim_flop.
Optimizing module prim_secded_inv_64_57_enc.
<suppressed ~14 debug messages>
Optimizing module prim_generic_buf.
Optimizing module prim_secded_inv_39_32_dec.
<suppressed ~14 debug messages>
Optimizing module $paramod$25ebe4329fda051e04aa1129a6e1ffd602984606\prim_generic_flop_2sync.
Optimizing module $paramod$b16ec1a2d37bb01b30b4807f6e7e5972c818c2d7\tlul_data_integ_dec.
Optimizing module prim_secded_inv_64_57_dec.
<suppressed ~14 debug messages>
Optimizing module $paramod\prim_generic_flop\Width=s32'00000000000000000000000000000010\ResetValue=2'10.
Optimizing module $paramod\prim_sec_anchor_flop\Width=s32'00000000000000000000000000000010\ResetValue=2'10.
Optimizing module $paramod\prim_sec_anchor_buf\Width=s32'00000000000000000000000000000001.
Optimizing module $paramod$cafc58aacea66ce361f30fc5fb51712913515c86\prim_generic_flop.
Optimizing module $paramod$18eae125e8070a5fb29a0bd9923127bd30ff2039\prim_subreg.
Optimizing module $paramod$55720f6f56ab0dcb7b0978d7b020cd5788c3bb7b\prim_buf.
Optimizing module $paramod\prim_diff_decode\AsyncOn=1'0.
<suppressed ~3 debug messages>
Optimizing module $paramod$1232de8c2fe4fff6a75b5663758d1bf50afa3825\prim_generic_flop_2sync.
Optimizing module $paramod$eca6cdb671bb55064ea4103fc00be19283c8611c\prim_buf.
Optimizing module $paramod$58cc36426b572d644c9bdaa50fac6b4ad91ed7ea\prim_esc_receiver.
<suppressed ~6 debug messages>
Optimizing module $paramod$30daef7d8fbea83f8d5d97bb6bbeea8d50f20643\tlul_rsp_intg_gen.
Optimizing module $paramod$e28d8d901a11ac5d5e5c27396dca7dc727aac42a\prim_subreg.
Optimizing module $paramod\prim_generic_flop_2sync\Width=s32'00000000000000000000000000000001\ResetValue=1'0.
Optimizing module $paramod$705fa05787a5d1cbfe2ae3dc7a01b0dd03c7a1d2\prim_flop.
Optimizing module $paramod$c5a2c670fcc80b1e00077cb7c12ddf5cd8beba26\prim_count.
<suppressed ~3 debug messages>
Optimizing module prim_secded_inv_39_32_enc.
<suppressed ~14 debug messages>
Optimizing module $paramod\prim_flop_2sync\Width=s32'00000000000000000000000000000001\ResetValue=1'0.
Optimizing module $paramod\prim_flop_2sync\Width=s32'00000000000000000000000000000001\ResetValue=1'1.
Optimizing module $paramod$b16ec1a2d37bb01b30b4807f6e7e5972c818c2d7\tlul_cmd_intg_chk.
<suppressed ~2 debug messages>
Optimizing module $paramod$d1667f769712e8f5d6feff44c8934483fca616bd\prim_flop.
Optimizing module $paramod$1f2cba5866897a44b387e1c2993af0b4468bf03a\prim_xor2.
Optimizing module prim_sync_reqack.
<suppressed ~14 debug messages>
Optimizing module $paramod\prim_clock_timeout\TimeOutCnt=s32'00000000000000000000000010000000.
Optimizing module pwrmgr.
<suppressed ~1 debug messages>
Optimizing module $paramod\prim_alert_sender\AsyncOn=1'1\ALERT_TX_DEFAULT=2'01\ALERT_RX_DEFAULT=4'0101.
<suppressed ~12 debug messages>
Optimizing module prim_generic_clock_buf.
Optimizing module $paramod$6ae18350b51be32fd7406c5aaac3c7582e0e6af0\prim_generic_flop_2sync.
Optimizing module $paramod$a15eb3e9e7e337a1d68c13676510cc99e563cdd3\prim_buf.
Optimizing module $paramod\prim_flop_2sync\Width=s32'00000000000000000000000000000010\ResetValue=2'00.
Optimizing module $paramod\prim_diff_decode\AsyncOn=1'1.
<suppressed ~16 debug messages>
Optimizing module $paramod$ebe0a97d65ac33a9414f47886a18e066f6dc6365\prim_flop.
Optimizing module $paramod\prim_generic_flop\Width=s32'00000000000000000000000000000001\ResetValue=1'0.
Optimizing module prim_lc_sender.
Optimizing module $paramod\prim_generic_flop_2sync\Width=s32'00000000000000000000000000000001\ResetValue=1'1.
Optimizing module $paramod\prim_generic_flop\Width=s32'00000000000000000000000000000001\ResetValue=1'1.
Optimizing module $paramod\prim_clock_buf\Impl=32'00000000000000000000000000000000.
Optimizing module $paramod$1922727dec4c1da7ed6ad3dc09fc46ad0b6c2a2c\prim_subreg.
Optimizing module $paramod$25ebe4329fda051e04aa1129a6e1ffd602984606\prim_flop_2sync.
Optimizing module $paramod$a7b283e8b9acadb82fb07886ab71c26207bbd72c\prim_mubi4_sync.
Optimizing module $paramod$21a513b276be09c9cb5553d5463fdf4800edca32\pwrmgr_cdc.
Optimizing module $paramod$25ebe4329fda051e04aa1129a6e1ffd602984606\prim_generic_flop.
Optimizing module $paramod\prim_intr_hw\Width=32'00000000000000000000000000000001\FlopOutput=1'1.
<suppressed ~1 debug messERROR: Cell port pwrmgr.u_sw_req_flop.q_o is driving constant bits: 1'0 <= \u_sw_req_flop.q_o
ERROR: SYN: Design pwrmgr Synthesis failed
ages>
Optimizing module $paramod$1232de8c2fe4fff6a75b5663758d1bf50afa3825\prim_flop_2sync.
Optimizing module $paramod$2454416d686f119c214b8f35dcdc5a0867f85a76\prim_generic_flop.
Optimizing module $paramod$1232de8c2fe4fff6a75b5663758d1bf50afa3825\prim_generic_flop.
Optimizing module $paramod\prim_generic_flop_2sync\Width=s32'00000000000000000000000000000010\ResetValue=2'00.
Optimizing module $paramod\prim_generic_flop\Width=s32'00000000000000000000000000000010\ResetValue=2'00.
Optimizing module $paramod$6ae18350b51be32fd7406c5aaac3c7582e0e6af0\prim_flop_2sync.
Optimizing module $paramod$6ae18350b51be32fd7406c5aaac3c7582e0e6af0\prim_generic_flop.
Optimizing module $paramod\prim_generic_xor2\Width=s32'00000000000000000000000000000100.
Optimizing module $paramod\prim_sec_anchor_buf\Width=s32'00000000000000000000000000000100.
Optimizing module $paramod$4c9652adfb17b2d533bb31a43b4ddd326554f0f1\prim_flop.
Optimizing module $paramod$f00c4529a1ee6db225b5a16a9e380cfcfefeb4fc\prim_buf.
Optimizing module $paramod\prim_clock_mux2\NoFpgaBufG=1'1\Impl=32'00000000000000000000000000000000.
Optimizing module $paramod\prim_generic_clock_mux2\NoFpgaBufG=1'1.
Optimizing module $paramod$21a513b276be09c9cb5553d5463fdf4800edca32\pwrmgr_wake_info.
Optimizing module $paramod$21db42bc4a37f19b92ab182268213f76666c0005\pwrmgr_slow_fsm.
<suppressed ~2 debug messages>
Optimizing module $paramod$a7aee46bd09813908c06b21f352766ca9cf9b3c9\prim_sparse_fsm_flop.
Optimizing module $paramod$44a1f8f9602035884579b7c1bf52cac427a84729\prim_flop.
Optimizing module $paramod$fe55b1bb949966d310e200acf24c2aa59944d626\prim_generic_flop.
Optimizing module $paramod$21a513b276be09c9cb5553d5463fdf4800edca32\pwrmgr_fsm.
<suppressed ~9 debug messages>
Optimizing module $paramod$572334ae2b5971ff7e4eb457c77e6e769d857e82\prim_sparse_fsm_flop.

4.19. Executing FLATTEN pass (flatten design).
<suppressed ~135 debug messages>
Design pwrmgr Synthesis failed
    while executing
"synthesize delay"
    (file "../raptor_tcl.tcl" line 66)
/*******************************************************************************
Copyright (c) 2022-2024 Rapid Silicon
This source code contains proprietary information belonging to Rapid Silicon
(the "licensor") released under license and non-disclosure agreement to the
recipient (the "licensee").

The information shared and protected by the license and non-disclosure agreement
includes but is not limited to the following:
* operational algorithms of the product
* logos, graphics, source code, and visual presentation of the product
* confidential operational information of the licensor

The recipient of this source code is NOT permitted to publicly disclose,
re-use, archive beyond the period of the license agreement, transfer to a
sub-licensee, or re-implement any portion of the content covered by the license
and non-disclosure agreement without the prior written consent of the licensor.
*********************************************************************************/

Version  : 2024.12
Build    : 1.2.38
Hash     : 8dd56ae
Date     : Dec  5 2024
Type     : Engineering
Log Time   : Thu Dec  5 07:25:57 2024 GMT

INFO: Created design: pwrmgr. Project type: rtl
INFO: Target device: 1VG28
INFO: Device version: v1.6.244
INFO: Adding SV_2017 /nfs_scratch/scratch/CompilerValidation/zaheer_ahmad/os_fpga2/Validation/RTL_testcases/RTL_Benchmarks_Gap_Analysis/pwrmgr/results_dir/.././rtl/prim_alert_pkg.sv
INFO: Adding SV_2017 /nfs_scratch/scratch/CompilerValidation/zaheer_ahmad/os_fpga2/Validation/RTL_testcases/RTL_Benchmarks_Gap_Analysis/pwrmgr/results_dir/.././rtl/prim_mubi_pkg.sv
INFO: Adding SV_2017 /nfs_scratch/scratch/CompilerValidation/zaheer_ahmad/os_fpga2/Validation/RTL_testcases/RTL_Benchmarks_Gap_Analysis/pwrmgr/results_dir/.././rtl/prim_pkg.sv
INFO: Adding SV_2017 /nfs_scratch/scratch/CompilerValidation/zaheer_ahmad/os_fpga2/Validation/RTL_testcases/RTL_Benchmarks_Gap_Analysis/pwrmgr/results_dir/.././rtl/prim_secded_pkg.sv
INFO: Adding SV_2017 /nfs_scratch/scratch/CompilerValidation/zaheer_ahmad/os_fpga2/Validation/RTL_testcases/RTL_Benchmarks_Gap_Analysis/pwrmgr/results_dir/.././rtl/prim_subreg_pkg.sv
INFO: Adding SV_2017 /nfs_scratch/scratch/CompilerValidation/zaheer_ahmad/os_fpga2/Validation/RTL_testcases/RTL_Benchmarks_Gap_Analysis/pwrmgr/results_dir/.././rtl/prim_util_pkg.sv
INFO: Adding SV_2017 /nfs_scratch/scratch/CompilerValidation/zaheer_ahmad/os_fpga2/Validation/RTL_testcases/RTL_Benchmarks_Gap_Analysis/pwrmgr/results_dir/.././rtl/pwrmgr_reg_pkg.sv
INFO: Adding SV_2017 /nfs_scratch/scratch/CompilerValidation/zaheer_ahmad/os_fpga2/Validation/RTL_testcases/RTL_Benchmarks_Gap_Analysis/pwrmgr/results_dir/.././rtl/pwm_reg_pkg.sv
INFO: Adding SV_2017 /nfs_scratch/scratch/CompilerValidation/zaheer_ahmad/os_fpga2/Validation/RTL_testcases/RTL_Benchmarks_Gap_Analysis/pwrmgr/results_dir/.././rtl/prim_count_pkg.sv
INFO: Adding SV_2017 /nfs_scratch/scratch/CompilerValidation/zaheer_ahmad/os_fpga2/Validation/RTL_testcases/RTL_Benchmarks_Gap_Analysis/pwrmgr/results_dir/.././rtl/pwrmgr_pkg.sv
INFO: Adding SV_2017 /nfs_scratch/scratch/CompilerValidation/zaheer_ahmad/os_fpga2/Validation/RTL_testcases/RTL_Benchmarks_Gap_Analysis/pwrmgr/results_dir/.././rtl/lc_ctrl_pkg.sv
INFO: Adding SV_2017 /nfs_scratch/scratch/CompilerValidation/zaheer_ahmad/os_fpga2/Validation/RTL_testcases/RTL_Benchmarks_Gap_Analysis/pwrmgr/results_dir/.././rtl/rom_ctrl_pkg.sv
INFO: Adding SV_2017 /nfs_scratch/scratch/CompilerValidation/zaheer_ahmad/os_fpga2/Validation/RTL_testcases/RTL_Benchmarks_Gap_Analysis/pwrmgr/results_dir/.././rtl/prim_esc_pkg.sv
INFO: Adding SV_2017 /nfs_scratch/scratch/CompilerValidation/zaheer_ahmad/os_fpga2/Validation/RTL_testcases/RTL_Benchmarks_Gap_Analysis/pwrmgr/results_dir/.././rtl/alert_handler_reg_pkg.sv
INFO: Adding SV_2017 /nfs_scratch/scratch/CompilerValidation/zaheer_ahmad/os_fpga2/Validation/RTL_testcases/RTL_Benchmarks_Gap_Analysis/pwrmgr/results_dir/.././rtl/top_pkg.sv
INFO: Adding SV_2017 /nfs_scratch/scratch/CompilerValidation/zaheer_ahmad/os_fpga2/Validation/RTL_testcases/RTL_Benchmarks_Gap_Analysis/pwrmgr/results_dir/.././rtl/tlul_pkg.sv
INFO: Adding SV_2017 /nfs_scratch/scratch/CompilerValidation/zaheer_ahmad/os_fpga2/Validation/RTL_testcases/RTL_Benchmarks_Gap_Analysis/pwrmgr/results_dir/.././rtl/prim_alert_sender.sv
INFO: Adding SV_2017 /nfs_scratch/scratch/CompilerValidation/zaheer_ahmad/os_fpga2/Validation/RTL_testcases/RTL_Benchmarks_Gap_Analysis/pwrmgr/results_dir/.././rtl/prim_buf.sv
INFO: Adding SV_2017 /nfs_scratch/scratch/CompilerValidation/zaheer_ahmad/os_fpga2/Validation/RTL_testcases/RTL_Benchmarks_Gap_Analysis/pwrmgr/results_dir/.././rtl/prim_clock_buf.sv
INFO: Adding SV_2017 /nfs_scratch/scratch/CompilerValidation/zaheer_ahmad/os_fpga2/Validation/RTL_testcases/RTL_Benchmarks_Gap_Analysis/pwrmgr/results_dir/.././rtl/prim_clock_mux2.sv
INFO: Adding SV_2017 /nfs_scratch/scratch/CompilerValidation/zaheer_ahmad/os_fpga2/Validation/RTL_testcases/RTL_Benchmarks_Gap_Analysis/pwrmgr/results_dir/.././rtl/prim_clock_timeout.sv
INFO: Adding SV_2017 /nfs_scratch/scratch/CompilerValidation/zaheer_ahmad/os_fpga2/Validation/RTL_testcases/RTL_Benchmarks_Gap_Analysis/pwrmgr/results_dir/.././rtl/prim_count.sv
INFO: Adding SV_2017 /nfs_scratch/scratch/CompilerValidation/zaheer_ahmad/os_fpga2/Validation/RTL_testcases/RTL_Benchmarks_Gap_Analysis/pwrmgr/results_dir/.././rtl/prim_diff_decode.sv
INFO: Adding SV_2017 /nfs_scratch/scratch/CompilerValidation/zaheer_ahmad/os_fpga2/Validation/RTL_testcases/RTL_Benchmarks_Gap_Analysis/pwrmgr/results_dir/.././rtl/prim_esc_receiver.sv
INFO: Adding SV_2017 /nfs_scratch/scratch/CompilerValidation/zaheer_ahmad/os_fpga2/Validation/RTL_testcases/RTL_Benchmarks_Gap_Analysis/pwrmgr/results_dir/.././rtl/prim_flop.sv
INFO: Adding SV_2017 /nfs_scratch/scratch/CompilerValidation/zaheer_ahmad/os_fpga2/Validation/RTL_testcases/RTL_Benchmarks_Gap_Analysis/pwrmgr/results_dir/.././rtl/prim_flop_2sync.sv
INFO: Adding SV_2017 /nfs_scratch/scratch/CompilerValidation/zaheer_ahmad/os_fpga2/Validation/RTL_testcases/RTL_Benchmarks_Gap_Analysis/pwrmgr/results_dir/.././rtl/prim_generic_buf.sv
INFO: Adding SV_2017 /nfs_scratch/scratch/CompilerValidation/zaheer_ahmad/os_fpga2/Validation/RTL_testcases/RTL_Benchmarks_Gap_Analysis/pwrmgr/results_dir/.././rtl/prim_generic_clock_buf.sv
INFO: Adding SV_2017 /nfs_scratch/scratch/CompilerValidation/zaheer_ahmad/os_fpga2/Validation/RTL_testcases/RTL_Benchmarks_Gap_Analysis/pwrmgr/results_dir/.././rtl/prim_generic_clock_mux2.sv
INFO: Adding SV_2017 /nfs_scratch/scratch/CompilerValidation/zaheer_ahmad/os_fpga2/Validation/RTL_testcases/RTL_Benchmarks_Gap_Analysis/pwrmgr/results_dir/.././rtl/prim_generic_flop.sv
INFO: Adding SV_2017 /nfs_scratch/scratch/CompilerValidation/zaheer_ahmad/os_fpga2/Validation/RTL_testcases/RTL_Benchmarks_Gap_Analysis/pwrmgr/results_dir/.././rtl/prim_generic_flop_2sync.sv
INFO: Adding SV_2017 /nfs_scratch/scratch/CompilerValidation/zaheer_ahmad/os_fpga2/Validation/RTL_testcases/RTL_Benchmarks_Gap_Analysis/pwrmgr/results_dir/.././rtl/prim_generic_xor2.sv
INFO: Adding SV_2017 /nfs_scratch/scratch/CompilerValidation/zaheer_ahmad/os_fpga2/Validation/RTL_testcases/RTL_Benchmarks_Gap_Analysis/pwrmgr/results_dir/.././rtl/prim_intr_hw.sv
INFO: Adding SV_2017 /nfs_scratch/scratch/CompilerValidation/zaheer_ahmad/os_fpga2/Validation/RTL_testcases/RTL_Benchmarks_Gap_Analysis/pwrmgr/results_dir/.././rtl/prim_lc_sender.sv
INFO: Adding SV_2017 /nfs_scratch/scratch/CompilerValidation/zaheer_ahmad/os_fpga2/Validation/RTL_testcases/RTL_Benchmarks_Gap_Analysis/pwrmgr/results_dir/.././rtl/prim_mubi4_sync.sv
INFO: Adding SV_2017 /nfs_scratch/scratch/CompilerValidation/zaheer_ahmad/os_fpga2/Validation/RTL_testcases/RTL_Benchmarks_Gap_Analysis/pwrmgr/results_dir/.././rtl/prim_pulse_sync.sv
INFO: Adding SV_2017 /nfs_scratch/scratch/CompilerValidation/zaheer_ahmad/os_fpga2/Validation/RTL_testcases/RTL_Benchmarks_Gap_Analysis/pwrmgr/results_dir/.././rtl/prim_sec_anchor_buf.sv
INFO: Adding SV_2017 /nfs_scratch/scratch/CompilerValidation/zaheer_ahmad/os_fpga2/Validation/RTL_testcases/RTL_Benchmarks_Gap_Analysis/pwrmgr/results_dir/.././rtl/prim_sec_anchor_flop.sv
INFO: Adding SV_2017 /nfs_scratch/scratch/CompilerValidation/zaheer_ahmad/os_fpga2/Validation/RTL_testcases/RTL_Benchmarks_Gap_Analysis/pwrmgr/results_dir/.././rtl/prim_secded_inv_39_32_dec.sv
INFO: Adding SV_2017 /nfs_scratch/scratch/CompilerValidation/zaheer_ahmad/os_fpga2/Validation/RTL_testcases/RTL_Benchmarks_Gap_Analysis/pwrmgr/results_dir/.././rtl/prim_secded_inv_39_32_enc.sv
INFO: Adding SV_2017 /nfs_scratch/scratch/CompilerValidation/zaheer_ahmad/os_fpga2/Validation/RTL_testcases/RTL_Benchmarks_Gap_Analysis/pwrmgr/results_dir/.././rtl/prim_secded_inv_64_57_dec.sv
INFO: Adding SV_2017 /nfs_scratch/scratch/CompilerValidation/zaheer_ahmad/os_fpga2/Validation/RTL_testcases/RTL_Benchmarks_Gap_Analysis/pwrmgr/results_dir/.././rtl/prim_secded_inv_64_57_enc.sv
INFO: Adding SV_2017 /nfs_scratch/scratch/CompilerValidation/zaheer_ahmad/os_fpga2/Validation/RTL_testcases/RTL_Benchmarks_Gap_Analysis/pwrmgr/results_dir/.././rtl/prim_sparse_fsm_flop.sv
INFO: Adding SV_2017 /nfs_scratch/scratch/CompilerValidation/zaheer_ahmad/os_fpga2/Validation/RTL_testcases/RTL_Benchmarks_Gap_Analysis/pwrmgr/results_dir/.././rtl/prim_subreg.sv
INFO: Adding SV_2017 /nfs_scratch/scratch/CompilerValidation/zaheer_ahmad/os_fpga2/Validation/RTL_testcases/RTL_Benchmarks_Gap_Analysis/pwrmgr/results_dir/.././rtl/prim_subreg_ext.sv
INFO: Adding SV_2017 /nfs_scratch/scratch/CompilerValidation/zaheer_ahmad/os_fpga2/Validation/RTL_testcases/RTL_Benchmarks_Gap_Analysis/pwrmgr/results_dir/.././rtl/prim_sync_reqack.sv
INFO: Adding SV_2017 /nfs_scratch/scratch/CompilerValidation/zaheer_ahmad/os_fpga2/Validation/RTL_testcases/RTL_Benchmarks_Gap_Analysis/pwrmgr/results_dir/.././rtl/prim_xor2.sv
INFO: Adding SV_2017 /nfs_scratch/scratch/CompilerValidation/zaheer_ahmad/os_fpga2/Validation/RTL_testcases/RTL_Benchmarks_Gap_Analysis/pwrmgr/results_dir/.././rtl/pwrmgr.sv
INFO: Adding SV_2017 /nfs_scratch/scratch/CompilerValidation/zaheer_ahmad/os_fpga2/Validation/RTL_testcases/RTL_Benchmarks_Gap_Analysis/pwrmgr/results_dir/.././rtl/pwrmgr_cdc.sv
INFO: Adding SV_2017 /nfs_scratch/scratch/CompilerValidation/zaheer_ahmad/os_fpga2/Validation/RTL_testcases/RTL_Benchmarks_Gap_Analysis/pwrmgr/results_dir/.././rtl/pwrmgr_fsm.sv
INFO: Adding SV_2017 /nfs_scratch/scratch/CompilerValidation/zaheer_ahmad/os_fpga2/Validation/RTL_testcases/RTL_Benchmarks_Gap_Analysis/pwrmgr/results_dir/.././rtl/pwrmgr_reg_top.sv
INFO: Adding SV_2017 /nfs_scratch/scratch/CompilerValidation/zaheer_ahmad/os_fpga2/Validation/RTL_testcases/RTL_Benchmarks_Gap_Analysis/pwrmgr/results_dir/.././rtl/pwrmgr_slow_fsm.sv
INFO: Adding SV_2017 /nfs_scratch/scratch/CompilerValidation/zaheer_ahmad/os_fpga2/Validation/RTL_testcases/RTL_Benchmarks_Gap_Analysis/pwrmgr/results_dir/.././rtl/pwrmgr_wake_info.sv
INFO: Adding SV_2017 /nfs_scratch/scratch/CompilerValidation/zaheer_ahmad/os_fpga2/Validation/RTL_testcases/RTL_Benchmarks_Gap_Analysis/pwrmgr/results_dir/.././rtl/tlul_adapter_reg.sv
INFO: Adding SV_2017 /nfs_scratch/scratch/CompilerValidation/zaheer_ahmad/os_fpga2/Validation/RTL_testcases/RTL_Benchmarks_Gap_Analysis/pwrmgr/results_dir/.././rtl/tlul_cmd_intg_chk.sv
INFO: Adding SV_2017 /nfs_scratch/scratch/CompilerValidation/zaheer_ahmad/os_fpga2/Validation/RTL_testcases/RTL_Benchmarks_Gap_Analysis/pwrmgr/results_dir/.././rtl/tlul_data_integ_dec.sv
INFO: Adding SV_2017 /nfs_scratch/scratch/CompilerValidation/zaheer_ahmad/os_fpga2/Validation/RTL_testcases/RTL_Benchmarks_Gap_Analysis/pwrmgr/results_dir/.././rtl/tlul_data_integ_enc.sv
INFO: Adding SV_2017 /nfs_scratch/scratch/CompilerValidation/zaheer_ahmad/os_fpga2/Validation/RTL_testcases/RTL_Benchmarks_Gap_Analysis/pwrmgr/results_dir/.././rtl/tlul_err.sv
INFO: Adding SV_2017 /nfs_scratch/scratch/CompilerValidation/zaheer_ahmad/os_fpga2/Validation/RTL_testcases/RTL_Benchmarks_Gap_Analysis/pwrmgr/results_dir/.././rtl/tlul_rsp_intg_gen.sv
INFO: ANL: ##################################################
INFO: ANL: Analysis for design: pwrmgr
INFO: ANL: ##################################################
INFO: ANL: Analyze command: /nfs_eda_sw/softwares/Raptor/instl_dir/12_05_2024_09_15_01/bin/yosys -s /nfs_scratch/scratch/CompilerValidation/zaheer_ahmad/os_fpga2/Validation/RTL_testcases/RTL_Benchmarks_Gap_Analysis/pwrmgr/results_dir/pwrmgr/run_1/synth_1_1/analysis/pwrmgr_analyzer.cmd
Command: /nfs_eda_sw/softwares/Raptor/instl_dir/12_05_2024_09_15_01/bin/yosys -s /nfs_scratch/scratch/CompilerValidation/zaheer_ahmad/os_fpga2/Validation/RTL_testcases/RTL_Benchmarks_Gap_Analysis/pwrmgr/results_dir/pwrmgr/run_1/synth_1_1/analysis/pwrmgr_analyzer.cmd

 /----------------------------------------------------------------------------\
 |  yosys -- Yosys Open SYnthesis Suite                                       |
 |  Copyright (C) 2012 - 2024  Claire Xenia Wolf <claire@yosyshq.com>         |
 |  Distributed under an ISC-like license, type "license" to see terms        |
 \----------------------------------------------------------------------------/

 Yosys 0.44 (git sha1 8ecee74c1, g++ 11.2.1 -fPIC -O3)

-- Executing script file `/nfs_scratch/scratch/CompilerValidation/zaheer_ahmad/os_fpga2/Validation/RTL_testcases/RTL_Benchmarks_Gap_Analysis/pwrmgr/results_dir/pwrmgr/run_1/synth_1_1/analysis/pwrmgr_analyzer.cmd' --

1. Executing Verilog-2005 frontend: /nfs_eda_sw/softwares/Raptor/instl_dir/12_05_2024_09_15_01/share/raptor/sim_models/rapidsilicon/genesis3/FPGA_PRIMITIVES_MODELS/blackbox_models/cell_sim_blackbox.v
Parsing SystemVerilog input from `/nfs_eda_sw/softwares/Raptor/instl_dir/12_05_2024_09_15_01/share/raptor/sim_models/rapidsilicon/genesis3/FPGA_PRIMITIVES_MODELS/blackbox_models/cell_sim_blackbox.v' to AST representation.
Generating RTLIL representation for module `\BOOT_CLOCK'.
Generating RTLIL representation for module `\CARRY_BREAK'.
Generating RTLIL representation for module `\CARRY'.
Generating RTLIL representation for module `\CLK_BUF'.
Generating RTLIL representation for module `\DFFNRE'.
Generating RTLIL representation for module `\DFFRE'.
Generating RTLIL representation for module `\DLY_SEL_DECODER'.
Generating RTLIL representation for module `\DLY_VALUE_MUX'.
Generating RTLIL representation for module `\DSP19X2'.
Generating RTLIL representation for module `\DSP38'.
Generating RTLIL representation for module `\FCLK_BUF'.
Generating RTLIL representation for module `\FIFO18KX2'.
Generating RTLIL representation for module `\FIFO36K'.
Generating RTLIL representation for module `\I_BUF_DS'.
Generating RTLIL representation for module `\I_BUF'.
Generating RTLIL representation for module `\I_DDR'.
Generating RTLIL representation for module `\I_DELAY'.
Generating RTLIL representation for module `\I_FAB'.
Generating RTLIL representation for module `\I_SERDES'.
Generating RTLIL representation for module `\LATCHNR'.
Generating RTLIL representation for module `\LATCHNS'.
Generating RTLIL representation for module `\LATCHN'.
Generating RTLIL representation for module `\LATCHR'.
Generating RTLIL representation for module `\LATCHS'.
Generating RTLIL representation for module `\LATCH'.
Generating RTLIL representation for module `\LUT1'.
Generating RTLIL representation for module `\LUT2'.
Generating RTLIL representation for module `\LUT3'.
Generating RTLIL representation for module `\LUT4'.
Generating RTLIL representation for module `\LUT5'.
Generating RTLIL representation for module `\LUT6'.
Generating RTLIL representation for module `\MIPI_RX'.
Generating RTLIL representation for module `\MIPI_TX'.
Generating RTLIL representation for module `\O_BUF_DS'.
Generating RTLIL representation for module `\O_BUFT_DS'.
Generating RTLIL representation for module `\O_BUFT'.
Generating RTLIL representation for module `\O_BUF'.
Generating RTLIL representation for module `\O_DDR'.
Generating RTLIL representation for module `\O_DELAY'.
Generating RTLIL representation for module `\O_FAB'.
Generating RTLIL representation for module `\O_SERDES_CLK'.
Generating RTLIL representation for module `\O_SERDES'.
Generating RTLIL representation for module `\PLL'.
Generating RTLIL representation for module `\SOC_FPGA_INTF_AHB_M'.
Generating RTLIL representation for module `\SOC_FPGA_INTF_AHB_S'.
Generating RTLIL representation for module `\SOC_FPGA_INTF_AXI_M0'.
Generating RTLIL representation for module `\SOC_FPGA_INTF_AXI_M1'.
Generating RTLIL representation for module `\SOC_FPGA_INTF_DMA'.
Generating RTLIL representation for module `\SOC_FPGA_INTF_IRQ'.
Generating RTLIL representation for module `\SOC_FPGA_INTF_JTAG'.
Generating RTLIL representation for module `\SOC_FPGA_TEMPERATURE'.
Generating RTLIL representation for module `\TDP_RAM18KX2'.
Generating RTLIL representation for module `\TDP_RAM36K'.
Successfully finished Verilog frontend.
Warning: Using synlig as yosys plugin is deprecated. It is recommended to build synlig as standalone binary.

2. Executing SystemVerilog frontend.
[INF:CM0023] Creating log file "/nfs_scratch/scratch/CompilerValidation/zaheer_ahmad/os_fpga2/Validation/RTL_testcases/RTL_Benchmarks_Gap_Analysis/pwrmgr/results_dir/pwrmgr/run_1/synth_1_1/analysis/slpp_all/surelog.log".
[INF:CP0300] Compilation...
[INF:CP0301] /nfs_scratch/scratch/CompilerValidation/zaheer_ahmad/os_fpga2/Validation/RTL_testcases/RTL_Benchmarks_Gap_Analysis/pwrmgr/rtl/prim_alert_pkg.sv:5:1: Compile package "prim_alert_pkg".
[INF:CP0301] /nfs_scratch/scratch/CompilerValidation/zaheer_ahmad/os_fpga2/Validation/RTL_testcases/RTL_Benchmarks_Gap_Analysis/pwrmgr/rtl/prim_mubi_pkg.sv:13:1: Compile package "prim_mubi_pkg".
[INF:CP0301] /nfs_scratch/scratch/CompilerValidation/zaheer_ahmad/os_fpga2/Validation/RTL_testcases/RTL_Benchmarks_Gap_Analysis/pwrmgr/rtl/prim_pkg.sv:11:1: Compile package "prim_pkg".
[INF:CP0301] /nfs_scratch/scratch/CompilerValidation/zaheer_ahmad/os_fpga2/Validation/RTL_testcases/RTL_Benchmarks_Gap_Analysis/pwrmgr/rtl/prim_secded_pkg.sv:8:1: Compile package "prim_secded_pkg".
[INF:CP0301] /nfs_scratch/scratch/CompilerValidation/zaheer_ahmad/os_fpga2/Validation/RTL_testcases/RTL_Benchmarks_Gap_Analysis/pwrmgr/rtl/prim_subreg_pkg.sv:5:1: Compile package "prim_subreg_pkg".
[INF:CP0301] /nfs_scratch/scratch/CompilerValidation/zaheer_ahmad/os_fpga2/Validation/RTL_testcases/RTL_Benchmarks_Gap_Analysis/pwrmgr/rtl/prim_util_pkg.sv:9:1: Compile package "prim_util_pkg".
[INF:CP0301] /nfs_scratch/scratch/CompilerValidation/zaheer_ahmad/os_fpga2/Validation/RTL_testcases/RTL_Benchmarks_Gap_Analysis/pwrmgr/rtl/pwrmgr_reg_pkg.sv:7:1: Compile package "pwrmgr_reg_pkg".
[INF:CP0301] /nfs_scratch/scratch/CompilerValidation/zaheer_ahmad/os_fpga2/Validation/RTL_testcases/RTL_Benchmarks_Gap_Analysis/pwrmgr/rtl/pwm_reg_pkg.sv:7:1: Compile package "pwm_reg_pkg".
[INF:CP0301] /nfs_scratch/scratch/CompilerValidation/zaheer_ahmad/os_fpga2/Validation/RTL_testcases/RTL_Benchmarks_Gap_Analysis/pwrmgr/rtl/prim_count_pkg.sv:8:1: Compile package "prim_count_pkg".
[INF:CP0301] /nfs_scratch/scratch/CompilerValidation/zaheer_ahmad/os_fpga2/Validation/RTL_testcases/RTL_Benchmarks_Gap_Analysis/pwrmgr/rtl/pwrmgr_pkg.sv:8:1: Compile package "pwrmgr_pkg".
[INF:CP0301] /nfs_scratch/scratch/CompilerValidation/zaheer_ahmad/os_fpga2/Validation/RTL_testcases/RTL_Benchmarks_Gap_Analysis/pwrmgr/rtl/lc_ctrl_pkg.sv:6:1: Compile package "lc_ctrl_pkg".
[INF:CP0301] /nfs_scratch/scratch/CompilerValidation/zaheer_ahmad/os_fpga2/Validation/RTL_testcases/RTL_Benchmarks_Gap_Analysis/pwrmgr/rtl/rom_ctrl_pkg.sv:6:1: Compile package "rom_ctrl_pkg".
[INF:CP0301] /nfs_scratch/scratch/CompilerValidation/zaheer_ahmad/os_fpga2/Validation/RTL_testcases/RTL_Benchmarks_Gap_Analysis/pwrmgr/rtl/prim_esc_pkg.sv:5:1: Compile package "prim_esc_pkg".
[INF:CP0301] /nfs_scratch/scratch/CompilerValidation/zaheer_ahmad/os_fpga2/Validation/RTL_testcases/RTL_Benchmarks_Gap_Analysis/pwrmgr/rtl/alert_handler_reg_pkg.sv:7:1: Compile package "alert_handler_reg_pkg".
[INF:CP0301] /nfs_scratch/scratch/CompilerValidation/zaheer_ahmad/os_fpga2/Validation/RTL_testcases/RTL_Benchmarks_Gap_Analysis/pwrmgr/rtl/top_pkg.sv:6:1: Compile package "top_pkg".
[INF:CP0301] /nfs_scratch/scratch/CompilerValidation/zaheer_ahmad/os_fpga2/Validation/RTL_testcases/RTL_Benchmarks_Gap_Analysis/pwrmgr/rtl/tlul_pkg.sv:6:1: Compile package "tlul_pkg".
[INF:CP0303] /nfs_scratch/scratch/CompilerValidation/zaheer_ahmad/os_fpga2/Validation/RTL_testcases/RTL_Benchmarks_Gap_Analysis/pwrmgr/rtl/prim_alert_sender.sv:32:1: Compile module "work@prim_alert_sender".
[INF:CP0303] /nfs_scratch/scratch/CompilerValidation/zaheer_ahmad/os_fpga2/Validation/RTL_testcases/RTL_Benchmarks_Gap_Analysis/pwrmgr/rtl/prim_buf.sv:16:1: Compile module "work@prim_buf".
[INF:CP0303] /nfs_scratch/scratch/CompilerValidation/zaheer_ahmad/os_fpga2/Validation/RTL_testcases/RTL_Benchmarks_Gap_Analysis/pwrmgr/rtl/prim_clock_buf.sv:16:1: Compile module "work@prim_clock_buf".
[INF:CP0303] /nfs_scratch/scratch/CompilerValidation/zaheer_ahmad/os_fpga2/Validation/RTL_testcases/RTL_Benchmarks_Gap_Analysis/pwrmgr/rtl/prim_clock_mux2.sv:16:1: Compile module "work@prim_clock_mux2".
[INF:CP0303] /nfs_scratch/scratch/CompilerValidation/zaheer_ahmad/os_fpga2/Validation/RTL_testcases/RTL_Benchmarks_Gap_Analysis/pwrmgr/rtl/prim_clock_timeout.sv:11:1: Compile module "work@prim_clock_timeout".
[INF:CP0303] /nfs_scratch/scratch/CompilerValidation/zaheer_ahmad/os_fpga2/Validation/RTL_testcases/RTL_Benchmarks_Gap_Analysis/pwrmgr/rtl/prim_count.sv:36:1: Compile module "work@prim_count".
[INF:CP0303] /nfs_scratch/scratch/CompilerValidation/zaheer_ahmad/os_fpga2/Validation/RTL_testcases/RTL_Benchmarks_Gap_Analysis/pwrmgr/rtl/prim_diff_decode.sv:19:1: Compile module "work@prim_diff_decode".
[INF:CP0303] /nfs_scratch/scratch/CompilerValidation/zaheer_ahmad/os_fpga2/Validation/RTL_testcases/RTL_Benchmarks_Gap_Analysis/pwrmgr/rtl/prim_esc_receiver.sv:20:1: Compile module "work@prim_esc_receiver".
[INF:CP0303] /nfs_scratch/scratch/CompilerValidation/zaheer_ahmad/os_fpga2/Validation/RTL_testcases/RTL_Benchmarks_Gap_Analysis/pwrmgr/rtl/prim_flop.sv:16:1: Compile module "work@prim_flop".
[INF:CP0303] /nfs_scratch/scratch/CompilerValidation/zaheer_ahmad/os_fpga2/Validation/RTL_testcases/RTL_Benchmarks_Gap_Analysis/pwrmgr/rtl/prim_flop_2sync.sv:13:1: Compile module "work@prim_flop_2sync".
[INF:CP0303] /nfs_scratch/scratch/CompilerValidation/zaheer_ahmad/os_fpga2/Validation/RTL_testcases/RTL_Benchmarks_Gap_Analysis/pwrmgr/rtl/prim_generic_buf.sv:6:1: Compile module "work@prim_generic_buf".
[INF:CP0303] /nfs_scratch/scratch/CompilerValidation/zaheer_ahmad/os_fpga2/Validation/RTL_testcases/RTL_Benchmarks_Gap_Analysis/pwrmgr/rtl/prim_generic_clock_buf.sv:6:1: Compile module "work@prim_generic_clock_buf".
[INF:CP0303] /nfs_scratch/scratch/CompilerValidation/zaheer_ahmad/os_fpga2/Validation/RTL_testcases/RTL_Benchmarks_Gap_Analysis/pwrmgr/rtl/prim_generic_clock_mux2.sv:6:1: Compile module "work@prim_generic_clock_mux2".
[INF:CP0303] /nfs_scratch/scratch/CompilerValidation/zaheer_ahmad/os_fpga2/Validation/RTL_testcases/RTL_Benchmarks_Gap_Analysis/pwrmgr/rtl/prim_generic_flop.sv:7:1: Compile module "work@prim_generic_flop".
[INF:CP0303] /nfs_scratch/scratch/CompilerValidation/zaheer_ahmad/os_fpga2/Validation/RTL_testcases/RTL_Benchmarks_Gap_Analysis/pwrmgr/rtl/prim_generic_flop_2sync.sv:9:1: Compile module "work@prim_generic_flop_2sync".
[INF:CP0303] /nfs_scratch/scratch/CompilerValidation/zaheer_ahmad/os_fpga2/Validation/RTL_testcases/RTL_Benchmarks_Gap_Analysis/pwrmgr/rtl/prim_generic_xor2.sv:6:1: Compile module "work@prim_generic_xor2".
[INF:CP0303] /nfs_scratch/scratch/CompilerValidation/zaheer_ahmad/os_fpga2/Validation/RTL_testcases/RTL_Benchmarks_Gap_Analysis/pwrmgr/rtl/prim_intr_hw.sv:10:1: Compile module "work@prim_intr_hw".
[INF:CP0303] /nfs_scratch/scratch/CompilerValidation/zaheer_ahmad/os_fpga2/Validation/RTL_testcases/RTL_Benchmarks_Gap_Analysis/pwrmgr/rtl/prim_lc_sender.sv:12:1: Compile module "work@prim_lc_sender".
[INF:CP0303] /nfs_scratch/scratch/CompilerValidation/zaheer_ahmad/os_fpga2/Validation/RTL_testcases/RTL_Benchmarks_Gap_Analysis/pwrmgr/rtl/prim_mubi4_sync.sv:13:1: Compile module "work@prim_mubi4_sync".
[INF:CP0303] /nfs_scratch/scratch/CompilerValidation/zaheer_ahmad/os_fpga2/Validation/RTL_testcases/RTL_Benchmarks_Gap_Analysis/pwrmgr/rtl/prim_pulse_sync.sv:11:1: Compile module "work@prim_pulse_sync".
[INF:CP0303] /nfs_scratch/scratch/CompilerValidation/zaheer_ahmad/os_fpga2/Validation/RTL_testcases/RTL_Benchmarks_Gap_Analysis/pwrmgr/rtl/prim_sec_anchor_buf.sv:6:1: Compile module "work@prim_sec_anchor_buf".
[INF:CP0303] /nfs_scratch/scratch/CompilerValidation/zaheer_ahmad/os_fpga2/Validation/RTL_testcases/RTL_Benchmarks_Gap_Analysis/pwrmgr/rtl/prim_sec_anchor_flop.sv:6:1: Compile module "work@prim_sec_anchor_flop".
[INF:CP0303] /nfs_scratch/scratch/CompilerValidation/zaheer_ahmad/os_fpga2/Validation/RTL_testcases/RTL_Benchmarks_Gap_Analysis/pwrmgr/rtl/prim_secded_inv_39_32_dec.sv:7:1: Compile module "work@prim_secded_inv_39_32_dec".
[INF:CP0303] /nfs_scratch/scratch/CompilerValidation/zaheer_ahmad/os_fpga2/Validation/RTL_testcases/RTL_Benchmarks_Gap_Analysis/pwrmgr/rtl/prim_secded_inv_39_32_enc.sv:7:1: Compile module "work@prim_secded_inv_39_32_enc".
[INF:CP0303] /nfs_scratch/scratch/CompilerValidation/zaheer_ahmad/os_fpga2/Validation/RTL_testcases/RTL_Benchmarks_Gap_Analysis/pwrmgr/rtl/prim_secded_inv_64_57_dec.sv:7:1: Compile module "work@prim_secded_inv_64_57_dec".
[INF:CP0303] /nfs_scratch/scratch/CompilerValidation/zaheer_ahmad/os_fpga2/Validation/RTL_testcases/RTL_Benchmarks_Gap_Analysis/pwrmgr/rtl/prim_secded_inv_64_57_enc.sv:7:1: Compile module "work@prim_secded_inv_64_57_enc".
[INF:CP0303] /nfs_scratch/scratch/CompilerValidation/zaheer_ahmad/os_fpga2/Validation/RTL_testcases/RTL_Benchmarks_Gap_Analysis/pwrmgr/rtl/prim_sparse_fsm_flop.sv:6:1: Compile module "work@prim_sparse_fsm_flop".
[INF:CP0303] /nfs_scratch/scratch/CompilerValidation/zaheer_ahmad/os_fpga2/Validation/RTL_testcases/RTL_Benchmarks_Gap_Analysis/pwrmgr/rtl/prim_subreg.sv:7:1: Compile module "work@prim_subreg".
[INF:CP0303] /nfs_scratch/scratch/CompilerValidation/zaheer_ahmad/os_fpga2/Validation/RTL_testcases/RTL_Benchmarks_Gap_Analysis/pwrmgr/rtl/prim_subreg_ext.sv:7:1: Compile module "work@prim_subreg_ext".
[INF:CP0303] /nfs_scratch/scratch/CompilerValidation/zaheer_ahmad/os_fpga2/Validation/RTL_testcases/RTL_Benchmarks_Gap_Analysis/pwrmgr/rtl/prim_sync_reqack.sv:26:1: Compile module "work@prim_sync_reqack".
[INF:CP0303] /nfs_scratch/scratch/CompilerValidation/zaheer_ahmad/os_fpga2/Validation/RTL_testcases/RTL_Benchmarks_Gap_Analysis/pwrmgr/rtl/prim_xor2.sv:16:1: Compile module "work@prim_xor2".
[INF:CP0303] /nfs_scratch/scratch/CompilerValidation/zaheer_ahmad/os_fpga2/Validation/RTL_testcases/RTL_Benchmarks_Gap_Analysis/pwrmgr/rtl/pwrmgr.sv:9:1: Compile module "work@pwrmgr".
[INF:CP0303] /nfs_scratch/scratch/CompilerValidation/zaheer_ahmad/os_fpga2/Validation/RTL_testcases/RTL_Benchmarks_Gap_Analysis/pwrmgr/rtl/pwrmgr_cdc.sv:9:1: Compile module "work@pwrmgr_cdc".
[INF:CP0303] /nfs_scratch/scratch/CompilerValidation/zaheer_ahmad/os_fpga2/Validation/RTL_testcases/RTL_Benchmarks_Gap_Analysis/pwrmgr/rtl/pwrmgr_fsm.sv:9:1: Compile module "work@pwrmgr_fsm".
[INF:CP0303] /nfs_scratch/scratch/CompilerValidation/zaheer_ahmad/os_fpga2/Validation/RTL_testcases/RTL_Benchmarks_Gap_Analysis/pwrmgr/rtl/pwrmgr_reg_top.sv:8:1: Compile module "work@pwrmgr_reg_top".
[INF:CP0303] /nfs_scratch/scratch/CompilerValidation/zaheer_ahmad/os_fpga2/Validation/RTL_testcases/RTL_Benchmarks_Gap_Analysis/pwrmgr/rtl/pwrmgr_slow_fsm.sv:9:1: Compile module "work@pwrmgr_slow_fsm".
[INF:CP0303] /nfs_scratch/scratch/CompilerValidation/zaheer_ahmad/os_fpga2/Validation/RTL_testcases/RTL_Benchmarks_Gap_Analysis/pwrmgr/rtl/pwrmgr_wake_info.sv:9:1: Compile module "work@pwrmgr_wake_info".
[INF:CP0303] /nfs_scratch/scratch/CompilerValidation/zaheer_ahmad/os_fpga2/Validation/RTL_testcases/RTL_Benchmarks_Gap_Analysis/pwrmgr/rtl/tlul_adapter_reg.sv:10:1: Compile module "work@tlul_adapter_reg".
[INF:CP0303] /nfs_scratch/scratch/CompilerValidation/zaheer_ahmad/os_fpga2/Validation/RTL_testcases/RTL_Benchmarks_Gap_Analysis/pwrmgr/rtl/tlul_cmd_intg_chk.sv:3:1: Compile module "work@tlul_cmd_intg_chk".
[INF:CP0303] /nfs_scratch/scratch/CompilerValidation/zaheer_ahmad/os_fpga2/Validation/RTL_testcases/RTL_Benchmarks_Gap_Analysis/pwrmgr/rtl/tlul_data_integ_dec.sv:10:1: Compile module "work@tlul_data_integ_dec".
[INF:CP0303] /nfs_scratch/scratch/CompilerValidation/zaheer_ahmad/os_fpga2/Validation/RTL_testcases/RTL_Benchmarks_Gap_Analysis/pwrmgr/rtl/tlul_data_integ_enc.sv:10:1: Compile module "work@tlul_data_integ_enc".
[INF:CP0303] /nfs_scratch/scratch/CompilerValidation/zaheer_ahmad/os_fpga2/Validation/RTL_testcases/RTL_Benchmarks_Gap_Analysis/pwrmgr/rtl/tlul_err.sv:7:1: Compile module "work@tlul_err".
[INF:CP0303] /nfs_scratch/scratch/CompilerValidation/zaheer_ahmad/os_fpga2/Validation/RTL_testcases/RTL_Benchmarks_Gap_Analysis/pwrmgr/rtl/tlul_rsp_intg_gen.sv:9:1: Compile module "work@tlul_rsp_intg_gen".
[INF:CP0302] Compile class "work@mailbox".
[INF:CP0302] Compile class "work@process".
[INF:CP0302] Compile class "work@semaphore".
[NTE:CP0309] /nfs_scratch/scratch/CompilerValidation/zaheer_ahmad/os_fpga2/Validation/RTL_testcases/RTL_Benchmarks_Gap_Analysis/pwrmgr/rtl/prim_intr_hw.sv:24:23: Implicit port type (wire) for "hw2reg_intr_state_de_o",
there are 1 more instances of this message.
[NTE:CP0309] /nfs_scratch/scratch/CompilerValidation/zaheer_ahmad/os_fpga2/Validation/RTL_testcases/RTL_Benchmarks_Gap_Analysis/pwrmgr/rtl/pwrmgr.sv:79:10: Implicit port type (wire) for "intr_wakeup_o".
[NTE:CP0309] /nfs_scratch/scratch/CompilerValidation/zaheer_ahmad/os_fpga2/Validation/RTL_testcases/RTL_Benchmarks_Gap_Analysis/pwrmgr/rtl/pwrmgr_cdc.sv:37:10: Implicit port type (wire) for "slow_usb_ip_clk_status_o".
[INF:EL0526] Design Elaboration...
[INF:CP0335] /nfs_scratch/scratch/CompilerValidation/zaheer_ahmad/os_fpga2/Validation/RTL_testcases/RTL_Benchmarks_Gap_Analysis/pwrmgr/rtl/prim_clock_buf.sv:30:10: Compile generate block "work@pwrmgr.u_esc_clk_buf.gen_generic".
[INF:CP0335] /nfs_scratch/scratch/CompilerValidation/zaheer_ahmad/os_fpga2/Validation/RTL_testcases/RTL_Benchmarks_Gap_Analysis/pwrmgr/rtl/prim_clock_buf.sv:30:10: Compile generate block "work@pwrmgr.u_esc_rst_buf.gen_generic".
[INF:CP0335] /nfs_scratch/scratch/CompilerValidation/zaheer_ahmad/os_fpga2/Validation/RTL_testcases/RTL_Benchmarks_Gap_Analysis/pwrmgr/rtl/prim_buf.sv:30:10: Compile generate block "work@pwrmgr.u_esc_rx.u_prim_buf_esc.gen_generic".
[INF:CP0335] /nfs_scratch/scratch/CompilerValidation/zaheer_ahmad/os_fpga2/Validation/RTL_testcases/RTL_Benchmarks_Gap_Analysis/pwrmgr/rtl/prim_diff_decode.sv:178:12: Compile generate block "work@pwrmgr.u_esc_rx.u_decode_esc.gen_no_async".
[INF:CP0335] /nfs_scratch/scratch/CompilerValidation/zaheer_ahmad/os_fpga2/Validation/RTL_testcases/RTL_Benchmarks_Gap_Analysis/pwrmgr/rtl/prim_count.sv:84:12: Compile generate block "work@pwrmgr.u_esc_rx.u_prim_count.gen_dupcnt_max_val".
[INF:CP0335] /nfs_scratch/scratch/CompilerValidation/zaheer_ahmad/os_fpga2/Validation/RTL_testcases/RTL_Benchmarks_Gap_Analysis/pwrmgr/rtl/prim_count.sv:88:42: Compile generate block "work@pwrmgr.u_esc_rx.u_prim_count.gen_cnts[0]".
[INF:CP0335] /nfs_scratch/scratch/CompilerValidation/zaheer_ahmad/os_fpga2/Validation/RTL_testcases/RTL_Benchmarks_Gap_Analysis/pwrmgr/rtl/prim_buf.sv:30:10: Compile generate block "work@pwrmgr.u_esc_rx.u_prim_count.gen_cnts[0].u_buf.gen_generic".
[INF:CP0335] /nfs_scratch/scratch/CompilerValidation/zaheer_ahmad/os_fpga2/Validation/RTL_testcases/RTL_Benchmarks_Gap_Analysis/pwrmgr/rtl/prim_flop.sv:39:10: Compile generate block "work@pwrmgr.u_esc_rx.u_prim_count.gen_cnts[0].u_cnt_flop.gen_generic".
[INF:CP0335] /nfs_scratch/scratch/CompilerValidation/zaheer_ahmad/os_fpga2/Validation/RTL_testcases/RTL_Benchmarks_Gap_Analysis/pwrmgr/rtl/prim_count.sv:88:42: Compile generate block "work@pwrmgr.u_esc_rx.u_prim_count.gen_cnts[1]".
[INF:CP0335] /nfs_scratch/scratch/CompilerValidation/zaheer_ahmad/os_fpga2/Validation/RTL_testcases/RTL_Benchmarks_Gap_Analysis/pwrmgr/rtl/prim_buf.sv:30:10: Compile generate block "work@pwrmgr.u_esc_rx.u_prim_count.gen_cnts[1].u_buf.gen_generic".
[INF:CP0335] /nfs_scratch/scratch/CompilerValidation/zaheer_ahmad/os_fpga2/Validation/RTL_testcases/RTL_Benchmarks_Gap_Analysis/pwrmgr/rtl/prim_flop.sv:39:10: Compile generate block "work@pwrmgr.u_esc_rx.u_prim_count.gen_cnts[1].u_cnt_flop.gen_generic".
[INF:CP0335] /nfs_scratch/scratch/CompilerValidation/zaheer_ahmad/os_fpga2/Validation/RTL_testcases/RTL_Benchmarks_Gap_Analysis/pwrmgr/rtl/prim_count.sv:145:5: Compile generate block "work@pwrmgr.u_esc_rx.u_prim_count.gen_dup_cnt_hardening".
[INF:CP0335] /nfs_scratch/scratch/CompilerValidation/zaheer_ahmad/os_fpga2/Validation/RTL_testcases/RTL_Benchmarks_Gap_Analysis/pwrmgr/rtl/prim_buf.sv:30:10: Compile generate block "work@pwrmgr.u_esc_rx.u_prim_buf_esc_req.u_secure_anchor_buf.gen_generic".
[INF:CP0335] /nfs_scratch/scratch/CompilerValidation/zaheer_ahmad/os_fpga2/Validation/RTL_testcases/RTL_Benchmarks_Gap_Analysis/pwrmgr/rtl/prim_flop.sv:39:10: Compile generate block "work@pwrmgr.u_esc_rx.u_prim_flop_esc.u_secure_anchor_flop.gen_generic".
[INF:CP0335] /nfs_scratch/scratch/CompilerValidation/zaheer_ahmad/os_fpga2/Validation/RTL_testcases/RTL_Benchmarks_Gap_Analysis/pwrmgr/rtl/prim_flop_2sync.sv:28:10: Compile generate block "work@pwrmgr.u_esc_timeout.u_ref_timeout.req_sync.gen_generic".
[INF:CP0335] /nfs_scratch/scratch/CompilerValidation/zaheer_ahmad/os_fpga2/Validation/RTL_testcases/RTL_Benchmarks_Gap_Analysis/pwrmgr/rtl/prim_flop_2sync.sv:28:10: Compile generate block "work@pwrmgr.u_esc_timeout.u_ref_timeout.ack_sync.gen_generic".
[INF:CP0335] /nfs_scratch/scratch/CompilerValidation/zaheer_ahmad/os_fpga2/Validation/RTL_testcases/RTL_Benchmarks_Gap_Analysis/pwrmgr/rtl/prim_flop.sv:39:10: Compile generate block "work@pwrmgr.u_esc_timeout.u_out.gen_generic".
[INF:CP0335] /nfs_scratch/scratch/CompilerValidation/zaheer_ahmad/os_fpga2/Validation/RTL_testcases/RTL_Benchmarks_Gap_Analysis/pwrmgr/rtl/prim_flop.sv:39:10: Compile generate block "work@pwrmgr.u_sw_req_flop.gen_generic".
[INF:CP0335] /nfs_scratch/scratch/CompilerValidation/zaheer_ahmad/os_fpga2/Validation/RTL_testcases/RTL_Benchmarks_Gap_Analysis/pwrmgr/rtl/tlul_rsp_intg_gen.sv:19:25: Compile generate block "work@pwrmgr.u_reg.u_rsp_intg_gen.gen_rsp_intg".
[INF:CP0335] /nfs_scratch/scratch/CompilerValidation/zaheer_ahmad/os_fpga2/Validation/RTL_testcases/RTL_Benchmarks_Gap_Analysis/pwrmgr/rtl/tlul_rsp_intg_gen.sv:34:26: Compile generate block "work@pwrmgr.u_reg.u_rsp_intg_gen.gen_data_intg".
[INF:CP0335] /nfs_scratch/scratch/CompilerValidation/zaheer_ahmad/os_fpga2/Validation/RTL_testcases/RTL_Benchmarks_Gap_Analysis/pwrmgr/rtl/prim_subreg.sv:60:12: Compile generate block "work@pwrmgr.u_reg.u_intr_state.gen_hw".
[INF:CP0335] /nfs_scratch/scratch/CompilerValidation/zaheer_ahmad/os_fpga2/Validation/RTL_testcases/RTL_Benchmarks_Gap_Analysis/pwrmgr/rtl/prim_subreg.sv:60:12: Compile generate block "work@pwrmgr.u_reg.u_intr_enable.gen_hw".
[INF:CP0335] /nfs_scratch/scratch/CompilerValidation/zaheer_ahmad/os_fpga2/Validation/RTL_testcases/RTL_Benchmarks_Gap_Analysis/pwrmgr/rtl/prim_subreg.sv:60:12: Compile generate block "work@pwrmgr.u_reg.u_control_low_power_hint.gen_hw".
[INF:CP0335] /nfs_scratch/scratch/CompilerValidation/zaheer_ahmad/os_fpga2/Validation/RTL_testcases/RTL_Benchmarks_Gap_Analysis/pwrmgr/rtl/prim_subreg.sv:60:12: Compile generate block "work@pwrmgr.u_reg.u_control_core_clk_en.gen_hw".
[INF:CP0335] /nfs_scratch/scratch/CompilerValidation/zaheer_ahmad/os_fpga2/Validation/RTL_testcases/RTL_Benchmarks_Gap_Analysis/pwrmgr/rtl/prim_subreg.sv:60:12: Compile generate block "work@pwrmgr.u_reg.u_control_io_clk_en.gen_hw".
[INF:CP0335] /nfs_scratch/scratch/CompilerValidation/zaheer_ahmad/os_fpga2/Validation/RTL_testcases/RTL_Benchmarks_Gap_Analysis/pwrmgr/rtl/prim_subreg.sv:60:12: Compile generate block "work@pwrmgr.u_reg.u_control_usb_clk_en_lp.gen_hw".
[INF:CP0335] /nfs_scratch/scratch/CompilerValidation/zaheer_ahmad/os_fpga2/Validation/RTL_testcases/RTL_Benchmarks_Gap_Analysis/pwrmgr/rtl/prim_subreg.sv:60:12: Compile generate block "work@pwrmgr.u_reg.u_control_usb_clk_en_active.gen_hw".
[INF:CP0335] /nfs_scratch/scratch/CompilerValidation/zaheer_ahmad/os_fpga2/Validation/RTL_testcases/RTL_Benchmarks_Gap_Analysis/pwrmgr/rtl/prim_subreg.sv:60:12: Compile generate block "work@pwrmgr.u_reg.u_control_main_pd_n.gen_hw".
[INF:CP0335] /nfs_scratch/scratch/CompilerValidation/zaheer_ahmad/os_fpga2/Validation/RTL_testcases/RTL_Benchmarks_Gap_Analysis/pwrmgr/rtl/prim_subreg.sv:60:12: Compile generate block "work@pwrmgr.u_reg.u_cfg_cdc_sync.gen_hw".
[INF:CP0335] /nfs_scratch/scratch/CompilerValidation/zaheer_ahmad/os_fpga2/Validation/RTL_testcases/RTL_Benchmarks_Gap_Analysis/pwrmgr/rtl/prim_subreg.sv:60:12: Compile generate block "work@pwrmgr.u_reg.u_wakeup_en_regwen.gen_hw".
[INF:CP0335] /nfs_scratch/scratch/CompilerValidation/zaheer_ahmad/os_fpga2/Validation/RTL_testcases/RTL_Benchmarks_Gap_Analysis/pwrmgr/rtl/prim_subreg.sv:60:12: Compile generate block "work@pwrmgr.u_reg.u_wakeup_en.gen_hw".
[INF:CP0335] /nfs_scratch/scratch/CompilerValidation/zaheer_ahmad/os_fpga2/Validation/RTL_testcases/RTL_Benchmarks_Gap_Analysis/pwrmgr/rtl/prim_subreg.sv:60:12: Compile generate block "work@pwrmgr.u_reg.u_wake_status.gen_hw".
[INF:CP0335] /nfs_scratch/scratch/CompilerValidation/zaheer_ahmad/os_fpga2/Validation/RTL_testcases/RTL_Benchmarks_Gap_Analysis/pwrmgr/rtl/prim_subreg.sv:60:12: Compile generate block "work@pwrmgr.u_reg.u_reset_en_regwen.gen_hw".
[INF:CP0335] /nfs_scratch/scratch/CompilerValidation/zaheer_ahmad/os_fpga2/Validation/RTL_testcases/RTL_Benchmarks_Gap_Analysis/pwrmgr/rtl/prim_subreg.sv:60:12: Compile generate block "work@pwrmgr.u_reg.u_reset_en.gen_hw".
[INF:CP0335] /nfs_scratch/scratch/CompilerValidation/zaheer_ahmad/os_fpga2/Validation/RTL_testcases/RTL_Benchmarks_Gap_Analysis/pwrmgr/rtl/prim_subreg.sv:60:12: Compile generate block "work@pwrmgr.u_reg.u_reset_status.gen_hw".
[INF:CP0335] /nfs_scratch/scratch/CompilerValidation/zaheer_ahmad/os_fpga2/Validation/RTL_testcases/RTL_Benchmarks_Gap_Analysis/pwrmgr/rtl/prim_subreg.sv:60:12: Compile generate block "work@pwrmgr.u_reg.u_wake_info_capture_dis.gen_hw".
[INF:CP0335] /nfs_scratch/scratch/CompilerValidation/zaheer_ahmad/os_fpga2/Validation/RTL_testcases/RTL_Benchmarks_Gap_Analysis/pwrmgr/rtl/pwrmgr.sv:272:42: Compile generate block "work@pwrmgr.gen_alert_tx[0]".
[INF:CP0335] /nfs_scratch/scratch/CompilerValidation/zaheer_ahmad/os_fpga2/Validation/RTL_testcases/RTL_Benchmarks_Gap_Analysis/pwrmgr/rtl/prim_diff_decode.sv:44:16: Compile generate block "work@pwrmgr.gen_alert_tx[0].u_prim_alert_sender.i_decode_ping.gen_async".
[INF:CP0335] /nfs_scratch/scratch/CompilerValidation/zaheer_ahmad/os_fpga2/Validation/RTL_testcases/RTL_Benchmarks_Gap_Analysis/pwrmgr/rtl/prim_flop_2sync.sv:28:10: Compile generate block "work@pwrmgr.gen_alert_tx[0].u_prim_alert_sender.i_decode_ping.gen_async.i_sync_p.gen_generic".
[INF:CP0335] /nfs_scratch/scratch/CompilerValidation/zaheer_ahmad/os_fpga2/Validation/RTL_testcases/RTL_Benchmarks_Gap_Analysis/pwrmgr/rtl/prim_flop_2sync.sv:28:10: Compile generate block "work@pwrmgr.gen_alert_tx[0].u_prim_alert_sender.i_decode_ping.gen_async.i_sync_n.gen_generic".
[INF:CP0335] /nfs_scratch/scratch/CompilerValidation/zaheer_ahmad/os_fpga2/Validation/RTL_testcases/RTL_Benchmarks_Gap_Analysis/pwrmgr/rtl/prim_diff_decode.sv:44:16: Compile generate block "work@pwrmgr.gen_alert_tx[0].u_prim_alert_sender.i_decode_ack.gen_async".
[INF:CP0335] /nfs_scratch/scratch/CompilerValidation/zaheer_ahmad/os_fpga2/Validation/RTL_testcases/RTL_Benchmarks_Gap_Analysis/pwrmgr/rtl/prim_flop_2sync.sv:28:10: Compile generate block "work@pwrmgr.gen_alert_tx[0].u_prim_alert_sender.i_decode_ack.gen_async.i_sync_p.gen_generic".
[INF:CP0335] /nfs_scratch/scratch/CompilerValidation/zaheer_ahmad/os_fpga2/Validation/RTL_testcases/RTL_Benchmarks_Gap_Analysis/pwrmgr/rtl/prim_flop_2sync.sv:28:10: Compile generate block "work@pwrmgr.gen_alert_tx[0].u_prim_alert_sender.i_decode_ack.gen_async.i_sync_n.gen_generic".
[INF:CP0335] /nfs_scratch/scratch/CompilerValidation/zaheer_ahmad/os_fpga2/Validation/RTL_testcases/RTL_Benchmarks_Gap_Analysis/pwrmgr/rtl/prim_buf.sv:30:10: Compile generate block "work@pwrmgr.gen_alert_tx[0].u_prim_alert_sender.u_prim_buf_p.gen_generic".
[INF:CP0335] /nfs_scratch/scratch/CompilerValidation/zaheer_ahmad/os_fpga2/Validation/RTL_testcases/RTL_Benchmarks_Gap_Analysis/pwrmgr/rtl/prim_buf.sv:30:10: Compile generate block "work@pwrmgr.gen_alert_tx[0].u_prim_alert_sender.u_prim_buf_n.gen_generic".
[INF:CP0335] /nfs_scratch/scratch/CompilerValidation/zaheer_ahmad/os_fpga2/Validation/RTL_testcases/RTL_Benchmarks_Gap_Analysis/pwrmgr/rtl/prim_flop_2sync.sv:28:10: Compile generate block "work@pwrmgr.u_cdc.u_req_pwrdn_sync.gen_generic".
[INF:CP0335] /nfs_scratch/scratch/CompilerValidation/zaheer_ahmad/os_fpga2/Validation/RTL_testcases/RTL_Benchmarks_Gap_Analysis/pwrmgr/rtl/prim_flop_2sync.sv:28:10: Compile generate block "work@pwrmgr.u_cdc.u_ack_pwrup_sync.gen_generic".
[INF:CP0335] /nfs_scratch/scratch/CompilerValidation/zaheer_ahmad/os_fpga2/Validation/RTL_testcases/RTL_Benchmarks_Gap_Analysis/pwrmgr/rtl/prim_flop_2sync.sv:28:10: Compile generate block "work@pwrmgr.u_cdc.u_slow_cdc_sync.prim_flop_2sync.gen_generic".
[INF:CP0335] /nfs_scratch/scratch/CompilerValidation/zaheer_ahmad/os_fpga2/Validation/RTL_testcases/RTL_Benchmarks_Gap_Analysis/pwrmgr/rtl/prim_flop_2sync.sv:28:10: Compile generate block "work@pwrmgr.u_cdc.u_slow_ext_req_sync.gen_generic".
[INF:CP0335] /nfs_scratch/scratch/CompilerValidation/zaheer_ahmad/os_fpga2/Validation/RTL_testcases/RTL_Benchmarks_Gap_Analysis/pwrmgr/rtl/prim_flop_2sync.sv:28:10: Compile generate block "work@pwrmgr.u_cdc.u_ip_clk_status_sync.gen_generic".
[INF:CP0335] /nfs_scratch/scratch/CompilerValidation/zaheer_ahmad/os_fpga2/Validation/RTL_testcases/RTL_Benchmarks_Gap_Analysis/pwrmgr/rtl/prim_flop_2sync.sv:28:10: Compile generate block "work@pwrmgr.u_cdc.u_ast_sync.gen_generic".
[INF:CP0335] /nfs_scratch/scratch/CompilerValidation/zaheer_ahmad/os_fpga2/Validation/RTL_testcases/RTL_Benchmarks_Gap_Analysis/pwrmgr/rtl/prim_flop_2sync.sv:28:10: Compile generate block "work@pwrmgr.u_cdc.u_req_pwrup_sync.gen_generic".
[INF:CP0335] /nfs_scratch/scratch/CompilerValidation/zaheer_ahmad/os_fpga2/Validation/RTL_testcases/RTL_Benchmarks_Gap_Analysis/pwrmgr/rtl/prim_flop_2sync.sv:28:10: Compile generate block "work@pwrmgr.u_cdc.u_ack_pwrdn_sync.gen_generic".
[INF:CP0335] /nfs_scratch/scratch/CompilerValidation/zaheer_ahmad/os_fpga2/Validation/RTL_testcases/RTL_Benchmarks_Gap_Analysis/pwrmgr/rtl/prim_flop_2sync.sv:28:10: Compile generate block "work@pwrmgr.u_cdc.u_int_fsm_invalid_sync.gen_generic".
[INF:CP0335] /nfs_scratch/scratch/CompilerValidation/zaheer_ahmad/os_fpga2/Validation/RTL_testcases/RTL_Benchmarks_Gap_Analysis/pwrmgr/rtl/prim_flop_2sync.sv:28:10: Compile generate block "work@pwrmgr.u_cdc.u_pwrup_chg_sync.gen_generic".
[INF:CP0335] /nfs_scratch/scratch/CompilerValidation/zaheer_ahmad/os_fpga2/Validation/RTL_testcases/RTL_Benchmarks_Gap_Analysis/pwrmgr/rtl/prim_flop_2sync.sv:28:10: Compile generate block "work@pwrmgr.u_cdc.u_ip_clk_en_sync.gen_generic".
[INF:CP0335] /nfs_scratch/scratch/CompilerValidation/zaheer_ahmad/os_fpga2/Validation/RTL_testcases/RTL_Benchmarks_Gap_Analysis/pwrmgr/rtl/prim_flop_2sync.sv:28:10: Compile generate block "work@pwrmgr.u_cdc.u_scdc_sync.prim_flop_2sync.gen_generic".
[INF:CP0335] /nfs_scratch/scratch/CompilerValidation/zaheer_ahmad/os_fpga2/Validation/RTL_testcases/RTL_Benchmarks_Gap_Analysis/pwrmgr/rtl/prim_flop_2sync.sv:28:10: Compile generate block "work@pwrmgr.u_cdc.u_ext_req_sync.gen_generic".
[INF:CP0335] /nfs_scratch/scratch/CompilerValidation/zaheer_ahmad/os_fpga2/Validation/RTL_testcases/RTL_Benchmarks_Gap_Analysis/pwrmgr/rtl/prim_flop_2sync.sv:28:10: Compile generate block "work@pwrmgr.u_cdc.u_sync_flash_idle.gen_generic".
[INF:CP0335] /nfs_scratch/scratch/CompilerValidation/zaheer_ahmad/os_fpga2/Validation/RTL_testcases/RTL_Benchmarks_Gap_Analysis/pwrmgr/rtl/prim_flop_2sync.sv:28:10: Compile generate block "work@pwrmgr.u_cdc.u_sync_otp.gen_generic".
[INF:CP0335] /nfs_scratch/scratch/CompilerValidation/zaheer_ahmad/os_fpga2/Validation/RTL_testcases/RTL_Benchmarks_Gap_Analysis/pwrmgr/rtl/prim_mubi4_sync.sv:42:16: Compile generate block "work@pwrmgr.u_cdc.u_sync_rom_ctrl.gen_flops".
[INF:CP0335] /nfs_scratch/scratch/CompilerValidation/zaheer_ahmad/os_fpga2/Validation/RTL_testcases/RTL_Benchmarks_Gap_Analysis/pwrmgr/rtl/prim_flop_2sync.sv:28:10: Compile generate block "work@pwrmgr.u_cdc.u_sync_rom_ctrl.gen_flops.u_prim_flop_2sync.gen_generic".
[INF:CP0335] /nfs_scratch/scratch/CompilerValidation/zaheer_ahmad/os_fpga2/Validation/RTL_testcases/RTL_Benchmarks_Gap_Analysis/pwrmgr/rtl/prim_mubi4_sync.sv:54:25: Compile generate block "work@pwrmgr.u_cdc.u_sync_rom_ctrl.gen_flops.gen_stable_chks".
[INF:CP0335] /nfs_scratch/scratch/CompilerValidation/zaheer_ahmad/os_fpga2/Validation/RTL_testcases/RTL_Benchmarks_Gap_Analysis/pwrmgr/rtl/prim_flop.sv:39:10: Compile generate block "work@pwrmgr.u_cdc.u_sync_rom_ctrl.gen_flops.gen_stable_chks.u_prim_flop_3rd_stage.gen_generic".
[INF:CP0335] /nfs_scratch/scratch/CompilerValidation/zaheer_ahmad/os_fpga2/Validation/RTL_testcases/RTL_Benchmarks_Gap_Analysis/pwrmgr/rtl/prim_xor2.sv:35:10: Compile generate block "work@pwrmgr.u_cdc.u_sync_rom_ctrl.gen_flops.gen_stable_chks.u_mubi_xor.gen_generic".
[INF:CP0335] /nfs_scratch/scratch/CompilerValidation/zaheer_ahmad/os_fpga2/Validation/RTL_testcases/RTL_Benchmarks_Gap_Analysis/pwrmgr/rtl/prim_mubi4_sync.sv:78:47: Compile generate block "work@pwrmgr.u_cdc.u_sync_rom_ctrl.gen_flops.gen_stable_chks.gen_bufs_muxes[0]".
[INF:CP0335] /nfs_scratch/scratch/CompilerValidation/zaheer_ahmad/os_fpga2/Validation/RTL_testcases/RTL_Benchmarks_Gap_Analysis/pwrmgr/rtl/prim_buf.sv:30:10: Compile generate block "work@pwrmgr.u_cdc.u_sync_rom_ctrl.gen_flops.gen_stable_chks.gen_bufs_muxes[0].u_sig_unstable_buf.u_secure_anchor_buf.gen_generic".
[INF:CP0335] /nfs_scratch/scratch/CompilerValidation/zaheer_ahmad/os_fpga2/Validation/RTL_testcases/RTL_Benchmarks_Gap_Analysis/pwrmgr/rtl/prim_clock_mux2.sv:36:10: Compile generate block "work@pwrmgr.u_cdc.u_sync_rom_ctrl.gen_flops.gen_stable_chks.gen_bufs_muxes[0].u_mux.gen_generic".
[INF:CP0335] /nfs_scratch/scratch/CompilerValidation/zaheer_ahmad/os_fpga2/Validation/RTL_testcases/RTL_Benchmarks_Gap_Analysis/pwrmgr/rtl/prim_mubi4_sync.sv:78:47: Compile generate block "work@pwrmgr.u_cdc.u_sync_rom_ctrl.gen_flops.gen_stable_chks.gen_bufs_muxes[1]".
[INF:CP0335] /nfs_scratch/scratch/CompilerValidation/zaheer_ahmad/os_fpga2/Validation/RTL_testcases/RTL_Benchmarks_Gap_Analysis/pwrmgr/rtl/prim_buf.sv:30:10: Compile generate block "work@pwrmgr.u_cdc.u_sync_rom_ctrl.gen_flops.gen_stable_chks.gen_bufs_muxes[1].u_sig_unstable_buf.u_secure_anchor_buf.gen_generic".
[INF:CP0335] /nfs_scratch/scratch/CompilerValidation/zaheer_ahmad/os_fpga2/Validation/RTL_testcases/RTL_Benchmarks_Gap_Analysis/pwrmgr/rtl/prim_clock_mux2.sv:36:10: Compile generate block "work@pwrmgr.u_cdc.u_sync_rom_ctrl.gen_flops.gen_stable_chks.gen_bufs_muxes[1].u_mux.gen_generic".
[INF:CP0335] /nfs_scratch/scratch/CompilerValidation/zaheer_ahmad/os_fpga2/Validation/RTL_testcases/RTL_Benchmarks_Gap_Analysis/pwrmgr/rtl/prim_mubi4_sync.sv:78:47: Compile generate block "work@pwrmgr.u_cdc.u_sync_rom_ctrl.gen_flops.gen_stable_chks.gen_bufs_muxes[2]".
[INF:CP0335] /nfs_scratch/scratch/CompilerValidation/zaheer_ahmad/os_fpga2/Validation/RTL_testcases/RTL_Benchmarks_Gap_Analysis/pwrmgr/rtl/prim_buf.sv:30:10: Compile generate block "work@pwrmgr.u_cdc.u_sync_rom_ctrl.gen_flops.gen_stable_chks.gen_bufs_muxes[2].u_sig_unstable_buf.u_secure_anchor_buf.gen_generic".
[INF:CP0335] /nfs_scratch/scratch/CompilerValidation/zaheer_ahmad/os_fpga2/Validation/RTL_testcases/RTL_Benchmarks_Gap_Analysis/pwrmgr/rtl/prim_clock_mux2.sv:36:10: Compile generate block "work@pwrmgr.u_cdc.u_sync_rom_ctrl.gen_flops.gen_stable_chks.gen_bufs_muxes[2].u_mux.gen_generic".
[INF:CP0335] /nfs_scratch/scratch/CompilerValidation/zaheer_ahmad/os_fpga2/Validation/RTL_testcases/RTL_Benchmarks_Gap_Analysis/pwrmgr/rtl/prim_mubi4_sync.sv:78:47: Compile generate block "work@pwrmgr.u_cdc.u_sync_rom_ctrl.gen_flops.gen_stable_chks.gen_bufs_muxes[3]".
[INF:CP0335] /nfs_scratch/scratch/CompilerValidation/zaheer_ahmad/os_fpga2/Validation/RTL_testcases/RTL_Benchmarks_Gap_Analysis/pwrmgr/rtl/prim_buf.sv:30:10: Compile generate block "work@pwrmgr.u_cdc.u_sync_rom_ctrl.gen_flops.gen_stable_chks.gen_bufs_muxes[3].u_sig_unstable_buf.u_secure_anchor_buf.gen_generic".
[INF:CP0335] /nfs_scratch/scratch/CompilerValidation/zaheer_ahmad/os_fpga2/Validation/RTL_testcases/RTL_Benchmarks_Gap_Analysis/pwrmgr/rtl/prim_clock_mux2.sv:36:10: Compile generate block "work@pwrmgr.u_cdc.u_sync_rom_ctrl.gen_flops.gen_stable_chks.gen_bufs_muxes[3].u_mux.gen_generic".
[INF:CP0335] /nfs_scratch/scratch/CompilerValidation/zaheer_ahmad/os_fpga2/Validation/RTL_testcases/RTL_Benchmarks_Gap_Analysis/pwrmgr/rtl/prim_mubi4_sync.sv:113:42: Compile generate block "work@pwrmgr.u_cdc.u_sync_rom_ctrl.gen_buffs[0]".
[INF:CP0335] /nfs_scratch/scratch/CompilerValidation/zaheer_ahmad/os_fpga2/Validation/RTL_testcases/RTL_Benchmarks_Gap_Analysis/pwrmgr/rtl/prim_mubi4_sync.sv:115:45: Compile generate block "work@pwrmgr.u_cdc.u_sync_rom_ctrl.gen_buffs[0].gen_bits[0]".
[INF:CP0335] /nfs_scratch/scratch/CompilerValidation/zaheer_ahmad/os_fpga2/Validation/RTL_testcases/RTL_Benchmarks_Gap_Analysis/pwrmgr/rtl/prim_buf.sv:30:10: Compile generate block "work@pwrmgr.u_cdc.u_sync_rom_ctrl.gen_buffs[0].gen_bits[0].u_prim_buf.gen_generic".
[INF:CP0335] /nfs_scratch/scratch/CompilerValidation/zaheer_ahmad/os_fpga2/Validation/RTL_testcases/RTL_Benchmarks_Gap_Analysis/pwrmgr/rtl/prim_mubi4_sync.sv:115:45: Compile generate block "work@pwrmgr.u_cdc.u_sync_rom_ctrl.gen_buffs[0].gen_bits[1]".
[INF:CP0335] /nfs_scratch/scratch/CompilerValidation/zaheer_ahmad/os_fpga2/Validation/RTL_testcases/RTL_Benchmarks_Gap_Analysis/pwrmgr/rtl/prim_buf.sv:30:10: Compile generate block "work@pwrmgr.u_cdc.u_sync_rom_ctrl.gen_buffs[0].gen_bits[1].u_prim_buf.gen_generic".
[INF:CP0335] /nfs_scratch/scratch/CompilerValidation/zaheer_ahmad/os_fpga2/Validation/RTL_testcases/RTL_Benchmarks_Gap_Analysis/pwrmgr/rtl/prim_mubi4_sync.sv:115:45: Compile generate block "work@pwrmgr.u_cdc.u_sync_rom_ctrl.gen_buffs[0].gen_bits[2]".
[INF:CP0335] /nfs_scratch/scratch/CompilerValidation/zaheer_ahmad/os_fpga2/Validation/RTL_testcases/RTL_Benchmarks_Gap_Analysis/pwrmgr/rtl/prim_buf.sv:30:10: Compile generate block "work@pwrmgr.u_cdc.u_sync_rom_ctrl.gen_buffs[0].gen_bits[2].u_prim_buf.gen_generic".
[INF:CP0335] /nfs_scratch/scratch/CompilerValidation/zaheer_ahmad/os_fpga2/Validation/RTL_testcases/RTL_Benchmarks_Gap_Analysis/pwrmgr/rtl/prim_mubi4_sync.sv:115:45: Compile generate block "work@pwrmgr.u_cdc.u_sync_rom_ctrl.gen_buffs[0].gen_bits[3]".
[INF:CP0335] /nfs_scratch/scratch/CompilerValidation/zaheer_ahmad/os_fpga2/Validation/RTL_testcases/RTL_Benchmarks_Gap_Analysis/pwrmgr/rtl/prim_buf.sv:30:10: Compile generate block "work@pwrmgr.u_cdc.u_sync_rom_ctrl.gen_buffs[0].gen_bits[3].u_prim_buf.gen_generic".
[INF:CP0335] /nfs_scratch/scratch/CompilerValidation/zaheer_ahmad/os_fpga2/Validation/RTL_testcases/RTL_Benchmarks_Gap_Analysis/pwrmgr/rtl/prim_flop_2sync.sv:28:10: Compile generate block "work@pwrmgr.u_cdc.u_clr_reqack.req_sync.gen_generic".
[INF:CP0335] /nfs_scratch/scratch/CompilerValidation/zaheer_ahmad/os_fpga2/Validation/RTL_testcases/RTL_Benchmarks_Gap_Analysis/pwrmgr/rtl/prim_flop_2sync.sv:28:10: Compile generate block "work@pwrmgr.u_cdc.u_clr_reqack.ack_sync.gen_generic".
[INF:CP0335] /nfs_scratch/scratch/CompilerValidation/zaheer_ahmad/os_fpga2/Validation/RTL_testcases/RTL_Benchmarks_Gap_Analysis/pwrmgr/rtl/pwrmgr.sv:394:41: Compile generate block "work@pwrmgr.gen_wakeup_status[0]".
[INF:CP0335] /nfs_scratch/scratch/CompilerValidation/zaheer_ahmad/os_fpga2/Validation/RTL_testcases/RTL_Benchmarks_Gap_Analysis/pwrmgr/rtl/pwrmgr.sv:394:41: Compile generate block "work@pwrmgr.gen_wakeup_status[1]".
[INF:CP0335] /nfs_scratch/scratch/CompilerValidation/zaheer_ahmad/os_fpga2/Validation/RTL_testcases/RTL_Benchmarks_Gap_Analysis/pwrmgr/rtl/pwrmgr.sv:394:41: Compile generate block "work@pwrmgr.gen_wakeup_status[2]".
[INF:CP0335] /nfs_scratch/scratch/CompilerValidation/zaheer_ahmad/os_fpga2/Validation/RTL_testcases/RTL_Benchmarks_Gap_Analysis/pwrmgr/rtl/pwrmgr.sv:394:41: Compile generate block "work@pwrmgr.gen_wakeup_status[3]".
[INF:CP0335] /nfs_scratch/scratch/CompilerValidation/zaheer_ahmad/os_fpga2/Validation/RTL_testcases/RTL_Benchmarks_Gap_Analysis/pwrmgr/rtl/pwrmgr.sv:394:41: Compile generate block "work@pwrmgr.gen_wakeup_status[4]".
[INF:CP0335] /nfs_scratch/scratch/CompilerValidation/zaheer_ahmad/os_fpga2/Validation/RTL_testcases/RTL_Benchmarks_Gap_Analysis/pwrmgr/rtl/pwrmgr.sv:394:41: Compile generate block "work@pwrmgr.gen_wakeup_status[5]".
[INF:CP0335] /nfs_scratch/scratch/CompilerValidation/zaheer_ahmad/os_fpga2/Validation/RTL_testcases/RTL_Benchmarks_Gap_Analysis/pwrmgr/rtl/pwrmgr.sv:399:43: Compile generate block "work@pwrmgr.gen_reset_status[0]".
[INF:CP0335] /nfs_scratch/scratch/CompilerValidation/zaheer_ahmad/os_fpga2/Validation/RTL_testcases/RTL_Benchmarks_Gap_Analysis/pwrmgr/rtl/pwrmgr.sv:399:43: Compile generate block "work@pwrmgr.gen_reset_status[1]".
[INF:CP0335] /nfs_scratch/scratch/CompilerValidation/zaheer_ahmad/os_fpga2/Validation/RTL_testcases/RTL_Benchmarks_Gap_Analysis/pwrmgr/rtl/prim_flop.sv:39:10: Compile generate block "work@pwrmgr.u_slow_fsm.u_state_regs.u_state_flop.gen_generic".
[INF:CP0335] /nfs_scratch/scratch/CompilerValidation/zaheer_ahmad/os_fpga2/Validation/RTL_testcases/RTL_Benchmarks_Gap_Analysis/pwrmgr/rtl/prim_flop.sv:39:10: Compile generate block "work@pwrmgr.u_slow_fsm.u_usb_clk_en.gen_generic".
[INF:CP0335] /nfs_scratch/scratch/CompilerValidation/zaheer_ahmad/os_fpga2/Validation/RTL_testcases/RTL_Benchmarks_Gap_Analysis/pwrmgr/rtl/prim_flop.sv:39:10: Compile generate block "work@pwrmgr.u_fsm.u_state_regs.u_state_flop.gen_generic".
[INF:CP0335] /nfs_scratch/scratch/CompilerValidation/zaheer_ahmad/os_fpga2/Validation/RTL_testcases/RTL_Benchmarks_Gap_Analysis/pwrmgr/rtl/prim_flop_2sync.sv:28:10: Compile generate block "work@pwrmgr.u_fsm.u_slow_sync_lc_done.gen_generic".
[INF:CP0335] /nfs_scratch/scratch/CompilerValidation/zaheer_ahmad/os_fpga2/Validation/RTL_testcases/RTL_Benchmarks_Gap_Analysis/pwrmgr/rtl/prim_flop_2sync.sv:28:10: Compile generate block "work@pwrmgr.u_fsm.u_sync_lc_done.gen_generic".
[INF:CP0335] /nfs_scratch/scratch/CompilerValidation/zaheer_ahmad/os_fpga2/Validation/RTL_testcases/RTL_Benchmarks_Gap_Analysis/pwrmgr/rtl/prim_flop.sv:39:10: Compile generate block "work@pwrmgr.u_fsm.u_usb_ip_clk_en.gen_generic".
[INF:CP0335] /nfs_scratch/scratch/CompilerValidation/zaheer_ahmad/os_fpga2/Validation/RTL_testcases/RTL_Benchmarks_Gap_Analysis/pwrmgr/rtl/prim_flop.sv:39:10: Compile generate block "work@pwrmgr.u_fsm.u_reg_otp_init.gen_generic".
[INF:CP0335] /nfs_scratch/scratch/CompilerValidation/zaheer_ahmad/os_fpga2/Validation/RTL_testcases/RTL_Benchmarks_Gap_Analysis/pwrmgr/rtl/prim_flop.sv:39:10: Compile generate block "work@pwrmgr.u_fsm.u_reg_lc_init.gen_generic".
[INF:CP0335] /nfs_scratch/scratch/CompilerValidation/zaheer_ahmad/os_fpga2/Validation/RTL_testcases/RTL_Benchmarks_Gap_Analysis/pwrmgr/rtl/prim_intr_hw.sv:39:24: Compile generate block "work@pwrmgr.intr_wakeup.gen_flop_intr_output".
[NTE:EL0503] /nfs_scratch/scratch/CompilerValidation/zaheer_ahmad/os_fpga2/Validation/RTL_testcases/RTL_Benchmarks_Gap_Analysis/pwrmgr/rtl/pwrmgr.sv:9:1: Top level module "work@pwrmgr".
[NTE:EL0508] Nb Top level modules: 1.
[NTE:EL0509] Max instance depth: 10.
[NTE:EL0510] Nb instances: 230.
[NTE:EL0511] Nb leaf instances: 26.
[INF:UH0706] Creating UHDM Model...
[INF:UH0707] Elaborating UHDM...
[  FATAL] : 0
[ SYNTAX] : 0
[  ERROR] : 0
[WARNING] : 0
[   NOTE] : 8
Warning: /nfs_scratch/scratch/CompilerValidation/zaheer_ahmad/os_fpga2/Validation/RTL_testcases/RTL_Benchmarks_Gap_Analysis/pwrmgr/rtl/prim_mubi_pkg.sv:80: Post-incrementation operations are handled as pre-incrementation.
Warning: /nfs_scratch/scratch/CompilerValidation/zaheer_ahmad/os_fpga2/Validation/RTL_testcases/RTL_Benchmarks_Gap_Analysis/pwrmgr/rtl/prim_mubi_pkg.sv:106: Post-incrementation operations are handled as pre-incrementation.
Warning: /nfs_scratch/scratch/CompilerValidation/zaheer_ahmad/os_fpga2/Validation/RTL_testcases/RTL_Benchmarks_Gap_Analysis/pwrmgr/rtl/prim_mubi_pkg.sv:209: Post-incrementation operations are handled as pre-incrementation.
Warning: /nfs_scratch/scratch/CompilerValidation/zaheer_ahmad/os_fpga2/Validation/RTL_testcases/RTL_Benchmarks_Gap_Analysis/pwrmgr/rtl/prim_mubi_pkg.sv:235: Post-incrementation operations are handled as pre-incrementation.
Warning: /nfs_scratch/scratch/CompilerValidation/zaheer_ahmad/os_fpga2/Validation/RTL_testcases/RTL_Benchmarks_Gap_Analysis/pwrmgr/rtl/prim_mubi_pkg.sv:338: Post-incrementation operations are handled as pre-incrementation.
Warning: /nfs_scratch/scratch/CompilerValidation/zaheer_ahmad/os_fpga2/Validation/RTL_testcases/RTL_Benchmarks_Gap_Analysis/pwrmgr/rtl/prim_mubi_pkg.sv:364: Post-incrementation operations are handled as pre-incrementation.
Warning: /nfs_scratch/scratch/CompilerValidation/zaheer_ahmad/os_fpga2/Validation/RTL_testcases/RTL_Benchmarks_Gap_Analysis/pwrmgr/rtl/prim_mubi_pkg.sv:467: Post-incrementation operations are handled as pre-incrementation.
Warning: /nfs_scratch/scratch/CompilerValidation/zaheer_ahmad/os_fpga2/Validation/RTL_testcases/RTL_Benchmarks_Gap_Analysis/pwrmgr/rtl/prim_mubi_pkg.sv:493: Post-incrementation operations are handled as pre-incrementation.
Warning: /nfs_scratch/scratch/CompilerValidation/zaheer_ahmad/os_fpga2/Validation/RTL_testcases/RTL_Benchmarks_Gap_Analysis/pwrmgr/rtl/prim_util_pkg.sv:34: Post-incrementation operations are handled as pre-incrementation.
Warning: /nfs_scratch/scratch/CompilerValidation/zaheer_ahmad/os_fpga2/Validation/RTL_testcases/RTL_Benchmarks_Gap_Analysis/pwrmgr/rtl/prim_mubi_pkg.sv:80: Post-incrementation operations are handled as pre-incrementation.
Warning: /nfs_scratch/scratch/CompilerValidation/zaheer_ahmad/os_fpga2/Validation/RTL_testcases/RTL_Benchmarks_Gap_Analysis/pwrmgr/rtl/prim_mubi_pkg.sv:106: Post-incrementation operations are handled as pre-incrementation.
Warning: /nfs_scratch/scratch/CompilerValidation/zaheer_ahmad/os_fpga2/Validation/RTL_testcases/RTL_Benchmarks_Gap_Analysis/pwrmgr/rtl/prim_mubi_pkg.sv:209: Post-incrementation operations are handled as pre-incrementation.
Warning: /nfs_scratch/scratch/CompilerValidation/zaheer_ahmad/os_fpga2/Validation/RTL_testcases/RTL_Benchmarks_Gap_Analysis/pwrmgr/rtl/prim_mubi_pkg.sv:235: Post-incrementation operations are handled as pre-incrementation.
Warning: /nfs_scratch/scratch/CompilerValidation/zaheer_ahmad/os_fpga2/Validation/RTL_testcases/RTL_Benchmarks_Gap_Analysis/pwrmgr/rtl/prim_mubi_pkg.sv:338: Post-incrementation operations are handled as pre-incrementation.
Warning: /nfs_scratch/scratch/CompilerValidation/zaheer_ahmad/os_fpga2/Validation/RTL_testcases/RTL_Benchmarks_Gap_Analysis/pwrmgr/rtl/prim_mubi_pkg.sv:364: Post-incrementation operations are handled as pre-incrementation.
Warning: /nfs_scratch/scratch/CompilerValidation/zaheer_ahmad/os_fpga2/Validation/RTL_testcases/RTL_Benchmarks_Gap_Analysis/pwrmgr/rtl/prim_mubi_pkg.sv:467: Post-incrementation operations are handled as pre-incrementation.
Warning: /nfs_scratch/scratch/CompilerValidation/zaheer_ahmad/os_fpga2/Validation/RTL_testcases/RTL_Benchmarks_Gap_Analysis/pwrmgr/rtl/prim_mubi_pkg.sv:493: Post-incrementation operations are handled as pre-incrementation.
Warning: /nfs_scratch/scratch/CompilerValidation/zaheer_ahmad/os_fpga2/Validation/RTL_testcases/RTL_Benchmarks_Gap_Analysis/pwrmgr/rtl/prim_mubi_pkg.sv:80: Post-incrementation operations are handled as pre-incrementation.
Warning: /nfs_scratch/scratch/CompilerValidation/zaheer_ahmad/os_fpga2/Validation/RTL_testcases/RTL_Benchmarks_Gap_Analysis/pwrmgr/rtl/prim_mubi_pkg.sv:106: Post-incrementation operations are handled as pre-incrementation.
Warning: /nfs_scratch/scratch/CompilerValidation/zaheer_ahmad/os_fpga2/Validation/RTL_testcases/RTL_Benchmarks_Gap_Analysis/pwrmgr/rtl/prim_mubi_pkg.sv:209: Post-incrementation operations are handled as pre-incrementation.
Warning: /nfs_scratch/scratch/CompilerValidation/zaheer_ahmad/os_fpga2/Validation/RTL_testcases/RTL_Benchmarks_Gap_Analysis/pwrmgr/rtl/prim_mubi_pkg.sv:235: Post-incrementation operations are handled as pre-incrementation.
Warning: /nfs_scratch/scratch/CompilerValidation/zaheer_ahmad/os_fpga2/Validation/RTL_testcases/RTL_Benchmarks_Gap_Analysis/pwrmgr/rtl/prim_mubi_pkg.sv:338: Post-incrementation operations are handled as pre-incrementation.
Warning: /nfs_scratch/scratch/CompilerValidation/zaheer_ahmad/os_fpga2/Validation/RTL_testcases/RTL_Benchmarks_Gap_Analysis/pwrmgr/rtl/prim_mubi_pkg.sv:364: Post-incrementation operations are handled as pre-incrementation.
Warning: /nfs_scratch/scratch/CompilerValidation/zaheer_ahmad/os_fpga2/Validation/RTL_testcases/RTL_Benchmarks_Gap_Analysis/pwrmgr/rtl/prim_mubi_pkg.sv:467: Post-incrementation operations are handled as pre-incrementation.
Warning: /nfs_scratch/scratch/CompilerValidation/zaheer_ahmad/os_fpga2/Validation/RTL_testcases/RTL_Benchmarks_Gap_Analysis/pwrmgr/rtl/prim_mubi_pkg.sv:493: Post-incrementation operations are handled as pre-incrementation.
Warning: /nfs_scratch/scratch/CompilerValidation/zaheer_ahmad/os_fpga2/Validation/RTL_testcases/RTL_Benchmarks_Gap_Analysis/pwrmgr/rtl/pwrmgr_fsm.sv:398: Post-incrementation operations are handled as pre-incrementation.
Generating RTLIL representation for module `$paramod$572334ae2b5971ff7e4eb457c77e6e769d857e82\prim_sparse_fsm_flop'.
Generating RTLIL representation for module `$paramod$21a513b276be09c9cb5553d5463fdf4800edca32\pwrmgr_fsm'.
Warning: reg '\state_q' is assigned in a continuous assignment at /nfs_scratch/scratch/CompilerValidation/zaheer_ahmad/os_fpga2/Validation/RTL_testcases/RTL_Benchmarks_Gap_Analysis/pwrmgr/rtl/pwrmgr_fsm.sv:151.10-151.50.
Warning: reg '\fetch_en_o' is assigned in a continuous assignment at /nfs_scratch/scratch/CompilerValidation/zaheer_ahmad/os_fpga2/Validation/RTL_testcases/RTL_Benchmarks_Gap_Analysis/pwrmgr/rtl/pwrmgr_fsm.sv:180.10-180.33.
Generating RTLIL representation for module `$paramod$fe55b1bb949966d310e200acf24c2aa59944d626\prim_generic_flop'.
Generating RTLIL representation for module `$paramod$44a1f8f9602035884579b7c1bf52cac427a84729\prim_flop'.
Generating RTLIL representation for module `$paramod$a7aee46bd09813908c06b21f352766ca9cf9b3c9\prim_sparse_fsm_flop'.
Generating RTLIL representation for module `$paramod$21db42bc4a37f19b92ab182268213f76666c0005\pwrmgr_slow_fsm'.
Warning: reg '\state_q' is assigned in a continuous assignment at /nfs_scratch/scratch/CompilerValidation/zaheer_ahmad/os_fpga2/Validation/RTL_testcases/RTL_Benchmarks_Gap_Analysis/pwrmgr/rtl/pwrmgr_slow_fsm.sv:125.10-125.50.
Warning: reg '\pwrup_cause_o' is assigned in a continuous assignment at /nfs_scratch/scratch/CompilerValidation/zaheer_ahmad/os_fpga2/Validation/RTL_testcases/RTL_Benchmarks_Gap_Analysis/pwrmgr/rtl/pwrmgr_slow_fsm.sv:313.10-313.33.
Generating RTLIL representation for module `$paramod$21a513b276be09c9cb5553d5463fdf4800edca32\pwrmgr_wake_info'.
Generating RTLIL representation for module `$paramod\prim_generic_clock_mux2\NoFpgaBufG=1'1'.
Generating RTLIL representation for module `$paramod\prim_clock_mux2\NoFpgaBufG=1'1\Impl=32'00000000000000000000000000000000'.
Generating RTLIL representation for module `$paramod$f00c4529a1ee6db225b5a16a9e380cfcfefeb4fc\prim_buf'.
Generating RTLIL representation for module `$paramod$4c9652adfb17b2d533bb31a43b4ddd326554f0f1\prim_flop'.
Generating RTLIL representation for module `$paramod\prim_sec_anchor_buf\Width=s32'00000000000000000000000000000100'.
Generating RTLIL representation for module `$paramod\prim_generic_xor2\Width=s32'00000000000000000000000000000100'.
Generating RTLIL representation for module `$paramod$6ae18350b51be32fd7406c5aaac3c7582e0e6af0\prim_generic_flop'.
Generating RTLIL representation for module `$paramod$6ae18350b51be32fd7406c5aaac3c7582e0e6af0\prim_flop_2sync'.
Generating RTLIL representation for module `$paramod\prim_generic_flop\Width=s32'00000000000000000000000000000010\ResetValue=2'00'.
Generating RTLIL representation for module `$paramod\prim_generic_flop_2sync\Width=s32'00000000000000000000000000000010\ResetValue=2'00'.
Generating RTLIL representation for module `$paramod$1232de8c2fe4fff6a75b5663758d1bf50afa3825\prim_generic_flop'.
Generating RTLIL representation for module `$paramod$2454416d686f119c214b8f35dcdc5a0867f85a76\prim_generic_flop'.
Generating RTLIL representation for module `$paramod$1232de8c2fe4fff6a75b5663758d1bf50afa3825\prim_flop_2sync'.
Generating RTLIL representation for module `$paramod\prim_intr_hw\Width=32'00000000000000000000000000000001\FlopOutput=1'1'.
Generating RTLIL representation for module `$paramod$25ebe4329fda051e04aa1129a6e1ffd602984606\prim_generic_flop'.
Generating RTLIL representation for module `$paramod$21a513b276be09c9cb5553d5463fdf4800edca32\pwrmgr_cdc'.
Generating RTLIL representation for module `$paramod$a7b283e8b9acadb82fb07886ab71c26207bbd72c\prim_mubi4_sync'.
Warning: reg '\mubi_o' is assigned in a continuous assignment at /nfs_scratch/scratch/CompilerValidation/zaheer_ahmad/os_fpga2/Validation/RTL_testcases/RTL_Benchmarks_Gap_Analysis/pwrmgr/rtl/prim_mubi4_sync.sv:121.12-121.42.
Generating RTLIL representation for module `$paramod$25ebe4329fda051e04aa1129a6e1ffd602984606\prim_flop_2sync'.
Generating RTLIL representation for module `$paramod$1922727dec4c1da7ed6ad3dc09fc46ad0b6c2a2c\prim_subreg'.
Generating RTLIL representation for module `$paramod\prim_clock_buf\Impl=32'00000000000000000000000000000000'.
Generating RTLIL representation for module `$paramod\prim_generic_flop\Width=s32'00000000000000000000000000000001\ResetValue=1'1'.
Generating RTLIL representation for module `$paramod\prim_generic_flop_2sync\Width=s32'00000000000000000000000000000001\ResetValue=1'1'.
Generating RTLIL representation for module `\prim_lc_sender'.
Warning: reg '\lc_en_o' is assigned in a continuous assignment at /nfs_scratch/scratch/CompilerValidation/zaheer_ahmad/os_fpga2/Validation/RTL_testcases/RTL_Benchmarks_Gap_Analysis/pwrmgr/rtl/prim_lc_sender.sv:32.10-32.52.
Generating RTLIL representation for module `$paramod\prim_generic_flop\Width=s32'00000000000000000000000000000001\ResetValue=1'0'.
Generating RTLIL representation for module `$paramod$ebe0a97d65ac33a9414f47886a18e066f6dc6365\prim_flop'.
Generating RTLIL representation for module `$paramod\prim_diff_decode\AsyncOn=1'1'.
Generating RTLIL representation for module `$paramod\prim_flop_2sync\Width=s32'00000000000000000000000000000010\ResetValue=2'00'.
Generating RTLIL representation for module `$paramod$a15eb3e9e7e337a1d68c13676510cc99e563cdd3\prim_buf'.
Generating RTLIL representation for module `$paramod$6ae18350b51be32fd7406c5aaac3c7582e0e6af0\prim_generic_flop_2sync'.
Generating RTLIL representation for module `\prim_generic_clock_buf'.
Generating RTLIL representation for module `$paramod\prim_alert_sender\AsyncOn=1'1\ALERT_TX_DEFAULT=2'01\ALERT_RX_DEFAULT=4'0101'.
Generating RTLIL representation for module `\pwrmgr'.
Warning: reg '\rom_ctrl_good' is assigned in a continuous assignment at /nfs_scratch/scratch/CompilerValidation/zaheer_ahmad/os_fpga2/Validation/RTL_testcases/RTL_Benchmarks_Gap_Analysis/pwrmgr/rtl/pwrmgr.sv:360.10-360.41.
Generating RTLIL representation for module `$paramod\prim_clock_timeout\TimeOutCnt=s32'00000000000000000000000010000000'.
Generating RTLIL representation for module `\prim_sync_reqack'.
Generating RTLIL representation for module `$paramod$1f2cba5866897a44b387e1c2993af0b4468bf03a\prim_xor2'.
Generating RTLIL representation for module `$paramod$d1667f769712e8f5d6feff44c8934483fca616bd\prim_flop'.
Generating RTLIL representation for module `$paramod$b16ec1a2d37bb01b30b4807f6e7e5972c818c2d7\tlul_cmd_intg_chk'.
Generating RTLIL representation for module `$paramod\prim_flop_2sync\Width=s32'00000000000000000000000000000001\ResetValue=1'1'.
Generating RTLIL representation for module `$paramod\prim_flop_2sync\Width=s32'00000000000000000000000000000001\ResetValue=1'0'.
Generating RTLIL representation for module `\prim_secded_inv_39_32_enc'.
Generating RTLIL representation for module `$paramod$c5a2c670fcc80b1e00077cb7c12ddf5cd8beba26\prim_count'.
Generating RTLIL representation for module `$paramod$705fa05787a5d1cbfe2ae3dc7a01b0dd03c7a1d2\prim_flop'.
Generating RTLIL representation for module `$paramod\prim_generic_flop_2sync\Width=s32'00000000000000000000000000000001\ResetValue=1'0'.
Generating RTLIL representation for module `$paramod$e28d8d901a11ac5d5e5c27396dca7dc727aac42a\prim_subreg'.
Generating RTLIL representation for module `$paramod$30daef7d8fbea83f8d5d97bb6bbeea8d50f20643\tlul_rsp_intg_gen'.
Generating RTLIL representation for module `$paramod$58cc36426b572d644c9bdaa50fac6b4ad91ed7ea\prim_esc_receiver'.
Generating RTLIL representation for module `$paramod$eca6cdb671bb55064ea4103fc00be19283c8611c\prim_buf'.
Generating RTLIL representation for module `$paramod$1232de8c2fe4fff6a75b5663758d1bf50afa3825\prim_generic_flop_2sync'.
Generating RTLIL representation for module `$paramod\prim_diff_decode\AsyncOn=1'0'.
Generating RTLIL representation for module `$paramod$55720f6f56ab0dcb7b0978d7b020cd5788c3bb7b\prim_buf'.
Generating RTLIL representation for module `$paramod$18eae125e8070a5fb29a0bd9923127bd30ff2039\prim_subreg'.
Generating RTLIL representation for module `$paramod$cafc58aacea66ce361f30fc5fb51712913515c86\prim_generic_flop'.
Generating RTLIL representation for module `$paramod\prim_sec_anchor_buf\Width=s32'00000000000000000000000000000001'.
Generating RTLIL representation for module `$paramod\prim_sec_anchor_flop\Width=s32'00000000000000000000000000000010\ResetValue=2'10'.
Generating RTLIL representation for module `$paramod\prim_generic_flop\Width=s32'00000000000000000000000000000010\ResetValue=2'10'.
Generating RTLIL representation for module `\prim_secded_inv_64_57_dec'.
Generating RTLIL representation for module `$paramod$b16ec1a2d37bb01b30b4807f6e7e5972c818c2d7\tlul_data_integ_dec'.
Generating RTLIL representation for module `$paramod$25ebe4329fda051e04aa1129a6e1ffd602984606\prim_generic_flop_2sync'.
Generating RTLIL representation for module `\prim_secded_inv_39_32_dec'.
Generating RTLIL representation for module `\prim_generic_buf'.
Generating RTLIL representation for module `\prim_secded_inv_64_57_enc'.
Generating RTLIL representation for module `$paramod$ff88e0cc5b79bb9c0662e183af7c9b980234cfc1\prim_flop'.
Generating RTLIL representation for module `$paramod$b16ec1a2d37bb01b30b4807f6e7e5972c818c2d7\tlul_data_integ_enc'.
Generating RTLIL representation for module `$paramod$ee0227794101df47ad9f37b0d88f82f880f9e439\tlul_adapter_reg'.
Generating RTLIL representation for module `$paramod$8ec11ab84d267aa735efee7deaffb669de62e241\pwrmgr_reg_top'.
Generating RTLIL representation for module `$paramod$7e00d363ce130de0a5a3e36d8a0ef795833e2889\prim_subreg'.
Generating RTLIL representation for module `$paramod$b16ec1a2d37bb01b30b4807f6e7e5972c818c2d7\tlul_err'.
Generating RTLIL representation for module `\prim_pulse_sync'.
Generating RTLIL representation for module `$paramod$112511bfd0dccda09976f1ed3a15d1c8d45112d4\prim_subreg'.
Generating RTLIL representation for module `$paramod\prim_subreg_ext\DW=32'00000000000000000000000000000001'.

-- Running command `hierarchy -top pwrmgr' --

3. Executing HIERARCHY pass (managing design hierarchy).

3.1. Analyzing design hierarchy..
Top module:  \pwrmgr
Used module:     $paramod\prim_intr_hw\Width=32'00000000000000000000000000000001\FlopOutput=1'1
Used module:     $paramod$21a513b276be09c9cb5553d5463fdf4800edca32\pwrmgr_wake_info
Used module:     $paramod$21a513b276be09c9cb5553d5463fdf4800edca32\pwrmgr_fsm
Used module:         $paramod$705fa05787a5d1cbfe2ae3dc7a01b0dd03c7a1d2\prim_flop
Used module:             $paramod\prim_generic_flop\Width=s32'00000000000000000000000000000001\ResetValue=1'0
Used module:         $paramod\prim_flop_2sync\Width=s32'00000000000000000000000000000001\ResetValue=1'0
Used module:             $paramod\prim_generic_flop_2sync\Width=s32'00000000000000000000000000000001\ResetValue=1'0
Used module:         \prim_lc_sender
Used module:             $paramod$6ae18350b51be32fd7406c5aaac3c7582e0e6af0\prim_generic_flop
Used module:         $paramod$572334ae2b5971ff7e4eb457c77e6e769d857e82\prim_sparse_fsm_flop
Used module:             $paramod$4c9652adfb17b2d533bb31a43b4ddd326554f0f1\prim_flop
Used module:                 $paramod$2454416d686f119c214b8f35dcdc5a0867f85a76\prim_generic_flop
Used module:     $paramod$21db42bc4a37f19b92ab182268213f76666c0005\pwrmgr_slow_fsm
Used module:         $paramod$a7aee46bd09813908c06b21f352766ca9cf9b3c9\prim_sparse_fsm_flop
Used module:             $paramod$44a1f8f9602035884579b7c1bf52cac427a84729\prim_flop
Used module:                 $paramod$fe55b1bb949966d310e200acf24c2aa59944d626\prim_generic_flop
Used module:     $paramod$21a513b276be09c9cb5553d5463fdf4800edca32\pwrmgr_cdc
Used module:         \prim_sync_reqack
Used module:         $paramod$a7b283e8b9acadb82fb07886ab71c26207bbd72c\prim_mubi4_sync
Used module:             $paramod$a15eb3e9e7e337a1d68c13676510cc99e563cdd3\prim_buf
Used module:                 \prim_generic_buf
Used module:             $paramod\prim_clock_mux2\NoFpgaBufG=1'1\Impl=32'00000000000000000000000000000000
Used module:                 $paramod\prim_generic_clock_mux2\NoFpgaBufG=1'1
Used module:             $paramod\prim_sec_anchor_buf\Width=s32'00000000000000000000000000000100
Used module:                 $paramod$f00c4529a1ee6db225b5a16a9e380cfcfefeb4fc\prim_buf
Used module:             $paramod$1f2cba5866897a44b387e1c2993af0b4468bf03a\prim_xor2
Used module:                 $paramod\prim_generic_xor2\Width=s32'00000000000000000000000000000100
Used module:             $paramod$d1667f769712e8f5d6feff44c8934483fca616bd\prim_flop
Used module:             $paramod$6ae18350b51be32fd7406c5aaac3c7582e0e6af0\prim_flop_2sync
Used module:                 $paramod$6ae18350b51be32fd7406c5aaac3c7582e0e6af0\prim_generic_flop_2sync
Used module:         $paramod\prim_flop_2sync\Width=s32'00000000000000000000000000000010\ResetValue=2'00
Used module:             $paramod\prim_generic_flop_2sync\Width=s32'00000000000000000000000000000010\ResetValue=2'00
Used module:                 $paramod\prim_generic_flop\Width=s32'00000000000000000000000000000010\ResetValue=2'00
Used module:         $paramod\prim_flop_2sync\Width=s32'00000000000000000000000000000001\ResetValue=1'1
Used module:             $paramod\prim_generic_flop_2sync\Width=s32'00000000000000000000000000000001\ResetValue=1'1
Used module:                 $paramod\prim_generic_flop\Width=s32'00000000000000000000000000000001\ResetValue=1'1
Used module:         $paramod$25ebe4329fda051e04aa1129a6e1ffd602984606\prim_flop_2sync
Used module:             $paramod$25ebe4329fda051e04aa1129a6e1ffd602984606\prim_generic_flop_2sync
Used module:                 $paramod$25ebe4329fda051e04aa1129a6e1ffd602984606\prim_generic_flop
Used module:         \prim_pulse_sync
Used module:         $paramod$1232de8c2fe4fff6a75b5663758d1bf50afa3825\prim_flop_2sync
Used module:             $paramod$1232de8c2fe4fff6a75b5663758d1bf50afa3825\prim_generic_flop_2sync
Used module:                 $paramod$1232de8c2fe4fff6a75b5663758d1bf50afa3825\prim_generic_flop
Used module:     $paramod$8ec11ab84d267aa735efee7deaffb669de62e241\pwrmgr_reg_top
Used module:         $paramod\prim_subreg_ext\DW=32'00000000000000000000000000000001
Used module:         $paramod$7e00d363ce130de0a5a3e36d8a0ef795833e2889\prim_subreg
Used module:         $paramod$18eae125e8070a5fb29a0bd9923127bd30ff2039\prim_subreg
Used module:         $paramod$1922727dec4c1da7ed6ad3dc09fc46ad0b6c2a2c\prim_subreg
Used module:         $paramod$e28d8d901a11ac5d5e5c27396dca7dc727aac42a\prim_subreg
Used module:         $paramod$112511bfd0dccda09976f1ed3a15d1c8d45112d4\prim_subreg
Used module:         $paramod$ee0227794101df47ad9f37b0d88f82f880f9e439\tlul_adapter_reg
Used module:             $paramod$b16ec1a2d37bb01b30b4807f6e7e5972c818c2d7\tlul_err
Used module:         $paramod$30daef7d8fbea83f8d5d97bb6bbeea8d50f20643\tlul_rsp_intg_gen
Used module:             $paramod$b16ec1a2d37bb01b30b4807f6e7e5972c818c2d7\tlul_data_integ_enc
Used module:                 \prim_secded_inv_39_32_enc
Used module:             \prim_secded_inv_64_57_enc
Used module:         $paramod$b16ec1a2d37bb01b30b4807f6e7e5972c818c2d7\tlul_cmd_intg_chk
Used module:             $paramod$b16ec1a2d37bb01b30b4807f6e7e5972c818c2d7\tlul_data_integ_dec
Used module:                 \prim_secded_inv_39_32_dec
Used module:             \prim_secded_inv_64_57_dec
Used module:     $paramod\prim_clock_timeout\TimeOutCnt=s32'00000000000000000000000010000000
Used module:     $paramod$58cc36426b572d644c9bdaa50fac6b4ad91ed7ea\prim_esc_receiver
Used module:         $paramod\prim_sec_anchor_flop\Width=s32'00000000000000000000000000000010\ResetValue=2'10
Used module:             $paramod$ebe0a97d65ac33a9414f47886a18e066f6dc6365\prim_flop
Used module:                 $paramod\prim_generic_flop\Width=s32'00000000000000000000000000000010\ResetValue=2'10
Used module:         $paramod\prim_sec_anchor_buf\Width=s32'00000000000000000000000000000001
Used module:         $paramod$c5a2c670fcc80b1e00077cb7c12ddf5cd8beba26\prim_count
Used module:             $paramod$ff88e0cc5b79bb9c0662e183af7c9b980234cfc1\prim_flop
Used module:                 $paramod$cafc58aacea66ce361f30fc5fb51712913515c86\prim_generic_flop
Used module:             $paramod$55720f6f56ab0dcb7b0978d7b020cd5788c3bb7b\prim_buf
Used module:         $paramod\prim_diff_decode\AsyncOn=1'0
Used module:         $paramod$eca6cdb671bb55064ea4103fc00be19283c8611c\prim_buf
Used module:     $paramod\prim_clock_buf\Impl=32'00000000000000000000000000000000
Used module:         \prim_generic_clock_buf
Used module:     $paramod\prim_alert_sender\AsyncOn=1'1\ALERT_TX_DEFAULT=2'01\ALERT_RX_DEFAULT=4'0101
Used module:         $paramod\prim_diff_decode\AsyncOn=1'1

3.2. Analyzing design hierarchy..
Top module:  \pwrmgr
Used module:     $paramod\prim_intr_hw\Width=32'00000000000000000000000000000001\FlopOutput=1'1
Used module:     $paramod$21a513b276be09c9cb5553d5463fdf4800edca32\pwrmgr_wake_info
Used module:     $paramod$21a513b276be09c9cb5553d5463fdf4800edca32\pwrmgr_fsm
Used module:         $paramod$705fa05787a5d1cbfe2ae3dc7a01b0dd03c7a1d2\prim_flop
Used module:             $paramod\prim_generic_flop\Width=s32'00000000000000000000000000000001\ResetValue=1'0
Used module:         $paramod\prim_flop_2sync\Width=s32'00000000000000000000000000000001\ResetValue=1'0
Used module:             $paramod\prim_generic_flop_2sync\Width=s32'00000000000000000000000000000001\ResetValue=1'0
Used module:         \prim_lc_sender
Used module:             $paramod$6ae18350b51be32fd7406c5aaac3c7582e0e6af0\prim_generic_flop
Used module:         $paramod$572334ae2b5971ff7e4eb457c77e6e769d857e82\prim_sparse_fsm_flop
Used module:             $paramod$4c9652adfb17b2d533bb31a43b4ddd326554f0f1\prim_flop
Used module:                 $paramod$2454416d686f119c214b8f35dcdc5a0867f85a76\prim_generic_flop
Used module:     $paramod$21db42bc4a37f19b92ab182268213f76666c0005\pwrmgr_slow_fsm
Used module:         $paramod$a7aee46bd09813908c06b21f352766ca9cf9b3c9\prim_sparse_fsm_flop
Used module:             $paramod$44a1f8f9602035884579b7c1bf52cac427a84729\prim_flop
Used module:                 $paramod$fe55b1bb949966d310e200acf24c2aa59944d626\prim_generic_flop
Used module:     $paramod$21a513b276be09c9cb5553d5463fdf4800edca32\pwrmgr_cdc
Used module:         \prim_sync_reqack
Used module:         $paramod$a7b283e8b9acadb82fb07886ab71c26207bbd72c\prim_mubi4_sync
Used module:             $paramod$a15eb3e9e7e337a1d68c13676510cc99e563cdd3\prim_buf
Used module:                 \prim_generic_buf
Used module:             $paramod\prim_clock_mux2\NoFpgaBufG=1'1\Impl=32'00000000000000000000000000000000
Used module:                 $paramod\prim_generic_clock_mux2\NoFpgaBufG=1'1
Used module:             $paramod\prim_sec_anchor_buf\Width=s32'00000000000000000000000000000100
Used module:                 $paramod$f00c4529a1ee6db225b5a16a9e380cfcfefeb4fc\prim_buf
Used module:             $paramod$1f2cba5866897a44b387e1c2993af0b4468bf03a\prim_xor2
Used module:                 $paramod\prim_generic_xor2\Width=s32'00000000000000000000000000000100
Used module:             $paramod$d1667f769712e8f5d6feff44c8934483fca616bd\prim_flop
Used module:             $paramod$6ae18350b51be32fd7406c5aaac3c7582e0e6af0\prim_flop_2sync
Used module:                 $paramod$6ae18350b51be32fd7406c5aaac3c7582e0e6af0\prim_generic_flop_2sync
Used module:         $paramod\prim_flop_2sync\Width=s32'00000000000000000000000000000010\ResetValue=2'00
Used module:             $paramod\prim_generic_flop_2sync\Width=s32'00000000000000000000000000000010\ResetValue=2'00
Used module:                 $paramod\prim_generic_flop\Width=s32'00000000000000000000000000000010\ResetValue=2'00
Used module:         $paramod\prim_flop_2sync\Width=s32'00000000000000000000000000000001\ResetValue=1'1
Used module:             $paramod\prim_generic_flop_2sync\Width=s32'00000000000000000000000000000001\ResetValue=1'1
Used module:                 $paramod\prim_generic_flop\Width=s32'00000000000000000000000000000001\ResetValue=1'1
Used module:         $paramod$25ebe4329fda051e04aa1129a6e1ffd602984606\prim_flop_2sync
Used module:             $paramod$25ebe4329fda051e04aa1129a6e1ffd602984606\prim_generic_flop_2sync
Used module:                 $paramod$25ebe4329fda051e04aa1129a6e1ffd602984606\prim_generic_flop
Used module:         \prim_pulse_sync
Used module:         $paramod$1232de8c2fe4fff6a75b5663758d1bf50afa3825\prim_flop_2sync
Used module:             $paramod$1232de8c2fe4fff6a75b5663758d1bf50afa3825\prim_generic_flop_2sync
Used module:                 $paramod$1232de8c2fe4fff6a75b5663758d1bf50afa3825\prim_generic_flop
Used module:     $paramod$8ec11ab84d267aa735efee7deaffb669de62e241\pwrmgr_reg_top
Used module:         $paramod\prim_subreg_ext\DW=32'00000000000000000000000000000001
Used module:         $paramod$7e00d363ce130de0a5a3e36d8a0ef795833e2889\prim_subreg
Used module:         $paramod$18eae125e8070a5fb29a0bd9923127bd30ff2039\prim_subreg
Used module:         $paramod$1922727dec4c1da7ed6ad3dc09fc46ad0b6c2a2c\prim_subreg
Used module:         $paramod$e28d8d901a11ac5d5e5c27396dca7dc727aac42a\prim_subreg
Used module:         $paramod$112511bfd0dccda09976f1ed3a15d1c8d45112d4\prim_subreg
Used module:         $paramod$ee0227794101df47ad9f37b0d88f82f880f9e439\tlul_adapter_reg
Used module:             $paramod$b16ec1a2d37bb01b30b4807f6e7e5972c818c2d7\tlul_err
Used module:         $paramod$30daef7d8fbea83f8d5d97bb6bbeea8d50f20643\tlul_rsp_intg_gen
Used module:             $paramod$b16ec1a2d37bb01b30b4807f6e7e5972c818c2d7\tlul_data_integ_enc
Used module:                 \prim_secded_inv_39_32_enc
Used module:             \prim_secded_inv_64_57_enc
Used module:         $paramod$b16ec1a2d37bb01b30b4807f6e7e5972c818c2d7\tlul_cmd_intg_chk
Used module:             $paramod$b16ec1a2d37bb01b30b4807f6e7e5972c818c2d7\tlul_data_integ_dec
Used module:                 \prim_secded_inv_39_32_dec
Used module:             \prim_secded_inv_64_57_dec
Used module:     $paramod\prim_clock_timeout\TimeOutCnt=s32'00000000000000000000000010000000
Used module:     $paramod$58cc36426b572d644c9bdaa50fac6b4ad91ed7ea\prim_esc_receiver
Used module:         $paramod\prim_sec_anchor_flop\Width=s32'00000000000000000000000000000010\ResetValue=2'10
Used module:             $paramod$ebe0a97d65ac33a9414f47886a18e066f6dc6365\prim_flop
Used module:                 $paramod\prim_generic_flop\Width=s32'00000000000000000000000000000010\ResetValue=2'10
Used module:         $paramod\prim_sec_anchor_buf\Width=s32'00000000000000000000000000000001
Used module:         $paramod$c5a2c670fcc80b1e00077cb7c12ddf5cd8beba26\prim_count
Used module:             $paramod$ff88e0cc5b79bb9c0662e183af7c9b980234cfc1\prim_flop
Used module:                 $paramod$cafc58aacea66ce361f30fc5fb51712913515c86\prim_generic_flop
Used module:             $paramod$55720f6f56ab0dcb7b0978d7b020cd5788c3bb7b\prim_buf
Used module:         $paramod\prim_diff_decode\AsyncOn=1'0
Used module:         $paramod$eca6cdb671bb55064ea4103fc00be19283c8611c\prim_buf
Used module:     $paramod\prim_clock_buf\Impl=32'00000000000000000000000000000000
Used module:         \prim_generic_clock_buf
Used module:     $paramod\prim_alert_sender\AsyncOn=1'1\ALERT_TX_DEFAULT=2'01\ALERT_RX_DEFAULT=4'0101
Used module:         $paramod\prim_diff_decode\AsyncOn=1'1
Removed 0 unused modules.
Warning: Resizing cell port $paramod$8ec11ab84d267aa735efee7deaffb669de62e241\pwrmgr_reg_top.u_wake_info_reasons.q from 6 bits to 1 bits.
Warning: Resizing cell port $paramod$8ec11ab84d267aa735efee7deaffb669de62e241\pwrmgr_reg_top.u_wake_info_reasons.d from 6 bits to 1 bits.
Warning: Resizing cell port $paramod$58cc36426b572d644c9bdaa50fac6b4ad91ed7ea\prim_esc_receiver.u_prim_buf_esc.out_o from 2 bits to 1 bits.
Warning: Resizing cell port $paramod$58cc36426b572d644c9bdaa50fac6b4ad91ed7ea\prim_esc_receiver.u_prim_buf_esc.in_i from 2 bits to 1 bits.
Warning: Resizing cell port $paramod$30daef7d8fbea83f8d5d97bb6bbeea8d50f20643\tlul_rsp_intg_gen.gen_rsp_intg.u_rsp_gen.data_i from 6 bits to 57 bits.
Warning: Resizing cell port $paramod$c5a2c670fcc80b1e00077cb7c12ddf5cd8beba26\prim_count.gen_cnts[1].u_buf.out_o from 30 bits to 1 bits.
Warning: Resizing cell port $paramod$c5a2c670fcc80b1e00077cb7c12ddf5cd8beba26\prim_count.gen_cnts[1].u_buf.in_i from 30 bits to 1 bits.
Warning: Resizing cell port $paramod$c5a2c670fcc80b1e00077cb7c12ddf5cd8beba26\prim_count.gen_cnts[0].u_buf.out_o from 30 bits to 1 bits.
Warning: Resizing cell port $paramod$c5a2c670fcc80b1e00077cb7c12ddf5cd8beba26\prim_count.gen_cnts[0].u_buf.in_i from 30 bits to 1 bits.
Warning: Resizing cell port $paramod$b16ec1a2d37bb01b30b4807f6e7e5972c818c2d7\tlul_cmd_intg_chk.u_chk.data_i from 50 bits to 64 bits.
Warning: Resizing cell port $paramod\prim_sec_anchor_buf\Width=s32'00000000000000000000000000000100.u_secure_anchor_buf.out_o from 4 bits to 1 bits.
Warning: Resizing cell port $paramod\prim_sec_anchor_buf\Width=s32'00000000000000000000000000000100.u_secure_anchor_buf.in_i from 4 bits to 1 bits.

Dumping file hier_info.json ...
 Process module "$paramod$112511bfd0dccda09976f1ed3a15d1c8d45112d4\\prim_subreg"
 Process module "$paramod$1232de8c2fe4fff6a75b5663758d1bf50afa3825\\prim_flop_2sync"
 Process module "$paramod$1232de8c2fe4fff6a75b5663758d1bf50afa3825\\prim_generic_flop"
 Process module "$paramod$1232de8c2fe4fff6a75b5663758d1bf50afa3825\\prim_generic_flop_2sync"
 Process module "$paramod$18eae125e8070a5fb29a0bd9923127bd30ff2039\\prim_subreg"
 Process module "$paramod$1922727dec4c1da7ed6ad3dc09fc46ad0b6c2a2c\\prim_subreg"
 Process module "$paramod$1f2cba5866897a44b387e1c2993af0b4468bf03a\\prim_xor2"
 Process module "$paramod$21a513b276be09c9cb5553d5463fdf4800edca32\\pwrmgr_cdc"
 Process module "$paramod$21a513b276be09c9cb5553d5463fdf4800edca32\\pwrmgr_fsm"
 Process module "$paramod$21a513b276be09c9cb5553d5463fdf4800edca32\\pwrmgr_wake_info"
 Process module "$paramod$21db42bc4a37f19b92ab182268213f76666c0005\\pwrmgr_slow_fsm"
 Process module "$paramod$2454416d686f119c214b8f35dcdc5a0867f85a76\\prim_generic_flop"
 Process module "$paramod$25ebe4329fda051e04aa1129a6e1ffd602984606\\prim_flop_2sync"
 Process module "$paramod$25ebe4329fda051e04aa1129a6e1ffd602984606\\prim_generic_flop"
 Process module "$paramod$25ebe4329fda051e04aa1129a6e1ffd602984606\\prim_generic_flop_2sync"
 Process module "$paramod$30daef7d8fbea83f8d5d97bb6bbeea8d50f20643\\tlul_rsp_intg_gen"
 Process module "$paramod$44a1f8f9602035884579b7c1bf52cac427a84729\\prim_flop"
 Process module "$paramod$4c9652adfb17b2d533bb31a43b4ddd326554f0f1\\prim_flop"
 Process module "$paramod$55720f6f56ab0dcb7b0978d7b020cd5788c3bb7b\\prim_buf"
 Process module "$paramod$572334ae2b5971ff7e4eb457c77e6e769d857e82\\prim_sparse_fsm_flop"
 Process module "$paramod$58cc36426b572d644c9bdaa50fac6b4ad91ed7ea\\prim_esc_receiver"
 Process module "$paramod$6ae18350b51be32fd7406c5aaac3c7582e0e6af0\\prim_flop_2sync"
 Process module "$paramod$6ae18350b51be32fd7406c5aaac3c7582e0e6af0\\prim_generic_flop"
 Process module "$paramod$6ae18350b51be32fd7406c5aaac3c7582e0e6af0\\prim_generic_flop_2sync"
 Process module "$paramod$705fa05787a5d1cbfe2ae3dc7a01b0dd03c7a1d2\\prim_flop"
 Process module "$paramod$7e00d363ce130de0a5a3e36d8a0ef795833e2889\\prim_subreg"
 Process module "$paramod$8ec11ab84d267aa735efee7deaffb669de62e241\\pwrmgr_reg_top"
 Process module "$paramod$a15eb3e9e7e337a1d68c13676510cc99e563cdd3\\prim_buf"
 Process module "$paramod$a7aee46bd09813908c06b21f352766ca9cf9b3c9\\prim_sparse_fsm_flop"
 Process module "$paramod$a7b283e8b9acadb82fb07886ab71c26207bbd72c\\prim_mubi4_sync"
 Process module "$paramod$b16ec1a2d37bb01b30b4807f6e7e5972c818c2d7\\tlul_cmd_intg_chk"
 Process module "$paramod$b16ec1a2d37bb01b30b4807f6e7e5972c818c2d7\\tlul_data_integ_dec"
 Process module "$paramod$b16ec1a2d37bb01b30b4807f6e7e5972c818c2d7\\tlul_data_integ_enc"
 Process module "$paramod$b16ec1a2d37bb01b30b4807f6e7e5972c818c2d7\\tlul_err"
 Process module "$paramod$c5a2c670fcc80b1e00077cb7c12ddf5cd8beba26\\prim_count"
 Process module "$paramod$cafc58aacea66ce361f30fc5fb51712913515c86\\prim_generic_flop"
 Process module "$paramod$d1667f769712e8f5d6feff44c8934483fca616bd\\prim_flop"
 Process module "$paramod$e28d8d901a11ac5d5e5c27396dca7dc727aac42a\\prim_subreg"
 Process module "$paramod$ebe0a97d65ac33a9414f47886a18e066f6dc6365\\prim_flop"
 Process module "$paramod$eca6cdb671bb55064ea4103fc00be19283c8611c\\prim_buf"
 Process module "$paramod$ee0227794101df47ad9f37b0d88f82f880f9e439\\tlul_adapter_reg"
 Process module "$paramod$f00c4529a1ee6db225b5a16a9e380cfcfefeb4fc\\prim_buf"
 Process module "$paramod$fe55b1bb949966d310e200acf24c2aa59944d626\\prim_generic_flop"
 Process module "$paramod$ff88e0cc5b79bb9c0662e183af7c9b980234cfc1\\prim_flop"
 Process module "$paramod\\prim_alert_sender\\AsyncOn=1'1\\ALERT_TX_DEFAULT=2'01\\ALERT_RX_DEFAULT=4'0101"
 Process module "$paramod\\prim_clock_buf\\Impl=32'00000000000000000000000000000000"
 Process module "$paramod\\prim_clock_mux2\\NoFpgaBufG=1'1\\Impl=32'00000000000000000000000000000000"
 Process module "$paramod\\prim_clock_timeout\\TimeOutCnt=s32'00000000000000000000000010000000"
 Process module "$paramod\\prim_diff_decode\\AsyncOn=1'0"
 Process module "$paramod\\prim_diff_decode\\AsyncOn=1'1"
 Process module "$paramod\\prim_flop_2sync\\Width=s32'00000000000000000000000000000001\\ResetValue=1'0"
 Process module "$paramod\\prim_flop_2sync\\Width=s32'00000000000000000000000000000001\\ResetValue=1'1"
 Process module "$paramod\\prim_flop_2sync\\Width=s32'00000000000000000000000000000010\\ResetValue=2'00"
 Process module "$paramod\\prim_generic_clock_mux2\\NoFpgaBufG=1'1"
 Process module "$paramod\\prim_generic_flop\\Width=s32'00000000000000000000000000000001\\ResetValue=1'0"
 Process module "$paramod\\prim_generic_flop\\Width=s32'00000000000000000000000000000001\\ResetValue=1'1"
 Process module "$paramod\\prim_generic_flop\\Width=s32'00000000000000000000000000000010\\ResetValue=2'00"
 Process module "$paramod\\prim_generic_flop\\Width=s32'00000000000000000000000000000010\\ResetValue=2'10"
 Process module "$paramod\\prim_generic_flop_2sync\\Width=s32'00000000000000000000000000000001\\ResetValue=1'0"
 Process module "$paramod\\prim_generic_flop_2sync\\Width=s32'00000000000000000000000000000001\\ResetValue=1'1"
 Process module "$paramod\\prim_generic_flop_2sync\\Width=s32'00000000000000000000000000000010\\ResetValue=2'00"
 Process module "$paramod\\prim_generic_xor2\\Width=s32'00000000000000000000000000000100"
 Process module "$paramod\\prim_intr_hw\\Width=32'00000000000000000000000000000001\\FlopOutput=1'1"
 Process module "$paramod\\prim_sec_anchor_buf\\Width=s32'00000000000000000000000000000001"
 Process module "$paramod\\prim_sec_anchor_buf\\Width=s32'00000000000000000000000000000100"
 Process module "$paramod\\prim_sec_anchor_flop\\Width=s32'00000000000000000000000000000010\\ResetValue=2'10"
 Process module "$paramod\\prim_subreg_ext\\DW=32'00000000000000000000000000000001"
 Process module "prim_generic_buf"
 Process module "prim_generic_clock_buf"
 Process module "prim_lc_sender"
 Process module "prim_pulse_sync"
 Process module "prim_secded_inv_39_32_dec"
 Process module "prim_secded_inv_39_32_enc"
 Process module "prim_secded_inv_64_57_dec"
 Process module "prim_secded_inv_64_57_enc"
 Process module "prim_sync_reqack"
Dumping file port_info.json ...

Warnings: 30 unique messages, 46 total
End of script. Logfile hash: 1d880ba0b6, CPU: user 9.24s system 0.73s, MEM: 1046.44 MB peak
Yosys 0.44 (git sha1 8ecee74c1, g++ 11.2.1 -fPIC -O3)
Time spent: 98% 2x read_systemverilog (9 sec), 0% 1x analyze (0 sec), ...
INFO: ANL: Design pwrmgr is analyzed
INFO: ANL: Top Modules: pwrmgr

INFO: SYN: ##################################################
INFO: SYN: Synthesis for design: pwrmgr
INFO: SYN: ##################################################
INFO: SYN: RS Synthesis
INFO: SYN: Synthesis command: /nfs_eda_sw/softwares/Raptor/instl_dir/12_05_2024_09_15_01/bin/yosys -s pwrmgr.ys -l pwrmgr_synth.log
Command: /nfs_eda_sw/softwares/Raptor/instl_dir/12_05_2024_09_15_01/bin/yosys -s pwrmgr.ys -l pwrmgr_synth.log

 /----------------------------------------------------------------------------\
 |  yosys -- Yosys Open SYnthesis Suite                                       |
 |  Copyright (C) 2012 - 2024  Claire Xenia Wolf <claire@yosyshq.com>         |
 |  Distributed under an ISC-like license, type "license" to see terms        |
 \----------------------------------------------------------------------------/

 Yosys 0.44 (git sha1 8ecee74c1, g++ 11.2.1 -fPIC -O3)

-- Executing script file `pwrmgr.ys' --
Warning: Using synlig as yosys plugin is deprecated. It is recommended to build synlig as standalone binary.

1. Executing SystemVerilog frontend.
[INF:CM0023] Creating log file "/nfs_scratch/scratch/CompilerValidation/zaheer_ahmad/os_fpga2/Validation/RTL_testcases/RTL_Benchmarks_Gap_Analysis/pwrmgr/results_dir/pwrmgr/run_1/synth_1_1/synthesis/slpp_all/surelog.log".
[INF:CP0300] Compilation...
[INF:CP0301] /nfs_scratch/scratch/CompilerValidation/zaheer_ahmad/os_fpga2/Validation/RTL_testcases/RTL_Benchmarks_Gap_Analysis/pwrmgr/rtl/prim_alert_pkg.sv:5:1: Compile package "prim_alert_pkg".
[INF:CP0301] /nfs_scratch/scratch/CompilerValidation/zaheer_ahmad/os_fpga2/Validation/RTL_testcases/RTL_Benchmarks_Gap_Analysis/pwrmgr/rtl/prim_mubi_pkg.sv:13:1: Compile package "prim_mubi_pkg".
[INF:CP0301] /nfs_scratch/scratch/CompilerValidation/zaheer_ahmad/os_fpga2/Validation/RTL_testcases/RTL_Benchmarks_Gap_Analysis/pwrmgr/rtl/prim_pkg.sv:11:1: Compile package "prim_pkg".
[INF:CP0301] /nfs_scratch/scratch/CompilerValidation/zaheer_ahmad/os_fpga2/Validation/RTL_testcases/RTL_Benchmarks_Gap_Analysis/pwrmgr/rtl/prim_secded_pkg.sv:8:1: Compile package "prim_secded_pkg".
[INF:CP0301] /nfs_scratch/scratch/CompilerValidation/zaheer_ahmad/os_fpga2/Validation/RTL_testcases/RTL_Benchmarks_Gap_Analysis/pwrmgr/rtl/prim_subreg_pkg.sv:5:1: Compile package "prim_subreg_pkg".
[INF:CP0301] /nfs_scratch/scratch/CompilerValidation/zaheer_ahmad/os_fpga2/Validation/RTL_testcases/RTL_Benchmarks_Gap_Analysis/pwrmgr/rtl/prim_util_pkg.sv:9:1: Compile package "prim_util_pkg".
[INF:CP0301] /nfs_scratch/scratch/CompilerValidation/zaheer_ahmad/os_fpga2/Validation/RTL_testcases/RTL_Benchmarks_Gap_Analysis/pwrmgr/rtl/pwrmgr_reg_pkg.sv:7:1: Compile package "pwrmgr_reg_pkg".
[INF:CP0301] /nfs_scratch/scratch/CompilerValidation/zaheer_ahmad/os_fpga2/Validation/RTL_testcases/RTL_Benchmarks_Gap_Analysis/pwrmgr/rtl/pwm_reg_pkg.sv:7:1: Compile package "pwm_reg_pkg".
[INF:CP0301] /nfs_scratch/scratch/CompilerValidation/zaheer_ahmad/os_fpga2/Validation/RTL_testcases/RTL_Benchmarks_Gap_Analysis/pwrmgr/rtl/prim_count_pkg.sv:8:1: Compile package "prim_count_pkg".
[INF:CP0301] /nfs_scratch/scratch/CompilerValidation/zaheer_ahmad/os_fpga2/Validation/RTL_testcases/RTL_Benchmarks_Gap_Analysis/pwrmgr/rtl/pwrmgr_pkg.sv:8:1: Compile package "pwrmgr_pkg".
[INF:CP0301] /nfs_scratch/scratch/CompilerValidation/zaheer_ahmad/os_fpga2/Validation/RTL_testcases/RTL_Benchmarks_Gap_Analysis/pwrmgr/rtl/lc_ctrl_pkg.sv:6:1: Compile package "lc_ctrl_pkg".
[INF:CP0301] /nfs_scratch/scratch/CompilerValidation/zaheer_ahmad/os_fpga2/Validation/RTL_testcases/RTL_Benchmarks_Gap_Analysis/pwrmgr/rtl/rom_ctrl_pkg.sv:6:1: Compile package "rom_ctrl_pkg".
[INF:CP0301] /nfs_scratch/scratch/CompilerValidation/zaheer_ahmad/os_fpga2/Validation/RTL_testcases/RTL_Benchmarks_Gap_Analysis/pwrmgr/rtl/prim_esc_pkg.sv:5:1: Compile package "prim_esc_pkg".
[INF:CP0301] /nfs_scratch/scratch/CompilerValidation/zaheer_ahmad/os_fpga2/Validation/RTL_testcases/RTL_Benchmarks_Gap_Analysis/pwrmgr/rtl/alert_handler_reg_pkg.sv:7:1: Compile package "alert_handler_reg_pkg".
[INF:CP0301] /nfs_scratch/scratch/CompilerValidation/zaheer_ahmad/os_fpga2/Validation/RTL_testcases/RTL_Benchmarks_Gap_Analysis/pwrmgr/rtl/top_pkg.sv:6:1: Compile package "top_pkg".
[INF:CP0301] /nfs_scratch/scratch/CompilerValidation/zaheer_ahmad/os_fpga2/Validation/RTL_testcases/RTL_Benchmarks_Gap_Analysis/pwrmgr/rtl/tlul_pkg.sv:6:1: Compile package "tlul_pkg".
[INF:CP0303] /nfs_eda_sw/softwares/Raptor/instl_dir/12_05_2024_09_15_01/share/raptor/sim_models/rapidsilicon/genesis3/FPGA_PRIMITIVES_MODELS/blackbox_models/cell_sim_blackbox.v:8:1: Compile module "work@BOOT_CLOCK".
[INF:CP0303] /nfs_eda_sw/softwares/Raptor/instl_dir/12_05_2024_09_15_01/share/raptor/sim_models/rapidsilicon/genesis3/FPGA_PRIMITIVES_MODELS/blackbox_models/cell_sim_blackbox.v:40:1: Compile module "work@CARRY".
[INF:CP0303] /nfs_eda_sw/softwares/Raptor/instl_dir/12_05_2024_09_15_01/share/raptor/sim_models/rapidsilicon/genesis3/FPGA_PRIMITIVES_MODELS/blackbox_models/cell_sim_blackbox.v:23:1: Compile module "work@CARRY_BREAK".
[INF:CP0303] /nfs_eda_sw/softwares/Raptor/instl_dir/12_05_2024_09_15_01/share/raptor/sim_models/rapidsilicon/genesis3/FPGA_PRIMITIVES_MODELS/blackbox_models/cell_sim_blackbox.v:57:1: Compile module "work@CLK_BUF".
[INF:CP0303] /nfs_eda_sw/softwares/Raptor/instl_dir/12_05_2024_09_15_01/share/raptor/sim_models/rapidsilicon/genesis3/FPGA_PRIMITIVES_MODELS/blackbox_models/cell_sim_blackbox.v:72:1: Compile module "work@DFFNRE".
[INF:CP0303] /nfs_eda_sw/softwares/Raptor/instl_dir/12_05_2024_09_15_01/share/raptor/sim_models/rapidsilicon/genesis3/FPGA_PRIMITIVES_MODELS/blackbox_models/cell_sim_blackbox.v:90:1: Compile module "work@DFFRE".
[INF:CP0303] /nfs_eda_sw/softwares/Raptor/instl_dir/12_05_2024_09_15_01/share/raptor/sim_models/rapidsilicon/genesis3/FPGA_PRIMITIVES_MODELS/blackbox_models/cell_sim_blackbox.v:108:1: Compile module "work@DLY_SEL_DECODER".
[INF:CP0303] /nfs_eda_sw/softwares/Raptor/instl_dir/12_05_2024_09_15_01/share/raptor/sim_models/rapidsilicon/genesis3/FPGA_PRIMITIVES_MODELS/blackbox_models/cell_sim_blackbox.v:144:1: Compile module "work@DLY_VALUE_MUX".
[INF:CP0303] /nfs_eda_sw/softwares/Raptor/instl_dir/12_05_2024_09_15_01/share/raptor/sim_models/rapidsilicon/genesis3/FPGA_PRIMITIVES_MODELS/blackbox_models/cell_sim_blackbox.v:178:1: Compile module "work@DSP19X2".
[INF:CP0303] /nfs_eda_sw/softwares/Raptor/instl_dir/12_05_2024_09_15_01/share/raptor/sim_models/rapidsilicon/genesis3/FPGA_PRIMITIVES_MODELS/blackbox_models/cell_sim_blackbox.v:222:1: Compile module "work@DSP38".
[INF:CP0303] /nfs_eda_sw/softwares/Raptor/instl_dir/12_05_2024_09_15_01/share/raptor/sim_models/rapidsilicon/genesis3/FPGA_PRIMITIVES_MODELS/blackbox_models/cell_sim_blackbox.v:258:1: Compile module "work@FCLK_BUF".
[INF:CP0303] /nfs_eda_sw/softwares/Raptor/instl_dir/12_05_2024_09_15_01/share/raptor/sim_models/rapidsilicon/genesis3/FPGA_PRIMITIVES_MODELS/blackbox_models/cell_sim_blackbox.v:272:1: Compile module "work@FIFO18KX2".
[INF:CP0303] /nfs_eda_sw/softwares/Raptor/instl_dir/12_05_2024_09_15_01/share/raptor/sim_models/rapidsilicon/genesis3/FPGA_PRIMITIVES_MODELS/blackbox_models/cell_sim_blackbox.v:329:1: Compile module "work@FIFO36K".
[INF:CP0303] /nfs_eda_sw/softwares/Raptor/instl_dir/12_05_2024_09_15_01/share/raptor/sim_models/rapidsilicon/genesis3/FPGA_PRIMITIVES_MODELS/blackbox_models/cell_sim_blackbox.v:386:1: Compile module "work@I_BUF".
[INF:CP0303] /nfs_eda_sw/softwares/Raptor/instl_dir/12_05_2024_09_15_01/share/raptor/sim_models/rapidsilicon/genesis3/FPGA_PRIMITIVES_MODELS/blackbox_models/cell_sim_blackbox.v:364:1: Compile module "work@I_BUF_DS".
[INF:CP0303] /nfs_eda_sw/softwares/Raptor/instl_dir/12_05_2024_09_15_01/share/raptor/sim_models/rapidsilicon/genesis3/FPGA_PRIMITIVES_MODELS/blackbox_models/cell_sim_blackbox.v:405:1: Compile module "work@I_DDR".
[INF:CP0303] /nfs_eda_sw/softwares/Raptor/instl_dir/12_05_2024_09_15_01/share/raptor/sim_models/rapidsilicon/genesis3/FPGA_PRIMITIVES_MODELS/blackbox_models/cell_sim_blackbox.v:423:1: Compile module "work@I_DELAY".
[INF:CP0303] /nfs_eda_sw/softwares/Raptor/instl_dir/12_05_2024_09_15_01/share/raptor/sim_models/rapidsilicon/genesis3/FPGA_PRIMITIVES_MODELS/blackbox_models/cell_sim_blackbox.v:445:1: Compile module "work@I_FAB".
[INF:CP0303] /nfs_eda_sw/softwares/Raptor/instl_dir/12_05_2024_09_15_01/share/raptor/sim_models/rapidsilicon/genesis3/FPGA_PRIMITIVES_MODELS/blackbox_models/cell_sim_blackbox.v:459:1: Compile module "work@I_SERDES".
[INF:CP0303] /nfs_eda_sw/softwares/Raptor/instl_dir/12_05_2024_09_15_01/share/raptor/sim_models/rapidsilicon/genesis3/FPGA_PRIMITIVES_MODELS/blackbox_models/cell_sim_blackbox.v:567:1: Compile module "work@LATCH".
[INF:CP0303] /nfs_eda_sw/softwares/Raptor/instl_dir/12_05_2024_09_15_01/share/raptor/sim_models/rapidsilicon/genesis3/FPGA_PRIMITIVES_MODELS/blackbox_models/cell_sim_blackbox.v:520:1: Compile module "work@LATCHN".
[INF:CP0303] /nfs_eda_sw/softwares/Raptor/instl_dir/12_05_2024_09_15_01/share/raptor/sim_models/rapidsilicon/genesis3/FPGA_PRIMITIVES_MODELS/blackbox_models/cell_sim_blackbox.v:488:1: Compile module "work@LATCHNR".
[INF:CP0303] /nfs_eda_sw/softwares/Raptor/instl_dir/12_05_2024_09_15_01/share/raptor/sim_models/rapidsilicon/genesis3/FPGA_PRIMITIVES_MODELS/blackbox_models/cell_sim_blackbox.v:504:1: Compile module "work@LATCHNS".
[INF:CP0303] /nfs_eda_sw/softwares/Raptor/instl_dir/12_05_2024_09_15_01/share/raptor/sim_models/rapidsilicon/genesis3/FPGA_PRIMITIVES_MODELS/blackbox_models/cell_sim_blackbox.v:535:1: Compile module "work@LATCHR".
[INF:CP0303] /nfs_eda_sw/softwares/Raptor/instl_dir/12_05_2024_09_15_01/share/raptor/sim_models/rapidsilicon/genesis3/FPGA_PRIMITIVES_MODELS/blackbox_models/cell_sim_blackbox.v:551:1: Compile module "work@LATCHS".
[INF:CP0303] /nfs_eda_sw/softwares/Raptor/instl_dir/12_05_2024_09_15_01/share/raptor/sim_models/rapidsilicon/genesis3/FPGA_PRIMITIVES_MODELS/blackbox_models/cell_sim_blackbox.v:582:1: Compile module "work@LUT1".
[INF:CP0303] /nfs_eda_sw/softwares/Raptor/instl_dir/12_05_2024_09_15_01/share/raptor/sim_models/rapidsilicon/genesis3/FPGA_PRIMITIVES_MODELS/blackbox_models/cell_sim_blackbox.v:598:1: Compile module "work@LUT2".
[INF:CP0303] /nfs_eda_sw/softwares/Raptor/instl_dir/12_05_2024_09_15_01/share/raptor/sim_models/rapidsilicon/genesis3/FPGA_PRIMITIVES_MODELS/blackbox_models/cell_sim_blackbox.v:614:1: Compile module "work@LUT3".
[INF:CP0303] /nfs_eda_sw/softwares/Raptor/instl_dir/12_05_2024_09_15_01/share/raptor/sim_models/rapidsilicon/genesis3/FPGA_PRIMITIVES_MODELS/blackbox_models/cell_sim_blackbox.v:630:1: Compile module "work@LUT4".
[INF:CP0303] /nfs_eda_sw/softwares/Raptor/instl_dir/12_05_2024_09_15_01/share/raptor/sim_models/rapidsilicon/genesis3/FPGA_PRIMITIVES_MODELS/blackbox_models/cell_sim_blackbox.v:646:1: Compile module "work@LUT5".
[INF:CP0303] /nfs_eda_sw/softwares/Raptor/instl_dir/12_05_2024_09_15_01/share/raptor/sim_models/rapidsilicon/genesis3/FPGA_PRIMITIVES_MODELS/blackbox_models/cell_sim_blackbox.v:662:1: Compile module "work@LUT6".
[INF:CP0303] /nfs_eda_sw/softwares/Raptor/instl_dir/12_05_2024_09_15_01/share/raptor/sim_models/rapidsilicon/genesis3/FPGA_PRIMITIVES_MODELS/blackbox_models/cell_sim_blackbox.v:678:1: Compile module "work@MIPI_RX".
[INF:CP0303] /nfs_eda_sw/softwares/Raptor/instl_dir/12_05_2024_09_15_01/share/raptor/sim_models/rapidsilicon/genesis3/FPGA_PRIMITIVES_MODELS/blackbox_models/cell_sim_blackbox.v:714:1: Compile module "work@MIPI_TX".
[INF:CP0303] /nfs_eda_sw/softwares/Raptor/instl_dir/12_05_2024_09_15_01/share/raptor/sim_models/rapidsilicon/genesis3/FPGA_PRIMITIVES_MODELS/blackbox_models/cell_sim_blackbox.v:816:1: Compile module "work@O_BUF".
[INF:CP0303] /nfs_eda_sw/softwares/Raptor/instl_dir/12_05_2024_09_15_01/share/raptor/sim_models/rapidsilicon/genesis3/FPGA_PRIMITIVES_MODELS/blackbox_models/cell_sim_blackbox.v:795:1: Compile module "work@O_BUFT".
[INF:CP0303] /nfs_eda_sw/softwares/Raptor/instl_dir/12_05_2024_09_15_01/share/raptor/sim_models/rapidsilicon/genesis3/FPGA_PRIMITIVES_MODELS/blackbox_models/cell_sim_blackbox.v:773:1: Compile module "work@O_BUFT_DS".
[INF:CP0303] /nfs_eda_sw/softwares/Raptor/instl_dir/12_05_2024_09_15_01/share/raptor/sim_models/rapidsilicon/genesis3/FPGA_PRIMITIVES_MODELS/blackbox_models/cell_sim_blackbox.v:751:1: Compile module "work@O_BUF_DS".
[INF:CP0303] /nfs_eda_sw/softwares/Raptor/instl_dir/12_05_2024_09_15_01/share/raptor/sim_models/rapidsilicon/genesis3/FPGA_PRIMITIVES_MODELS/blackbox_models/cell_sim_blackbox.v:837:1: Compile module "work@O_DDR".
[INF:CP0303] /nfs_eda_sw/softwares/Raptor/instl_dir/12_05_2024_09_15_01/share/raptor/sim_models/rapidsilicon/genesis3/FPGA_PRIMITIVES_MODELS/blackbox_models/cell_sim_blackbox.v:855:1: Compile module "work@O_DELAY".
[INF:CP0303] /nfs_eda_sw/softwares/Raptor/instl_dir/12_05_2024_09_15_01/share/raptor/sim_models/rapidsilicon/genesis3/FPGA_PRIMITIVES_MODELS/blackbox_models/cell_sim_blackbox.v:877:1: Compile module "work@O_FAB".
[INF:CP0303] /nfs_eda_sw/softwares/Raptor/instl_dir/12_05_2024_09_15_01/share/raptor/sim_models/rapidsilicon/genesis3/FPGA_PRIMITIVES_MODELS/blackbox_models/cell_sim_blackbox.v:910:1: Compile module "work@O_SERDES".
[INF:CP0303] /nfs_eda_sw/softwares/Raptor/instl_dir/12_05_2024_09_15_01/share/raptor/sim_models/rapidsilicon/genesis3/FPGA_PRIMITIVES_MODELS/blackbox_models/cell_sim_blackbox.v:891:1: Compile module "work@O_SERDES_CLK".
[INF:CP0303] /nfs_eda_sw/softwares/Raptor/instl_dir/12_05_2024_09_15_01/share/raptor/sim_models/rapidsilicon/genesis3/FPGA_PRIMITIVES_MODELS/blackbox_models/cell_sim_blackbox.v:937:1: Compile module "work@PLL".
[INF:CP0303] /nfs_eda_sw/softwares/Raptor/instl_dir/12_05_2024_09_15_01/share/raptor/sim_models/rapidsilicon/genesis3/FPGA_PRIMITIVES_MODELS/blackbox_models/cell_sim_blackbox.v:965:1: Compile module "work@SOC_FPGA_INTF_AHB_M".
[INF:CP0303] /nfs_eda_sw/softwares/Raptor/instl_dir/12_05_2024_09_15_01/share/raptor/sim_models/rapidsilicon/genesis3/FPGA_PRIMITIVES_MODELS/blackbox_models/cell_sim_blackbox.v:989:1: Compile module "work@SOC_FPGA_INTF_AHB_S".
[INF:CP0303] /nfs_eda_sw/softwares/Raptor/instl_dir/12_05_2024_09_15_01/share/raptor/sim_models/rapidsilicon/genesis3/FPGA_PRIMITIVES_MODELS/blackbox_models/cell_sim_blackbox.v:1016:1: Compile module "work@SOC_FPGA_INTF_AXI_M0".
[INF:CP0303] /nfs_eda_sw/softwares/Raptor/instl_dir/12_05_2024_09_15_01/share/raptor/sim_models/rapidsilicon/genesis3/FPGA_PRIMITIVES_MODELS/blackbox_models/cell_sim_blackbox.v:1065:1: Compile module "work@SOC_FPGA_INTF_AXI_M1".
[INF:CP0303] /nfs_eda_sw/softwares/Raptor/instl_dir/12_05_2024_09_15_01/share/raptor/sim_models/rapidsilicon/genesis3/FPGA_PRIMITIVES_MODELS/blackbox_models/cell_sim_blackbox.v:1114:1: Compile module "work@SOC_FPGA_INTF_DMA".
[INF:CP0303] /nfs_eda_sw/softwares/Raptor/instl_dir/12_05_2024_09_15_01/share/raptor/sim_models/rapidsilicon/genesis3/FPGA_PRIMITIVES_MODELS/blackbox_models/cell_sim_blackbox.v:1130:1: Compile module "work@SOC_FPGA_INTF_IRQ".
[INF:CP0303] /nfs_eda_sw/softwares/Raptor/instl_dir/12_05_2024_09_15_01/share/raptor/sim_models/rapidsilicon/genesis3/FPGA_PRIMITIVES_MODELS/blackbox_models/cell_sim_blackbox.v:1146:1: Compile module "work@SOC_FPGA_INTF_JTAG".
[INF:CP0303] /nfs_eda_sw/softwares/Raptor/instl_dir/12_05_2024_09_15_01/share/raptor/sim_models/rapidsilicon/genesis3/FPGA_PRIMITIVES_MODELS/blackbox_models/cell_sim_blackbox.v:1164:1: Compile module "work@SOC_FPGA_TEMPERATURE".
[INF:CP0303] /nfs_eda_sw/softwares/Raptor/instl_dir/12_05_2024_09_15_01/share/raptor/sim_models/rapidsilicon/genesis3/FPGA_PRIMITIVES_MODELS/blackbox_models/cell_sim_blackbox.v:1182:1: Compile module "work@TDP_RAM18KX2".
[INF:CP0303] /nfs_eda_sw/softwares/Raptor/instl_dir/12_05_2024_09_15_01/share/raptor/sim_models/rapidsilicon/genesis3/FPGA_PRIMITIVES_MODELS/blackbox_models/cell_sim_blackbox.v:1247:1: Compile module "work@TDP_RAM36K".
[INF:CP0303] /nfs_scratch/scratch/CompilerValidation/zaheer_ahmad/os_fpga2/Validation/RTL_testcases/RTL_Benchmarks_Gap_Analysis/pwrmgr/rtl/prim_alert_sender.sv:32:1: Compile module "work@prim_alert_sender".
[INF:CP0303] /nfs_scratch/scratch/CompilerValidation/zaheer_ahmad/os_fpga2/Validation/RTL_testcases/RTL_Benchmarks_Gap_Analysis/pwrmgr/rtl/prim_buf.sv:16:1: Compile module "work@prim_buf".
[INF:CP0303] /nfs_scratch/scratch/CompilerValidation/zaheer_ahmad/os_fpga2/Validation/RTL_testcases/RTL_Benchmarks_Gap_Analysis/pwrmgr/rtl/prim_clock_buf.sv:16:1: Compile module "work@prim_clock_buf".
[INF:CP0303] /nfs_scratch/scratch/CompilerValidation/zaheer_ahmad/os_fpga2/Validation/RTL_testcases/RTL_Benchmarks_Gap_Analysis/pwrmgr/rtl/prim_clock_mux2.sv:16:1: Compile module "work@prim_clock_mux2".
[INF:CP0303] /nfs_scratch/scratch/CompilerValidation/zaheer_ahmad/os_fpga2/Validation/RTL_testcases/RTL_Benchmarks_Gap_Analysis/pwrmgr/rtl/prim_clock_timeout.sv:11:1: Compile module "work@prim_clock_timeout".
[INF:CP0303] /nfs_scratch/scratch/CompilerValidation/zaheer_ahmad/os_fpga2/Validation/RTL_testcases/RTL_Benchmarks_Gap_Analysis/pwrmgr/rtl/prim_count.sv:36:1: Compile module "work@prim_count".
[INF:CP0303] /nfs_scratch/scratch/CompilerValidation/zaheer_ahmad/os_fpga2/Validation/RTL_testcases/RTL_Benchmarks_Gap_Analysis/pwrmgr/rtl/prim_diff_decode.sv:19:1: Compile module "work@prim_diff_decode".
[INF:CP0303] /nfs_scratch/scratch/CompilerValidation/zaheer_ahmad/os_fpga2/Validation/RTL_testcases/RTL_Benchmarks_Gap_Analysis/pwrmgr/rtl/prim_esc_receiver.sv:20:1: Compile module "work@prim_esc_receiver".
[INF:CP0303] /nfs_scratch/scratch/CompilerValidation/zaheer_ahmad/os_fpga2/Validation/RTL_testcases/RTL_Benchmarks_Gap_Analysis/pwrmgr/rtl/prim_flop.sv:16:1: Compile module "work@prim_flop".
[INF:CP0303] /nfs_scratch/scratch/CompilerValidation/zaheer_ahmad/os_fpga2/Validation/RTL_testcases/RTL_Benchmarks_Gap_Analysis/pwrmgr/rtl/prim_flop_2sync.sv:13:1: Compile module "work@prim_flop_2sync".
[INF:CP0303] /nfs_scratch/scratch/CompilerValidation/zaheer_ahmad/os_fpga2/Validation/RTL_testcases/RTL_Benchmarks_Gap_Analysis/pwrmgr/rtl/prim_generic_buf.sv:6:1: Compile module "work@prim_generic_buf".
[INF:CP0303] /nfs_scratch/scratch/CompilerValidation/zaheer_ahmad/os_fpga2/Validation/RTL_testcases/RTL_Benchmarks_Gap_Analysis/pwrmgr/rtl/prim_generic_clock_buf.sv:6:1: Compile module "work@prim_generic_clock_buf".
[INF:CP0303] /nfs_scratch/scratch/CompilerValidation/zaheer_ahmad/os_fpga2/Validation/RTL_testcases/RTL_Benchmarks_Gap_Analysis/pwrmgr/rtl/prim_generic_clock_mux2.sv:6:1: Compile module "work@prim_generic_clock_mux2".
[INF:CP0303] /nfs_scratch/scratch/CompilerValidation/zaheer_ahmad/os_fpga2/Validation/RTL_testcases/RTL_Benchmarks_Gap_Analysis/pwrmgr/rtl/prim_generic_flop.sv:7:1: Compile module "work@prim_generic_flop".
[INF:CP0303] /nfs_scratch/scratch/CompilerValidation/zaheer_ahmad/os_fpga2/Validation/RTL_testcases/RTL_Benchmarks_Gap_Analysis/pwrmgr/rtl/prim_generic_flop_2sync.sv:9:1: Compile module "work@prim_generic_flop_2sync".
[INF:CP0303] /nfs_scratch/scratch/CompilerValidation/zaheer_ahmad/os_fpga2/Validation/RTL_testcases/RTL_Benchmarks_Gap_Analysis/pwrmgr/rtl/prim_generic_xor2.sv:6:1: Compile module "work@prim_generic_xor2".
[INF:CP0303] /nfs_scratch/scratch/CompilerValidation/zaheer_ahmad/os_fpga2/Validation/RTL_testcases/RTL_Benchmarks_Gap_Analysis/pwrmgr/rtl/prim_intr_hw.sv:10:1: Compile module "work@prim_intr_hw".
[INF:CP0303] /nfs_scratch/scratch/CompilerValidation/zaheer_ahmad/os_fpga2/Validation/RTL_testcases/RTL_Benchmarks_Gap_Analysis/pwrmgr/rtl/prim_lc_sender.sv:12:1: Compile module "work@prim_lc_sender".
[INF:CP0303] /nfs_scratch/scratch/CompilerValidation/zaheer_ahmad/os_fpga2/Validation/RTL_testcases/RTL_Benchmarks_Gap_Analysis/pwrmgr/rtl/prim_mubi4_sync.sv:13:1: Compile module "work@prim_mubi4_sync".
[INF:CP0303] /nfs_scratch/scratch/CompilerValidation/zaheer_ahmad/os_fpga2/Validation/RTL_testcases/RTL_Benchmarks_Gap_Analysis/pwrmgr/rtl/prim_pulse_sync.sv:11:1: Compile module "work@prim_pulse_sync".
[INF:CP0303] /nfs_scratch/scratch/CompilerValidation/zaheer_ahmad/os_fpga2/Validation/RTL_testcases/RTL_Benchmarks_Gap_Analysis/pwrmgr/rtl/prim_sec_anchor_buf.sv:6:1: Compile module "work@prim_sec_anchor_buf".
[INF:CP0303] /nfs_scratch/scratch/CompilerValidation/zaheer_ahmad/os_fpga2/Validation/RTL_testcases/RTL_Benchmarks_Gap_Analysis/pwrmgr/rtl/prim_sec_anchor_flop.sv:6:1: Compile module "work@prim_sec_anchor_flop".
[INF:CP0303] /nfs_scratch/scratch/CompilerValidation/zaheer_ahmad/os_fpga2/Validation/RTL_testcases/RTL_Benchmarks_Gap_Analysis/pwrmgr/rtl/prim_secded_inv_39_32_dec.sv:7:1: Compile module "work@prim_secded_inv_39_32_dec".
[INF:CP0303] /nfs_scratch/scratch/CompilerValidation/zaheer_ahmad/os_fpga2/Validation/RTL_testcases/RTL_Benchmarks_Gap_Analysis/pwrmgr/rtl/prim_secded_inv_39_32_enc.sv:7:1: Compile module "work@prim_secded_inv_39_32_enc".
[INF:CP0303] /nfs_scratch/scratch/CompilerValidation/zaheer_ahmad/os_fpga2/Validation/RTL_testcases/RTL_Benchmarks_Gap_Analysis/pwrmgr/rtl/prim_secded_inv_64_57_dec.sv:7:1: Compile module "work@prim_secded_inv_64_57_dec".
[INF:CP0303] /nfs_scratch/scratch/CompilerValidation/zaheer_ahmad/os_fpga2/Validation/RTL_testcases/RTL_Benchmarks_Gap_Analysis/pwrmgr/rtl/prim_secded_inv_64_57_enc.sv:7:1: Compile module "work@prim_secded_inv_64_57_enc".
[INF:CP0303] /nfs_scratch/scratch/CompilerValidation/zaheer_ahmad/os_fpga2/Validation/RTL_testcases/RTL_Benchmarks_Gap_Analysis/pwrmgr/rtl/prim_sparse_fsm_flop.sv:6:1: Compile module "work@prim_sparse_fsm_flop".
[INF:CP0303] /nfs_scratch/scratch/CompilerValidation/zaheer_ahmad/os_fpga2/Validation/RTL_testcases/RTL_Benchmarks_Gap_Analysis/pwrmgr/rtl/prim_subreg.sv:7:1: Compile module "work@prim_subreg".
[INF:CP0303] /nfs_scratch/scratch/CompilerValidation/zaheer_ahmad/os_fpga2/Validation/RTL_testcases/RTL_Benchmarks_Gap_Analysis/pwrmgr/rtl/prim_subreg_ext.sv:7:1: Compile module "work@prim_subreg_ext".
[INF:CP0303] /nfs_scratch/scratch/CompilerValidation/zaheer_ahmad/os_fpga2/Validation/RTL_testcases/RTL_Benchmarks_Gap_Analysis/pwrmgr/rtl/prim_sync_reqack.sv:26:1: Compile module "work@prim_sync_reqack".
[INF:CP0303] /nfs_scratch/scratch/CompilerValidation/zaheer_ahmad/os_fpga2/Validation/RTL_testcases/RTL_Benchmarks_Gap_Analysis/pwrmgr/rtl/prim_xor2.sv:16:1: Compile module "work@prim_xor2".
[INF:CP0303] /nfs_scratch/scratch/CompilerValidation/zaheer_ahmad/os_fpga2/Validation/RTL_testcases/RTL_Benchmarks_Gap_Analysis/pwrmgr/rtl/pwrmgr.sv:9:1: Compile module "work@pwrmgr".
[INF:CP0303] /nfs_scratch/scratch/CompilerValidation/zaheer_ahmad/os_fpga2/Validation/RTL_testcases/RTL_Benchmarks_Gap_Analysis/pwrmgr/rtl/pwrmgr_cdc.sv:9:1: Compile module "work@pwrmgr_cdc".
[INF:CP0303] /nfs_scratch/scratch/CompilerValidation/zaheer_ahmad/os_fpga2/Validation/RTL_testcases/RTL_Benchmarks_Gap_Analysis/pwrmgr/rtl/pwrmgr_fsm.sv:9:1: Compile module "work@pwrmgr_fsm".
[INF:CP0303] /nfs_scratch/scratch/CompilerValidation/zaheer_ahmad/os_fpga2/Validation/RTL_testcases/RTL_Benchmarks_Gap_Analysis/pwrmgr/rtl/pwrmgr_reg_top.sv:8:1: Compile module "work@pwrmgr_reg_top".
[INF:CP0303] /nfs_scratch/scratch/CompilerValidation/zaheer_ahmad/os_fpga2/Validation/RTL_testcases/RTL_Benchmarks_Gap_Analysis/pwrmgr/rtl/pwrmgr_slow_fsm.sv:9:1: Compile module "work@pwrmgr_slow_fsm".
[INF:CP0303] /nfs_scratch/scratch/CompilerValidation/zaheer_ahmad/os_fpga2/Validation/RTL_testcases/RTL_Benchmarks_Gap_Analysis/pwrmgr/rtl/pwrmgr_wake_info.sv:9:1: Compile module "work@pwrmgr_wake_info".
[INF:CP0303] /nfs_scratch/scratch/CompilerValidation/zaheer_ahmad/os_fpga2/Validation/RTL_testcases/RTL_Benchmarks_Gap_Analysis/pwrmgr/rtl/tlul_adapter_reg.sv:10:1: Compile module "work@tlul_adapter_reg".
[INF:CP0303] /nfs_scratch/scratch/CompilerValidation/zaheer_ahmad/os_fpga2/Validation/RTL_testcases/RTL_Benchmarks_Gap_Analysis/pwrmgr/rtl/tlul_cmd_intg_chk.sv:3:1: Compile module "work@tlul_cmd_intg_chk".
[INF:CP0303] /nfs_scratch/scratch/CompilerValidation/zaheer_ahmad/os_fpga2/Validation/RTL_testcases/RTL_Benchmarks_Gap_Analysis/pwrmgr/rtl/tlul_data_integ_dec.sv:10:1: Compile module "work@tlul_data_integ_dec".
[INF:CP0303] /nfs_scratch/scratch/CompilerValidation/zaheer_ahmad/os_fpga2/Validation/RTL_testcases/RTL_Benchmarks_Gap_Analysis/pwrmgr/rtl/tlul_data_integ_enc.sv:10:1: Compile module "work@tlul_data_integ_enc".
[INF:CP0303] /nfs_scratch/scratch/CompilerValidation/zaheer_ahmad/os_fpga2/Validation/RTL_testcases/RTL_Benchmarks_Gap_Analysis/pwrmgr/rtl/tlul_err.sv:7:1: Compile module "work@tlul_err".
[INF:CP0303] /nfs_scratch/scratch/CompilerValidation/zaheer_ahmad/os_fpga2/Validation/RTL_testcases/RTL_Benchmarks_Gap_Analysis/pwrmgr/rtl/tlul_rsp_intg_gen.sv:9:1: Compile module "work@tlul_rsp_intg_gen".
[INF:CP0302] Compile class "work@mailbox".
[INF:CP0302] Compile class "work@process".
[INF:CP0302] Compile class "work@semaphore".
[NTE:CP0309] /nfs_scratch/scratch/CompilerValidation/zaheer_ahmad/os_fpga2/Validation/RTL_testcases/RTL_Benchmarks_Gap_Analysis/pwrmgr/rtl/prim_intr_hw.sv:24:23: Implicit port type (wire) for "hw2reg_intr_state_de_o",
there are 1 more instances of this message.
[NTE:CP0309] /nfs_scratch/scratch/CompilerValidation/zaheer_ahmad/os_fpga2/Validation/RTL_testcases/RTL_Benchmarks_Gap_Analysis/pwrmgr/rtl/pwrmgr.sv:79:10: Implicit port type (wire) for "intr_wakeup_o".
[NTE:CP0309] /nfs_scratch/scratch/CompilerValidation/zaheer_ahmad/os_fpga2/Validation/RTL_testcases/RTL_Benchmarks_Gap_Analysis/pwrmgr/rtl/pwrmgr_cdc.sv:37:10: Implicit port type (wire) for "slow_usb_ip_clk_status_o".
[INF:EL0526] Design Elaboration...
[INF:CP0335] /nfs_scratch/scratch/CompilerValidation/zaheer_ahmad/os_fpga2/Validation/RTL_testcases/RTL_Benchmarks_Gap_Analysis/pwrmgr/rtl/prim_clock_buf.sv:30:10: Compile generate block "work@pwrmgr.u_esc_clk_buf.gen_generic".
[INF:CP0335] /nfs_scratch/scratch/CompilerValidation/zaheer_ahmad/os_fpga2/Validation/RTL_testcases/RTL_Benchmarks_Gap_Analysis/pwrmgr/rtl/prim_clock_buf.sv:30:10: Compile generate block "work@pwrmgr.u_esc_rst_buf.gen_generic".
[INF:CP0335] /nfs_scratch/scratch/CompilerValidation/zaheer_ahmad/os_fpga2/Validation/RTL_testcases/RTL_Benchmarks_Gap_Analysis/pwrmgr/rtl/prim_buf.sv:30:10: Compile generate block "work@pwrmgr.u_esc_rx.u_prim_buf_esc.gen_generic".
[INF:CP0335] /nfs_scratch/scratch/CompilerValidation/zaheer_ahmad/os_fpga2/Validation/RTL_testcases/RTL_Benchmarks_Gap_Analysis/pwrmgr/rtl/prim_diff_decode.sv:178:12: Compile generate block "work@pwrmgr.u_esc_rx.u_decode_esc.gen_no_async".
[INF:CP0335] /nfs_scratch/scratch/CompilerValidation/zaheer_ahmad/os_fpga2/Validation/RTL_testcases/RTL_Benchmarks_Gap_Analysis/pwrmgr/rtl/prim_count.sv:84:12: Compile generate block "work@pwrmgr.u_esc_rx.u_prim_count.gen_dupcnt_max_val".
[INF:CP0335] /nfs_scratch/scratch/CompilerValidation/zaheer_ahmad/os_fpga2/Validation/RTL_testcases/RTL_Benchmarks_Gap_Analysis/pwrmgr/rtl/prim_count.sv:88:42: Compile generate block "work@pwrmgr.u_esc_rx.u_prim_count.gen_cnts[0]".
[INF:CP0335] /nfs_scratch/scratch/CompilerValidation/zaheer_ahmad/os_fpga2/Validation/RTL_testcases/RTL_Benchmarks_Gap_Analysis/pwrmgr/rtl/prim_buf.sv:30:10: Compile generate block "work@pwrmgr.u_esc_rx.u_prim_count.gen_cnts[0].u_buf.gen_generic".
[INF:CP0335] /nfs_scratch/scratch/CompilerValidation/zaheer_ahmad/os_fpga2/Validation/RTL_testcases/RTL_Benchmarks_Gap_Analysis/pwrmgr/rtl/prim_flop.sv:39:10: Compile generate block "work@pwrmgr.u_esc_rx.u_prim_count.gen_cnts[0].u_cnt_flop.gen_generic".
[INF:CP0335] /nfs_scratch/scratch/CompilerValidation/zaheer_ahmad/os_fpga2/Validation/RTL_testcases/RTL_Benchmarks_Gap_Analysis/pwrmgr/rtl/prim_count.sv:88:42: Compile generate block "work@pwrmgr.u_esc_rx.u_prim_count.gen_cnts[1]".
[INF:CP0335] /nfs_scratch/scratch/CompilerValidation/zaheer_ahmad/os_fpga2/Validation/RTL_testcases/RTL_Benchmarks_Gap_Analysis/pwrmgr/rtl/prim_buf.sv:30:10: Compile generate block "work@pwrmgr.u_esc_rx.u_prim_count.gen_cnts[1].u_buf.gen_generic".
[INF:CP0335] /nfs_scratch/scratch/CompilerValidation/zaheer_ahmad/os_fpga2/Validation/RTL_testcases/RTL_Benchmarks_Gap_Analysis/pwrmgr/rtl/prim_flop.sv:39:10: Compile generate block "work@pwrmgr.u_esc_rx.u_prim_count.gen_cnts[1].u_cnt_flop.gen_generic".
[INF:CP0335] /nfs_scratch/scratch/CompilerValidation/zaheer_ahmad/os_fpga2/Validation/RTL_testcases/RTL_Benchmarks_Gap_Analysis/pwrmgr/rtl/prim_count.sv:145:5: Compile generate block "work@pwrmgr.u_esc_rx.u_prim_count.gen_dup_cnt_hardening".
[INF:CP0335] /nfs_scratch/scratch/CompilerValidation/zaheer_ahmad/os_fpga2/Validation/RTL_testcases/RTL_Benchmarks_Gap_Analysis/pwrmgr/rtl/prim_buf.sv:30:10: Compile generate block "work@pwrmgr.u_esc_rx.u_prim_buf_esc_req.u_secure_anchor_buf.gen_generic".
[INF:CP0335] /nfs_scratch/scratch/CompilerValidation/zaheer_ahmad/os_fpga2/Validation/RTL_testcases/RTL_Benchmarks_Gap_Analysis/pwrmgr/rtl/prim_flop.sv:39:10: Compile generate block "work@pwrmgr.u_esc_rx.u_prim_flop_esc.u_secure_anchor_flop.gen_generic".
[INF:CP0335] /nfs_scratch/scratch/CompilerValidation/zaheer_ahmad/os_fpga2/Validation/RTL_testcases/RTL_Benchmarks_Gap_Analysis/pwrmgr/rtl/prim_flop_2sync.sv:28:10: Compile generate block "work@pwrmgr.u_esc_timeout.u_ref_timeout.req_sync.gen_generic".
[INF:CP0335] /nfs_scratch/scratch/CompilerValidation/zaheer_ahmad/os_fpga2/Validation/RTL_testcases/RTL_Benchmarks_Gap_Analysis/pwrmgr/rtl/prim_flop_2sync.sv:28:10: Compile generate block "work@pwrmgr.u_esc_timeout.u_ref_timeout.ack_sync.gen_generic".
[INF:CP0335] /nfs_scratch/scratch/CompilerValidation/zaheer_ahmad/os_fpga2/Validation/RTL_testcases/RTL_Benchmarks_Gap_Analysis/pwrmgr/rtl/prim_flop.sv:39:10: Compile generate block "work@pwrmgr.u_esc_timeout.u_out.gen_generic".
[INF:CP0335] /nfs_scratch/scratch/CompilerValidation/zaheer_ahmad/os_fpga2/Validation/RTL_testcases/RTL_Benchmarks_Gap_Analysis/pwrmgr/rtl/prim_flop.sv:39:10: Compile generate block "work@pwrmgr.u_sw_req_flop.gen_generic".
[INF:CP0335] /nfs_scratch/scratch/CompilerValidation/zaheer_ahmad/os_fpga2/Validation/RTL_testcases/RTL_Benchmarks_Gap_Analysis/pwrmgr/rtl/tlul_rsp_intg_gen.sv:19:25: Compile generate block "work@pwrmgr.u_reg.u_rsp_intg_gen.gen_rsp_intg".
[INF:CP0335] /nfs_scratch/scratch/CompilerValidation/zaheer_ahmad/os_fpga2/Validation/RTL_testcases/RTL_Benchmarks_Gap_Analysis/pwrmgr/rtl/tlul_rsp_intg_gen.sv:34:26: Compile generate block "work@pwrmgr.u_reg.u_rsp_intg_gen.gen_data_intg".
[INF:CP0335] /nfs_scratch/scratch/CompilerValidation/zaheer_ahmad/os_fpga2/Validation/RTL_testcases/RTL_Benchmarks_Gap_Analysis/pwrmgr/rtl/prim_subreg.sv:60:12: Compile generate block "work@pwrmgr.u_reg.u_intr_state.gen_hw".
[INF:CP0335] /nfs_scratch/scratch/CompilerValidation/zaheer_ahmad/os_fpga2/Validation/RTL_testcases/RTL_Benchmarks_Gap_Analysis/pwrmgr/rtl/prim_subreg.sv:60:12: Compile generate block "work@pwrmgr.u_reg.u_intr_enable.gen_hw".
[INF:CP0335] /nfs_scratch/scratch/CompilerValidation/zaheer_ahmad/os_fpga2/Validation/RTL_testcases/RTL_Benchmarks_Gap_Analysis/pwrmgr/rtl/prim_subreg.sv:60:12: Compile generate block "work@pwrmgr.u_reg.u_control_low_power_hint.gen_hw".
[INF:CP0335] /nfs_scratch/scratch/CompilerValidation/zaheer_ahmad/os_fpga2/Validation/RTL_testcases/RTL_Benchmarks_Gap_Analysis/pwrmgr/rtl/prim_subreg.sv:60:12: Compile generate block "work@pwrmgr.u_reg.u_control_core_clk_en.gen_hw".
[INF:CP0335] /nfs_scratch/scratch/CompilerValidation/zaheer_ahmad/os_fpga2/Validation/RTL_testcases/RTL_Benchmarks_Gap_Analysis/pwrmgr/rtl/prim_subreg.sv:60:12: Compile generate block "work@pwrmgr.u_reg.u_control_io_clk_en.gen_hw".
[INF:CP0335] /nfs_scratch/scratch/CompilerValidation/zaheer_ahmad/os_fpga2/Validation/RTL_testcases/RTL_Benchmarks_Gap_Analysis/pwrmgr/rtl/prim_subreg.sv:60:12: Compile generate block "work@pwrmgr.u_reg.u_control_usb_clk_en_lp.gen_hw".
[INF:CP0335] /nfs_scratch/scratch/CompilerValidation/zaheer_ahmad/os_fpga2/Validation/RTL_testcases/RTL_Benchmarks_Gap_Analysis/pwrmgr/rtl/prim_subreg.sv:60:12: Compile generate block "work@pwrmgr.u_reg.u_control_usb_clk_en_active.gen_hw".
[INF:CP0335] /nfs_scratch/scratch/CompilerValidation/zaheer_ahmad/os_fpga2/Validation/RTL_testcases/RTL_Benchmarks_Gap_Analysis/pwrmgr/rtl/prim_subreg.sv:60:12: Compile generate block "work@pwrmgr.u_reg.u_control_main_pd_n.gen_hw".
[INF:CP0335] /nfs_scratch/scratch/CompilerValidation/zaheer_ahmad/os_fpga2/Validation/RTL_testcases/RTL_Benchmarks_Gap_Analysis/pwrmgr/rtl/prim_subreg.sv:60:12: Compile generate block "work@pwrmgr.u_reg.u_cfg_cdc_sync.gen_hw".
[INF:CP0335] /nfs_scratch/scratch/CompilerValidation/zaheer_ahmad/os_fpga2/Validation/RTL_testcases/RTL_Benchmarks_Gap_Analysis/pwrmgr/rtl/prim_subreg.sv:60:12: Compile generate block "work@pwrmgr.u_reg.u_wakeup_en_regwen.gen_hw".
[INF:CP0335] /nfs_scratch/scratch/CompilerValidation/zaheer_ahmad/os_fpga2/Validation/RTL_testcases/RTL_Benchmarks_Gap_Analysis/pwrmgr/rtl/prim_subreg.sv:60:12: Compile generate block "work@pwrmgr.u_reg.u_wakeup_en.gen_hw".
[INF:CP0335] /nfs_scratch/scratch/CompilerValidation/zaheer_ahmad/os_fpga2/Validation/RTL_testcases/RTL_Benchmarks_Gap_Analysis/pwrmgr/rtl/prim_subreg.sv:60:12: Compile generate block "work@pwrmgr.u_reg.u_wake_status.gen_hw".
[INF:CP0335] /nfs_scratch/scratch/CompilerValidation/zaheer_ahmad/os_fpga2/Validation/RTL_testcases/RTL_Benchmarks_Gap_Analysis/pwrmgr/rtl/prim_subreg.sv:60:12: Compile generate block "work@pwrmgr.u_reg.u_reset_en_regwen.gen_hw".
[INF:CP0335] /nfs_scratch/scratch/CompilerValidation/zaheer_ahmad/os_fpga2/Validation/RTL_testcases/RTL_Benchmarks_Gap_Analysis/pwrmgr/rtl/prim_subreg.sv:60:12: Compile generate block "work@pwrmgr.u_reg.u_reset_en.gen_hw".
[INF:CP0335] /nfs_scratch/scratch/CompilerValidation/zaheer_ahmad/os_fpga2/Validation/RTL_testcases/RTL_Benchmarks_Gap_Analysis/pwrmgr/rtl/prim_subreg.sv:60:12: Compile generate block "work@pwrmgr.u_reg.u_reset_status.gen_hw".
[INF:CP0335] /nfs_scratch/scratch/CompilerValidation/zaheer_ahmad/os_fpga2/Validation/RTL_testcases/RTL_Benchmarks_Gap_Analysis/pwrmgr/rtl/prim_subreg.sv:60:12: Compile generate block "work@pwrmgr.u_reg.u_wake_info_capture_dis.gen_hw".
[INF:CP0335] /nfs_scratch/scratch/CompilerValidation/zaheer_ahmad/os_fpga2/Validation/RTL_testcases/RTL_Benchmarks_Gap_Analysis/pwrmgr/rtl/pwrmgr.sv:272:42: Compile generate block "work@pwrmgr.gen_alert_tx[0]".
[INF:CP0335] /nfs_scratch/scratch/CompilerValidation/zaheer_ahmad/os_fpga2/Validation/RTL_testcases/RTL_Benchmarks_Gap_Analysis/pwrmgr/rtl/prim_diff_decode.sv:44:16: Compile generate block "work@pwrmgr.gen_alert_tx[0].u_prim_alert_sender.i_decode_ping.gen_async".
[INF:CP0335] /nfs_scratch/scratch/CompilerValidation/zaheer_ahmad/os_fpga2/Validation/RTL_testcases/RTL_Benchmarks_Gap_Analysis/pwrmgr/rtl/prim_flop_2sync.sv:28:10: Compile generate block "work@pwrmgr.gen_alert_tx[0].u_prim_alert_sender.i_decode_ping.gen_async.i_sync_p.gen_generic".
[INF:CP0335] /nfs_scratch/scratch/CompilerValidation/zaheer_ahmad/os_fpga2/Validation/RTL_testcases/RTL_Benchmarks_Gap_Analysis/pwrmgr/rtl/prim_flop_2sync.sv:28:10: Compile generate block "work@pwrmgr.gen_alert_tx[0].u_prim_alert_sender.i_decode_ping.gen_async.i_sync_n.gen_generic".
[INF:CP0335] /nfs_scratch/scratch/CompilerValidation/zaheer_ahmad/os_fpga2/Validation/RTL_testcases/RTL_Benchmarks_Gap_Analysis/pwrmgr/rtl/prim_diff_decode.sv:44:16: Compile generate block "work@pwrmgr.gen_alert_tx[0].u_prim_alert_sender.i_decode_ack.gen_async".
[INF:CP0335] /nfs_scratch/scratch/CompilerValidation/zaheer_ahmad/os_fpga2/Validation/RTL_testcases/RTL_Benchmarks_Gap_Analysis/pwrmgr/rtl/prim_flop_2sync.sv:28:10: Compile generate block "work@pwrmgr.gen_alert_tx[0].u_prim_alert_sender.i_decode_ack.gen_async.i_sync_p.gen_generic".
[INF:CP0335] /nfs_scratch/scratch/CompilerValidation/zaheer_ahmad/os_fpga2/Validation/RTL_testcases/RTL_Benchmarks_Gap_Analysis/pwrmgr/rtl/prim_flop_2sync.sv:28:10: Compile generate block "work@pwrmgr.gen_alert_tx[0].u_prim_alert_sender.i_decode_ack.gen_async.i_sync_n.gen_generic".
[INF:CP0335] /nfs_scratch/scratch/CompilerValidation/zaheer_ahmad/os_fpga2/Validation/RTL_testcases/RTL_Benchmarks_Gap_Analysis/pwrmgr/rtl/prim_buf.sv:30:10: Compile generate block "work@pwrmgr.gen_alert_tx[0].u_prim_alert_sender.u_prim_buf_p.gen_generic".
[INF:CP0335] /nfs_scratch/scratch/CompilerValidation/zaheer_ahmad/os_fpga2/Validation/RTL_testcases/RTL_Benchmarks_Gap_Analysis/pwrmgr/rtl/prim_buf.sv:30:10: Compile generate block "work@pwrmgr.gen_alert_tx[0].u_prim_alert_sender.u_prim_buf_n.gen_generic".
[INF:CP0335] /nfs_scratch/scratch/CompilerValidation/zaheer_ahmad/os_fpga2/Validation/RTL_testcases/RTL_Benchmarks_Gap_Analysis/pwrmgr/rtl/prim_flop_2sync.sv:28:10: Compile generate block "work@pwrmgr.u_cdc.u_req_pwrdn_sync.gen_generic".
[INF:CP0335] /nfs_scratch/scratch/CompilerValidation/zaheer_ahmad/os_fpga2/Validation/RTL_testcases/RTL_Benchmarks_Gap_Analysis/pwrmgr/rtl/prim_flop_2sync.sv:28:10: Compile generate block "work@pwrmgr.u_cdc.u_ack_pwrup_sync.gen_generic".
[INF:CP0335] /nfs_scratch/scratch/CompilerValidation/zaheer_ahmad/os_fpga2/Validation/RTL_testcases/RTL_Benchmarks_Gap_Analysis/pwrmgr/rtl/prim_flop_2sync.sv:28:10: Compile generate block "work@pwrmgr.u_cdc.u_slow_cdc_sync.prim_flop_2sync.gen_generic".
[INF:CP0335] /nfs_scratch/scratch/CompilerValidation/zaheer_ahmad/os_fpga2/Validation/RTL_testcases/RTL_Benchmarks_Gap_Analysis/pwrmgr/rtl/prim_flop_2sync.sv:28:10: Compile generate block "work@pwrmgr.u_cdc.u_slow_ext_req_sync.gen_generic".
[INF:CP0335] /nfs_scratch/scratch/CompilerValidation/zaheer_ahmad/os_fpga2/Validation/RTL_testcases/RTL_Benchmarks_Gap_Analysis/pwrmgr/rtl/prim_flop_2sync.sv:28:10: Compile generate block "work@pwrmgr.u_cdc.u_ip_clk_status_sync.gen_generic".
[INF:CP0335] /nfs_scratch/scratch/CompilerValidation/zaheer_ahmad/os_fpga2/Validation/RTL_testcases/RTL_Benchmarks_Gap_Analysis/pwrmgr/rtl/prim_flop_2sync.sv:28:10: Compile generate block "work@pwrmgr.u_cdc.u_ast_sync.gen_generic".
[INF:CP0335] /nfs_scratch/scratch/CompilerValidation/zaheer_ahmad/os_fpga2/Validation/RTL_testcases/RTL_Benchmarks_Gap_Analysis/pwrmgr/rtl/prim_flop_2sync.sv:28:10: Compile generate block "work@pwrmgr.u_cdc.u_req_pwrup_sync.gen_generic".
[INF:CP0335] /nfs_scratch/scratch/CompilerValidation/zaheer_ahmad/os_fpga2/Validation/RTL_testcases/RTL_Benchmarks_Gap_Analysis/pwrmgr/rtl/prim_flop_2sync.sv:28:10: Compile generate block "work@pwrmgr.u_cdc.u_ack_pwrdn_sync.gen_generic".
[INF:CP0335] /nfs_scratch/scratch/CompilerValidation/zaheer_ahmad/os_fpga2/Validation/RTL_testcases/RTL_Benchmarks_Gap_Analysis/pwrmgr/rtl/prim_flop_2sync.sv:28:10: Compile generate block "work@pwrmgr.u_cdc.u_int_fsm_invalid_sync.gen_generic".
[INF:CP0335] /nfs_scratch/scratch/CompilerValidation/zaheer_ahmad/os_fpga2/Validation/RTL_testcases/RTL_Benchmarks_Gap_Analysis/pwrmgr/rtl/prim_flop_2sync.sv:28:10: Compile generate block "work@pwrmgr.u_cdc.u_pwrup_chg_sync.gen_generic".
[INF:CP0335] /nfs_scratch/scratch/CompilerValidation/zaheer_ahmad/os_fpga2/Validation/RTL_testcases/RTL_Benchmarks_Gap_Analysis/pwrmgr/rtl/prim_flop_2sync.sv:28:10: Compile generate block "work@pwrmgr.u_cdc.u_ip_clk_en_sync.gen_generic".
[INF:CP0335] /nfs_scratch/scratch/CompilerValidation/zaheer_ahmad/os_fpga2/Validation/RTL_testcases/RTL_Benchmarks_Gap_Analysis/pwrmgr/rtl/prim_flop_2sync.sv:28:10: Compile generate block "work@pwrmgr.u_cdc.u_scdc_sync.prim_flop_2sync.gen_generic".
[INF:CP0335] /nfs_scratch/scratch/CompilerValidation/zaheer_ahmad/os_fpga2/Validation/RTL_testcases/RTL_Benchmarks_Gap_Analysis/pwrmgr/rtl/prim_flop_2sync.sv:28:10: Compile generate block "work@pwrmgr.u_cdc.u_ext_req_sync.gen_generic".
[INF:CP0335] /nfs_scratch/scratch/CompilerValidation/zaheer_ahmad/os_fpga2/Validation/RTL_testcases/RTL_Benchmarks_Gap_Analysis/pwrmgr/rtl/prim_flop_2sync.sv:28:10: Compile generate block "work@pwrmgr.u_cdc.u_sync_flash_idle.gen_generic".
[INF:CP0335] /nfs_scratch/scratch/CompilerValidation/zaheer_ahmad/os_fpga2/Validation/RTL_testcases/RTL_Benchmarks_Gap_Analysis/pwrmgr/rtl/prim_flop_2sync.sv:28:10: Compile generate block "work@pwrmgr.u_cdc.u_sync_otp.gen_generic".
[INF:CP0335] /nfs_scratch/scratch/CompilerValidation/zaheer_ahmad/os_fpga2/Validation/RTL_testcases/RTL_Benchmarks_Gap_Analysis/pwrmgr/rtl/prim_mubi4_sync.sv:42:16: Compile generate block "work@pwrmgr.u_cdc.u_sync_rom_ctrl.gen_flops".
[INF:CP0335] /nfs_scratch/scratch/CompilerValidation/zaheer_ahmad/os_fpga2/Validation/RTL_testcases/RTL_Benchmarks_Gap_Analysis/pwrmgr/rtl/prim_flop_2sync.sv:28:10: Compile generate block "work@pwrmgr.u_cdc.u_sync_rom_ctrl.gen_flops.u_prim_flop_2sync.gen_generic".
[INF:CP0335] /nfs_scratch/scratch/CompilerValidation/zaheer_ahmad/os_fpga2/Validation/RTL_testcases/RTL_Benchmarks_Gap_Analysis/pwrmgr/rtl/prim_mubi4_sync.sv:54:25: Compile generate block "work@pwrmgr.u_cdc.u_sync_rom_ctrl.gen_flops.gen_stable_chks".
[INF:CP0335] /nfs_scratch/scratch/CompilerValidation/zaheer_ahmad/os_fpga2/Validation/RTL_testcases/RTL_Benchmarks_Gap_Analysis/pwrmgr/rtl/prim_flop.sv:39:10: Compile generate block "work@pwrmgr.u_cdc.u_sync_rom_ctrl.gen_flops.gen_stable_chks.u_prim_flop_3rd_stage.gen_generic".
[INF:CP0335] /nfs_scratch/scratch/CompilerValidation/zaheer_ahmad/os_fpga2/Validation/RTL_testcases/RTL_Benchmarks_Gap_Analysis/pwrmgr/rtl/prim_xor2.sv:35:10: Compile generate block "work@pwrmgr.u_cdc.u_sync_rom_ctrl.gen_flops.gen_stable_chks.u_mubi_xor.gen_generic".
[INF:CP0335] /nfs_scratch/scratch/CompilerValidation/zaheer_ahmad/os_fpga2/Validation/RTL_testcases/RTL_Benchmarks_Gap_Analysis/pwrmgr/rtl/prim_mubi4_sync.sv:78:47: Compile generate block "work@pwrmgr.u_cdc.u_sync_rom_ctrl.gen_flops.gen_stable_chks.gen_bufs_muxes[0]".
[INF:CP0335] /nfs_scratch/scratch/CompilerValidation/zaheer_ahmad/os_fpga2/Validation/RTL_testcases/RTL_Benchmarks_Gap_Analysis/pwrmgr/rtl/prim_buf.sv:30:10: Compile generate block "work@pwrmgr.u_cdc.u_sync_rom_ctrl.gen_flops.gen_stable_chks.gen_bufs_muxes[0].u_sig_unstable_buf.u_secure_anchor_buf.gen_generic".
[INF:CP0335] /nfs_scratch/scratch/CompilerValidation/zaheer_ahmad/os_fpga2/Validation/RTL_testcases/RTL_Benchmarks_Gap_Analysis/pwrmgr/rtl/prim_clock_mux2.sv:36:10: Compile generate block "work@pwrmgr.u_cdc.u_sync_rom_ctrl.gen_flops.gen_stable_chks.gen_bufs_muxes[0].u_mux.gen_generic".
[INF:CP0335] /nfs_scratch/scratch/CompilerValidation/zaheer_ahmad/os_fpga2/Validation/RTL_testcases/RTL_Benchmarks_Gap_Analysis/pwrmgr/rtl/prim_mubi4_sync.sv:78:47: Compile generate block "work@pwrmgr.u_cdc.u_sync_rom_ctrl.gen_flops.gen_stable_chks.gen_bufs_muxes[1]".
[INF:CP0335] /nfs_scratch/scratch/CompilerValidation/zaheer_ahmad/os_fpga2/Validation/RTL_testcases/RTL_Benchmarks_Gap_Analysis/pwrmgr/rtl/prim_buf.sv:30:10: Compile generate block "work@pwrmgr.u_cdc.u_sync_rom_ctrl.gen_flops.gen_stable_chks.gen_bufs_muxes[1].u_sig_unstable_buf.u_secure_anchor_buf.gen_generic".
[INF:CP0335] /nfs_scratch/scratch/CompilerValidation/zaheer_ahmad/os_fpga2/Validation/RTL_testcases/RTL_Benchmarks_Gap_Analysis/pwrmgr/rtl/prim_clock_mux2.sv:36:10: Compile generate block "work@pwrmgr.u_cdc.u_sync_rom_ctrl.gen_flops.gen_stable_chks.gen_bufs_muxes[1].u_mux.gen_generic".
[INF:CP0335] /nfs_scratch/scratch/CompilerValidation/zaheer_ahmad/os_fpga2/Validation/RTL_testcases/RTL_Benchmarks_Gap_Analysis/pwrmgr/rtl/prim_mubi4_sync.sv:78:47: Compile generate block "work@pwrmgr.u_cdc.u_sync_rom_ctrl.gen_flops.gen_stable_chks.gen_bufs_muxes[2]".
[INF:CP0335] /nfs_scratch/scratch/CompilerValidation/zaheer_ahmad/os_fpga2/Validation/RTL_testcases/RTL_Benchmarks_Gap_Analysis/pwrmgr/rtl/prim_buf.sv:30:10: Compile generate block "work@pwrmgr.u_cdc.u_sync_rom_ctrl.gen_flops.gen_stable_chks.gen_bufs_muxes[2].u_sig_unstable_buf.u_secure_anchor_buf.gen_generic".
[INF:CP0335] /nfs_scratch/scratch/CompilerValidation/zaheer_ahmad/os_fpga2/Validation/RTL_testcases/RTL_Benchmarks_Gap_Analysis/pwrmgr/rtl/prim_clock_mux2.sv:36:10: Compile generate block "work@pwrmgr.u_cdc.u_sync_rom_ctrl.gen_flops.gen_stable_chks.gen_bufs_muxes[2].u_mux.gen_generic".
[INF:CP0335] /nfs_scratch/scratch/CompilerValidation/zaheer_ahmad/os_fpga2/Validation/RTL_testcases/RTL_Benchmarks_Gap_Analysis/pwrmgr/rtl/prim_mubi4_sync.sv:78:47: Compile generate block "work@pwrmgr.u_cdc.u_sync_rom_ctrl.gen_flops.gen_stable_chks.gen_bufs_muxes[3]".
[INF:CP0335] /nfs_scratch/scratch/CompilerValidation/zaheer_ahmad/os_fpga2/Validation/RTL_testcases/RTL_Benchmarks_Gap_Analysis/pwrmgr/rtl/prim_buf.sv:30:10: Compile generate block "work@pwrmgr.u_cdc.u_sync_rom_ctrl.gen_flops.gen_stable_chks.gen_bufs_muxes[3].u_sig_unstable_buf.u_secure_anchor_buf.gen_generic".
[INF:CP0335] /nfs_scratch/scratch/CompilerValidation/zaheer_ahmad/os_fpga2/Validation/RTL_testcases/RTL_Benchmarks_Gap_Analysis/pwrmgr/rtl/prim_clock_mux2.sv:36:10: Compile generate block "work@pwrmgr.u_cdc.u_sync_rom_ctrl.gen_flops.gen_stable_chks.gen_bufs_muxes[3].u_mux.gen_generic".
[INF:CP0335] /nfs_scratch/scratch/CompilerValidation/zaheer_ahmad/os_fpga2/Validation/RTL_testcases/RTL_Benchmarks_Gap_Analysis/pwrmgr/rtl/prim_mubi4_sync.sv:113:42: Compile generate block "work@pwrmgr.u_cdc.u_sync_rom_ctrl.gen_buffs[0]".
[INF:CP0335] /nfs_scratch/scratch/CompilerValidation/zaheer_ahmad/os_fpga2/Validation/RTL_testcases/RTL_Benchmarks_Gap_Analysis/pwrmgr/rtl/prim_mubi4_sync.sv:115:45: Compile generate block "work@pwrmgr.u_cdc.u_sync_rom_ctrl.gen_buffs[0].gen_bits[0]".
[INF:CP0335] /nfs_scratch/scratch/CompilerValidation/zaheer_ahmad/os_fpga2/Validation/RTL_testcases/RTL_Benchmarks_Gap_Analysis/pwrmgr/rtl/prim_buf.sv:30:10: Compile generate block "work@pwrmgr.u_cdc.u_sync_rom_ctrl.gen_buffs[0].gen_bits[0].u_prim_buf.gen_generic".
[INF:CP0335] /nfs_scratch/scratch/CompilerValidation/zaheer_ahmad/os_fpga2/Validation/RTL_testcases/RTL_Benchmarks_Gap_Analysis/pwrmgr/rtl/prim_mubi4_sync.sv:115:45: Compile generate block "work@pwrmgr.u_cdc.u_sync_rom_ctrl.gen_buffs[0].gen_bits[1]".
[INF:CP0335] /nfs_scratch/scratch/CompilerValidation/zaheer_ahmad/os_fpga2/Validation/RTL_testcases/RTL_Benchmarks_Gap_Analysis/pwrmgr/rtl/prim_buf.sv:30:10: Compile generate block "work@pwrmgr.u_cdc.u_sync_rom_ctrl.gen_buffs[0].gen_bits[1].u_prim_buf.gen_generic".
[INF:CP0335] /nfs_scratch/scratch/CompilerValidation/zaheer_ahmad/os_fpga2/Validation/RTL_testcases/RTL_Benchmarks_Gap_Analysis/pwrmgr/rtl/prim_mubi4_sync.sv:115:45: Compile generate block "work@pwrmgr.u_cdc.u_sync_rom_ctrl.gen_buffs[0].gen_bits[2]".
[INF:CP0335] /nfs_scratch/scratch/CompilerValidation/zaheer_ahmad/os_fpga2/Validation/RTL_testcases/RTL_Benchmarks_Gap_Analysis/pwrmgr/rtl/prim_buf.sv:30:10: Compile generate block "work@pwrmgr.u_cdc.u_sync_rom_ctrl.gen_buffs[0].gen_bits[2].u_prim_buf.gen_generic".
[INF:CP0335] /nfs_scratch/scratch/CompilerValidation/zaheer_ahmad/os_fpga2/Validation/RTL_testcases/RTL_Benchmarks_Gap_Analysis/pwrmgr/rtl/prim_mubi4_sync.sv:115:45: Compile generate block "work@pwrmgr.u_cdc.u_sync_rom_ctrl.gen_buffs[0].gen_bits[3]".
[INF:CP0335] /nfs_scratch/scratch/CompilerValidation/zaheer_ahmad/os_fpga2/Validation/RTL_testcases/RTL_Benchmarks_Gap_Analysis/pwrmgr/rtl/prim_buf.sv:30:10: Compile generate block "work@pwrmgr.u_cdc.u_sync_rom_ctrl.gen_buffs[0].gen_bits[3].u_prim_buf.gen_generic".
[INF:CP0335] /nfs_scratch/scratch/CompilerValidation/zaheer_ahmad/os_fpga2/Validation/RTL_testcases/RTL_Benchmarks_Gap_Analysis/pwrmgr/rtl/prim_flop_2sync.sv:28:10: Compile generate block "work@pwrmgr.u_cdc.u_clr_reqack.req_sync.gen_generic".
[INF:CP0335] /nfs_scratch/scratch/CompilerValidation/zaheer_ahmad/os_fpga2/Validation/RTL_testcases/RTL_Benchmarks_Gap_Analysis/pwrmgr/rtl/prim_flop_2sync.sv:28:10: Compile generate block "work@pwrmgr.u_cdc.u_clr_reqack.ack_sync.gen_generic".
[INF:CP0335] /nfs_scratch/scratch/CompilerValidation/zaheer_ahmad/os_fpga2/Validation/RTL_testcases/RTL_Benchmarks_Gap_Analysis/pwrmgr/rtl/pwrmgr.sv:394:41: Compile generate block "work@pwrmgr.gen_wakeup_status[0]".
[INF:CP0335] /nfs_scratch/scratch/CompilerValidation/zaheer_ahmad/os_fpga2/Validation/RTL_testcases/RTL_Benchmarks_Gap_Analysis/pwrmgr/rtl/pwrmgr.sv:394:41: Compile generate block "work@pwrmgr.gen_wakeup_status[1]".
[INF:CP0335] /nfs_scratch/scratch/CompilerValidation/zaheer_ahmad/os_fpga2/Validation/RTL_testcases/RTL_Benchmarks_Gap_Analysis/pwrmgr/rtl/pwrmgr.sv:394:41: Compile generate block "work@pwrmgr.gen_wakeup_status[2]".
[INF:CP0335] /nfs_scratch/scratch/CompilerValidation/zaheer_ahmad/os_fpga2/Validation/RTL_testcases/RTL_Benchmarks_Gap_Analysis/pwrmgr/rtl/pwrmgr.sv:394:41: Compile generate block "work@pwrmgr.gen_wakeup_status[3]".
[INF:CP0335] /nfs_scratch/scratch/CompilerValidation/zaheer_ahmad/os_fpga2/Validation/RTL_testcases/RTL_Benchmarks_Gap_Analysis/pwrmgr/rtl/pwrmgr.sv:394:41: Compile generate block "work@pwrmgr.gen_wakeup_status[4]".
[INF:CP0335] /nfs_scratch/scratch/CompilerValidation/zaheer_ahmad/os_fpga2/Validation/RTL_testcases/RTL_Benchmarks_Gap_Analysis/pwrmgr/rtl/pwrmgr.sv:394:41: Compile generate block "work@pwrmgr.gen_wakeup_status[5]".
[INF:CP0335] /nfs_scratch/scratch/CompilerValidation/zaheer_ahmad/os_fpga2/Validation/RTL_testcases/RTL_Benchmarks_Gap_Analysis/pwrmgr/rtl/pwrmgr.sv:399:43: Compile generate block "work@pwrmgr.gen_reset_status[0]".
[INF:CP0335] /nfs_scratch/scratch/CompilerValidation/zaheer_ahmad/os_fpga2/Validation/RTL_testcases/RTL_Benchmarks_Gap_Analysis/pwrmgr/rtl/pwrmgr.sv:399:43: Compile generate block "work@pwrmgr.gen_reset_status[1]".
[INF:CP0335] /nfs_scratch/scratch/CompilerValidation/zaheer_ahmad/os_fpga2/Validation/RTL_testcases/RTL_Benchmarks_Gap_Analysis/pwrmgr/rtl/prim_flop.sv:39:10: Compile generate block "work@pwrmgr.u_slow_fsm.u_state_regs.u_state_flop.gen_generic".
[INF:CP0335] /nfs_scratch/scratch/CompilerValidation/zaheer_ahmad/os_fpga2/Validation/RTL_testcases/RTL_Benchmarks_Gap_Analysis/pwrmgr/rtl/prim_flop.sv:39:10: Compile generate block "work@pwrmgr.u_slow_fsm.u_usb_clk_en.gen_generic".
[INF:CP0335] /nfs_scratch/scratch/CompilerValidation/zaheer_ahmad/os_fpga2/Validation/RTL_testcases/RTL_Benchmarks_Gap_Analysis/pwrmgr/rtl/prim_flop.sv:39:10: Compile generate block "work@pwrmgr.u_fsm.u_state_regs.u_state_flop.gen_generic".
[INF:CP0335] /nfs_scratch/scratch/CompilerValidation/zaheer_ahmad/os_fpga2/Validation/RTL_testcases/RTL_Benchmarks_Gap_Analysis/pwrmgr/rtl/prim_flop_2sync.sv:28:10: Compile generate block "work@pwrmgr.u_fsm.u_slow_sync_lc_done.gen_generic".
[INF:CP0335] /nfs_scratch/scratch/CompilerValidation/zaheer_ahmad/os_fpga2/Validation/RTL_testcases/RTL_Benchmarks_Gap_Analysis/pwrmgr/rtl/prim_flop_2sync.sv:28:10: Compile generate block "work@pwrmgr.u_fsm.u_sync_lc_done.gen_generic".
[INF:CP0335] /nfs_scratch/scratch/CompilerValidation/zaheer_ahmad/os_fpga2/Validation/RTL_testcases/RTL_Benchmarks_Gap_Analysis/pwrmgr/rtl/prim_flop.sv:39:10: Compile generate block "work@pwrmgr.u_fsm.u_usb_ip_clk_en.gen_generic".
[INF:CP0335] /nfs_scratch/scratch/CompilerValidation/zaheer_ahmad/os_fpga2/Validation/RTL_testcases/RTL_Benchmarks_Gap_Analysis/pwrmgr/rtl/prim_flop.sv:39:10: Compile generate block "work@pwrmgr.u_fsm.u_reg_otp_init.gen_generic".
[INF:CP0335] /nfs_scratch/scratch/CompilerValidation/zaheer_ahmad/os_fpga2/Validation/RTL_testcases/RTL_Benchmarks_Gap_Analysis/pwrmgr/rtl/prim_flop.sv:39:10: Compile generate block "work@pwrmgr.u_fsm.u_reg_lc_init.gen_generic".
[INF:CP0335] /nfs_scratch/scratch/CompilerValidation/zaheer_ahmad/os_fpga2/Validation/RTL_testcases/RTL_Benchmarks_Gap_Analysis/pwrmgr/rtl/prim_intr_hw.sv:39:24: Compile generate block "work@pwrmgr.intr_wakeup.gen_flop_intr_output".
[NTE:EL0503] /nfs_scratch/scratch/CompilerValidation/zaheer_ahmad/os_fpga2/Validation/RTL_testcases/RTL_Benchmarks_Gap_Analysis/pwrmgr/rtl/pwrmgr.sv:9:1: Top level module "work@pwrmgr".
[NTE:EL0508] Nb Top level modules: 1.
[NTE:EL0509] Max instance depth: 10.
[NTE:EL0510] Nb instances: 230.
[NTE:EL0511] Nb leaf instances: 26.
[INF:UH0706] Creating UHDM Model...
[INF:UH0707] Elaborating UHDM...
[  FATAL] : 0
[ SYNTAX] : 0
[  ERROR] : 0
[WARNING] : 0
[   NOTE] : 8
Warning: /nfs_scratch/scratch/CompilerValidation/zaheer_ahmad/os_fpga2/Validation/RTL_testcases/RTL_Benchmarks_Gap_Analysis/pwrmgr/rtl/prim_mubi_pkg.sv:80: Post-incrementation operations are handled as pre-incrementation.
Warning: /nfs_scratch/scratch/CompilerValidation/zaheer_ahmad/os_fpga2/Validation/RTL_testcases/RTL_Benchmarks_Gap_Analysis/pwrmgr/rtl/prim_mubi_pkg.sv:106: Post-incrementation operations are handled as pre-incrementation.
Warning: /nfs_scratch/scratch/CompilerValidation/zaheer_ahmad/os_fpga2/Validation/RTL_testcases/RTL_Benchmarks_Gap_Analysis/pwrmgr/rtl/prim_mubi_pkg.sv:209: Post-incrementation operations are handled as pre-incrementation.
Warning: /nfs_scratch/scratch/CompilerValidation/zaheer_ahmad/os_fpga2/Validation/RTL_testcases/RTL_Benchmarks_Gap_Analysis/pwrmgr/rtl/prim_mubi_pkg.sv:235: Post-incrementation operations are handled as pre-incrementation.
Warning: /nfs_scratch/scratch/CompilerValidation/zaheer_ahmad/os_fpga2/Validation/RTL_testcases/RTL_Benchmarks_Gap_Analysis/pwrmgr/rtl/prim_mubi_pkg.sv:338: Post-incrementation operations are handled as pre-incrementation.
Warning: /nfs_scratch/scratch/CompilerValidation/zaheer_ahmad/os_fpga2/Validation/RTL_testcases/RTL_Benchmarks_Gap_Analysis/pwrmgr/rtl/prim_mubi_pkg.sv:364: Post-incrementation operations are handled as pre-incrementation.
Warning: /nfs_scratch/scratch/CompilerValidation/zaheer_ahmad/os_fpga2/Validation/RTL_testcases/RTL_Benchmarks_Gap_Analysis/pwrmgr/rtl/prim_mubi_pkg.sv:467: Post-incrementation operations are handled as pre-incrementation.
Warning: /nfs_scratch/scratch/CompilerValidation/zaheer_ahmad/os_fpga2/Validation/RTL_testcases/RTL_Benchmarks_Gap_Analysis/pwrmgr/rtl/prim_mubi_pkg.sv:493: Post-incrementation operations are handled as pre-incrementation.
Warning: /nfs_scratch/scratch/CompilerValidation/zaheer_ahmad/os_fpga2/Validation/RTL_testcases/RTL_Benchmarks_Gap_Analysis/pwrmgr/rtl/prim_util_pkg.sv:34: Post-incrementation operations are handled as pre-incrementation.
Warning: /nfs_scratch/scratch/CompilerValidation/zaheer_ahmad/os_fpga2/Validation/RTL_testcases/RTL_Benchmarks_Gap_Analysis/pwrmgr/rtl/prim_mubi_pkg.sv:80: Post-incrementation operations are handled as pre-incrementation.
Warning: /nfs_scratch/scratch/CompilerValidation/zaheer_ahmad/os_fpga2/Validation/RTL_testcases/RTL_Benchmarks_Gap_Analysis/pwrmgr/rtl/prim_mubi_pkg.sv:106: Post-incrementation operations are handled as pre-incrementation.
Warning: /nfs_scratch/scratch/CompilerValidation/zaheer_ahmad/os_fpga2/Validation/RTL_testcases/RTL_Benchmarks_Gap_Analysis/pwrmgr/rtl/prim_mubi_pkg.sv:209: Post-incrementation operations are handled as pre-incrementation.
Warning: /nfs_scratch/scratch/CompilerValidation/zaheer_ahmad/os_fpga2/Validation/RTL_testcases/RTL_Benchmarks_Gap_Analysis/pwrmgr/rtl/prim_mubi_pkg.sv:235: Post-incrementation operations are handled as pre-incrementation.
Warning: /nfs_scratch/scratch/CompilerValidation/zaheer_ahmad/os_fpga2/Validation/RTL_testcases/RTL_Benchmarks_Gap_Analysis/pwrmgr/rtl/prim_mubi_pkg.sv:338: Post-incrementation operations are handled as pre-incrementation.
Warning: /nfs_scratch/scratch/CompilerValidation/zaheer_ahmad/os_fpga2/Validation/RTL_testcases/RTL_Benchmarks_Gap_Analysis/pwrmgr/rtl/prim_mubi_pkg.sv:364: Post-incrementation operations are handled as pre-incrementation.
Warning: /nfs_scratch/scratch/CompilerValidation/zaheer_ahmad/os_fpga2/Validation/RTL_testcases/RTL_Benchmarks_Gap_Analysis/pwrmgr/rtl/prim_mubi_pkg.sv:467: Post-incrementation operations are handled as pre-incrementation.
Warning: /nfs_scratch/scratch/CompilerValidation/zaheer_ahmad/os_fpga2/Validation/RTL_testcases/RTL_Benchmarks_Gap_Analysis/pwrmgr/rtl/prim_mubi_pkg.sv:493: Post-incrementation operations are handled as pre-incrementation.
Warning: /nfs_scratch/scratch/CompilerValidation/zaheer_ahmad/os_fpga2/Validation/RTL_testcases/RTL_Benchmarks_Gap_Analysis/pwrmgr/rtl/prim_mubi_pkg.sv:80: Post-incrementation operations are handled as pre-incrementation.
Warning: /nfs_scratch/scratch/CompilerValidation/zaheer_ahmad/os_fpga2/Validation/RTL_testcases/RTL_Benchmarks_Gap_Analysis/pwrmgr/rtl/prim_mubi_pkg.sv:106: Post-incrementation operations are handled as pre-incrementation.
Warning: /nfs_scratch/scratch/CompilerValidation/zaheer_ahmad/os_fpga2/Validation/RTL_testcases/RTL_Benchmarks_Gap_Analysis/pwrmgr/rtl/prim_mubi_pkg.sv:209: Post-incrementation operations are handled as pre-incrementation.
Warning: /nfs_scratch/scratch/CompilerValidation/zaheer_ahmad/os_fpga2/Validation/RTL_testcases/RTL_Benchmarks_Gap_Analysis/pwrmgr/rtl/prim_mubi_pkg.sv:235: Post-incrementation operations are handled as pre-incrementation.
Warning: /nfs_scratch/scratch/CompilerValidation/zaheer_ahmad/os_fpga2/Validation/RTL_testcases/RTL_Benchmarks_Gap_Analysis/pwrmgr/rtl/prim_mubi_pkg.sv:338: Post-incrementation operations are handled as pre-incrementation.
Warning: /nfs_scratch/scratch/CompilerValidation/zaheer_ahmad/os_fpga2/Validation/RTL_testcases/RTL_Benchmarks_Gap_Analysis/pwrmgr/rtl/prim_mubi_pkg.sv:364: Post-incrementation operations are handled as pre-incrementation.
Warning: /nfs_scratch/scratch/CompilerValidation/zaheer_ahmad/os_fpga2/Validation/RTL_testcases/RTL_Benchmarks_Gap_Analysis/pwrmgr/rtl/prim_mubi_pkg.sv:467: Post-incrementation operations are handled as pre-incrementation.
Warning: /nfs_scratch/scratch/CompilerValidation/zaheer_ahmad/os_fpga2/Validation/RTL_testcases/RTL_Benchmarks_Gap_Analysis/pwrmgr/rtl/prim_mubi_pkg.sv:493: Post-incrementation operations are handled as pre-incrementation.
Warning: /nfs_scratch/scratch/CompilerValidation/zaheer_ahmad/os_fpga2/Validation/RTL_testcases/RTL_Benchmarks_Gap_Analysis/pwrmgr/rtl/pwrmgr_fsm.sv:398: Post-incrementation operations are handled as pre-incrementation.
Generating RTLIL representation for module `$paramod$572334ae2b5971ff7e4eb457c77e6e769d857e82\prim_sparse_fsm_flop'.
Generating RTLIL representation for module `$paramod$21a513b276be09c9cb5553d5463fdf4800edca32\pwrmgr_fsm'.
Warning: reg '\state_q' is assigned in a continuous assignment at /nfs_scratch/scratch/CompilerValidation/zaheer_ahmad/os_fpga2/Validation/RTL_testcases/RTL_Benchmarks_Gap_Analysis/pwrmgr/rtl/pwrmgr_fsm.sv:151.10-151.50.
Warning: reg '\fetch_en_o' is assigned in a continuous assignment at /nfs_scratch/scratch/CompilerValidation/zaheer_ahmad/os_fpga2/Validation/RTL_testcases/RTL_Benchmarks_Gap_Analysis/pwrmgr/rtl/pwrmgr_fsm.sv:180.10-180.33.
Generating RTLIL representation for module `$paramod$fe55b1bb949966d310e200acf24c2aa59944d626\prim_generic_flop'.
Generating RTLIL representation for module `$paramod$44a1f8f9602035884579b7c1bf52cac427a84729\prim_flop'.
Generating RTLIL representation for module `$paramod$a7aee46bd09813908c06b21f352766ca9cf9b3c9\prim_sparse_fsm_flop'.
Generating RTLIL representation for module `$paramod$21db42bc4a37f19b92ab182268213f76666c0005\pwrmgr_slow_fsm'.
Warning: reg '\state_q' is assigned in a continuous assignment at /nfs_scratch/scratch/CompilerValidation/zaheer_ahmad/os_fpga2/Validation/RTL_testcases/RTL_Benchmarks_Gap_Analysis/pwrmgr/rtl/pwrmgr_slow_fsm.sv:125.10-125.50.
Warning: reg '\pwrup_cause_o' is assigned in a continuous assignment at /nfs_scratch/scratch/CompilerValidation/zaheer_ahmad/os_fpga2/Validation/RTL_testcases/RTL_Benchmarks_Gap_Analysis/pwrmgr/rtl/pwrmgr_slow_fsm.sv:313.10-313.33.
Generating RTLIL representation for module `$paramod$21a513b276be09c9cb5553d5463fdf4800edca32\pwrmgr_wake_info'.
Generating RTLIL representation for module `$paramod\prim_generic_clock_mux2\NoFpgaBufG=1'1'.
Generating RTLIL representation for module `$paramod\prim_clock_mux2\NoFpgaBufG=1'1\Impl=32'00000000000000000000000000000000'.
Generating RTLIL representation for module `$paramod$f00c4529a1ee6db225b5a16a9e380cfcfefeb4fc\prim_buf'.
Generating RTLIL representation for module `$paramod$4c9652adfb17b2d533bb31a43b4ddd326554f0f1\prim_flop'.
Generating RTLIL representation for module `$paramod\prim_sec_anchor_buf\Width=s32'00000000000000000000000000000100'.
Generating RTLIL representation for module `$paramod\prim_generic_xor2\Width=s32'00000000000000000000000000000100'.
Generating RTLIL representation for module `$paramod$6ae18350b51be32fd7406c5aaac3c7582e0e6af0\prim_generic_flop'.
Generating RTLIL representation for module `$paramod$6ae18350b51be32fd7406c5aaac3c7582e0e6af0\prim_flop_2sync'.
Generating RTLIL representation for module `$paramod\prim_generic_flop\Width=s32'00000000000000000000000000000010\ResetValue=2'00'.
Generating RTLIL representation for module `$paramod\prim_generic_flop_2sync\Width=s32'00000000000000000000000000000010\ResetValue=2'00'.
Generating RTLIL representation for module `$paramod$1232de8c2fe4fff6a75b5663758d1bf50afa3825\prim_generic_flop'.
Generating RTLIL representation for module `$paramod$2454416d686f119c214b8f35dcdc5a0867f85a76\prim_generic_flop'.
Generating RTLIL representation for module `$paramod$1232de8c2fe4fff6a75b5663758d1bf50afa3825\prim_flop_2sync'.
Generating RTLIL representation for module `$paramod\prim_intr_hw\Width=32'00000000000000000000000000000001\FlopOutput=1'1'.
Generating RTLIL representation for module `$paramod$25ebe4329fda051e04aa1129a6e1ffd602984606\prim_generic_flop'.
Generating RTLIL representation for module `$paramod$21a513b276be09c9cb5553d5463fdf4800edca32\pwrmgr_cdc'.
Generating RTLIL representation for module `$paramod$a7b283e8b9acadb82fb07886ab71c26207bbd72c\prim_mubi4_sync'.
Warning: reg '\mubi_o' is assigned in a continuous assignment at /nfs_scratch/scratch/CompilerValidation/zaheer_ahmad/os_fpga2/Validation/RTL_testcases/RTL_Benchmarks_Gap_Analysis/pwrmgr/rtl/prim_mubi4_sync.sv:121.12-121.42.
Generating RTLIL representation for module `$paramod$25ebe4329fda051e04aa1129a6e1ffd602984606\prim_flop_2sync'.
Generating RTLIL representation for module `$paramod$1922727dec4c1da7ed6ad3dc09fc46ad0b6c2a2c\prim_subreg'.
Generating RTLIL representation for module `$paramod\prim_clock_buf\Impl=32'00000000000000000000000000000000'.
Generating RTLIL representation for module `$paramod\prim_generic_flop\Width=s32'00000000000000000000000000000001\ResetValue=1'1'.
Generating RTLIL representation for module `$paramod\prim_generic_flop_2sync\Width=s32'00000000000000000000000000000001\ResetValue=1'1'.
Generating RTLIL representation for module `\prim_lc_sender'.
Warning: reg '\lc_en_o' is assigned in a continuous assignment at /nfs_scratch/scratch/CompilerValidation/zaheer_ahmad/os_fpga2/Validation/RTL_testcases/RTL_Benchmarks_Gap_Analysis/pwrmgr/rtl/prim_lc_sender.sv:32.10-32.52.
Generating RTLIL representation for module `$paramod\prim_generic_flop\Width=s32'00000000000000000000000000000001\ResetValue=1'0'.
Generating RTLIL representation for module `$paramod$ebe0a97d65ac33a9414f47886a18e066f6dc6365\prim_flop'.
Generating RTLIL representation for module `$paramod\prim_diff_decode\AsyncOn=1'1'.
Generating RTLIL representation for module `$paramod\prim_flop_2sync\Width=s32'00000000000000000000000000000010\ResetValue=2'00'.
Generating RTLIL representation for module `$paramod$a15eb3e9e7e337a1d68c13676510cc99e563cdd3\prim_buf'.
Generating RTLIL representation for module `$paramod$6ae18350b51be32fd7406c5aaac3c7582e0e6af0\prim_generic_flop_2sync'.
Generating RTLIL representation for module `\prim_generic_clock_buf'.
Generating RTLIL representation for module `$paramod\prim_alert_sender\AsyncOn=1'1\ALERT_TX_DEFAULT=2'01\ALERT_RX_DEFAULT=4'0101'.
Generating RTLIL representation for module `\pwrmgr'.
Warning: reg '\rom_ctrl_good' is assigned in a continuous assignment at /nfs_scratch/scratch/CompilerValidation/zaheer_ahmad/os_fpga2/Validation/RTL_testcases/RTL_Benchmarks_Gap_Analysis/pwrmgr/rtl/pwrmgr.sv:360.10-360.41.
Generating RTLIL representation for module `$paramod\prim_clock_timeout\TimeOutCnt=s32'00000000000000000000000010000000'.
Generating RTLIL representation for module `\prim_sync_reqack'.
Generating RTLIL representation for module `$paramod$1f2cba5866897a44b387e1c2993af0b4468bf03a\prim_xor2'.
Generating RTLIL representation for module `$paramod$d1667f769712e8f5d6feff44c8934483fca616bd\prim_flop'.
Generating RTLIL representation for module `$paramod$b16ec1a2d37bb01b30b4807f6e7e5972c818c2d7\tlul_cmd_intg_chk'.
Generating RTLIL representation for module `$paramod\prim_flop_2sync\Width=s32'00000000000000000000000000000001\ResetValue=1'1'.
Generating RTLIL representation for module `$paramod\prim_flop_2sync\Width=s32'00000000000000000000000000000001\ResetValue=1'0'.
Generating RTLIL representation for module `\prim_secded_inv_39_32_enc'.
Generating RTLIL representation for module `$paramod$c5a2c670fcc80b1e00077cb7c12ddf5cd8beba26\prim_count'.
Generating RTLIL representation for module `$paramod$705fa05787a5d1cbfe2ae3dc7a01b0dd03c7a1d2\prim_flop'.
Generating RTLIL representation for module `$paramod\prim_generic_flop_2sync\Width=s32'00000000000000000000000000000001\ResetValue=1'0'.
Generating RTLIL representation for module `$paramod$e28d8d901a11ac5d5e5c27396dca7dc727aac42a\prim_subreg'.
Generating RTLIL representation for module `$paramod$30daef7d8fbea83f8d5d97bb6bbeea8d50f20643\tlul_rsp_intg_gen'.
Generating RTLIL representation for module `$paramod$58cc36426b572d644c9bdaa50fac6b4ad91ed7ea\prim_esc_receiver'.
Generating RTLIL representation for module `$paramod$eca6cdb671bb55064ea4103fc00be19283c8611c\prim_buf'.
Generating RTLIL representation for module `$paramod$1232de8c2fe4fff6a75b5663758d1bf50afa3825\prim_generic_flop_2sync'.
Generating RTLIL representation for module `$paramod\prim_diff_decode\AsyncOn=1'0'.
Generating RTLIL representation for module `$paramod$55720f6f56ab0dcb7b0978d7b020cd5788c3bb7b\prim_buf'.
Generating RTLIL representation for module `$paramod$18eae125e8070a5fb29a0bd9923127bd30ff2039\prim_subreg'.
Generating RTLIL representation for module `$paramod$cafc58aacea66ce361f30fc5fb51712913515c86\prim_generic_flop'.
Generating RTLIL representation for module `$paramod\prim_sec_anchor_buf\Width=s32'00000000000000000000000000000001'.
Generating RTLIL representation for module `$paramod\prim_sec_anchor_flop\Width=s32'00000000000000000000000000000010\ResetValue=2'10'.
Generating RTLIL representation for module `$paramod\prim_generic_flop\Width=s32'00000000000000000000000000000010\ResetValue=2'10'.
Generating RTLIL representation for module `\prim_secded_inv_64_57_dec'.
Generating RTLIL representation for module `$paramod$b16ec1a2d37bb01b30b4807f6e7e5972c818c2d7\tlul_data_integ_dec'.
Generating RTLIL representation for module `$paramod$25ebe4329fda051e04aa1129a6e1ffd602984606\prim_generic_flop_2sync'.
Generating RTLIL representation for module `\prim_secded_inv_39_32_dec'.
Generating RTLIL representation for module `\prim_generic_buf'.
Generating RTLIL representation for module `\prim_secded_inv_64_57_enc'.
Generating RTLIL representation for module `$paramod$ff88e0cc5b79bb9c0662e183af7c9b980234cfc1\prim_flop'.
Generating RTLIL representation for module `$paramod$b16ec1a2d37bb01b30b4807f6e7e5972c818c2d7\tlul_data_integ_enc'.
Generating RTLIL representation for module `$paramod$ee0227794101df47ad9f37b0d88f82f880f9e439\tlul_adapter_reg'.
Generating RTLIL representation for module `$paramod$8ec11ab84d267aa735efee7deaffb669de62e241\pwrmgr_reg_top'.
Generating RTLIL representation for module `$paramod$7e00d363ce130de0a5a3e36d8a0ef795833e2889\prim_subreg'.
Generating RTLIL representation for module `$paramod$b16ec1a2d37bb01b30b4807f6e7e5972c818c2d7\tlul_err'.
Generating RTLIL representation for module `\prim_pulse_sync'.
Generating RTLIL representation for module `$paramod$112511bfd0dccda09976f1ed3a15d1c8d45112d4\prim_subreg'.
Generating RTLIL representation for module `$paramod\prim_subreg_ext\DW=32'00000000000000000000000000000001'.

2. Executing Verilog-2005 frontend: /nfs_eda_sw/softwares/Raptor/instl_dir/12_05_2024_09_15_01/share/raptor/sim_models/rapidsilicon/genesis3/FPGA_PRIMITIVES_MODELS/blackbox_models/cell_sim_blackbox.v
Parsing SystemVerilog input from `/nfs_eda_sw/softwares/Raptor/instl_dir/12_05_2024_09_15_01/share/raptor/sim_models/rapidsilicon/genesis3/FPGA_PRIMITIVES_MODELS/blackbox_models/cell_sim_blackbox.v' to AST representation.
Generating RTLIL representation for module `\BOOT_CLOCK'.
Generating RTLIL representation for module `\CARRY_BREAK'.
Generating RTLIL representation for module `\CARRY'.
Generating RTLIL representation for module `\CLK_BUF'.
Generating RTLIL representation for module `\DFFNRE'.
Generating RTLIL representation for module `\DFFRE'.
Generating RTLIL representation for module `\DLY_SEL_DECODER'.
Generating RTLIL representation for module `\DLY_VALUE_MUX'.
Generating RTLIL representation for module `\DSP19X2'.
Generating RTLIL representation for module `\DSP38'.
Generating RTLIL representation for module `\FCLK_BUF'.
Generating RTLIL representation for module `\FIFO18KX2'.
Generating RTLIL representation for module `\FIFO36K'.
Generating RTLIL representation for module `\I_BUF_DS'.
Generating RTLIL representation for module `\I_BUF'.
Generating RTLIL representation for module `\I_DDR'.
Generating RTLIL representation for module `\I_DELAY'.
Generating RTLIL representation for module `\I_FAB'.
Generating RTLIL representation for module `\I_SERDES'.
Generating RTLIL representation for module `\LATCHNR'.
Generating RTLIL representation for module `\LATCHNS'.
Generating RTLIL representation for module `\LATCHN'.
Generating RTLIL representation for module `\LATCHR'.
Generating RTLIL representation for module `\LATCHS'.
Generating RTLIL representation for module `\LATCH'.
Generating RTLIL representation for module `\LUT1'.
Generating RTLIL representation for module `\LUT2'.
Generating RTLIL representation for module `\LUT3'.
Generating RTLIL representation for module `\LUT4'.
Generating RTLIL representation for module `\LUT5'.
Generating RTLIL representation for module `\LUT6'.
Generating RTLIL representation for module `\MIPI_RX'.
Generating RTLIL representation for module `\MIPI_TX'.
Generating RTLIL representation for module `\O_BUF_DS'.
Generating RTLIL representation for module `\O_BUFT_DS'.
Generating RTLIL representation for module `\O_BUFT'.
Generating RTLIL representation for module `\O_BUF'.
Generating RTLIL representation for module `\O_DDR'.
Generating RTLIL representation for module `\O_DELAY'.
Generating RTLIL representation for module `\O_FAB'.
Generating RTLIL representation for module `\O_SERDES_CLK'.
Generating RTLIL representation for module `\O_SERDES'.
Generating RTLIL representation for module `\PLL'.
Generating RTLIL representation for module `\SOC_FPGA_INTF_AHB_M'.
Generating RTLIL representation for module `\SOC_FPGA_INTF_AHB_S'.
Generating RTLIL representation for module `\SOC_FPGA_INTF_AXI_M0'.
Generating RTLIL representation for module `\SOC_FPGA_INTF_AXI_M1'.
Generating RTLIL representation for module `\SOC_FPGA_INTF_DMA'.
Generating RTLIL representation for module `\SOC_FPGA_INTF_IRQ'.
Generating RTLIL representation for module `\SOC_FPGA_INTF_JTAG'.
Generating RTLIL representation for module `\SOC_FPGA_TEMPERATURE'.
Generating RTLIL representation for module `\TDP_RAM18KX2'.
Generating RTLIL representation for module `\TDP_RAM36K'.
Successfully finished Verilog frontend.

3. Executing HIERARCHY pass (managing design hierarchy).

3.1. Analyzing design hierarchy..
Top module:  \pwrmgr
Used module:     $paramod\prim_intr_hw\Width=32'00000000000000000000000000000001\FlopOutput=1'1
Used module:     $paramod$21a513b276be09c9cb5553d5463fdf4800edca32\pwrmgr_wake_info
Used module:     $paramod$21a513b276be09c9cb5553d5463fdf4800edca32\pwrmgr_fsm
Used module:         $paramod$705fa05787a5d1cbfe2ae3dc7a01b0dd03c7a1d2\prim_flop
Used module:             $paramod\prim_generic_flop\Width=s32'00000000000000000000000000000001\ResetValue=1'0
Used module:         $paramod\prim_flop_2sync\Width=s32'00000000000000000000000000000001\ResetValue=1'0
Used module:             $paramod\prim_generic_flop_2sync\Width=s32'00000000000000000000000000000001\ResetValue=1'0
Used module:         \prim_lc_sender
Used module:             $paramod$6ae18350b51be32fd7406c5aaac3c7582e0e6af0\prim_generic_flop
Used module:         $paramod$572334ae2b5971ff7e4eb457c77e6e769d857e82\prim_sparse_fsm_flop
Used module:             $paramod$4c9652adfb17b2d533bb31a43b4ddd326554f0f1\prim_flop
Used module:                 $paramod$2454416d686f119c214b8f35dcdc5a0867f85a76\prim_generic_flop
Used module:     $paramod$21db42bc4a37f19b92ab182268213f76666c0005\pwrmgr_slow_fsm
Used module:         $paramod$a7aee46bd09813908c06b21f352766ca9cf9b3c9\prim_sparse_fsm_flop
Used module:             $paramod$44a1f8f9602035884579b7c1bf52cac427a84729\prim_flop
Used module:                 $paramod$fe55b1bb949966d310e200acf24c2aa59944d626\prim_generic_flop
Used module:     $paramod$21a513b276be09c9cb5553d5463fdf4800edca32\pwrmgr_cdc
Used module:         \prim_sync_reqack
Used module:         $paramod$a7b283e8b9acadb82fb07886ab71c26207bbd72c\prim_mubi4_sync
Used module:             $paramod$a15eb3e9e7e337a1d68c13676510cc99e563cdd3\prim_buf
Used module:                 \prim_generic_buf
Used module:             $paramod\prim_clock_mux2\NoFpgaBufG=1'1\Impl=32'00000000000000000000000000000000
Used module:                 $paramod\prim_generic_clock_mux2\NoFpgaBufG=1'1
Used module:             $paramod\prim_sec_anchor_buf\Width=s32'00000000000000000000000000000100
Used module:                 $paramod$f00c4529a1ee6db225b5a16a9e380cfcfefeb4fc\prim_buf
Used module:             $paramod$1f2cba5866897a44b387e1c2993af0b4468bf03a\prim_xor2
Used module:                 $paramod\prim_generic_xor2\Width=s32'00000000000000000000000000000100
Used module:             $paramod$d1667f769712e8f5d6feff44c8934483fca616bd\prim_flop
Used module:             $paramod$6ae18350b51be32fd7406c5aaac3c7582e0e6af0\prim_flop_2sync
Used module:                 $paramod$6ae18350b51be32fd7406c5aaac3c7582e0e6af0\prim_generic_flop_2sync
Used module:         $paramod\prim_flop_2sync\Width=s32'00000000000000000000000000000010\ResetValue=2'00
Used module:             $paramod\prim_generic_flop_2sync\Width=s32'00000000000000000000000000000010\ResetValue=2'00
Used module:                 $paramod\prim_generic_flop\Width=s32'00000000000000000000000000000010\ResetValue=2'00
Used module:         $paramod\prim_flop_2sync\Width=s32'00000000000000000000000000000001\ResetValue=1'1
Used module:             $paramod\prim_generic_flop_2sync\Width=s32'00000000000000000000000000000001\ResetValue=1'1
Used module:                 $paramod\prim_generic_flop\Width=s32'00000000000000000000000000000001\ResetValue=1'1
Used module:         $paramod$25ebe4329fda051e04aa1129a6e1ffd602984606\prim_flop_2sync
Used module:             $paramod$25ebe4329fda051e04aa1129a6e1ffd602984606\prim_generic_flop_2sync
Used module:                 $paramod$25ebe4329fda051e04aa1129a6e1ffd602984606\prim_generic_flop
Used module:         \prim_pulse_sync
Used module:         $paramod$1232de8c2fe4fff6a75b5663758d1bf50afa3825\prim_flop_2sync
Used module:             $paramod$1232de8c2fe4fff6a75b5663758d1bf50afa3825\prim_generic_flop_2sync
Used module:                 $paramod$1232de8c2fe4fff6a75b5663758d1bf50afa3825\prim_generic_flop
Used module:     $paramod$8ec11ab84d267aa735efee7deaffb669de62e241\pwrmgr_reg_top
Used module:         $paramod\prim_subreg_ext\DW=32'00000000000000000000000000000001
Used module:         $paramod$7e00d363ce130de0a5a3e36d8a0ef795833e2889\prim_subreg
Used module:         $paramod$18eae125e8070a5fb29a0bd9923127bd30ff2039\prim_subreg
Used module:         $paramod$1922727dec4c1da7ed6ad3dc09fc46ad0b6c2a2c\prim_subreg
Used module:         $paramod$e28d8d901a11ac5d5e5c27396dca7dc727aac42a\prim_subreg
Used module:         $paramod$112511bfd0dccda09976f1ed3a15d1c8d45112d4\prim_subreg
Used module:         $paramod$ee0227794101df47ad9f37b0d88f82f880f9e439\tlul_adapter_reg
Used module:             $paramod$b16ec1a2d37bb01b30b4807f6e7e5972c818c2d7\tlul_err
Used module:         $paramod$30daef7d8fbea83f8d5d97bb6bbeea8d50f20643\tlul_rsp_intg_gen
Used module:             $paramod$b16ec1a2d37bb01b30b4807f6e7e5972c818c2d7\tlul_data_integ_enc
Used module:                 \prim_secded_inv_39_32_enc
Used module:             \prim_secded_inv_64_57_enc
Used module:         $paramod$b16ec1a2d37bb01b30b4807f6e7e5972c818c2d7\tlul_cmd_intg_chk
Used module:             $paramod$b16ec1a2d37bb01b30b4807f6e7e5972c818c2d7\tlul_data_integ_dec
Used module:                 \prim_secded_inv_39_32_dec
Used module:             \prim_secded_inv_64_57_dec
Used module:     $paramod\prim_clock_timeout\TimeOutCnt=s32'00000000000000000000000010000000
Used module:     $paramod$58cc36426b572d644c9bdaa50fac6b4ad91ed7ea\prim_esc_receiver
Used module:         $paramod\prim_sec_anchor_flop\Width=s32'00000000000000000000000000000010\ResetValue=2'10
Used module:             $paramod$ebe0a97d65ac33a9414f47886a18e066f6dc6365\prim_flop
Used module:                 $paramod\prim_generic_flop\Width=s32'00000000000000000000000000000010\ResetValue=2'10
Used module:         $paramod\prim_sec_anchor_buf\Width=s32'00000000000000000000000000000001
Used module:         $paramod$c5a2c670fcc80b1e00077cb7c12ddf5cd8beba26\prim_count
Used module:             $paramod$ff88e0cc5b79bb9c0662e183af7c9b980234cfc1\prim_flop
Used module:                 $paramod$cafc58aacea66ce361f30fc5fb51712913515c86\prim_generic_flop
Used module:             $paramod$55720f6f56ab0dcb7b0978d7b020cd5788c3bb7b\prim_buf
Used module:         $paramod\prim_diff_decode\AsyncOn=1'0
Used module:         $paramod$eca6cdb671bb55064ea4103fc00be19283c8611c\prim_buf
Used module:     $paramod\prim_clock_buf\Impl=32'00000000000000000000000000000000
Used module:         \prim_generic_clock_buf
Used module:     $paramod\prim_alert_sender\AsyncOn=1'1\ALERT_TX_DEFAULT=2'01\ALERT_RX_DEFAULT=4'0101
Used module:         $paramod\prim_diff_decode\AsyncOn=1'1

3.2. Analyzing design hierarchy..
Top module:  \pwrmgr
Used module:     $paramod\prim_intr_hw\Width=32'00000000000000000000000000000001\FlopOutput=1'1
Used module:     $paramod$21a513b276be09c9cb5553d5463fdf4800edca32\pwrmgr_wake_info
Used module:     $paramod$21a513b276be09c9cb5553d5463fdf4800edca32\pwrmgr_fsm
Used module:         $paramod$705fa05787a5d1cbfe2ae3dc7a01b0dd03c7a1d2\prim_flop
Used module:             $paramod\prim_generic_flop\Width=s32'00000000000000000000000000000001\ResetValue=1'0
Used module:         $paramod\prim_flop_2sync\Width=s32'00000000000000000000000000000001\ResetValue=1'0
Used module:             $paramod\prim_generic_flop_2sync\Width=s32'00000000000000000000000000000001\ResetValue=1'0
Used module:         \prim_lc_sender
Used module:             $paramod$6ae18350b51be32fd7406c5aaac3c7582e0e6af0\prim_generic_flop
Used module:         $paramod$572334ae2b5971ff7e4eb457c77e6e769d857e82\prim_sparse_fsm_flop
Used module:             $paramod$4c9652adfb17b2d533bb31a43b4ddd326554f0f1\prim_flop
Used module:                 $paramod$2454416d686f119c214b8f35dcdc5a0867f85a76\prim_generic_flop
Used module:     $paramod$21db42bc4a37f19b92ab182268213f76666c0005\pwrmgr_slow_fsm
Used module:         $paramod$a7aee46bd09813908c06b21f352766ca9cf9b3c9\prim_sparse_fsm_flop
Used module:             $paramod$44a1f8f9602035884579b7c1bf52cac427a84729\prim_flop
Used module:                 $paramod$fe55b1bb949966d310e200acf24c2aa59944d626\prim_generic_flop
Used module:     $paramod$21a513b276be09c9cb5553d5463fdf4800edca32\pwrmgr_cdc
Used module:         \prim_sync_reqack
Used module:         $paramod$a7b283e8b9acadb82fb07886ab71c26207bbd72c\prim_mubi4_sync
Used module:             $paramod$a15eb3e9e7e337a1d68c13676510cc99e563cdd3\prim_buf
Used module:                 \prim_generic_buf
Used module:             $paramod\prim_clock_mux2\NoFpgaBufG=1'1\Impl=32'00000000000000000000000000000000
Used module:                 $paramod\prim_generic_clock_mux2\NoFpgaBufG=1'1
Used module:             $paramod\prim_sec_anchor_buf\Width=s32'00000000000000000000000000000100
Used module:                 $paramod$f00c4529a1ee6db225b5a16a9e380cfcfefeb4fc\prim_buf
Used module:             $paramod$1f2cba5866897a44b387e1c2993af0b4468bf03a\prim_xor2
Used module:                 $paramod\prim_generic_xor2\Width=s32'00000000000000000000000000000100
Used module:             $paramod$d1667f769712e8f5d6feff44c8934483fca616bd\prim_flop
Used module:             $paramod$6ae18350b51be32fd7406c5aaac3c7582e0e6af0\prim_flop_2sync
Used module:                 $paramod$6ae18350b51be32fd7406c5aaac3c7582e0e6af0\prim_generic_flop_2sync
Used module:         $paramod\prim_flop_2sync\Width=s32'00000000000000000000000000000010\ResetValue=2'00
Used module:             $paramod\prim_generic_flop_2sync\Width=s32'00000000000000000000000000000010\ResetValue=2'00
Used module:                 $paramod\prim_generic_flop\Width=s32'00000000000000000000000000000010\ResetValue=2'00
Used module:         $paramod\prim_flop_2sync\Width=s32'00000000000000000000000000000001\ResetValue=1'1
Used module:             $paramod\prim_generic_flop_2sync\Width=s32'00000000000000000000000000000001\ResetValue=1'1
Used module:                 $paramod\prim_generic_flop\Width=s32'00000000000000000000000000000001\ResetValue=1'1
Used module:         $paramod$25ebe4329fda051e04aa1129a6e1ffd602984606\prim_flop_2sync
Used module:             $paramod$25ebe4329fda051e04aa1129a6e1ffd602984606\prim_generic_flop_2sync
Used module:                 $paramod$25ebe4329fda051e04aa1129a6e1ffd602984606\prim_generic_flop
Used module:         \prim_pulse_sync
Used module:         $paramod$1232de8c2fe4fff6a75b5663758d1bf50afa3825\prim_flop_2sync
Used module:             $paramod$1232de8c2fe4fff6a75b5663758d1bf50afa3825\prim_generic_flop_2sync
Used module:                 $paramod$1232de8c2fe4fff6a75b5663758d1bf50afa3825\prim_generic_flop
Used module:     $paramod$8ec11ab84d267aa735efee7deaffb669de62e241\pwrmgr_reg_top
Used module:         $paramod\prim_subreg_ext\DW=32'00000000000000000000000000000001
Used module:         $paramod$7e00d363ce130de0a5a3e36d8a0ef795833e2889\prim_subreg
Used module:         $paramod$18eae125e8070a5fb29a0bd9923127bd30ff2039\prim_subreg
Used module:         $paramod$1922727dec4c1da7ed6ad3dc09fc46ad0b6c2a2c\prim_subreg
Used module:         $paramod$e28d8d901a11ac5d5e5c27396dca7dc727aac42a\prim_subreg
Used module:         $paramod$112511bfd0dccda09976f1ed3a15d1c8d45112d4\prim_subreg
Used module:         $paramod$ee0227794101df47ad9f37b0d88f82f880f9e439\tlul_adapter_reg
Used module:             $paramod$b16ec1a2d37bb01b30b4807f6e7e5972c818c2d7\tlul_err
Used module:         $paramod$30daef7d8fbea83f8d5d97bb6bbeea8d50f20643\tlul_rsp_intg_gen
Used module:             $paramod$b16ec1a2d37bb01b30b4807f6e7e5972c818c2d7\tlul_data_integ_enc
Used module:                 \prim_secded_inv_39_32_enc
Used module:             \prim_secded_inv_64_57_enc
Used module:         $paramod$b16ec1a2d37bb01b30b4807f6e7e5972c818c2d7\tlul_cmd_intg_chk
Used module:             $paramod$b16ec1a2d37bb01b30b4807f6e7e5972c818c2d7\tlul_data_integ_dec
Used module:                 \prim_secded_inv_39_32_dec
Used module:             \prim_secded_inv_64_57_dec
Used module:     $paramod\prim_clock_timeout\TimeOutCnt=s32'00000000000000000000000010000000
Used module:     $paramod$58cc36426b572d644c9bdaa50fac6b4ad91ed7ea\prim_esc_receiver
Used module:         $paramod\prim_sec_anchor_flop\Width=s32'00000000000000000000000000000010\ResetValue=2'10
Used module:             $paramod$ebe0a97d65ac33a9414f47886a18e066f6dc6365\prim_flop
Used module:                 $paramod\prim_generic_flop\Width=s32'00000000000000000000000000000010\ResetValue=2'10
Used module:         $paramod\prim_sec_anchor_buf\Width=s32'00000000000000000000000000000001
Used module:         $paramod$c5a2c670fcc80b1e00077cb7c12ddf5cd8beba26\prim_count
Used module:             $paramod$ff88e0cc5b79bb9c0662e183af7c9b980234cfc1\prim_flop
Used module:                 $paramod$cafc58aacea66ce361f30fc5fb51712913515c86\prim_generic_flop
Used module:             $paramod$55720f6f56ab0dcb7b0978d7b020cd5788c3bb7b\prim_buf
Used module:         $paramod\prim_diff_decode\AsyncOn=1'0
Used module:         $paramod$eca6cdb671bb55064ea4103fc00be19283c8611c\prim_buf
Used module:     $paramod\prim_clock_buf\Impl=32'00000000000000000000000000000000
Used module:         \prim_generic_clock_buf
Used module:     $paramod\prim_alert_sender\AsyncOn=1'1\ALERT_TX_DEFAULT=2'01\ALERT_RX_DEFAULT=4'0101
Used module:         $paramod\prim_diff_decode\AsyncOn=1'1
Removed 0 unused modules.
Warning: Resizing cell port $paramod$8ec11ab84d267aa735efee7deaffb669de62e241\pwrmgr_reg_top.u_wake_info_reasons.q from 6 bits to 1 bits.
Warning: Resizing cell port $paramod$8ec11ab84d267aa735efee7deaffb669de62e241\pwrmgr_reg_top.u_wake_info_reasons.d from 6 bits to 1 bits.
Warning: Resizing cell port $paramod$58cc36426b572d644c9bdaa50fac6b4ad91ed7ea\prim_esc_receiver.u_prim_buf_esc.out_o from 2 bits to 1 bits.
Warning: Resizing cell port $paramod$58cc36426b572d644c9bdaa50fac6b4ad91ed7ea\prim_esc_receiver.u_prim_buf_esc.in_i from 2 bits to 1 bits.
Warning: Resizing cell port $paramod$30daef7d8fbea83f8d5d97bb6bbeea8d50f20643\tlul_rsp_intg_gen.gen_rsp_intg.u_rsp_gen.data_i from 6 bits to 57 bits.
Warning: Resizing cell port $paramod$c5a2c670fcc80b1e00077cb7c12ddf5cd8beba26\prim_count.gen_cnts[1].u_buf.out_o from 30 bits to 1 bits.
Warning: Resizing cell port $paramod$c5a2c670fcc80b1e00077cb7c12ddf5cd8beba26\prim_count.gen_cnts[1].u_buf.in_i from 30 bits to 1 bits.
Warning: Resizing cell port $paramod$c5a2c670fcc80b1e00077cb7c12ddf5cd8beba26\prim_count.gen_cnts[0].u_buf.out_o from 30 bits to 1 bits.
Warning: Resizing cell port $paramod$c5a2c670fcc80b1e00077cb7c12ddf5cd8beba26\prim_count.gen_cnts[0].u_buf.in_i from 30 bits to 1 bits.
Warning: Resizing cell port $paramod$b16ec1a2d37bb01b30b4807f6e7e5972c818c2d7\tlul_cmd_intg_chk.u_chk.data_i from 50 bits to 64 bits.
Warning: Resizing cell port $paramod\prim_sec_anchor_buf\Width=s32'00000000000000000000000000000100.u_secure_anchor_buf.out_o from 4 bits to 1 bits.
Warning: Resizing cell port $paramod\prim_sec_anchor_buf\Width=s32'00000000000000000000000000000100.u_secure_anchor_buf.in_i from 4 bits to 1 bits.

4. Executing synth_rs pass: v0.4.218

4.1. Executing Verilog-2005 frontend: /nfs_eda_sw/softwares/Raptor/instl_dir/12_05_2024_09_15_01/bin/../share/yosys/rapidsilicon/common/cells_sim.v
Parsing Verilog input from `/nfs_eda_sw/softwares/Raptor/instl_dir/12_05_2024_09_15_01/bin/../share/yosys/rapidsilicon/common/cells_sim.v' to AST representation.
Generating RTLIL representation for module `\inv'.
Generating RTLIL representation for module `\buff'.
Generating RTLIL representation for module `\logic_0'.
Generating RTLIL representation for module `\logic_1'.
Generating RTLIL representation for module `\gclkbuff'.
Successfully finished Verilog frontend.

4.2. Executing Verilog-2005 frontend: /nfs_eda_sw/softwares/Raptor/instl_dir/12_05_2024_09_15_01/bin/../share/yosys/rapidsilicon/genesis3/FPGA_PRIMITIVES_MODELS/sim_models/verilog/CARRY.v
Parsing Verilog input from `/nfs_eda_sw/softwares/Raptor/instl_dir/12_05_2024_09_15_01/bin/../share/yosys/rapidsilicon/genesis3/FPGA_PRIMITIVES_MODELS/sim_models/verilog/CARRY.v' to AST representation.
Replacing existing blackbox module `\CARRY' at /nfs_eda_sw/softwares/Raptor/instl_dir/12_05_2024_09_15_01/bin/../share/yosys/rapidsilicon/genesis3/FPGA_PRIMITIVES_MODELS/sim_models/verilog/CARRY.v:10.1-41.10.
Generating RTLIL representation for module `\CARRY'.
Successfully finished Verilog frontend.

4.3. Executing Verilog-2005 frontend: /nfs_eda_sw/softwares/Raptor/instl_dir/12_05_2024_09_15_01/bin/../share/yosys/rapidsilicon/genesis3/llatches_sim.v
Parsing Verilog input from `/nfs_eda_sw/softwares/Raptor/instl_dir/12_05_2024_09_15_01/bin/../share/yosys/rapidsilicon/genesis3/llatches_sim.v' to AST representation.
Replacing existing blackbox module `\LATCH' at /nfs_eda_sw/softwares/Raptor/instl_dir/12_05_2024_09_15_01/bin/../share/yosys/rapidsilicon/genesis3/llatches_sim.v:20.1-34.10.
Generating RTLIL representation for module `\LATCH'.
Replacing existing blackbox module `\LATCHN' at /nfs_eda_sw/softwares/Raptor/instl_dir/12_05_2024_09_15_01/bin/../share/yosys/rapidsilicon/genesis3/llatches_sim.v:48.1-62.10.
Generating RTLIL representation for module `\LATCHN'.
Replacing existing blackbox module `\LATCHR' at /nfs_eda_sw/softwares/Raptor/instl_dir/12_05_2024_09_15_01/bin/../share/yosys/rapidsilicon/genesis3/llatches_sim.v:81.1-97.10.
Generating RTLIL representation for module `\LATCHR'.
Replacing existing blackbox module `\LATCHS' at /nfs_eda_sw/softwares/Raptor/instl_dir/12_05_2024_09_15_01/bin/../share/yosys/rapidsilicon/genesis3/llatches_sim.v:115.1-131.10.
Generating RTLIL representation for module `\LATCHS'.
Replacing existing blackbox module `\LATCHNR' at /nfs_eda_sw/softwares/Raptor/instl_dir/12_05_2024_09_15_01/bin/../share/yosys/rapidsilicon/genesis3/llatches_sim.v:150.1-166.10.
Generating RTLIL representation for module `\LATCHNR'.
Replacing existing blackbox module `\LATCHNS' at /nfs_eda_sw/softwares/Raptor/instl_dir/12_05_2024_09_15_01/bin/../share/yosys/rapidsilicon/genesis3/llatches_sim.v:184.1-200.10.
Generating RTLIL representation for module `\LATCHNS'.
Generating RTLIL representation for module `\LATCHSRE'.
Generating RTLIL representation for module `\LATCHNSRE'.
Successfully finished Verilog frontend.

4.4. Executing Verilog-2005 frontend: /nfs_eda_sw/softwares/Raptor/instl_dir/12_05_2024_09_15_01/bin/../share/yosys/rapidsilicon/genesis3/FPGA_PRIMITIVES_MODELS/sim_models/verilog/DFFRE.v
Parsing Verilog input from `/nfs_eda_sw/softwares/Raptor/instl_dir/12_05_2024_09_15_01/bin/../share/yosys/rapidsilicon/genesis3/FPGA_PRIMITIVES_MODELS/sim_models/verilog/DFFRE.v' to AST representation.
Replacing existing blackbox module `\DFFRE' at /nfs_eda_sw/softwares/Raptor/instl_dir/12_05_2024_09_15_01/bin/../share/yosys/rapidsilicon/genesis3/FPGA_PRIMITIVES_MODELS/sim_models/verilog/DFFRE.v:11.1-91.10.
Generating RTLIL representation for module `\DFFRE'.
Successfully finished Verilog frontend.

4.5. Executing Verilog-2005 frontend: /nfs_eda_sw/softwares/Raptor/instl_dir/12_05_2024_09_15_01/bin/../share/yosys/rapidsilicon/genesis3/FPGA_PRIMITIVES_MODELS/sim_models/verilog/DFFNRE.v
Parsing Verilog input from `/nfs_eda_sw/softwares/Raptor/instl_dir/12_05_2024_09_15_01/bin/../share/yosys/rapidsilicon/genesis3/FPGA_PRIMITIVES_MODELS/sim_models/verilog/DFFNRE.v' to AST representation.
Replacing existing blackbox module `\DFFNRE' at /nfs_eda_sw/softwares/Raptor/instl_dir/12_05_2024_09_15_01/bin/../share/yosys/rapidsilicon/genesis3/FPGA_PRIMITIVES_MODELS/sim_models/verilog/DFFNRE.v:11.1-84.10.
Generating RTLIL representation for module `\DFFNRE'.
Successfully finished Verilog frontend.

4.6. Executing Verilog-2005 frontend: /nfs_eda_sw/softwares/Raptor/instl_dir/12_05_2024_09_15_01/bin/../share/yosys/rapidsilicon/genesis3/FPGA_PRIMITIVES_MODELS/sim_models/verilog/LUT1.v
Parsing Verilog input from `/nfs_eda_sw/softwares/Raptor/instl_dir/12_05_2024_09_15_01/bin/../share/yosys/rapidsilicon/genesis3/FPGA_PRIMITIVES_MODELS/sim_models/verilog/LUT1.v' to AST representation.
Replacing existing blackbox module `\LUT1' at /nfs_eda_sw/softwares/Raptor/instl_dir/12_05_2024_09_15_01/bin/../share/yosys/rapidsilicon/genesis3/FPGA_PRIMITIVES_MODELS/sim_models/verilog/LUT1.v:10.1-30.10.
Generating RTLIL representation for module `\LUT1'.
Successfully finished Verilog frontend.

4.7. Executing Verilog-2005 frontend: /nfs_eda_sw/softwares/Raptor/instl_dir/12_05_2024_09_15_01/bin/../share/yosys/rapidsilicon/genesis3/FPGA_PRIMITIVES_MODELS/sim_models/verilog/LUT2.v
Parsing Verilog input from `/nfs_eda_sw/softwares/Raptor/instl_dir/12_05_2024_09_15_01/bin/../share/yosys/rapidsilicon/genesis3/FPGA_PRIMITIVES_MODELS/sim_models/verilog/LUT2.v' to AST representation.
Replacing existing blackbox module `\LUT2' at /nfs_eda_sw/softwares/Raptor/instl_dir/12_05_2024_09_15_01/bin/../share/yosys/rapidsilicon/genesis3/FPGA_PRIMITIVES_MODELS/sim_models/verilog/LUT2.v:10.1-31.10.
Generating RTLIL representation for module `\LUT2'.
Successfully finished Verilog frontend.

4.8. Executing Verilog-2005 frontend: /nfs_eda_sw/softwares/Raptor/instl_dir/12_05_2024_09_15_01/bin/../share/yosys/rapidsilicon/genesis3/FPGA_PRIMITIVES_MODELS/sim_models/verilog/LUT3.v
Parsing Verilog input from `/nfs_eda_sw/softwares/Raptor/instl_dir/12_05_2024_09_15_01/bin/../share/yosys/rapidsilicon/genesis3/FPGA_PRIMITIVES_MODELS/sim_models/verilog/LUT3.v' to AST representation.
Replacing existing blackbox module `\LUT3' at /nfs_eda_sw/softwares/Raptor/instl_dir/12_05_2024_09_15_01/bin/../share/yosys/rapidsilicon/genesis3/FPGA_PRIMITIVES_MODELS/sim_models/verilog/LUT3.v:10.1-33.10.
Generating RTLIL representation for module `\LUT3'.
Successfully finished Verilog frontend.

4.9. Executing Verilog-2005 frontend: /nfs_eda_sw/softwares/Raptor/instl_dir/12_05_2024_09_15_01/bin/../share/yosys/rapidsilicon/genesis3/FPGA_PRIMITIVES_MODELS/sim_models/verilog/LUT4.v
Parsing Verilog input from `/nfs_eda_sw/softwares/Raptor/instl_dir/12_05_2024_09_15_01/bin/../share/yosys/rapidsilicon/genesis3/FPGA_PRIMITIVES_MODELS/sim_models/verilog/LUT4.v' to AST representation.
Replacing existing blackbox module `\LUT4' at /nfs_eda_sw/softwares/Raptor/instl_dir/12_05_2024_09_15_01/bin/../share/yosys/rapidsilicon/genesis3/FPGA_PRIMITIVES_MODELS/sim_models/verilog/LUT4.v:11.1-35.10.
Generating RTLIL representation for module `\LUT4'.
Successfully finished Verilog frontend.

4.10. Executing Verilog-2005 frontend: /nfs_eda_sw/softwares/Raptor/instl_dir/12_05_2024_09_15_01/bin/../share/yosys/rapidsilicon/genesis3/FPGA_PRIMITIVES_MODELS/sim_models/verilog/LUT5.v
Parsing Verilog input from `/nfs_eda_sw/softwares/Raptor/instl_dir/12_05_2024_09_15_01/bin/../share/yosys/rapidsilicon/genesis3/FPGA_PRIMITIVES_MODELS/sim_models/verilog/LUT5.v' to AST representation.
Replacing existing blackbox module `\LUT5' at /nfs_eda_sw/softwares/Raptor/instl_dir/12_05_2024_09_15_01/bin/../share/yosys/rapidsilicon/genesis3/FPGA_PRIMITIVES_MODELS/sim_models/verilog/LUT5.v:10.1-34.10.
Generating RTLIL representation for module `\LUT5'.
Successfully finished Verilog frontend.

4.11. Executing Verilog-2005 frontend: /nfs_eda_sw/softwares/Raptor/instl_dir/12_05_2024_09_15_01/bin/../share/yosys/rapidsilicon/genesis3/FPGA_PRIMITIVES_MODELS/sim_models/verilog/LUT6.v
Parsing Verilog input from `/nfs_eda_sw/softwares/Raptor/instl_dir/12_05_2024_09_15_01/bin/../share/yosys/rapidsilicon/genesis3/FPGA_PRIMITIVES_MODELS/sim_models/verilog/LUT6.v' to AST representation.
Replacing existing blackbox module `\LUT6' at /nfs_eda_sw/softwares/Raptor/instl_dir/12_05_2024_09_15_01/bin/../share/yosys/rapidsilicon/genesis3/FPGA_PRIMITIVES_MODELS/sim_models/verilog/LUT6.v:10.1-34.10.
Generating RTLIL representation for module `\LUT6'.
Successfully finished Verilog frontend.

4.12. Executing Verilog-2005 frontend: /nfs_eda_sw/softwares/Raptor/instl_dir/12_05_2024_09_15_01/bin/../share/yosys/rapidsilicon/genesis3/FPGA_PRIMITIVES_MODELS/sim_models/verilog/CLK_BUF.v
Parsing Verilog input from `/nfs_eda_sw/softwares/Raptor/instl_dir/12_05_2024_09_15_01/bin/../share/yosys/rapidsilicon/genesis3/FPGA_PRIMITIVES_MODELS/sim_models/verilog/CLK_BUF.v' to AST representation.
Replacing existing blackbox module `\CLK_BUF' at /nfs_eda_sw/softwares/Raptor/instl_dir/12_05_2024_09_15_01/bin/../share/yosys/rapidsilicon/genesis3/FPGA_PRIMITIVES_MODELS/sim_models/verilog/CLK_BUF.v:10.1-29.10.
Generating RTLIL representation for module `\CLK_BUF'.
Successfully finished Verilog frontend.

4.13. Executing Verilog-2005 frontend: /nfs_eda_sw/softwares/Raptor/instl_dir/12_05_2024_09_15_01/bin/../share/yosys/rapidsilicon/genesis3/FPGA_PRIMITIVES_MODELS/sim_models/verilog/O_BUF.v
Parsing Verilog input from `/nfs_eda_sw/softwares/Raptor/instl_dir/12_05_2024_09_15_01/bin/../share/yosys/rapidsilicon/genesis3/FPGA_PRIMITIVES_MODELS/sim_models/verilog/O_BUF.v' to AST representation.
Replacing existing blackbox module `\O_BUF' at /nfs_eda_sw/softwares/Raptor/instl_dir/12_05_2024_09_15_01/bin/../share/yosys/rapidsilicon/genesis3/FPGA_PRIMITIVES_MODELS/sim_models/verilog/O_BUF.v:10.1-89.10.
Generating RTLIL representation for module `\O_BUF'.
Successfully finished Verilog frontend.

4.14. Executing Verilog-2005 frontend: /nfs_eda_sw/softwares/Raptor/instl_dir/12_05_2024_09_15_01/bin/../share/yosys/rapidsilicon/genesis3/FPGA_PRIMITIVES_MODELS/sim_models/verilog/DSP38.v
Parsing Verilog input from `/nfs_eda_sw/softwares/Raptor/instl_dir/12_05_2024_09_15_01/bin/../share/yosys/rapidsilicon/genesis3/FPGA_PRIMITIVES_MODELS/sim_models/verilog/DSP38.v' to AST representation.
Replacing existing blackbox module `\DSP38' at /nfs_eda_sw/softwares/Raptor/instl_dir/12_05_2024_09_15_01/bin/../share/yosys/rapidsilicon/genesis3/FPGA_PRIMITIVES_MODELS/sim_models/verilog/DSP38.v:10.1-341.10.
Generating RTLIL representation for module `\DSP38'.
Successfully finished Verilog frontend.

4.15. Executing Verilog-2005 frontend: /nfs_eda_sw/softwares/Raptor/instl_dir/12_05_2024_09_15_01/bin/../share/yosys/rapidsilicon/genesis3/bram_map_rs.v
Parsing Verilog input from `/nfs_eda_sw/softwares/Raptor/instl_dir/12_05_2024_09_15_01/bin/../share/yosys/rapidsilicon/genesis3/bram_map_rs.v' to AST representation.
Replacing existing blackbox module `\TDP_RAM36K' at /nfs_eda_sw/softwares/Raptor/instl_dir/12_05_2024_09_15_01/bin/../share/yosys/rapidsilicon/genesis3/bram_map_rs.v:2.1-29.10.
Generating RTLIL representation for module `\TDP_RAM36K'.
Replacing existing blackbox module `\TDP_RAM18KX2' at /nfs_eda_sw/softwares/Raptor/instl_dir/12_05_2024_09_15_01/bin/../share/yosys/rapidsilicon/genesis3/bram_map_rs.v:33.1-84.10.
Generating RTLIL representation for module `\TDP_RAM18KX2'.
Generating RTLIL representation for module `\RS_DSP3'.
Replacing existing blackbox module `\DSP19X2' at /nfs_eda_sw/softwares/Raptor/instl_dir/12_05_2024_09_15_01/bin/../share/yosys/rapidsilicon/genesis3/bram_map_rs.v:116.1-149.10.
Generating RTLIL representation for module `\DSP19X2'.
Successfully finished Verilog frontend.

4.16. Executing Verilog-2005 frontend: /nfs_eda_sw/softwares/Raptor/instl_dir/12_05_2024_09_15_01/bin/../share/yosys/rapidsilicon/genesis3/brams_sim.v
Parsing Verilog input from `/nfs_eda_sw/softwares/Raptor/instl_dir/12_05_2024_09_15_01/bin/../share/yosys/rapidsilicon/genesis3/brams_sim.v' to AST representation.
Generating RTLIL representation for module `\TDP_BRAM18'.
Generating RTLIL representation for module `\BRAM2x18_TDP'.
Generating RTLIL representation for module `\BRAM2x18_SDP'.
Generating RTLIL representation for module `\_$_mem_v2_asymmetric'.
Successfully finished Verilog frontend.

4.17. Executing HIERARCHY pass (managing design hierarchy).

4.17.1. Analyzing design hierarchy..
Top module:  \pwrmgr
Used module:     $paramod\prim_intr_hw\Width=32'00000000000000000000000000000001\FlopOutput=1'1
Used module:     $paramod$21a513b276be09c9cb5553d5463fdf4800edca32\pwrmgr_wake_info
Used module:     $paramod$21a513b276be09c9cb5553d5463fdf4800edca32\pwrmgr_fsm
Used module:         $paramod$705fa05787a5d1cbfe2ae3dc7a01b0dd03c7a1d2\prim_flop
Used module:             $paramod\prim_generic_flop\Width=s32'00000000000000000000000000000001\ResetValue=1'0
Used module:         $paramod\prim_flop_2sync\Width=s32'00000000000000000000000000000001\ResetValue=1'0
Used module:             $paramod\prim_generic_flop_2sync\Width=s32'00000000000000000000000000000001\ResetValue=1'0
Used module:         \prim_lc_sender
Used module:             $paramod$6ae18350b51be32fd7406c5aaac3c7582e0e6af0\prim_generic_flop
Used module:         $paramod$572334ae2b5971ff7e4eb457c77e6e769d857e82\prim_sparse_fsm_flop
Used module:             $paramod$4c9652adfb17b2d533bb31a43b4ddd326554f0f1\prim_flop
Used module:                 $paramod$2454416d686f119c214b8f35dcdc5a0867f85a76\prim_generic_flop
Used module:     $paramod$21db42bc4a37f19b92ab182268213f76666c0005\pwrmgr_slow_fsm
Used module:         $paramod$a7aee46bd09813908c06b21f352766ca9cf9b3c9\prim_sparse_fsm_flop
Used module:             $paramod$44a1f8f9602035884579b7c1bf52cac427a84729\prim_flop
Used module:                 $paramod$fe55b1bb949966d310e200acf24c2aa59944d626\prim_generic_flop
Used module:     $paramod$21a513b276be09c9cb5553d5463fdf4800edca32\pwrmgr_cdc
Used module:         \prim_sync_reqack
Used module:         $paramod$a7b283e8b9acadb82fb07886ab71c26207bbd72c\prim_mubi4_sync
Used module:             $paramod$a15eb3e9e7e337a1d68c13676510cc99e563cdd3\prim_buf
Used module:                 \prim_generic_buf
Used module:             $paramod\prim_clock_mux2\NoFpgaBufG=1'1\Impl=32'00000000000000000000000000000000
Used module:                 $paramod\prim_generic_clock_mux2\NoFpgaBufG=1'1
Used module:             $paramod\prim_sec_anchor_buf\Width=s32'00000000000000000000000000000100
Used module:                 $paramod$f00c4529a1ee6db225b5a16a9e380cfcfefeb4fc\prim_buf
Used module:             $paramod$1f2cba5866897a44b387e1c2993af0b4468bf03a\prim_xor2
Used module:                 $paramod\prim_generic_xor2\Width=s32'00000000000000000000000000000100
Used module:             $paramod$d1667f769712e8f5d6feff44c8934483fca616bd\prim_flop
Used module:             $paramod$6ae18350b51be32fd7406c5aaac3c7582e0e6af0\prim_flop_2sync
Used module:                 $paramod$6ae18350b51be32fd7406c5aaac3c7582e0e6af0\prim_generic_flop_2sync
Used module:         $paramod\prim_flop_2sync\Width=s32'00000000000000000000000000000010\ResetValue=2'00
Used module:             $paramod\prim_generic_flop_2sync\Width=s32'00000000000000000000000000000010\ResetValue=2'00
Used module:                 $paramod\prim_generic_flop\Width=s32'00000000000000000000000000000010\ResetValue=2'00
Used module:         $paramod\prim_flop_2sync\Width=s32'00000000000000000000000000000001\ResetValue=1'1
Used module:             $paramod\prim_generic_flop_2sync\Width=s32'00000000000000000000000000000001\ResetValue=1'1
Used module:                 $paramod\prim_generic_flop\Width=s32'00000000000000000000000000000001\ResetValue=1'1
Used module:         $paramod$25ebe4329fda051e04aa1129a6e1ffd602984606\prim_flop_2sync
Used module:             $paramod$25ebe4329fda051e04aa1129a6e1ffd602984606\prim_generic_flop_2sync
Used module:                 $paramod$25ebe4329fda051e04aa1129a6e1ffd602984606\prim_generic_flop
Used module:         \prim_pulse_sync
Used module:         $paramod$1232de8c2fe4fff6a75b5663758d1bf50afa3825\prim_flop_2sync
Used module:             $paramod$1232de8c2fe4fff6a75b5663758d1bf50afa3825\prim_generic_flop_2sync
Used module:                 $paramod$1232de8c2fe4fff6a75b5663758d1bf50afa3825\prim_generic_flop
Used module:     $paramod$8ec11ab84d267aa735efee7deaffb669de62e241\pwrmgr_reg_top
Used module:         $paramod\prim_subreg_ext\DW=32'00000000000000000000000000000001
Used module:         $paramod$7e00d363ce130de0a5a3e36d8a0ef795833e2889\prim_subreg
Used module:         $paramod$18eae125e8070a5fb29a0bd9923127bd30ff2039\prim_subreg
Used module:         $paramod$1922727dec4c1da7ed6ad3dc09fc46ad0b6c2a2c\prim_subreg
Used module:         $paramod$e28d8d901a11ac5d5e5c27396dca7dc727aac42a\prim_subreg
Used module:         $paramod$112511bfd0dccda09976f1ed3a15d1c8d45112d4\prim_subreg
Used module:         $paramod$ee0227794101df47ad9f37b0d88f82f880f9e439\tlul_adapter_reg
Used module:             $paramod$b16ec1a2d37bb01b30b4807f6e7e5972c818c2d7\tlul_err
Used module:         $paramod$30daef7d8fbea83f8d5d97bb6bbeea8d50f20643\tlul_rsp_intg_gen
Used module:             $paramod$b16ec1a2d37bb01b30b4807f6e7e5972c818c2d7\tlul_data_integ_enc
Used module:                 \prim_secded_inv_39_32_enc
Used module:             \prim_secded_inv_64_57_enc
Used module:         $paramod$b16ec1a2d37bb01b30b4807f6e7e5972c818c2d7\tlul_cmd_intg_chk
Used module:             $paramod$b16ec1a2d37bb01b30b4807f6e7e5972c818c2d7\tlul_data_integ_dec
Used module:                 \prim_secded_inv_39_32_dec
Used module:             \prim_secded_inv_64_57_dec
Used module:     $paramod\prim_clock_timeout\TimeOutCnt=s32'00000000000000000000000010000000
Used module:     $paramod$58cc36426b572d644c9bdaa50fac6b4ad91ed7ea\prim_esc_receiver
Used module:         $paramod\prim_sec_anchor_flop\Width=s32'00000000000000000000000000000010\ResetValue=2'10
Used module:             $paramod$ebe0a97d65ac33a9414f47886a18e066f6dc6365\prim_flop
Used module:                 $paramod\prim_generic_flop\Width=s32'00000000000000000000000000000010\ResetValue=2'10
Used module:         $paramod\prim_sec_anchor_buf\Width=s32'00000000000000000000000000000001
Used module:         $paramod$c5a2c670fcc80b1e00077cb7c12ddf5cd8beba26\prim_count
Used module:             $paramod$ff88e0cc5b79bb9c0662e183af7c9b980234cfc1\prim_flop
Used module:                 $paramod$cafc58aacea66ce361f30fc5fb51712913515c86\prim_generic_flop
Used module:             $paramod$55720f6f56ab0dcb7b0978d7b020cd5788c3bb7b\prim_buf
Used module:         $paramod\prim_diff_decode\AsyncOn=1'0
Used module:         $paramod$eca6cdb671bb55064ea4103fc00be19283c8611c\prim_buf
Used module:     $paramod\prim_clock_buf\Impl=32'00000000000000000000000000000000
Used module:         \prim_generic_clock_buf
Used module:     $paramod\prim_alert_sender\AsyncOn=1'1\ALERT_TX_DEFAULT=2'01\ALERT_RX_DEFAULT=4'0101
Used module:         $paramod\prim_diff_decode\AsyncOn=1'1

4.17.2. Analyzing design hierarchy..
Top module:  \pwrmgr
Used module:     $paramod\prim_intr_hw\Width=32'00000000000000000000000000000001\FlopOutput=1'1
Used module:     $paramod$21a513b276be09c9cb5553d5463fdf4800edca32\pwrmgr_wake_info
Used module:     $paramod$21a513b276be09c9cb5553d5463fdf4800edca32\pwrmgr_fsm
Used module:         $paramod$705fa05787a5d1cbfe2ae3dc7a01b0dd03c7a1d2\prim_flop
Used module:             $paramod\prim_generic_flop\Width=s32'00000000000000000000000000000001\ResetValue=1'0
Used module:         $paramod\prim_flop_2sync\Width=s32'00000000000000000000000000000001\ResetValue=1'0
Used module:             $paramod\prim_generic_flop_2sync\Width=s32'00000000000000000000000000000001\ResetValue=1'0
Used module:         \prim_lc_sender
Used module:             $paramod$6ae18350b51be32fd7406c5aaac3c7582e0e6af0\prim_generic_flop
Used module:         $paramod$572334ae2b5971ff7e4eb457c77e6e769d857e82\prim_sparse_fsm_flop
Used module:             $paramod$4c9652adfb17b2d533bb31a43b4ddd326554f0f1\prim_flop
Used module:                 $paramod$2454416d686f119c214b8f35dcdc5a0867f85a76\prim_generic_flop
Used module:     $paramod$21db42bc4a37f19b92ab182268213f76666c0005\pwrmgr_slow_fsm
Used module:         $paramod$a7aee46bd09813908c06b21f352766ca9cf9b3c9\prim_sparse_fsm_flop
Used module:             $paramod$44a1f8f9602035884579b7c1bf52cac427a84729\prim_flop
Used module:                 $paramod$fe55b1bb949966d310e200acf24c2aa59944d626\prim_generic_flop
Used module:     $paramod$21a513b276be09c9cb5553d5463fdf4800edca32\pwrmgr_cdc
Used module:         \prim_sync_reqack
Used module:         $paramod$a7b283e8b9acadb82fb07886ab71c26207bbd72c\prim_mubi4_sync
Used module:             $paramod$a15eb3e9e7e337a1d68c13676510cc99e563cdd3\prim_buf
Used module:                 \prim_generic_buf
Used module:             $paramod\prim_clock_mux2\NoFpgaBufG=1'1\Impl=32'00000000000000000000000000000000
Used module:                 $paramod\prim_generic_clock_mux2\NoFpgaBufG=1'1
Used module:             $paramod\prim_sec_anchor_buf\Width=s32'00000000000000000000000000000100
Used module:                 $paramod$f00c4529a1ee6db225b5a16a9e380cfcfefeb4fc\prim_buf
Used module:             $paramod$1f2cba5866897a44b387e1c2993af0b4468bf03a\prim_xor2
Used module:                 $paramod\prim_generic_xor2\Width=s32'00000000000000000000000000000100
Used module:             $paramod$d1667f769712e8f5d6feff44c8934483fca616bd\prim_flop
Used module:             $paramod$6ae18350b51be32fd7406c5aaac3c7582e0e6af0\prim_flop_2sync
Used module:                 $paramod$6ae18350b51be32fd7406c5aaac3c7582e0e6af0\prim_generic_flop_2sync
Used module:         $paramod\prim_flop_2sync\Width=s32'00000000000000000000000000000010\ResetValue=2'00
Used module:             $paramod\prim_generic_flop_2sync\Width=s32'00000000000000000000000000000010\ResetValue=2'00
Used module:                 $paramod\prim_generic_flop\Width=s32'00000000000000000000000000000010\ResetValue=2'00
Used module:         $paramod\prim_flop_2sync\Width=s32'00000000000000000000000000000001\ResetValue=1'1
Used module:             $paramod\prim_generic_flop_2sync\Width=s32'00000000000000000000000000000001\ResetValue=1'1
Used module:                 $paramod\prim_generic_flop\Width=s32'00000000000000000000000000000001\ResetValue=1'1
Used module:         $paramod$25ebe4329fda051e04aa1129a6e1ffd602984606\prim_flop_2sync
Used module:             $paramod$25ebe4329fda051e04aa1129a6e1ffd602984606\prim_generic_flop_2sync
Used module:                 $paramod$25ebe4329fda051e04aa1129a6e1ffd602984606\prim_generic_flop
Used module:         \prim_pulse_sync
Used module:         $paramod$1232de8c2fe4fff6a75b5663758d1bf50afa3825\prim_flop_2sync
Used module:             $paramod$1232de8c2fe4fff6a75b5663758d1bf50afa3825\prim_generic_flop_2sync
Used module:                 $paramod$1232de8c2fe4fff6a75b5663758d1bf50afa3825\prim_generic_flop
Used module:     $paramod$8ec11ab84d267aa735efee7deaffb669de62e241\pwrmgr_reg_top
Used module:         $paramod\prim_subreg_ext\DW=32'00000000000000000000000000000001
Used module:         $paramod$7e00d363ce130de0a5a3e36d8a0ef795833e2889\prim_subreg
Used module:         $paramod$18eae125e8070a5fb29a0bd9923127bd30ff2039\prim_subreg
Used module:         $paramod$1922727dec4c1da7ed6ad3dc09fc46ad0b6c2a2c\prim_subreg
Used module:         $paramod$e28d8d901a11ac5d5e5c27396dca7dc727aac42a\prim_subreg
Used module:         $paramod$112511bfd0dccda09976f1ed3a15d1c8d45112d4\prim_subreg
Used module:         $paramod$ee0227794101df47ad9f37b0d88f82f880f9e439\tlul_adapter_reg
Used module:             $paramod$b16ec1a2d37bb01b30b4807f6e7e5972c818c2d7\tlul_err
Used module:         $paramod$30daef7d8fbea83f8d5d97bb6bbeea8d50f20643\tlul_rsp_intg_gen
Used module:             $paramod$b16ec1a2d37bb01b30b4807f6e7e5972c818c2d7\tlul_data_integ_enc
Used module:                 \prim_secded_inv_39_32_enc
Used module:             \prim_secded_inv_64_57_enc
Used module:         $paramod$b16ec1a2d37bb01b30b4807f6e7e5972c818c2d7\tlul_cmd_intg_chk
Used module:             $paramod$b16ec1a2d37bb01b30b4807f6e7e5972c818c2d7\tlul_data_integ_dec
Used module:                 \prim_secded_inv_39_32_dec
Used module:             \prim_secded_inv_64_57_dec
Used module:     $paramod\prim_clock_timeout\TimeOutCnt=s32'00000000000000000000000010000000
Used module:     $paramod$58cc36426b572d644c9bdaa50fac6b4ad91ed7ea\prim_esc_receiver
Used module:         $paramod\prim_sec_anchor_flop\Width=s32'00000000000000000000000000000010\ResetValue=2'10
Used module:             $paramod$ebe0a97d65ac33a9414f47886a18e066f6dc6365\prim_flop
Used module:                 $paramod\prim_generic_flop\Width=s32'00000000000000000000000000000010\ResetValue=2'10
Used module:         $paramod\prim_sec_anchor_buf\Width=s32'00000000000000000000000000000001
Used module:         $paramod$c5a2c670fcc80b1e00077cb7c12ddf5cd8beba26\prim_count
Used module:             $paramod$ff88e0cc5b79bb9c0662e183af7c9b980234cfc1\prim_flop
Used module:                 $paramod$cafc58aacea66ce361f30fc5fb51712913515c86\prim_generic_flop
Used module:             $paramod$55720f6f56ab0dcb7b0978d7b020cd5788c3bb7b\prim_buf
Used module:         $paramod\prim_diff_decode\AsyncOn=1'0
Used module:         $paramod$eca6cdb671bb55064ea4103fc00be19283c8611c\prim_buf
Used module:     $paramod\prim_clock_buf\Impl=32'00000000000000000000000000000000
Used module:         \prim_generic_clock_buf
Used module:     $paramod\prim_alert_sender\AsyncOn=1'1\ALERT_TX_DEFAULT=2'01\ALERT_RX_DEFAULT=4'0101
Used module:         $paramod\prim_diff_decode\AsyncOn=1'1
Removed 0 unused modules.

4.18. Executing PROC pass (convert processes to netlists).

4.18.1. Executing PROC_CLEAN pass (remove empty switches from decision trees).
Found and cleaned up 1 empty switch in `$paramod$8ec11ab84d267aa735efee7deaffb669de62e241\pwrmgr_reg_top.$proc$/nfs_scratch/scratch/CompilerValidation/zaheer_ahmad/os_fpga2/Validation/RTL_testcases/RTL_Benchmarks_Gap_Analysis/pwrmgr/rtl/pwrmgr_reg_top.sv:822$749'.
Cleaned up 1 empty switch.

4.18.2. Executing PROC_RMDEAD pass (remove dead branches from decision trees).
Marked 1 switch rules as full_case in process $proc$/nfs_scratch/scratch/CompilerValidation/zaheer_ahmad/os_fpga2/Validation/RTL_testcases/RTL_Benchmarks_Gap_Analysis/pwrmgr/rtl/prim_subreg.sv:65$858 in module $paramod$112511bfd0dccda09976f1ed3a15d1c8d45112d4\prim_subreg.
Marked 1 switch rules as full_case in process $proc$/nfs_scratch/scratch/CompilerValidation/zaheer_ahmad/os_fpga2/Validation/RTL_testcases/RTL_Benchmarks_Gap_Analysis/pwrmgr/rtl/prim_subreg.sv:70$856 in module $paramod$112511bfd0dccda09976f1ed3a15d1c8d45112d4\prim_subreg.
Marked 1 switch rules as full_case in process $proc$/nfs_scratch/scratch/CompilerValidation/zaheer_ahmad/os_fpga2/Validation/RTL_testcases/RTL_Benchmarks_Gap_Analysis/pwrmgr/rtl/prim_pulse_sync.sv:27$853 in module prim_pulse_sync.
Marked 1 switch rules as full_case in process $proc$/nfs_scratch/scratch/CompilerValidation/zaheer_ahmad/os_fpga2/Validation/RTL_testcases/RTL_Benchmarks_Gap_Analysis/pwrmgr/rtl/prim_pulse_sync.sv:55$850 in module prim_pulse_sync.
Marked 2 switch rules as full_case in process $proc$/nfs_scratch/scratch/CompilerValidation/zaheer_ahmad/os_fpga2/Validation/RTL_testcases/RTL_Benchmarks_Gap_Analysis/pwrmgr/rtl/tlul_err.sv:46$829 in module $paramod$b16ec1a2d37bb01b30b4807f6e7e5972c818c2d7\tlul_err.
Marked 1 switch rules as full_case in process $proc$/nfs_scratch/scratch/CompilerValidation/zaheer_ahmad/os_fpga2/Validation/RTL_testcases/RTL_Benchmarks_Gap_Analysis/pwrmgr/rtl/prim_subreg.sv:65$812 in module $paramod$7e00d363ce130de0a5a3e36d8a0ef795833e2889\prim_subreg.
Marked 1 switch rules as full_case in process $proc$/nfs_scratch/scratch/CompilerValidation/zaheer_ahmad/os_fpga2/Validation/RTL_testcases/RTL_Benchmarks_Gap_Analysis/pwrmgr/rtl/prim_subreg.sv:70$810 in module $paramod$7e00d363ce130de0a5a3e36d8a0ef795833e2889\prim_subreg.
Marked 1 switch rules as full_case in process $proc$/nfs_scratch/scratch/CompilerValidation/zaheer_ahmad/os_fpga2/Validation/RTL_testcases/RTL_Benchmarks_Gap_Analysis/pwrmgr/rtl/pwrmgr_reg_top.sv:56$806 in module $paramod$8ec11ab84d267aa735efee7deaffb669de62e241\pwrmgr_reg_top.
Marked 1 switch rules as full_case in process $proc$/nfs_scratch/scratch/CompilerValidation/zaheer_ahmad/os_fpga2/Validation/RTL_testcases/RTL_Benchmarks_Gap_Analysis/pwrmgr/rtl/pwrmgr_reg_top.sv:743$748 in module $paramod$8ec11ab84d267aa735efee7deaffb669de62e241\pwrmgr_reg_top.
Marked 2 switch rules as full_case in process $proc$/nfs_scratch/scratch/CompilerValidation/zaheer_ahmad/os_fpga2/Validation/RTL_testcases/RTL_Benchmarks_Gap_Analysis/pwrmgr/rtl/tlul_adapter_reg.sv:64$640 in module $paramod$ee0227794101df47ad9f37b0d88f82f880f9e439\tlul_adapter_reg.
Marked 1 switch rules as full_case in process $proc$/nfs_scratch/scratch/CompilerValidation/zaheer_ahmad/os_fpga2/Validation/RTL_testcases/RTL_Benchmarks_Gap_Analysis/pwrmgr/rtl/tlul_adapter_reg.sv:119$623 in module $paramod$ee0227794101df47ad9f37b0d88f82f880f9e439\tlul_adapter_reg.
Marked 1 switch rules as full_case in process $proc$/nfs_scratch/scratch/CompilerValidation/zaheer_ahmad/os_fpga2/Validation/RTL_testcases/RTL_Benchmarks_Gap_Analysis/pwrmgr/rtl/tlul_adapter_reg.sv:83$619 in module $paramod$ee0227794101df47ad9f37b0d88f82f880f9e439\tlul_adapter_reg.
Marked 1 switch rules as full_case in process $proc$/nfs_scratch/scratch/CompilerValidation/zaheer_ahmad/os_fpga2/Validation/RTL_testcases/RTL_Benchmarks_Gap_Analysis/pwrmgr/rtl/tlul_adapter_reg.sv:70$616 in module $paramod$ee0227794101df47ad9f37b0d88f82f880f9e439\tlul_adapter_reg.
Marked 1 switch rules as full_case in process $proc$/nfs_scratch/scratch/CompilerValidation/zaheer_ahmad/os_fpga2/Validation/RTL_testcases/RTL_Benchmarks_Gap_Analysis/pwrmgr/rtl/prim_generic_flop.sv:18$361 in module $paramod\prim_generic_flop\Width=s32'00000000000000000000000000000010\ResetValue=2'10.
Marked 1 switch rules as full_case in process $proc$/nfs_scratch/scratch/CompilerValidation/zaheer_ahmad/os_fpga2/Validation/RTL_testcases/RTL_Benchmarks_Gap_Analysis/pwrmgr/rtl/prim_generic_flop.sv:18$359 in module $paramod$cafc58aacea66ce361f30fc5fb51712913515c86\prim_generic_flop.
Marked 1 switch rules as full_case in process $proc$/nfs_scratch/scratch/CompilerValidation/zaheer_ahmad/os_fpga2/Validation/RTL_testcases/RTL_Benchmarks_Gap_Analysis/pwrmgr/rtl/prim_subreg.sv:65$357 in module $paramod$18eae125e8070a5fb29a0bd9923127bd30ff2039\prim_subreg.
Marked 1 switch rules as full_case in process $proc$/nfs_scratch/scratch/CompilerValidation/zaheer_ahmad/os_fpga2/Validation/RTL_testcases/RTL_Benchmarks_Gap_Analysis/pwrmgr/rtl/prim_subreg.sv:70$355 in module $paramod$18eae125e8070a5fb29a0bd9923127bd30ff2039\prim_subreg.
Marked 1 switch rules as full_case in process $proc$/nfs_scratch/scratch/CompilerValidation/zaheer_ahmad/os_fpga2/Validation/RTL_testcases/RTL_Benchmarks_Gap_Analysis/pwrmgr/rtl/prim_diff_decode.sv:195$353 in module $paramod\prim_diff_decode\AsyncOn=1'0.
Marked 7 switch rules as full_case in process $proc$/nfs_scratch/scratch/CompilerValidation/zaheer_ahmad/os_fpga2/Validation/RTL_testcases/RTL_Benchmarks_Gap_Analysis/pwrmgr/rtl/prim_esc_receiver.sv:155$332 in module $paramod$58cc36426b572d644c9bdaa50fac6b4ad91ed7ea\prim_esc_receiver.
Marked 1 switch rules as full_case in process $proc$/nfs_scratch/scratch/CompilerValidation/zaheer_ahmad/os_fpga2/Validation/RTL_testcases/RTL_Benchmarks_Gap_Analysis/pwrmgr/rtl/prim_esc_receiver.sv:236$320 in module $paramod$58cc36426b572d644c9bdaa50fac6b4ad91ed7ea\prim_esc_receiver.
Marked 1 switch rules as full_case in process $proc$/nfs_scratch/scratch/CompilerValidation/zaheer_ahmad/os_fpga2/Validation/RTL_testcases/RTL_Benchmarks_Gap_Analysis/pwrmgr/rtl/prim_subreg.sv:65$307 in module $paramod$e28d8d901a11ac5d5e5c27396dca7dc727aac42a\prim_subreg.
Marked 1 switch rules as full_case in process $proc$/nfs_scratch/scratch/CompilerValidation/zaheer_ahmad/os_fpga2/Validation/RTL_testcases/RTL_Benchmarks_Gap_Analysis/pwrmgr/rtl/prim_subreg.sv:70$305 in module $paramod$e28d8d901a11ac5d5e5c27396dca7dc727aac42a\prim_subreg.
Removed 1 dead cases from process $proc$/nfs_scratch/scratch/CompilerValidation/zaheer_ahmad/os_fpga2/Validation/RTL_testcases/RTL_Benchmarks_Gap_Analysis/pwrmgr/rtl/prim_sync_reqack.sv:70$246 in module prim_sync_reqack.
Marked 3 switch rules as full_case in process $proc$/nfs_scratch/scratch/CompilerValidation/zaheer_ahmad/os_fpga2/Validation/RTL_testcases/RTL_Benchmarks_Gap_Analysis/pwrmgr/rtl/prim_sync_reqack.sv:70$246 in module prim_sync_reqack.
Marked 1 switch rules as full_case in process $proc$/nfs_scratch/scratch/CompilerValidation/zaheer_ahmad/os_fpga2/Validation/RTL_testcases/RTL_Benchmarks_Gap_Analysis/pwrmgr/rtl/prim_sync_reqack.sv:141$244 in module prim_sync_reqack.
Marked 1 switch rules as full_case in process $proc$/nfs_scratch/scratch/CompilerValidation/zaheer_ahmad/os_fpga2/Validation/RTL_testcases/RTL_Benchmarks_Gap_Analysis/pwrmgr/rtl/prim_sync_reqack.sv:132$242 in module prim_sync_reqack.
Removed 1 dead cases from process $proc$/nfs_scratch/scratch/CompilerValidation/zaheer_ahmad/os_fpga2/Validation/RTL_testcases/RTL_Benchmarks_Gap_Analysis/pwrmgr/rtl/prim_sync_reqack.sv:102$239 in module prim_sync_reqack.
Marked 3 switch rules as full_case in process $proc$/nfs_scratch/scratch/CompilerValidation/zaheer_ahmad/os_fpga2/Validation/RTL_testcases/RTL_Benchmarks_Gap_Analysis/pwrmgr/rtl/prim_sync_reqack.sv:102$239 in module prim_sync_reqack.
Marked 3 switch rules as full_case in process $proc$/nfs_scratch/scratch/CompilerValidation/zaheer_ahmad/os_fpga2/Validation/RTL_testcases/RTL_Benchmarks_Gap_Analysis/pwrmgr/rtl/prim_clock_timeout.sv:30$234 in module $paramod\prim_clock_timeout\TimeOutCnt=s32'00000000000000000000000010000000.
Marked 2 switch rules as full_case in process $proc$/nfs_scratch/scratch/CompilerValidation/zaheer_ahmad/os_fpga2/Validation/RTL_testcases/RTL_Benchmarks_Gap_Analysis/pwrmgr/rtl/pwrmgr.sv:240$223 in module pwrmgr.
Removed 1 dead cases from process $proc$/nfs_scratch/scratch/CompilerValidation/zaheer_ahmad/os_fpga2/Validation/RTL_testcases/RTL_Benchmarks_Gap_Analysis/pwrmgr/rtl/prim_alert_sender.sv:127$196 in module $paramod\prim_alert_sender\AsyncOn=1'1\ALERT_TX_DEFAULT=2'01\ALERT_RX_DEFAULT=4'0101.
Marked 8 switch rules as full_case in process $proc$/nfs_scratch/scratch/CompilerValidation/zaheer_ahmad/os_fpga2/Validation/RTL_testcases/RTL_Benchmarks_Gap_Analysis/pwrmgr/rtl/prim_alert_sender.sv:127$196 in module $paramod\prim_alert_sender\AsyncOn=1'1\ALERT_TX_DEFAULT=2'01\ALERT_RX_DEFAULT=4'0101.
Marked 1 switch rules as full_case in process $proc$/nfs_scratch/scratch/CompilerValidation/zaheer_ahmad/os_fpga2/Validation/RTL_testcases/RTL_Benchmarks_Gap_Analysis/pwrmgr/rtl/prim_alert_sender.sv:222$189 in module $paramod\prim_alert_sender\AsyncOn=1'1\ALERT_TX_DEFAULT=2'01\ALERT_RX_DEFAULT=4'0101.
Marked 1 switch rules as full_case in process $proc$/nfs_scratch/scratch/CompilerValidation/zaheer_ahmad/os_fpga2/Validation/RTL_testcases/RTL_Benchmarks_Gap_Analysis/pwrmgr/rtl/prim_diff_decode.sv:161$187 in module $paramod\prim_diff_decode\AsyncOn=1'1.
Marked 8 switch rules as full_case in process $proc$/nfs_scratch/scratch/CompilerValidation/zaheer_ahmad/os_fpga2/Validation/RTL_testcases/RTL_Benchmarks_Gap_Analysis/pwrmgr/rtl/prim_diff_decode.sv:106$184 in module $paramod\prim_diff_decode\AsyncOn=1'1.
Marked 1 switch rules as full_case in process $proc$/nfs_scratch/scratch/CompilerValidation/zaheer_ahmad/os_fpga2/Validation/RTL_testcases/RTL_Benchmarks_Gap_Analysis/pwrmgr/rtl/prim_generic_flop.sv:18$178 in module $paramod\prim_generic_flop\Width=s32'00000000000000000000000000000001\ResetValue=1'0.
Marked 1 switch rules as full_case in process $proc$/nfs_scratch/scratch/CompilerValidation/zaheer_ahmad/os_fpga2/Validation/RTL_testcases/RTL_Benchmarks_Gap_Analysis/pwrmgr/rtl/prim_generic_flop.sv:18$176 in module $paramod\prim_generic_flop\Width=s32'00000000000000000000000000000001\ResetValue=1'1.
Marked 1 switch rules as full_case in process $proc$/nfs_scratch/scratch/CompilerValidation/zaheer_ahmad/os_fpga2/Validation/RTL_testcases/RTL_Benchmarks_Gap_Analysis/pwrmgr/rtl/prim_subreg.sv:65$174 in module $paramod$1922727dec4c1da7ed6ad3dc09fc46ad0b6c2a2c\prim_subreg.
Marked 1 switch rules as full_case in process $proc$/nfs_scratch/scratch/CompilerValidation/zaheer_ahmad/os_fpga2/Validation/RTL_testcases/RTL_Benchmarks_Gap_Analysis/pwrmgr/rtl/prim_subreg.sv:70$172 in module $paramod$1922727dec4c1da7ed6ad3dc09fc46ad0b6c2a2c\prim_subreg.
Marked 1 switch rules as full_case in process $proc$/nfs_scratch/scratch/CompilerValidation/zaheer_ahmad/os_fpga2/Validation/RTL_testcases/RTL_Benchmarks_Gap_Analysis/pwrmgr/rtl/pwrmgr_cdc.sv:147$166 in module $paramod$21a513b276be09c9cb5553d5463fdf4800edca32\pwrmgr_cdc.
Marked 1 switch rules as full_case in process $proc$/nfs_scratch/scratch/CompilerValidation/zaheer_ahmad/os_fpga2/Validation/RTL_testcases/RTL_Benchmarks_Gap_Analysis/pwrmgr/rtl/pwrmgr_cdc.sv:260$163 in module $paramod$21a513b276be09c9cb5553d5463fdf4800edca32\pwrmgr_cdc.
Marked 1 switch rules as full_case in process $proc$/nfs_scratch/scratch/CompilerValidation/zaheer_ahmad/os_fpga2/Validation/RTL_testcases/RTL_Benchmarks_Gap_Analysis/pwrmgr/rtl/pwrmgr_cdc.sv:250$161 in module $paramod$21a513b276be09c9cb5553d5463fdf4800edca32\pwrmgr_cdc.
Marked 1 switch rules as full_case in process $proc$/nfs_scratch/scratch/CompilerValidation/zaheer_ahmad/os_fpga2/Validation/RTL_testcases/RTL_Benchmarks_Gap_Analysis/pwrmgr/rtl/pwrmgr_cdc.sv:169$159 in module $paramod$21a513b276be09c9cb5553d5463fdf4800edca32\pwrmgr_cdc.
Marked 1 switch rules as full_case in process $proc$/nfs_scratch/scratch/CompilerValidation/zaheer_ahmad/os_fpga2/Validation/RTL_testcases/RTL_Benchmarks_Gap_Analysis/pwrmgr/rtl/pwrmgr_cdc.sv:157$156 in module $paramod$21a513b276be09c9cb5553d5463fdf4800edca32\pwrmgr_cdc.
Marked 1 switch rules as full_case in process $proc$/nfs_scratch/scratch/CompilerValidation/zaheer_ahmad/os_fpga2/Validation/RTL_testcases/RTL_Benchmarks_Gap_Analysis/pwrmgr/rtl/prim_generic_flop.sv:18$154 in module $paramod$25ebe4329fda051e04aa1129a6e1ffd602984606\prim_generic_flop.
Marked 1 switch rules as full_case in process $proc$/nfs_scratch/scratch/CompilerValidation/zaheer_ahmad/os_fpga2/Validation/RTL_testcases/RTL_Benchmarks_Gap_Analysis/pwrmgr/rtl/prim_intr_hw.sv:41$147 in module $paramod\prim_intr_hw\Width=32'00000000000000000000000000000001\FlopOutput=1'1.
Marked 1 switch rules as full_case in process $proc$/nfs_scratch/scratch/CompilerValidation/zaheer_ahmad/os_fpga2/Validation/RTL_testcases/RTL_Benchmarks_Gap_Analysis/pwrmgr/rtl/prim_generic_flop.sv:18$145 in module $paramod$2454416d686f119c214b8f35dcdc5a0867f85a76\prim_generic_flop.
Marked 1 switch rules as full_case in process $proc$/nfs_scratch/scratch/CompilerValidation/zaheer_ahmad/os_fpga2/Validation/RTL_testcases/RTL_Benchmarks_Gap_Analysis/pwrmgr/rtl/prim_generic_flop.sv:18$143 in module $paramod$1232de8c2fe4fff6a75b5663758d1bf50afa3825\prim_generic_flop.
Marked 1 switch rules as full_case in process $proc$/nfs_scratch/scratch/CompilerValidation/zaheer_ahmad/os_fpga2/Validation/RTL_testcases/RTL_Benchmarks_Gap_Analysis/pwrmgr/rtl/prim_generic_flop.sv:18$141 in module $paramod\prim_generic_flop\Width=s32'00000000000000000000000000000010\ResetValue=2'00.
Marked 1 switch rules as full_case in process $proc$/nfs_scratch/scratch/CompilerValidation/zaheer_ahmad/os_fpga2/Validation/RTL_testcases/RTL_Benchmarks_Gap_Analysis/pwrmgr/rtl/prim_generic_flop.sv:18$139 in module $paramod$6ae18350b51be32fd7406c5aaac3c7582e0e6af0\prim_generic_flop.
Marked 1 switch rules as full_case in process $proc$/nfs_scratch/scratch/CompilerValidation/zaheer_ahmad/os_fpga2/Validation/RTL_testcases/RTL_Benchmarks_Gap_Analysis/pwrmgr/rtl/pwrmgr_wake_info.sv:27$135 in module $paramod$21a513b276be09c9cb5553d5463fdf4800edca32\pwrmgr_wake_info.
Marked 2 switch rules as full_case in process $proc$/nfs_scratch/scratch/CompilerValidation/zaheer_ahmad/os_fpga2/Validation/RTL_testcases/RTL_Benchmarks_Gap_Analysis/pwrmgr/rtl/pwrmgr_wake_info.sv:55$127 in module $paramod$21a513b276be09c9cb5553d5463fdf4800edca32\pwrmgr_wake_info.
Marked 2 switch rules as full_case in process $proc$/nfs_scratch/scratch/CompilerValidation/zaheer_ahmad/os_fpga2/Validation/RTL_testcases/RTL_Benchmarks_Gap_Analysis/pwrmgr/rtl/pwrmgr_wake_info.sv:40$122 in module $paramod$21a513b276be09c9cb5553d5463fdf4800edca32\pwrmgr_wake_info.
Marked 1 switch rules as full_case in process $proc$/nfs_scratch/scratch/CompilerValidation/zaheer_ahmad/os_fpga2/Validation/RTL_testcases/RTL_Benchmarks_Gap_Analysis/pwrmgr/rtl/pwrmgr_slow_fsm.sv:95$120 in module $paramod$21db42bc4a37f19b92ab182268213f76666c0005\pwrmgr_slow_fsm.
Marked 2 switch rules as full_case in process $proc$/nfs_scratch/scratch/CompilerValidation/zaheer_ahmad/os_fpga2/Validation/RTL_testcases/RTL_Benchmarks_Gap_Analysis/pwrmgr/rtl/pwrmgr_slow_fsm.sv:303$99 in module $paramod$21db42bc4a37f19b92ab182268213f76666c0005\pwrmgr_slow_fsm.
Marked 2 switch rules as full_case in process $proc$/nfs_scratch/scratch/CompilerValidation/zaheer_ahmad/os_fpga2/Validation/RTL_testcases/RTL_Benchmarks_Gap_Analysis/pwrmgr/rtl/pwrmgr_slow_fsm.sv:285$93 in module $paramod$21db42bc4a37f19b92ab182268213f76666c0005\pwrmgr_slow_fsm.
Marked 1 switch rules as full_case in process $proc$/nfs_scratch/scratch/CompilerValidation/zaheer_ahmad/os_fpga2/Validation/RTL_testcases/RTL_Benchmarks_Gap_Analysis/pwrmgr/rtl/pwrmgr_slow_fsm.sv:274$91 in module $paramod$21db42bc4a37f19b92ab182268213f76666c0005\pwrmgr_slow_fsm.
Marked 9 switch rules as full_case in process $proc$/nfs_scratch/scratch/CompilerValidation/zaheer_ahmad/os_fpga2/Validation/RTL_testcases/RTL_Benchmarks_Gap_Analysis/pwrmgr/rtl/pwrmgr_slow_fsm.sv:138$79 in module $paramod$21db42bc4a37f19b92ab182268213f76666c0005\pwrmgr_slow_fsm.
Marked 1 switch rules as full_case in process $proc$/nfs_scratch/scratch/CompilerValidation/zaheer_ahmad/os_fpga2/Validation/RTL_testcases/RTL_Benchmarks_Gap_Analysis/pwrmgr/rtl/prim_generic_flop.sv:18$77 in module $paramod$fe55b1bb949966d310e200acf24c2aa59944d626\prim_generic_flop.
Marked 1 switch rules as full_case in process $proc$/nfs_scratch/scratch/CompilerValidation/zaheer_ahmad/os_fpga2/Validation/RTL_testcases/RTL_Benchmarks_Gap_Analysis/pwrmgr/rtl/pwrmgr_fsm.sv:128$65 in module $paramod$21a513b276be09c9cb5553d5463fdf4800edca32\pwrmgr_fsm.
Marked 16 switch rules as full_case in process $proc$/nfs_scratch/scratch/CompilerValidation/zaheer_ahmad/os_fpga2/Validation/RTL_testcases/RTL_Benchmarks_Gap_Analysis/pwrmgr/rtl/pwrmgr_fsm.sv:242$10 in module $paramod$21a513b276be09c9cb5553d5463fdf4800edca32\pwrmgr_fsm.
Marked 2 switch rules as full_case in process $proc$/nfs_scratch/scratch/CompilerValidation/zaheer_ahmad/os_fpga2/Validation/RTL_testcases/RTL_Benchmarks_Gap_Analysis/pwrmgr/rtl/pwrmgr_fsm.sv:164$5 in module $paramod$21a513b276be09c9cb5553d5463fdf4800edca32\pwrmgr_fsm.
Removed a total of 3 dead cases.

4.18.3. Executing PROC_PRUNE pass (remove redundant assignments in processes).
Removed 58 redundant assignments.
Promoted 227 assignments to connections.

4.18.4. Executing PROC_INIT pass (extract init attributes).

4.18.5. Executing PROC_ARST pass (detect async resets in processes).
Found async reset \rst_ni in `$paramod$112511bfd0dccda09976f1ed3a15d1c8d45112d4\prim_subreg.$proc$/nfs_scratch/scratch/CompilerValidation/zaheer_ahmad/os_fpga2/Validation/RTL_testcases/RTL_Benchmarks_Gap_Analysis/pwrmgr/rtl/prim_subreg.sv:65$858'.
Found async reset \rst_ni in `$paramod$112511bfd0dccda09976f1ed3a15d1c8d45112d4\prim_subreg.$proc$/nfs_scratch/scratch/CompilerValidation/zaheer_ahmad/os_fpga2/Validation/RTL_testcases/RTL_Benchmarks_Gap_Analysis/pwrmgr/rtl/prim_subreg.sv:70$856'.
Found async reset \rst_src_ni in `\prim_pulse_sync.$proc$/nfs_scratch/scratch/CompilerValidation/zaheer_ahmad/os_fpga2/Validation/RTL_testcases/RTL_Benchmarks_Gap_Analysis/pwrmgr/rtl/prim_pulse_sync.sv:27$853'.
Found async reset \rst_dst_ni in `\prim_pulse_sync.$proc$/nfs_scratch/scratch/CompilerValidation/zaheer_ahmad/os_fpga2/Validation/RTL_testcases/RTL_Benchmarks_Gap_Analysis/pwrmgr/rtl/prim_pulse_sync.sv:55$850'.
Found async reset \rst_ni in `$paramod$7e00d363ce130de0a5a3e36d8a0ef795833e2889\prim_subreg.$proc$/nfs_scratch/scratch/CompilerValidation/zaheer_ahmad/os_fpga2/Validation/RTL_testcases/RTL_Benchmarks_Gap_Analysis/pwrmgr/rtl/prim_subreg.sv:65$812'.
Found async reset \rst_ni in `$paramod$7e00d363ce130de0a5a3e36d8a0ef795833e2889\prim_subreg.$proc$/nfs_scratch/scratch/CompilerValidation/zaheer_ahmad/os_fpga2/Validation/RTL_testcases/RTL_Benchmarks_Gap_Analysis/pwrmgr/rtl/prim_subreg.sv:70$810'.
Found async reset \rst_ni in `$paramod$8ec11ab84d267aa735efee7deaffb669de62e241\pwrmgr_reg_top.$proc$/nfs_scratch/scratch/CompilerValidation/zaheer_ahmad/os_fpga2/Validation/RTL_testcases/RTL_Benchmarks_Gap_Analysis/pwrmgr/rtl/pwrmgr_reg_top.sv:56$806'.
Found async reset \rst_ni in `$paramod$ee0227794101df47ad9f37b0d88f82f880f9e439\tlul_adapter_reg.$proc$/nfs_scratch/scratch/CompilerValidation/zaheer_ahmad/os_fpga2/Validation/RTL_testcases/RTL_Benchmarks_Gap_Analysis/pwrmgr/rtl/tlul_adapter_reg.sv:64$640'.
Found async reset \rst_ni in `$paramod$ee0227794101df47ad9f37b0d88f82f880f9e439\tlul_adapter_reg.$proc$/nfs_scratch/scratch/CompilerValidation/zaheer_ahmad/os_fpga2/Validation/RTL_testcases/RTL_Benchmarks_Gap_Analysis/pwrmgr/rtl/tlul_adapter_reg.sv:83$619'.
Found async reset \rst_ni in `$paramod$ee0227794101df47ad9f37b0d88f82f880f9e439\tlul_adapter_reg.$proc$/nfs_scratch/scratch/CompilerValidation/zaheer_ahmad/os_fpga2/Validation/RTL_testcases/RTL_Benchmarks_Gap_Analysis/pwrmgr/rtl/tlul_adapter_reg.sv:70$616'.
Found async reset \rst_ni in `$paramod\prim_generic_flop\Width=s32'00000000000000000000000000000010\ResetValue=2'10.$proc$/nfs_scratch/scratch/CompilerValidation/zaheer_ahmad/os_fpga2/Validation/RTL_testcases/RTL_Benchmarks_Gap_Analysis/pwrmgr/rtl/prim_generic_flop.sv:18$361'.
Found async reset \rst_ni in `$paramod$cafc58aacea66ce361f30fc5fb51712913515c86\prim_generic_flop.$proc$/nfs_scratch/scratch/CompilerValidation/zaheer_ahmad/os_fpga2/Validation/RTL_testcases/RTL_Benchmarks_Gap_Analysis/pwrmgr/rtl/prim_generic_flop.sv:18$359'.
Found async reset \rst_ni in `$paramod$18eae125e8070a5fb29a0bd9923127bd30ff2039\prim_subreg.$proc$/nfs_scratch/scratch/CompilerValidation/zaheer_ahmad/os_fpga2/Validation/RTL_testcases/RTL_Benchmarks_Gap_Analysis/pwrmgr/rtl/prim_subreg.sv:65$357'.
Found async reset \rst_ni in `$paramod$18eae125e8070a5fb29a0bd9923127bd30ff2039\prim_subreg.$proc$/nfs_scratch/scratch/CompilerValidation/zaheer_ahmad/os_fpga2/Validation/RTL_testcases/RTL_Benchmarks_Gap_Analysis/pwrmgr/rtl/prim_subreg.sv:70$355'.
Found async reset \rst_ni in `$paramod\prim_diff_decode\AsyncOn=1'0.$proc$/nfs_scratch/scratch/CompilerValidation/zaheer_ahmad/os_fpga2/Validation/RTL_testcases/RTL_Benchmarks_Gap_Analysis/pwrmgr/rtl/prim_diff_decode.sv:195$353'.
Found async reset \rst_ni in `$paramod$58cc36426b572d644c9bdaa50fac6b4ad91ed7ea\prim_esc_receiver.$proc$/nfs_scratch/scratch/CompilerValidation/zaheer_ahmad/os_fpga2/Validation/RTL_testcases/RTL_Benchmarks_Gap_Analysis/pwrmgr/rtl/prim_esc_receiver.sv:236$320'.
Found async reset \rst_ni in `$paramod$e28d8d901a11ac5d5e5c27396dca7dc727aac42a\prim_subreg.$proc$/nfs_scratch/scratch/CompilerValidation/zaheer_ahmad/os_fpga2/Validation/RTL_testcases/RTL_Benchmarks_Gap_Analysis/pwrmgr/rtl/prim_subreg.sv:65$307'.
Found async reset \rst_ni in `$paramod$e28d8d901a11ac5d5e5c27396dca7dc727aac42a\prim_subreg.$proc$/nfs_scratch/scratch/CompilerValidation/zaheer_ahmad/os_fpga2/Validation/RTL_testcases/RTL_Benchmarks_Gap_Analysis/pwrmgr/rtl/prim_subreg.sv:70$305'.
Found async reset \rst_dst_ni in `\prim_sync_reqack.$proc$/nfs_scratch/scratch/CompilerValidation/zaheer_ahmad/os_fpga2/Validation/RTL_testcases/RTL_Benchmarks_Gap_Analysis/pwrmgr/rtl/prim_sync_reqack.sv:141$244'.
Found async reset \rst_src_ni in `\prim_sync_reqack.$proc$/nfs_scratch/scratch/CompilerValidation/zaheer_ahmad/os_fpga2/Validation/RTL_testcases/RTL_Benchmarks_Gap_Analysis/pwrmgr/rtl/prim_sync_reqack.sv:132$242'.
Found async reset \rst_ni in `$paramod\prim_clock_timeout\TimeOutCnt=s32'00000000000000000000000010000000.$proc$/nfs_scratch/scratch/CompilerValidation/zaheer_ahmad/os_fpga2/Validation/RTL_testcases/RTL_Benchmarks_Gap_Analysis/pwrmgr/rtl/prim_clock_timeout.sv:30$234'.
Found async reset \rst_ni in `\pwrmgr.$proc$/nfs_scratch/scratch/CompilerValidation/zaheer_ahmad/os_fpga2/Validation/RTL_testcases/RTL_Benchmarks_Gap_Analysis/pwrmgr/rtl/pwrmgr.sv:240$223'.
Found async reset \rst_ni in `$paramod\prim_alert_sender\AsyncOn=1'1\ALERT_TX_DEFAULT=2'01\ALERT_RX_DEFAULT=4'0101.$proc$/nfs_scratch/scratch/CompilerValidation/zaheer_ahmad/os_fpga2/Validation/RTL_testcases/RTL_Benchmarks_Gap_Analysis/pwrmgr/rtl/prim_alert_sender.sv:222$189'.
Found async reset \rst_ni in `$paramod\prim_diff_decode\AsyncOn=1'1.$proc$/nfs_scratch/scratch/CompilerValidation/zaheer_ahmad/os_fpga2/Validation/RTL_testcases/RTL_Benchmarks_Gap_Analysis/pwrmgr/rtl/prim_diff_decode.sv:161$187'.
Found async reset \rst_ni in `$paramod\prim_generic_flop\Width=s32'00000000000000000000000000000001\ResetValue=1'0.$proc$/nfs_scratch/scratch/CompilerValidation/zaheer_ahmad/os_fpga2/Validation/RTL_testcases/RTL_Benchmarks_Gap_Analysis/pwrmgr/rtl/prim_generic_flop.sv:18$178'.
Found async reset \rst_ni in `$paramod\prim_generic_flop\Width=s32'00000000000000000000000000000001\ResetValue=1'1.$proc$/nfs_scratch/scratch/CompilerValidation/zaheer_ahmad/os_fpga2/Validation/RTL_testcases/RTL_Benchmarks_Gap_Analysis/pwrmgr/rtl/prim_generic_flop.sv:18$176'.
Found async reset \rst_ni in `$paramod$1922727dec4c1da7ed6ad3dc09fc46ad0b6c2a2c\prim_subreg.$proc$/nfs_scratch/scratch/CompilerValidation/zaheer_ahmad/os_fpga2/Validation/RTL_testcases/RTL_Benchmarks_Gap_Analysis/pwrmgr/rtl/prim_subreg.sv:65$174'.
Found async reset \rst_ni in `$paramod$1922727dec4c1da7ed6ad3dc09fc46ad0b6c2a2c\prim_subreg.$proc$/nfs_scratch/scratch/CompilerValidation/zaheer_ahmad/os_fpga2/Validation/RTL_testcases/RTL_Benchmarks_Gap_Analysis/pwrmgr/rtl/prim_subreg.sv:70$172'.
Found async reset \rst_slow_ni in `$paramod$21a513b276be09c9cb5553d5463fdf4800edca32\pwrmgr_cdc.$proc$/nfs_scratch/scratch/CompilerValidation/zaheer_ahmad/os_fpga2/Validation/RTL_testcases/RTL_Benchmarks_Gap_Analysis/pwrmgr/rtl/pwrmgr_cdc.sv:147$166'.
Found async reset \rst_ni in `$paramod$21a513b276be09c9cb5553d5463fdf4800edca32\pwrmgr_cdc.$proc$/nfs_scratch/scratch/CompilerValidation/zaheer_ahmad/os_fpga2/Validation/RTL_testcases/RTL_Benchmarks_Gap_Analysis/pwrmgr/rtl/pwrmgr_cdc.sv:260$163'.
Found async reset \rst_ni in `$paramod$21a513b276be09c9cb5553d5463fdf4800edca32\pwrmgr_cdc.$proc$/nfs_scratch/scratch/CompilerValidation/zaheer_ahmad/os_fpga2/Validation/RTL_testcases/RTL_Benchmarks_Gap_Analysis/pwrmgr/rtl/pwrmgr_cdc.sv:250$161'.
Found async reset \rst_slow_ni in `$paramod$21a513b276be09c9cb5553d5463fdf4800edca32\pwrmgr_cdc.$proc$/nfs_scratch/scratch/CompilerValidation/zaheer_ahmad/os_fpga2/Validation/RTL_testcases/RTL_Benchmarks_Gap_Analysis/pwrmgr/rtl/pwrmgr_cdc.sv:169$159'.
Found async reset \rst_slow_ni in `$paramod$21a513b276be09c9cb5553d5463fdf4800edca32\pwrmgr_cdc.$proc$/nfs_scratch/scratch/CompilerValidation/zaheer_ahmad/os_fpga2/Validation/RTL_testcases/RTL_Benchmarks_Gap_Analysis/pwrmgr/rtl/pwrmgr_cdc.sv:157$156'.
Found async reset \rst_ni in `$paramod$25ebe4329fda051e04aa1129a6e1ffd602984606\prim_generic_flop.$proc$/nfs_scratch/scratch/CompilerValidation/zaheer_ahmad/os_fpga2/Validation/RTL_testcases/RTL_Benchmarks_Gap_Analysis/pwrmgr/rtl/prim_generic_flop.sv:18$154'.
Found async reset \rst_ni in `$paramod\prim_intr_hw\Width=32'00000000000000000000000000000001\FlopOutput=1'1.$proc$/nfs_scratch/scratch/CompilerValidation/zaheer_ahmad/os_fpga2/Validation/RTL_testcases/RTL_Benchmarks_Gap_Analysis/pwrmgr/rtl/prim_intr_hw.sv:41$147'.
Found async reset \rst_ni in `$paramod$2454416d686f119c214b8f35dcdc5a0867f85a76\prim_generic_flop.$proc$/nfs_scratch/scratch/CompilerValidation/zaheer_ahmad/os_fpga2/Validation/RTL_testcases/RTL_Benchmarks_Gap_Analysis/pwrmgr/rtl/prim_generic_flop.sv:18$145'.
Found async reset \rst_ni in `$paramod$1232de8c2fe4fff6a75b5663758d1bf50afa3825\prim_generic_flop.$proc$/nfs_scratch/scratch/CompilerValidation/zaheer_ahmad/os_fpga2/Validation/RTL_testcases/RTL_Benchmarks_Gap_Analysis/pwrmgr/rtl/prim_generic_flop.sv:18$143'.
Found async reset \rst_ni in `$paramod\prim_generic_flop\Width=s32'00000000000000000000000000000010\ResetValue=2'00.$proc$/nfs_scratch/scratch/CompilerValidation/zaheer_ahmad/os_fpga2/Validation/RTL_testcases/RTL_Benchmarks_Gap_Analysis/pwrmgr/rtl/prim_generic_flop.sv:18$141'.
Found async reset \rst_ni in `$paramod$6ae18350b51be32fd7406c5aaac3c7582e0e6af0\prim_generic_flop.$proc$/nfs_scratch/scratch/CompilerValidation/zaheer_ahmad/os_fpga2/Validation/RTL_testcases/RTL_Benchmarks_Gap_Analysis/pwrmgr/rtl/prim_generic_flop.sv:18$139'.
Found async reset \rst_ni in `$paramod$21a513b276be09c9cb5553d5463fdf4800edca32\pwrmgr_wake_info.$proc$/nfs_scratch/scratch/CompilerValidation/zaheer_ahmad/os_fpga2/Validation/RTL_testcases/RTL_Benchmarks_Gap_Analysis/pwrmgr/rtl/pwrmgr_wake_info.sv:27$135'.
Found async reset \rst_ni in `$paramod$21a513b276be09c9cb5553d5463fdf4800edca32\pwrmgr_wake_info.$proc$/nfs_scratch/scratch/CompilerValidation/zaheer_ahmad/os_fpga2/Validation/RTL_testcases/RTL_Benchmarks_Gap_Analysis/pwrmgr/rtl/pwrmgr_wake_info.sv:55$127'.
Found async reset \rst_ni in `$paramod$21a513b276be09c9cb5553d5463fdf4800edca32\pwrmgr_wake_info.$proc$/nfs_scratch/scratch/CompilerValidation/zaheer_ahmad/os_fpga2/Validation/RTL_testcases/RTL_Benchmarks_Gap_Analysis/pwrmgr/rtl/pwrmgr_wake_info.sv:40$122'.
Found async reset \rst_ni in `$paramod$21db42bc4a37f19b92ab182268213f76666c0005\pwrmgr_slow_fsm.$proc$/nfs_scratch/scratch/CompilerValidation/zaheer_ahmad/os_fpga2/Validation/RTL_testcases/RTL_Benchmarks_Gap_Analysis/pwrmgr/rtl/pwrmgr_slow_fsm.sv:95$120'.
Found async reset \rst_ni in `$paramod$21db42bc4a37f19b92ab182268213f76666c0005\pwrmgr_slow_fsm.$proc$/nfs_scratch/scratch/CompilerValidation/zaheer_ahmad/os_fpga2/Validation/RTL_testcases/RTL_Benchmarks_Gap_Analysis/pwrmgr/rtl/pwrmgr_slow_fsm.sv:303$99'.
Found async reset \rst_main_ni in `$paramod$21db42bc4a37f19b92ab182268213f76666c0005\pwrmgr_slow_fsm.$proc$/nfs_scratch/scratch/CompilerValidation/zaheer_ahmad/os_fpga2/Validation/RTL_testcases/RTL_Benchmarks_Gap_Analysis/pwrmgr/rtl/pwrmgr_slow_fsm.sv:285$93'.
Found async reset \rst_main_ni in `$paramod$21db42bc4a37f19b92ab182268213f76666c0005\pwrmgr_slow_fsm.$proc$/nfs_scratch/scratch/CompilerValidation/zaheer_ahmad/os_fpga2/Validation/RTL_testcases/RTL_Benchmarks_Gap_Analysis/pwrmgr/rtl/pwrmgr_slow_fsm.sv:274$91'.
Found async reset \rst_ni in `$paramod$fe55b1bb949966d310e200acf24c2aa59944d626\prim_generic_flop.$proc$/nfs_scratch/scratch/CompilerValidation/zaheer_ahmad/os_fpga2/Validation/RTL_testcases/RTL_Benchmarks_Gap_Analysis/pwrmgr/rtl/prim_generic_flop.sv:18$77'.
Found async reset \rst_ni in `$paramod$21a513b276be09c9cb5553d5463fdf4800edca32\pwrmgr_fsm.$proc$/nfs_scratch/scratch/CompilerValidation/zaheer_ahmad/os_fpga2/Validation/RTL_testcases/RTL_Benchmarks_Gap_Analysis/pwrmgr/rtl/pwrmgr_fsm.sv:128$65'.
Found async reset \rst_ni in `$paramod$21a513b276be09c9cb5553d5463fdf4800edca32\pwrmgr_fsm.$proc$/nfs_scratch/scratch/CompilerValidation/zaheer_ahmad/os_fpga2/Validation/RTL_testcases/RTL_Benchmarks_Gap_Analysis/pwrmgr/rtl/pwrmgr_fsm.sv:164$5'.

4.18.6. Executing PROC_ROM pass (convert switches to ROMs).
Converted 0 switches.
<suppressed ~85 debug messages>

4.18.7. Executing PROC_MUX pass (convert decision trees to multiplexers).
Creating decoders for process `$paramod$112511bfd0dccda09976f1ed3a15d1c8d45112d4\prim_subreg.$proc$/nfs_scratch/scratch/CompilerValidation/zaheer_ahmad/os_fpga2/Validation/RTL_testcases/RTL_Benchmarks_Gap_Analysis/pwrmgr/rtl/prim_subreg.sv:65$858'.
     1/1: $0\qe[0:0]
Creating decoders for process `$paramod$112511bfd0dccda09976f1ed3a15d1c8d45112d4\prim_subreg.$proc$/nfs_scratch/scratch/CompilerValidation/zaheer_ahmad/os_fpga2/Validation/RTL_testcases/RTL_Benchmarks_Gap_Analysis/pwrmgr/rtl/prim_subreg.sv:70$856'.
     1/1: $0\q[0:0]
Creating decoders for process `\prim_pulse_sync.$proc$/nfs_scratch/scratch/CompilerValidation/zaheer_ahmad/os_fpga2/Validation/RTL_testcases/RTL_Benchmarks_Gap_Analysis/pwrmgr/rtl/prim_pulse_sync.sv:27$853'.
     1/1: $0\src_level[0:0]
Creating decoders for process `\prim_pulse_sync.$proc$/nfs_scratch/scratch/CompilerValidation/zaheer_ahmad/os_fpga2/Validation/RTL_testcases/RTL_Benchmarks_Gap_Analysis/pwrmgr/rtl/prim_pulse_sync.sv:55$850'.
     1/1: $0\dst_level_q[0:0]
Creating decoders for process `$paramod$b16ec1a2d37bb01b30b4807f6e7e5972c818c2d7\tlul_err.$proc$/nfs_scratch/scratch/CompilerValidation/zaheer_ahmad/os_fpga2/Validation/RTL_testcases/RTL_Benchmarks_Gap_Analysis/pwrmgr/rtl/tlul_err.sv:46$829'.
     1/6: $2\fulldata_chk[0:0]
     2/6: $2\mask_chk[0:0]
     3/6: $2\addr_sz_chk[0:0]
     4/6: $1\fulldata_chk[0:0]
     5/6: $1\mask_chk[0:0]
     6/6: $1\addr_sz_chk[0:0]
Creating decoders for process `$paramod$7e00d363ce130de0a5a3e36d8a0ef795833e2889\prim_subreg.$proc$/nfs_scratch/scratch/CompilerValidation/zaheer_ahmad/os_fpga2/Validation/RTL_testcases/RTL_Benchmarks_Gap_Analysis/pwrmgr/rtl/prim_subreg.sv:65$812'.
     1/1: $0\qe[0:0]
Creating decoders for process `$paramod$7e00d363ce130de0a5a3e36d8a0ef795833e2889\prim_subreg.$proc$/nfs_scratch/scratch/CompilerValidation/zaheer_ahmad/os_fpga2/Validation/RTL_testcases/RTL_Benchmarks_Gap_Analysis/pwrmgr/rtl/prim_subreg.sv:70$810'.
     1/1: $0\q[0:0]
Creating decoders for process `$paramod$8ec11ab84d267aa735efee7deaffb669de62e241\pwrmgr_reg_top.$proc$/nfs_scratch/scratch/CompilerValidation/zaheer_ahmad/os_fpga2/Validation/RTL_testcases/RTL_Benchmarks_Gap_Analysis/pwrmgr/rtl/pwrmgr_reg_top.sv:56$806'.
     1/1: $0\intg_err_q[0:0]
Creating decoders for process `$paramod$8ec11ab84d267aa735efee7deaffb669de62e241\pwrmgr_reg_top.$proc$/nfs_scratch/scratch/CompilerValidation/zaheer_ahmad/os_fpga2/Validation/RTL_testcases/RTL_Benchmarks_Gap_Analysis/pwrmgr/rtl/pwrmgr_reg_top.sv:822$749'.
Creating decoders for process `$paramod$8ec11ab84d267aa735efee7deaffb669de62e241\pwrmgr_reg_top.$proc$/nfs_scratch/scratch/CompilerValidation/zaheer_ahmad/os_fpga2/Validation/RTL_testcases/RTL_Benchmarks_Gap_Analysis/pwrmgr/rtl/pwrmgr_reg_top.sv:743$748'.
     1/10: $1\reg_rdata_next[31:0] [31:9]
     2/10: $1\reg_rdata_next[31:0] [0]
     3/10: $1\reg_rdata_next[31:0] [8]
     4/10: $1\reg_rdata_next[31:0] [3]
     5/10: $1\reg_rdata_next[31:0] [2]
     6/10: $1\reg_rdata_next[31:0] [7]
     7/10: $1\reg_rdata_next[31:0] [6]
     8/10: $1\reg_rdata_next[31:0] [5]
     9/10: $1\reg_rdata_next[31:0] [4]
    10/10: $1\reg_rdata_next[31:0] [1]
Creating decoders for process `$paramod$8ec11ab84d267aa735efee7deaffb669de62e241\pwrmgr_reg_top.$proc$/nfs_scratch/scratch/CompilerValidation/zaheer_ahmad/os_fpga2/Validation/RTL_testcases/RTL_Benchmarks_Gap_Analysis/pwrmgr/rtl/pwrmgr_reg_top.sv:675$677'.
Creating decoders for process `$paramod$8ec11ab84d267aa735efee7deaffb669de62e241\pwrmgr_reg_top.$proc$/nfs_scratch/scratch/CompilerValidation/zaheer_ahmad/os_fpga2/Validation/RTL_testcases/RTL_Benchmarks_Gap_Analysis/pwrmgr/rtl/pwrmgr_reg_top.sv:654$662'.
Creating decoders for process `$paramod$ee0227794101df47ad9f37b0d88f82f880f9e439\tlul_adapter_reg.$proc$/nfs_scratch/scratch/CompilerValidation/zaheer_ahmad/os_fpga2/Validation/RTL_testcases/RTL_Benchmarks_Gap_Analysis/pwrmgr/rtl/tlul_adapter_reg.sv:64$640'.
     1/1: $0\outstanding[0:0]
Creating decoders for process `$paramod$ee0227794101df47ad9f37b0d88f82f880f9e439\tlul_adapter_reg.$proc$/nfs_scratch/scratch/CompilerValidation/zaheer_ahmad/os_fpga2/Validation/RTL_testcases/RTL_Benchmarks_Gap_Analysis/pwrmgr/rtl/tlul_adapter_reg.sv:119$623'.
     1/1: $1\addr_align_err[0:0]
Creating decoders for process `$paramod$ee0227794101df47ad9f37b0d88f82f880f9e439\tlul_adapter_reg.$proc$/nfs_scratch/scratch/CompilerValidation/zaheer_ahmad/os_fpga2/Validation/RTL_testcases/RTL_Benchmarks_Gap_Analysis/pwrmgr/rtl/tlul_adapter_reg.sv:83$619'.
     1/2: $0\error[0:0]
     2/2: $0\rdata[31:0]
Creating decoders for process `$paramod$ee0227794101df47ad9f37b0d88f82f880f9e439\tlul_adapter_reg.$proc$/nfs_scratch/scratch/CompilerValidation/zaheer_ahmad/os_fpga2/Validation/RTL_testcases/RTL_Benchmarks_Gap_Analysis/pwrmgr/rtl/tlul_adapter_reg.sv:70$616'.
     1/3: $0\rspop[2:0]
     2/3: $0\reqsz[1:0]
     3/3: $0\reqid[7:0]
Creating decoders for process `\prim_secded_inv_64_57_enc.$proc$/nfs_scratch/scratch/CompilerValidation/zaheer_ahmad/os_fpga2/Validation/RTL_testcases/RTL_Benchmarks_Gap_Analysis/pwrmgr/rtl/prim_secded_inv_64_57_enc.sv:12$594'.
Creating decoders for process `\prim_secded_inv_39_32_dec.$proc$/nfs_scratch/scratch/CompilerValidation/zaheer_ahmad/os_fpga2/Validation/RTL_testcases/RTL_Benchmarks_Gap_Analysis/pwrmgr/rtl/prim_secded_inv_39_32_dec.sv:14$504'.
Creating decoders for process `\prim_secded_inv_64_57_dec.$proc$/nfs_scratch/scratch/CompilerValidation/zaheer_ahmad/os_fpga2/Validation/RTL_testcases/RTL_Benchmarks_Gap_Analysis/pwrmgr/rtl/prim_secded_inv_64_57_dec.sv:14$363'.
Creating decoders for process `$paramod\prim_generic_flop\Width=s32'00000000000000000000000000000010\ResetValue=2'10.$proc$/nfs_scratch/scratch/CompilerValidation/zaheer_ahmad/os_fpga2/Validation/RTL_testcases/RTL_Benchmarks_Gap_Analysis/pwrmgr/rtl/prim_generic_flop.sv:18$361'.
     1/1: $0\q_o[1:0]
Creating decoders for process `$paramod$cafc58aacea66ce361f30fc5fb51712913515c86\prim_generic_flop.$proc$/nfs_scratch/scratch/CompilerValidation/zaheer_ahmad/os_fpga2/Validation/RTL_testcases/RTL_Benchmarks_Gap_Analysis/pwrmgr/rtl/prim_generic_flop.sv:18$359'.
     1/1: $0\q_o[29:0]
Creating decoders for process `$paramod$18eae125e8070a5fb29a0bd9923127bd30ff2039\prim_subreg.$proc$/nfs_scratch/scratch/CompilerValidation/zaheer_ahmad/os_fpga2/Validation/RTL_testcases/RTL_Benchmarks_Gap_Analysis/pwrmgr/rtl/prim_subreg.sv:65$357'.
     1/1: $0\qe[0:0]
Creating decoders for process `$paramod$18eae125e8070a5fb29a0bd9923127bd30ff2039\prim_subreg.$proc$/nfs_scratch/scratch/CompilerValidation/zaheer_ahmad/os_fpga2/Validation/RTL_testcases/RTL_Benchmarks_Gap_Analysis/pwrmgr/rtl/prim_subreg.sv:70$355'.
     1/1: $0\q[0:0]
Creating decoders for process `$paramod\prim_diff_decode\AsyncOn=1'0.$proc$/nfs_scratch/scratch/CompilerValidation/zaheer_ahmad/os_fpga2/Validation/RTL_testcases/RTL_Benchmarks_Gap_Analysis/pwrmgr/rtl/prim_diff_decode.sv:195$353'.
     1/2: $0\level_q[0:0]
     2/2: $0\gen_no_async.diff_pq[0:0]
Creating decoders for process `$paramod$58cc36426b572d644c9bdaa50fac6b4ad91ed7ea\prim_esc_receiver.$proc$/nfs_scratch/scratch/CompilerValidation/zaheer_ahmad/os_fpga2/Validation/RTL_testcases/RTL_Benchmarks_Gap_Analysis/pwrmgr/rtl/prim_esc_receiver.sv:155$332'.
     1/22: $5\resp_nd[0:0]
     2/22: $5\resp_pd[0:0]
     3/22: $7\state_d[2:0]
     4/22: $4\resp_nd[0:0]
     5/22: $4\resp_pd[0:0]
     6/22: $6\state_d[2:0]
     7/22: $4\esc_req[0:0]
     8/22: $3\resp_nd[0:0]
     9/22: $3\resp_pd[0:0]
    10/22: $5\state_d[2:0]
    11/22: $3\esc_req[0:0]
    12/22: $4\state_d[2:0]
    13/22: $2\esc_req[0:0]
    14/22: $3\state_d[2:0]
    15/22: $2\resp_nd[0:0]
    16/22: $2\resp_pd[0:0]
    17/22: $2\state_d[2:0]
    18/22: $1\resp_nd[0:0]
    19/22: $1\resp_pd[0:0]
    20/22: $1\state_d[2:0]
    21/22: $1\esc_req[0:0]
    22/22: $1\ping_en[0:0]
Creating decoders for process `$paramod$58cc36426b572d644c9bdaa50fac6b4ad91ed7ea\prim_esc_receiver.$proc$/nfs_scratch/scratch/CompilerValidation/zaheer_ahmad/os_fpga2/Validation/RTL_testcases/RTL_Benchmarks_Gap_Analysis/pwrmgr/rtl/prim_esc_receiver.sv:236$320'.
     1/1: $0\state_q[2:0]
Creating decoders for process `$paramod$30daef7d8fbea83f8d5d97bb6bbeea8d50f20643\tlul_rsp_intg_gen.$proc$/nfs_scratch/scratch/CompilerValidation/zaheer_ahmad/os_fpga2/Validation/RTL_testcases/RTL_Benchmarks_Gap_Analysis/pwrmgr/rtl/tlul_pkg.sv:0$313'.
Creating decoders for process `$paramod$30daef7d8fbea83f8d5d97bb6bbeea8d50f20643\tlul_rsp_intg_gen.$proc$/nfs_scratch/scratch/CompilerValidation/zaheer_ahmad/os_fpga2/Validation/RTL_testcases/RTL_Benchmarks_Gap_Analysis/pwrmgr/rtl/tlul_rsp_intg_gen.sv:44$312'.
Creating decoders for process `$paramod$e28d8d901a11ac5d5e5c27396dca7dc727aac42a\prim_subreg.$proc$/nfs_scratch/scratch/CompilerValidation/zaheer_ahmad/os_fpga2/Validation/RTL_testcases/RTL_Benchmarks_Gap_Analysis/pwrmgr/rtl/prim_subreg.sv:65$307'.
     1/1: $0\qe[0:0]
Creating decoders for process `$paramod$e28d8d901a11ac5d5e5c27396dca7dc727aac42a\prim_subreg.$proc$/nfs_scratch/scratch/CompilerValidation/zaheer_ahmad/os_fpga2/Validation/RTL_testcases/RTL_Benchmarks_Gap_Analysis/pwrmgr/rtl/prim_subreg.sv:70$305'.
     1/1: $0\q[0:0]
Creating decoders for process `\prim_secded_inv_39_32_enc.$proc$/nfs_scratch/scratch/CompilerValidation/zaheer_ahmad/os_fpga2/Validation/RTL_testcases/RTL_Benchmarks_Gap_Analysis/pwrmgr/rtl/prim_secded_inv_39_32_enc.sv:12$267'.
Creating decoders for process `$paramod$b16ec1a2d37bb01b30b4807f6e7e5972c818c2d7\tlul_cmd_intg_chk.$proc$/nfs_scratch/scratch/CompilerValidation/zaheer_ahmad/os_fpga2/Validation/RTL_testcases/RTL_Benchmarks_Gap_Analysis/pwrmgr/rtl/tlul_pkg.sv:0$260'.
Creating decoders for process `\prim_sync_reqack.$proc$/nfs_scratch/scratch/CompilerValidation/zaheer_ahmad/os_fpga2/Validation/RTL_testcases/RTL_Benchmarks_Gap_Analysis/pwrmgr/rtl/prim_sync_reqack.sv:70$246'.
     1/6: $3\src_fsm_ns[0:0]
     2/6: $2\src_req_d[0:0]
     3/6: $2\src_fsm_ns[0:0]
     4/6: $1\src_req_d[0:0]
     5/6: $1\src_fsm_ns[0:0]
     6/6: $1\src_ack_o[0:0]
Creating decoders for process `\prim_sync_reqack.$proc$/nfs_scratch/scratch/CompilerValidation/zaheer_ahmad/os_fpga2/Validation/RTL_testcases/RTL_Benchmarks_Gap_Analysis/pwrmgr/rtl/prim_sync_reqack.sv:141$244'.
     1/2: $0\dst_ack_q[0:0]
     2/2: $0\dst_fsm_cs[0:0]
Creating decoders for process `\prim_sync_reqack.$proc$/nfs_scratch/scratch/CompilerValidation/zaheer_ahmad/os_fpga2/Validation/RTL_testcases/RTL_Benchmarks_Gap_Analysis/pwrmgr/rtl/prim_sync_reqack.sv:132$242'.
     1/2: $0\src_req_q[0:0]
     2/2: $0\src_fsm_cs[0:0]
Creating decoders for process `\prim_sync_reqack.$proc$/nfs_scratch/scratch/CompilerValidation/zaheer_ahmad/os_fpga2/Validation/RTL_testcases/RTL_Benchmarks_Gap_Analysis/pwrmgr/rtl/prim_sync_reqack.sv:102$239'.
     1/5: $3\dst_fsm_ns[0:0]
     2/5: $2\dst_fsm_ns[0:0]
     3/5: $1\dst_fsm_ns[0:0]
     4/5: $1\dst_ack_d[0:0]
     5/5: $1\dst_req_o[0:0]
Creating decoders for process `$paramod\prim_clock_timeout\TimeOutCnt=s32'00000000000000000000000010000000.$proc$/nfs_scratch/scratch/CompilerValidation/zaheer_ahmad/os_fpga2/Validation/RTL_testcases/RTL_Benchmarks_Gap_Analysis/pwrmgr/rtl/prim_clock_timeout.sv:30$234'.
     1/1: $0\cnt[7:0]
Creating decoders for process `\pwrmgr.$proc$/nfs_scratch/scratch/CompilerValidation/zaheer_ahmad/os_fpga2/Validation/RTL_testcases/RTL_Benchmarks_Gap_Analysis/pwrmgr/rtl/prim_mubi_pkg.sv:0$228'.
Creating decoders for process `\pwrmgr.$proc$/nfs_scratch/scratch/CompilerValidation/zaheer_ahmad/os_fpga2/Validation/RTL_testcases/RTL_Benchmarks_Gap_Analysis/pwrmgr/rtl/pwrmgr.sv:240$223'.
     1/1: $0\lowpwr_cfg_wen[0:0]
Creating decoders for process `$paramod\prim_alert_sender\AsyncOn=1'1\ALERT_TX_DEFAULT=2'01\ALERT_RX_DEFAULT=4'0101.$proc$/nfs_scratch/scratch/CompilerValidation/zaheer_ahmad/os_fpga2/Validation/RTL_testcases/RTL_Benchmarks_Gap_Analysis/pwrmgr/rtl/prim_alert_sender.sv:127$196'.
     1/26: $3\alert_clr[0:0]
     2/26: $3\ping_clr[0:0]
     3/26: $6\alert_n[0:0]
     4/26: $6\alert_p[0:0]
     5/26: $8\state_d[2:0]
     6/26: $5\alert_n[0:0]
     7/26: $5\alert_p[0:0]
     8/26: $7\state_d[2:0]
     9/26: $6\state_d[2:0]
    10/26: $2\ping_clr[0:0]
    11/26: $5\state_d[2:0]
    12/26: $4\alert_n[0:0]
    13/26: $4\alert_p[0:0]
    14/26: $2\alert_clr[0:0]
    15/26: $4\state_d[2:0]
    16/26: $3\state_d[2:0]
    17/26: $3\alert_n[0:0]
    18/26: $3\alert_p[0:0]
    19/26: $2\alert_n[0:0]
    20/26: $2\alert_p[0:0]
    21/26: $2\state_d[2:0]
    22/26: $1\alert_n[0:0]
    23/26: $1\alert_p[0:0]
    24/26: $1\state_d[2:0]
    25/26: $1\ping_clr[0:0]
    26/26: $1\alert_clr[0:0]
Creating decoders for process `$paramod\prim_alert_sender\AsyncOn=1'1\ALERT_TX_DEFAULT=2'01\ALERT_RX_DEFAULT=4'0101.$proc$/nfs_scratch/scratch/CompilerValidation/zaheer_ahmad/os_fpga2/Validation/RTL_testcases/RTL_Benchmarks_Gap_Analysis/pwrmgr/rtl/prim_alert_sender.sv:222$189'.
     1/5: $0\ping_set_q[0:0]
     2/5: $0\alert_set_q[0:0]
     3/5: $0\alert_nq[0:0]
     4/5: $0\alert_pq[0:0]
     5/5: $0\state_q[2:0]
Creating decoders for process `$paramod\prim_diff_decode\AsyncOn=1'1.$proc$/nfs_scratch/scratch/CompilerValidation/zaheer_ahmad/os_fpga2/Validation/RTL_testcases/RTL_Benchmarks_Gap_Analysis/pwrmgr/rtl/prim_diff_decode.sv:161$187'.
     1/4: $0\level_q[0:0]
     2/4: $0\gen_async.diff_nq[0:0]
     3/4: $0\gen_async.diff_pq[0:0]
     4/4: $0\gen_async.state_q[1:0]
Creating decoders for process `$paramod\prim_diff_decode\AsyncOn=1'1.$proc$/nfs_scratch/scratch/CompilerValidation/zaheer_ahmad/os_fpga2/Validation/RTL_testcases/RTL_Benchmarks_Gap_Analysis/pwrmgr/rtl/prim_diff_decode.sv:106$184'.
     1/25: $5\sigint_o[0:0]
     2/25: $5\gen_async.state_d[1:0]
     3/25: $6\rise_o[0:0]
     4/25: $6\fall_o[0:0]
     5/25: $5\fall_o[0:0]
     6/25: $5\rise_o[0:0]
     7/25: $3\level_d[0:0]
     8/25: $4\gen_async.state_d[1:0]
     9/25: $4\sigint_o[0:0]
    10/25: $3\gen_async.state_d[1:0]
    11/25: $3\sigint_o[0:0]
    12/25: $4\rise_o[0:0]
    13/25: $4\fall_o[0:0]
    14/25: $3\fall_o[0:0]
    15/25: $3\rise_o[0:0]
    16/25: $2\fall_o[0:0]
    17/25: $2\rise_o[0:0]
    18/25: $2\level_d[0:0]
    19/25: $2\gen_async.state_d[1:0]
    20/25: $2\sigint_o[0:0]
    21/25: $1\gen_async.state_d[1:0]
    22/25: $1\sigint_o[0:0]
    23/25: $1\fall_o[0:0]
    24/25: $1\rise_o[0:0]
    25/25: $1\level_d[0:0]
Creating decoders for process `$paramod\prim_generic_flop\Width=s32'00000000000000000000000000000001\ResetValue=1'0.$proc$/nfs_scratch/scratch/CompilerValidation/zaheer_ahmad/os_fpga2/Validation/RTL_testcases/RTL_Benchmarks_Gap_Analysis/pwrmgr/rtl/prim_generic_flop.sv:18$178'.
     1/1: $0\q_o[0:0]
Creating decoders for process `$paramod\prim_generic_flop\Width=s32'00000000000000000000000000000001\ResetValue=1'1.$proc$/nfs_scratch/scratch/CompilerValidation/zaheer_ahmad/os_fpga2/Validation/RTL_testcases/RTL_Benchmarks_Gap_Analysis/pwrmgr/rtl/prim_generic_flop.sv:18$176'.
     1/1: $0\q_o[0:0]
Creating decoders for process `$paramod$1922727dec4c1da7ed6ad3dc09fc46ad0b6c2a2c\prim_subreg.$proc$/nfs_scratch/scratch/CompilerValidation/zaheer_ahmad/os_fpga2/Validation/RTL_testcases/RTL_Benchmarks_Gap_Analysis/pwrmgr/rtl/prim_subreg.sv:65$174'.
     1/1: $0\qe[0:0]
Creating decoders for process `$paramod$1922727dec4c1da7ed6ad3dc09fc46ad0b6c2a2c\prim_subreg.$proc$/nfs_scratch/scratch/CompilerValidation/zaheer_ahmad/os_fpga2/Validation/RTL_testcases/RTL_Benchmarks_Gap_Analysis/pwrmgr/rtl/prim_subreg.sv:70$172'.
     1/1: $0\q[0:0]
Creating decoders for process `$paramod$21a513b276be09c9cb5553d5463fdf4800edca32\pwrmgr_cdc.$proc$/nfs_scratch/scratch/CompilerValidation/zaheer_ahmad/os_fpga2/Validation/RTL_testcases/RTL_Benchmarks_Gap_Analysis/pwrmgr/rtl/pwrmgr_cdc.sv:147$166'.
     1/1: $0\slow_ast_q2[4:0]
Creating decoders for process `$paramod$21a513b276be09c9cb5553d5463fdf4800edca32\pwrmgr_cdc.$proc$/nfs_scratch/scratch/CompilerValidation/zaheer_ahmad/os_fpga2/Validation/RTL_testcases/RTL_Benchmarks_Gap_Analysis/pwrmgr/rtl/pwrmgr_cdc.sv:260$163'.
     1/1: $0\pwrup_cause_o[1:0]
Creating decoders for process `$paramod$21a513b276be09c9cb5553d5463fdf4800edca32\pwrmgr_cdc.$proc$/nfs_scratch/scratch/CompilerValidation/zaheer_ahmad/os_fpga2/Validation/RTL_testcases/RTL_Benchmarks_Gap_Analysis/pwrmgr/rtl/pwrmgr_cdc.sv:250$161'.
     1/1: $0\pwrup_cause_toggle_q2[0:0]
Creating decoders for process `$paramod$21a513b276be09c9cb5553d5463fdf4800edca32\pwrmgr_cdc.$proc$/nfs_scratch/scratch/CompilerValidation/zaheer_ahmad/os_fpga2/Validation/RTL_testcases/RTL_Benchmarks_Gap_Analysis/pwrmgr/rtl/pwrmgr_cdc.sv:169$159'.
     1/7: $0\slow_usb_clk_en_active_o[0:0]
     2/7: $0\slow_usb_clk_en_lp_o[0:0]
     3/7: $0\slow_core_clk_en_o[0:0]
     4/7: $0\slow_io_clk_en_o[0:0]
     5/7: $0\slow_main_pd_no[0:0]
     6/7: $0\slow_reset_en_o[1:0]
     7/7: $0\slow_wakeup_en_o[5:0]
Creating decoders for process `$paramod$21a513b276be09c9cb5553d5463fdf4800edca32\pwrmgr_cdc.$proc$/nfs_scratch/scratch/CompilerValidation/zaheer_ahmad/os_fpga2/Validation/RTL_testcases/RTL_Benchmarks_Gap_Analysis/pwrmgr/rtl/pwrmgr_cdc.sv:157$156'.
     1/1: $0\slow_ast_o[4:0]
Creating decoders for process `$paramod$25ebe4329fda051e04aa1129a6e1ffd602984606\prim_generic_flop.$proc$/nfs_scratch/scratch/CompilerValidation/zaheer_ahmad/os_fpga2/Validation/RTL_testcases/RTL_Benchmarks_Gap_Analysis/pwrmgr/rtl/prim_generic_flop.sv:18$154'.
     1/1: $0\q_o[10:0]
Creating decoders for process `$paramod\prim_intr_hw\Width=32'00000000000000000000000000000001\FlopOutput=1'1.$proc$/nfs_scratch/scratch/CompilerValidation/zaheer_ahmad/os_fpga2/Validation/RTL_testcases/RTL_Benchmarks_Gap_Analysis/pwrmgr/rtl/prim_intr_hw.sv:41$147'.
     1/1: $0\intr_o[0:0]
Creating decoders for process `$paramod$2454416d686f119c214b8f35dcdc5a0867f85a76\prim_generic_flop.$proc$/nfs_scratch/scratch/CompilerValidation/zaheer_ahmad/os_fpga2/Validation/RTL_testcases/RTL_Benchmarks_Gap_Analysis/pwrmgr/rtl/prim_generic_flop.sv:18$145'.
     1/1: $0\q_o[11:0]
Creating decoders for process `$paramod$1232de8c2fe4fff6a75b5663758d1bf50afa3825\prim_generic_flop.$proc$/nfs_scratch/scratch/CompilerValidation/zaheer_ahmad/os_fpga2/Validation/RTL_testcases/RTL_Benchmarks_Gap_Analysis/pwrmgr/rtl/prim_generic_flop.sv:18$143'.
     1/1: $0\q_o[4:0]
Creating decoders for process `$paramod\prim_generic_flop\Width=s32'00000000000000000000000000000010\ResetValue=2'00.$proc$/nfs_scratch/scratch/CompilerValidation/zaheer_ahmad/os_fpga2/Validation/RTL_testcases/RTL_Benchmarks_Gap_Analysis/pwrmgr/rtl/prim_generic_flop.sv:18$141'.
     1/1: $0\q_o[1:0]
Creating decoders for process `$paramod$6ae18350b51be32fd7406c5aaac3c7582e0e6af0\prim_generic_flop.$proc$/nfs_scratch/scratch/CompilerValidation/zaheer_ahmad/os_fpga2/Validation/RTL_testcases/RTL_Benchmarks_Gap_Analysis/pwrmgr/rtl/prim_generic_flop.sv:18$139'.
     1/1: $0\q_o[3:0]
Creating decoders for process `$paramod$21a513b276be09c9cb5553d5463fdf4800edca32\pwrmgr_wake_info.$proc$/nfs_scratch/scratch/CompilerValidation/zaheer_ahmad/os_fpga2/Validation/RTL_testcases/RTL_Benchmarks_Gap_Analysis/pwrmgr/rtl/pwrmgr_wake_info.sv:27$135'.
     1/1: $0\start_capture_q1[0:0]
Creating decoders for process `$paramod$21a513b276be09c9cb5553d5463fdf4800edca32\pwrmgr_wake_info.$proc$/nfs_scratch/scratch/CompilerValidation/zaheer_ahmad/os_fpga2/Validation/RTL_testcases/RTL_Benchmarks_Gap_Analysis/pwrmgr/rtl/pwrmgr_wake_info.sv:55$127'.
     1/2: $0\info[7:0] [7:6]
     2/2: $0\info[7:0] [5:0]
Creating decoders for process `$paramod$21a513b276be09c9cb5553d5463fdf4800edca32\pwrmgr_wake_info.$proc$/nfs_scratch/scratch/CompilerValidation/zaheer_ahmad/os_fpga2/Validation/RTL_testcases/RTL_Benchmarks_Gap_Analysis/pwrmgr/rtl/pwrmgr_wake_info.sv:40$122'.
     1/1: $0\record_en[0:0]
Creating decoders for process `$paramod$21db42bc4a37f19b92ab182268213f76666c0005\pwrmgr_slow_fsm.$proc$/nfs_scratch/scratch/CompilerValidation/zaheer_ahmad/os_fpga2/Validation/RTL_testcases/RTL_Benchmarks_Gap_Analysis/pwrmgr/rtl/pwrmgr_slow_fsm.sv:95$120'.
     1/11: $0\fsm_invalid_q[0:0]
     2/11: $0\ack_pwrdn_q[0:0]
     3/11: $0\req_pwrup_q[0:0]
     4/11: $0\usb_clk_en_q[0:0]
     5/11: $0\io_clk_en_q[0:0]
     6/11: $0\core_clk_en_q[0:0]
     7/11: $0\pwr_clamp_env_q[0:0]
     8/11: $0\pwr_clamp_q[0:0]
     9/11: $0\pd_nq[0:0]
    10/11: $0\cause_toggle_q[0:0]
    11/11: $0\cause_q[1:0]
Creating decoders for process `$paramod$21db42bc4a37f19b92ab182268213f76666c0005\pwrmgr_slow_fsm.$proc$/nfs_scratch/scratch/CompilerValidation/zaheer_ahmad/os_fpga2/Validation/RTL_testcases/RTL_Benchmarks_Gap_Analysis/pwrmgr/rtl/pwrmgr_slow_fsm.sv:303$99'.
     1/1: $0\rst_req_o[0:0]
Creating decoders for process `$paramod$21db42bc4a37f19b92ab182268213f76666c0005\pwrmgr_slow_fsm.$proc$/nfs_scratch/scratch/CompilerValidation/zaheer_ahmad/os_fpga2/Validation/RTL_testcases/RTL_Benchmarks_Gap_Analysis/pwrmgr/rtl/pwrmgr_slow_fsm.sv:285$93'.
     1/1: $0\main_pok_st[0:0]
Creating decoders for process `$paramod$21db42bc4a37f19b92ab182268213f76666c0005\pwrmgr_slow_fsm.$proc$/nfs_scratch/scratch/CompilerValidation/zaheer_ahmad/os_fpga2/Validation/RTL_testcases/RTL_Benchmarks_Gap_Analysis/pwrmgr/rtl/pwrmgr_slow_fsm.sv:274$91'.
     1/1: $0\ast_main_pok[0:0]
Creating decoders for process `$paramod$21db42bc4a37f19b92ab182268213f76666c0005\pwrmgr_slow_fsm.$proc$/nfs_scratch/scratch/CompilerValidation/zaheer_ahmad/os_fpga2/Validation/RTL_testcases/RTL_Benchmarks_Gap_Analysis/pwrmgr/rtl/pwrmgr_slow_fsm.sv:138$79'.
     1/29: $9\state_d[9:0]
     2/29: $8\state_d[9:0]
     3/29: $3\pwr_clamp_env_d[0:0]
     4/29: $7\state_d[9:0]
     5/29: $2\ack_pwrdn_d[0:0]
     6/29: $6\state_d[9:0]
     7/29: $5\state_d[9:0]
     8/29: $2\req_pwrup_d[0:0]
     9/29: $4\state_d[9:0]
    10/29: $3\state_d[9:0]
    11/29: $2\pwr_clamp_env_d[0:0]
    12/29: $2\set_main_pok[0:0]
    13/29: $2\cause_d[1:0]
    14/29: $2\cause_toggle_d[0:0]
    15/29: $2\state_d[9:0]
    16/29: $1\cause_d[1:0]
    17/29: $1\state_d[9:0]
    18/29: $1\set_main_pok[0:0]
    19/29: $1\mon_main_pok[0:0]
    20/29: $1\fsm_invalid_d[0:0]
    21/29: $1\usb_clk_en_d[0:0]
    22/29: $1\io_clk_en_d[0:0]
    23/29: $1\core_clk_en_d[0:0]
    24/29: $1\pwr_clamp_env_d[0:0]
    25/29: $1\pwr_clamp_d[0:0]
    26/29: $1\pd_nd[0:0]
    27/29: $1\ack_pwrdn_d[0:0]
    28/29: $1\req_pwrup_d[0:0]
    29/29: $1\cause_toggle_d[0:0]
Creating decoders for process `$paramod$fe55b1bb949966d310e200acf24c2aa59944d626\prim_generic_flop.$proc$/nfs_scratch/scratch/CompilerValidation/zaheer_ahmad/os_fpga2/Validation/RTL_testcases/RTL_Benchmarks_Gap_Analysis/pwrmgr/rtl/prim_generic_flop.sv:18$77'.
     1/1: $0\q_o[9:0]
Creating decoders for process `$paramod$21a513b276be09c9cb5553d5463fdf4800edca32\pwrmgr_fsm.$proc$/nfs_scratch/scratch/CompilerValidation/zaheer_ahmad/os_fpga2/Validation/RTL_testcases/RTL_Benchmarks_Gap_Analysis/pwrmgr/rtl/prim_mubi_pkg.sv:0$72'.
Creating decoders for process `$paramod$21a513b276be09c9cb5553d5463fdf4800edca32\pwrmgr_fsm.$proc$/nfs_scratch/scratch/CompilerValidation/zaheer_ahmad/os_fpga2/Validation/RTL_testcases/RTL_Benchmarks_Gap_Analysis/pwrmgr/rtl/prim_mubi_pkg.sv:0$67'.
Creating decoders for process `$paramod$21a513b276be09c9cb5553d5463fdf4800edca32\pwrmgr_fsm.$proc$/nfs_scratch/scratch/CompilerValidation/zaheer_ahmad/os_fpga2/Validation/RTL_testcases/RTL_Benchmarks_Gap_Analysis/pwrmgr/rtl/pwrmgr_fsm.sv:128$65'.
     1/8: $0\low_power_q[0:0]
     2/8: $0\reset_cause_q[1:0]
     3/8: $0\rst_sys_req_q[1:0]
     4/8: $0\rst_lc_req_q[1:0]
     5/8: $0\ip_clk_en_q[0:0]
     6/8: $0\reset_ongoing_q[0:0]
     7/8: $0\req_pwrdn_q[0:0]
     8/8: $0\ack_pwrup_q[0:0]
Creating decoders for process `$paramod$21a513b276be09c9cb5553d5463fdf4800edca32\pwrmgr_fsm.$proc$/nfs_scratch/scratch/CompilerValidation/zaheer_ahmad/os_fpga2/Validation/RTL_testcases/RTL_Benchmarks_Gap_Analysis/pwrmgr/rtl/pwrmgr_fsm.sv:242$10'.
     1/51: $16\state_d[11:0]
     2/51: $1\rst_sys_req_d[1:0] [1]
     3/51: $1\rst_sys_req_d[1:0] [0]
     4/51: $2\req_pwrdn_d[0:0]
     5/51: $1\rst_lc_req_d[1:0] [0]
     6/51: $15\state_d[11:0]
     7/51: $1\rst_lc_req_d[1:0] [1]
     8/51: $13\state_d[11:0]
     9/51: $2\abort_o[0:0]
    10/51: $4\wkup_o[0:0]
    11/51: $3\ip_clk_en_d[0:0]
    12/51: $11\state_d[11:0]
    13/51: $2\fall_through_o[0:0]
    14/51: $3\wkup_o[0:0]
    15/51: $2\ip_clk_en_d[0:0]
    16/51: $2\low_power_d[0:0]
    17/51: $10\state_d[11:0]
    18/51: $9\state_d[11:0]
    19/51: $2\reset_cause_d[1:0]
    20/51: $2\fetch_en_d[3:0]
    21/51: $8\state_d[11:0]
    22/51: $7\state_d[11:0]
    23/51: $2\reset_ongoing_d[0:0]
    24/51: $2\wkup_o[0:0]
    25/51: $2\clr_cfg_lock_o[0:0]
    26/51: $2\ack_pwrup_d[0:0]
    27/51: $6\state_d[11:0]
    28/51: $5\state_d[11:0]
    29/51: $4\state_d[11:0]
    30/51: $3\state_d[11:0]
    31/51: $2\state_d[11:0]
    32/51: $1\state_d[11:0]
    33/51: $1$fordecl_block25.i[31:0]$12
    34/51: $1\strap_o[0:0]
    35/51: $1\clr_cfg_lock_o[0:0]
    36/51: $1\clr_hint_o[0:0]
    37/51: $1\abort_o[0:0]
    38/51: $1\fall_through_o[0:0]
    39/51: $1\wkup_o[0:0]
    40/51: $1\clr_slow_req_o[0:0]
    41/51: $1\low_power_d[0:0]
    42/51: $1\lc_init[0:0]
    43/51: $1\otp_init[0:0]
    44/51: $14\state_d[11:0]
    45/51: $12\state_d[11:0]
    46/51: $1\ip_clk_en_d[0:0]
    47/51: $1\ack_pwrup_d[0:0]
    48/51: $1\req_pwrdn_d[0:0]
    49/51: $1\reset_ongoing_d[0:0]
    50/51: $1\fetch_en_d[3:0]
    51/51: $1\reset_cause_d[1:0]
Creating decoders for process `$paramod$21a513b276be09c9cb5553d5463fdf4800edca32\pwrmgr_fsm.$proc$/nfs_scratch/scratch/CompilerValidation/zaheer_ahmad/os_fpga2/Validation/RTL_testcases/RTL_Benchmarks_Gap_Analysis/pwrmgr/rtl/pwrmgr_fsm.sv:164$5'.
     1/1: $0\strap_sampled[0:0]

4.18.8. Executing PROC_DLATCH pass (convert process syncs to latches).
No latch inferred for signal `$paramod$b16ec1a2d37bb01b30b4807f6e7e5972c818c2d7\tlul_err.\addr_sz_chk' from process `$paramod$b16ec1a2d37bb01b30b4807f6e7e5972c818c2d7\tlul_err.$proc$/nfs_scratch/scratch/CompilerValidation/zaheer_ahmad/os_fpga2/Validation/RTL_testcases/RTL_Benchmarks_Gap_Analysis/pwrmgr/rtl/tlul_err.sv:46$829'.
No latch inferred for signal `$paramod$b16ec1a2d37bb01b30b4807f6e7e5972c818c2d7\tlul_err.\mask_chk' from process `$paramod$b16ec1a2d37bb01b30b4807f6e7e5972c818c2d7\tlul_err.$proc$/nfs_scratch/scratch/CompilerValidation/zaheer_ahmad/os_fpga2/Validation/RTL_testcases/RTL_Benchmarks_Gap_Analysis/pwrmgr/rtl/tlul_err.sv:46$829'.
No latch inferred for signal `$paramod$b16ec1a2d37bb01b30b4807f6e7e5972c818c2d7\tlul_err.\fulldata_chk' from process `$paramod$b16ec1a2d37bb01b30b4807f6e7e5972c818c2d7\tlul_err.$proc$/nfs_scratch/scratch/CompilerValidation/zaheer_ahmad/os_fpga2/Validation/RTL_testcases/RTL_Benchmarks_Gap_Analysis/pwrmgr/rtl/tlul_err.sv:46$829'.
No latch inferred for signal `$paramod$8ec11ab84d267aa735efee7deaffb669de62e241\pwrmgr_reg_top.\reg_busy_sel' from process `$paramod$8ec11ab84d267aa735efee7deaffb669de62e241\pwrmgr_reg_top.$proc$/nfs_scratch/scratch/CompilerValidation/zaheer_ahmad/os_fpga2/Validation/RTL_testcases/RTL_Benchmarks_Gap_Analysis/pwrmgr/rtl/pwrmgr_reg_top.sv:822$749'.
No latch inferred for signal `$paramod$8ec11ab84d267aa735efee7deaffb669de62e241\pwrmgr_reg_top.\reg_rdata_next' from process `$paramod$8ec11ab84d267aa735efee7deaffb669de62e241\pwrmgr_reg_top.$proc$/nfs_scratch/scratch/CompilerValidation/zaheer_ahmad/os_fpga2/Validation/RTL_testcases/RTL_Benchmarks_Gap_Analysis/pwrmgr/rtl/pwrmgr_reg_top.sv:743$748'.
No latch inferred for signal `$paramod$8ec11ab84d267aa735efee7deaffb669de62e241\pwrmgr_reg_top.\wr_err' from process `$paramod$8ec11ab84d267aa735efee7deaffb669de62e241\pwrmgr_reg_top.$proc$/nfs_scratch/scratch/CompilerValidation/zaheer_ahmad/os_fpga2/Validation/RTL_testcases/RTL_Benchmarks_Gap_Analysis/pwrmgr/rtl/pwrmgr_reg_top.sv:675$677'.
No latch inferred for signal `$paramod$8ec11ab84d267aa735efee7deaffb669de62e241\pwrmgr_reg_top.\addr_hit' from process `$paramod$8ec11ab84d267aa735efee7deaffb669de62e241\pwrmgr_reg_top.$proc$/nfs_scratch/scratch/CompilerValidation/zaheer_ahmad/os_fpga2/Validation/RTL_testcases/RTL_Benchmarks_Gap_Analysis/pwrmgr/rtl/pwrmgr_reg_top.sv:654$662'.
No latch inferred for signal `$paramod$ee0227794101df47ad9f37b0d88f82f880f9e439\tlul_adapter_reg.\addr_align_err' from process `$paramod$ee0227794101df47ad9f37b0d88f82f880f9e439\tlul_adapter_reg.$proc$/nfs_scratch/scratch/CompilerValidation/zaheer_ahmad/os_fpga2/Validation/RTL_testcases/RTL_Benchmarks_Gap_Analysis/pwrmgr/rtl/tlul_adapter_reg.sv:119$623'.
No latch inferred for signal `\prim_secded_inv_64_57_enc.\data_o' from process `\prim_secded_inv_64_57_enc.$proc$/nfs_scratch/scratch/CompilerValidation/zaheer_ahmad/os_fpga2/Validation/RTL_testcases/RTL_Benchmarks_Gap_Analysis/pwrmgr/rtl/prim_secded_inv_64_57_enc.sv:12$594'.
No latch inferred for signal `\prim_secded_inv_39_32_dec.\err_o' from process `\prim_secded_inv_39_32_dec.$proc$/nfs_scratch/scratch/CompilerValidation/zaheer_ahmad/os_fpga2/Validation/RTL_testcases/RTL_Benchmarks_Gap_Analysis/pwrmgr/rtl/prim_secded_inv_39_32_dec.sv:14$504'.
No latch inferred for signal `\prim_secded_inv_39_32_dec.\data_o' from process `\prim_secded_inv_39_32_dec.$proc$/nfs_scratch/scratch/CompilerValidation/zaheer_ahmad/os_fpga2/Validation/RTL_testcases/RTL_Benchmarks_Gap_Analysis/pwrmgr/rtl/prim_secded_inv_39_32_dec.sv:14$504'.
No latch inferred for signal `\prim_secded_inv_39_32_dec.\syndrome_o' from process `\prim_secded_inv_39_32_dec.$proc$/nfs_scratch/scratch/CompilerValidation/zaheer_ahmad/os_fpga2/Validation/RTL_testcases/RTL_Benchmarks_Gap_Analysis/pwrmgr/rtl/prim_secded_inv_39_32_dec.sv:14$504'.
No latch inferred for signal `\prim_secded_inv_64_57_dec.\err_o' from process `\prim_secded_inv_64_57_dec.$proc$/nfs_scratch/scratch/CompilerValidation/zaheer_ahmad/os_fpga2/Validation/RTL_testcases/RTL_Benchmarks_Gap_Analysis/pwrmgr/rtl/prim_secded_inv_64_57_dec.sv:14$363'.
No latch inferred for signal `\prim_secded_inv_64_57_dec.\data_o' from process `\prim_secded_inv_64_57_dec.$proc$/nfs_scratch/scratch/CompilerValidation/zaheer_ahmad/os_fpga2/Validation/RTL_testcases/RTL_Benchmarks_Gap_Analysis/pwrmgr/rtl/prim_secded_inv_64_57_dec.sv:14$363'.
No latch inferred for signal `\prim_secded_inv_64_57_dec.\syndrome_o' from process `\prim_secded_inv_64_57_dec.$proc$/nfs_scratch/scratch/CompilerValidation/zaheer_ahmad/os_fpga2/Validation/RTL_testcases/RTL_Benchmarks_Gap_Analysis/pwrmgr/rtl/prim_secded_inv_64_57_dec.sv:14$363'.
No latch inferred for signal `$paramod$58cc36426b572d644c9bdaa50fac6b4ad91ed7ea\prim_esc_receiver.\state_d' from process `$paramod$58cc36426b572d644c9bdaa50fac6b4ad91ed7ea\prim_esc_receiver.$proc$/nfs_scratch/scratch/CompilerValidation/zaheer_ahmad/os_fpga2/Validation/RTL_testcases/RTL_Benchmarks_Gap_Analysis/pwrmgr/rtl/prim_esc_receiver.sv:155$332'.
No latch inferred for signal `$paramod$58cc36426b572d644c9bdaa50fac6b4ad91ed7ea\prim_esc_receiver.\ping_en' from process `$paramod$58cc36426b572d644c9bdaa50fac6b4ad91ed7ea\prim_esc_receiver.$proc$/nfs_scratch/scratch/CompilerValidation/zaheer_ahmad/os_fpga2/Validation/RTL_testcases/RTL_Benchmarks_Gap_Analysis/pwrmgr/rtl/prim_esc_receiver.sv:155$332'.
No latch inferred for signal `$paramod$58cc36426b572d644c9bdaa50fac6b4ad91ed7ea\prim_esc_receiver.\esc_req' from process `$paramod$58cc36426b572d644c9bdaa50fac6b4ad91ed7ea\prim_esc_receiver.$proc$/nfs_scratch/scratch/CompilerValidation/zaheer_ahmad/os_fpga2/Validation/RTL_testcases/RTL_Benchmarks_Gap_Analysis/pwrmgr/rtl/prim_esc_receiver.sv:155$332'.
No latch inferred for signal `$paramod$58cc36426b572d644c9bdaa50fac6b4ad91ed7ea\prim_esc_receiver.\resp_pd' from process `$paramod$58cc36426b572d644c9bdaa50fac6b4ad91ed7ea\prim_esc_receiver.$proc$/nfs_scratch/scratch/CompilerValidation/zaheer_ahmad/os_fpga2/Validation/RTL_testcases/RTL_Benchmarks_Gap_Analysis/pwrmgr/rtl/prim_esc_receiver.sv:155$332'.
No latch inferred for signal `$paramod$58cc36426b572d644c9bdaa50fac6b4ad91ed7ea\prim_esc_receiver.\resp_nd' from process `$paramod$58cc36426b572d644c9bdaa50fac6b4ad91ed7ea\prim_esc_receiver.$proc$/nfs_scratch/scratch/CompilerValidation/zaheer_ahmad/os_fpga2/Validation/RTL_testcases/RTL_Benchmarks_Gap_Analysis/pwrmgr/rtl/prim_esc_receiver.sv:155$332'.
No latch inferred for signal `$paramod$30daef7d8fbea83f8d5d97bb6bbeea8d50f20643\tlul_rsp_intg_gen.\tlul_pkg::extract_d2h_rsp_intg$func$/nfs_scratch/scratch/CompilerValidation/zaheer_ahmad/os_fpga2/Validation/RTL_testcases/RTL_Benchmarks_Gap_Analysis/pwrmgr/rtl/tlul_rsp_intg_gen.sv:23$309.$result' from process `$paramod$30daef7d8fbea83f8d5d97bb6bbeea8d50f20643\tlul_rsp_intg_gen.$proc$/nfs_scratch/scratch/CompilerValidation/zaheer_ahmad/os_fpga2/Validation/RTL_testcases/RTL_Benchmarks_Gap_Analysis/pwrmgr/rtl/tlul_pkg.sv:0$313'.
No latch inferred for signal `$paramod$30daef7d8fbea83f8d5d97bb6bbeea8d50f20643\tlul_rsp_intg_gen.\tlul_pkg::extract_d2h_rsp_intg$func$/nfs_scratch/scratch/CompilerValidation/zaheer_ahmad/os_fpga2/Validation/RTL_testcases/RTL_Benchmarks_Gap_Analysis/pwrmgr/rtl/tlul_rsp_intg_gen.sv:23$310.$result' from process `$paramod$30daef7d8fbea83f8d5d97bb6bbeea8d50f20643\tlul_rsp_intg_gen.$proc$/nfs_scratch/scratch/CompilerValidation/zaheer_ahmad/os_fpga2/Validation/RTL_testcases/RTL_Benchmarks_Gap_Analysis/pwrmgr/rtl/tlul_pkg.sv:0$313'.
No latch inferred for signal `$paramod$30daef7d8fbea83f8d5d97bb6bbeea8d50f20643\tlul_rsp_intg_gen.\tlul_pkg::extract_d2h_rsp_intg$func$/nfs_scratch/scratch/CompilerValidation/zaheer_ahmad/os_fpga2/Validation/RTL_testcases/RTL_Benchmarks_Gap_Analysis/pwrmgr/rtl/tlul_rsp_intg_gen.sv:23$310.tl' from process `$paramod$30daef7d8fbea83f8d5d97bb6bbeea8d50f20643\tlul_rsp_intg_gen.$proc$/nfs_scratch/scratch/CompilerValidation/zaheer_ahmad/os_fpga2/Validation/RTL_testcases/RTL_Benchmarks_Gap_Analysis/pwrmgr/rtl/tlul_pkg.sv:0$313'.
No latch inferred for signal `$paramod$30daef7d8fbea83f8d5d97bb6bbeea8d50f20643\tlul_rsp_intg_gen.\tlul_pkg::extract_d2h_rsp_intg$func$/nfs_scratch/scratch/CompilerValidation/zaheer_ahmad/os_fpga2/Validation/RTL_testcases/RTL_Benchmarks_Gap_Analysis/pwrmgr/rtl/tlul_rsp_intg_gen.sv:23$310.$unnamed_block$47.payload' from process `$paramod$30daef7d8fbea83f8d5d97bb6bbeea8d50f20643\tlul_rsp_intg_gen.$proc$/nfs_scratch/scratch/CompilerValidation/zaheer_ahmad/os_fpga2/Validation/RTL_testcases/RTL_Benchmarks_Gap_Analysis/pwrmgr/rtl/tlul_pkg.sv:0$313'.
No latch inferred for signal `$paramod$30daef7d8fbea83f8d5d97bb6bbeea8d50f20643\tlul_rsp_intg_gen.\tlul_pkg::extract_d2h_rsp_intg$func$/nfs_scratch/scratch/CompilerValidation/zaheer_ahmad/os_fpga2/Validation/RTL_testcases/RTL_Benchmarks_Gap_Analysis/pwrmgr/rtl/tlul_rsp_intg_gen.sv:23$310.$unnamed_block$47.unused_tlul' from process `$paramod$30daef7d8fbea83f8d5d97bb6bbeea8d50f20643\tlul_rsp_intg_gen.$proc$/nfs_scratch/scratch/CompilerValidation/zaheer_ahmad/os_fpga2/Validation/RTL_testcases/RTL_Benchmarks_Gap_Analysis/pwrmgr/rtl/tlul_pkg.sv:0$313'.
No latch inferred for signal `$paramod$30daef7d8fbea83f8d5d97bb6bbeea8d50f20643\tlul_rsp_intg_gen.\tl_o' from process `$paramod$30daef7d8fbea83f8d5d97bb6bbeea8d50f20643\tlul_rsp_intg_gen.$proc$/nfs_scratch/scratch/CompilerValidation/zaheer_ahmad/os_fpga2/Validation/RTL_testcases/RTL_Benchmarks_Gap_Analysis/pwrmgr/rtl/tlul_rsp_intg_gen.sv:44$312'.
No latch inferred for signal `\prim_secded_inv_39_32_enc.\data_o' from process `\prim_secded_inv_39_32_enc.$proc$/nfs_scratch/scratch/CompilerValidation/zaheer_ahmad/os_fpga2/Validation/RTL_testcases/RTL_Benchmarks_Gap_Analysis/pwrmgr/rtl/prim_secded_inv_39_32_enc.sv:12$267'.
No latch inferred for signal `$paramod$b16ec1a2d37bb01b30b4807f6e7e5972c818c2d7\tlul_cmd_intg_chk.\tlul_pkg::extract_h2d_cmd_intg$func$/nfs_scratch/scratch/CompilerValidation/zaheer_ahmad/os_fpga2/Validation/RTL_testcases/RTL_Benchmarks_Gap_Analysis/pwrmgr/rtl/tlul_cmd_intg_chk.sv:14$249.$result' from process `$paramod$b16ec1a2d37bb01b30b4807f6e7e5972c818c2d7\tlul_cmd_intg_chk.$proc$/nfs_scratch/scratch/CompilerValidation/zaheer_ahmad/os_fpga2/Validation/RTL_testcases/RTL_Benchmarks_Gap_Analysis/pwrmgr/rtl/tlul_pkg.sv:0$260'.
No latch inferred for signal `$paramod$b16ec1a2d37bb01b30b4807f6e7e5972c818c2d7\tlul_cmd_intg_chk.\tlul_pkg::extract_h2d_cmd_intg$func$/nfs_scratch/scratch/CompilerValidation/zaheer_ahmad/os_fpga2/Validation/RTL_testcases/RTL_Benchmarks_Gap_Analysis/pwrmgr/rtl/tlul_cmd_intg_chk.sv:14$250.$result' from process `$paramod$b16ec1a2d37bb01b30b4807f6e7e5972c818c2d7\tlul_cmd_intg_chk.$proc$/nfs_scratch/scratch/CompilerValidation/zaheer_ahmad/os_fpga2/Validation/RTL_testcases/RTL_Benchmarks_Gap_Analysis/pwrmgr/rtl/tlul_pkg.sv:0$260'.
No latch inferred for signal `$paramod$b16ec1a2d37bb01b30b4807f6e7e5972c818c2d7\tlul_cmd_intg_chk.\tlul_pkg::extract_h2d_cmd_intg$func$/nfs_scratch/scratch/CompilerValidation/zaheer_ahmad/os_fpga2/Validation/RTL_testcases/RTL_Benchmarks_Gap_Analysis/pwrmgr/rtl/tlul_cmd_intg_chk.sv:14$250.tl' from process `$paramod$b16ec1a2d37bb01b30b4807f6e7e5972c818c2d7\tlul_cmd_intg_chk.$proc$/nfs_scratch/scratch/CompilerValidation/zaheer_ahmad/os_fpga2/Validation/RTL_testcases/RTL_Benchmarks_Gap_Analysis/pwrmgr/rtl/tlul_pkg.sv:0$260'.
No latch inferred for signal `$paramod$b16ec1a2d37bb01b30b4807f6e7e5972c818c2d7\tlul_cmd_intg_chk.\tlul_pkg::extract_h2d_cmd_intg$func$/nfs_scratch/scratch/CompilerValidation/zaheer_ahmad/os_fpga2/Validation/RTL_testcases/RTL_Benchmarks_Gap_Analysis/pwrmgr/rtl/tlul_cmd_intg_chk.sv:14$250.$unnamed_block$46.payload' from process `$paramod$b16ec1a2d37bb01b30b4807f6e7e5972c818c2d7\tlul_cmd_intg_chk.$proc$/nfs_scratch/scratch/CompilerValidation/zaheer_ahmad/os_fpga2/Validation/RTL_testcases/RTL_Benchmarks_Gap_Analysis/pwrmgr/rtl/tlul_pkg.sv:0$260'.
No latch inferred for signal `$paramod$b16ec1a2d37bb01b30b4807f6e7e5972c818c2d7\tlul_cmd_intg_chk.\tlul_pkg::extract_h2d_cmd_intg$func$/nfs_scratch/scratch/CompilerValidation/zaheer_ahmad/os_fpga2/Validation/RTL_testcases/RTL_Benchmarks_Gap_Analysis/pwrmgr/rtl/tlul_cmd_intg_chk.sv:14$250.$unnamed_block$46.unused_tlul' from process `$paramod$b16ec1a2d37bb01b30b4807f6e7e5972c818c2d7\tlul_cmd_intg_chk.$proc$/nfs_scratch/scratch/CompilerValidation/zaheer_ahmad/os_fpga2/Validation/RTL_testcases/RTL_Benchmarks_Gap_Analysis/pwrmgr/rtl/tlul_pkg.sv:0$260'.
No latch inferred for signal `\prim_sync_reqack.\src_ack_o' from process `\prim_sync_reqack.$proc$/nfs_scratch/scratch/CompilerValidation/zaheer_ahmad/os_fpga2/Validation/RTL_testcases/RTL_Benchmarks_Gap_Analysis/pwrmgr/rtl/prim_sync_reqack.sv:70$246'.
No latch inferred for signal `\prim_sync_reqack.\src_fsm_ns' from process `\prim_sync_reqack.$proc$/nfs_scratch/scratch/CompilerValidation/zaheer_ahmad/os_fpga2/Validation/RTL_testcases/RTL_Benchmarks_Gap_Analysis/pwrmgr/rtl/prim_sync_reqack.sv:70$246'.
No latch inferred for signal `\prim_sync_reqack.\src_req_d' from process `\prim_sync_reqack.$proc$/nfs_scratch/scratch/CompilerValidation/zaheer_ahmad/os_fpga2/Validation/RTL_testcases/RTL_Benchmarks_Gap_Analysis/pwrmgr/rtl/prim_sync_reqack.sv:70$246'.
No latch inferred for signal `\prim_sync_reqack.\dst_req_o' from process `\prim_sync_reqack.$proc$/nfs_scratch/scratch/CompilerValidation/zaheer_ahmad/os_fpga2/Validation/RTL_testcases/RTL_Benchmarks_Gap_Analysis/pwrmgr/rtl/prim_sync_reqack.sv:102$239'.
No latch inferred for signal `\prim_sync_reqack.\dst_fsm_ns' from process `\prim_sync_reqack.$proc$/nfs_scratch/scratch/CompilerValidation/zaheer_ahmad/os_fpga2/Validation/RTL_testcases/RTL_Benchmarks_Gap_Analysis/pwrmgr/rtl/prim_sync_reqack.sv:102$239'.
No latch inferred for signal `\prim_sync_reqack.\dst_ack_d' from process `\prim_sync_reqack.$proc$/nfs_scratch/scratch/CompilerValidation/zaheer_ahmad/os_fpga2/Validation/RTL_testcases/RTL_Benchmarks_Gap_Analysis/pwrmgr/rtl/prim_sync_reqack.sv:102$239'.
No latch inferred for signal `\pwrmgr.\prim_mubi_pkg::mubi4_test_true_strict$func$/nfs_scratch/scratch/CompilerValidation/zaheer_ahmad/os_fpga2/Validation/RTL_testcases/RTL_Benchmarks_Gap_Analysis/pwrmgr/rtl/pwrmgr.sv:149$208.$result' from process `\pwrmgr.$proc$/nfs_scratch/scratch/CompilerValidation/zaheer_ahmad/os_fpga2/Validation/RTL_testcases/RTL_Benchmarks_Gap_Analysis/pwrmgr/rtl/prim_mubi_pkg.sv:0$228'.
No latch inferred for signal `\pwrmgr.\prim_mubi_pkg::mubi4_test_true_strict$func$/nfs_scratch/scratch/CompilerValidation/zaheer_ahmad/os_fpga2/Validation/RTL_testcases/RTL_Benchmarks_Gap_Analysis/pwrmgr/rtl/pwrmgr.sv:149$209.$result' from process `\pwrmgr.$proc$/nfs_scratch/scratch/CompilerValidation/zaheer_ahmad/os_fpga2/Validation/RTL_testcases/RTL_Benchmarks_Gap_Analysis/pwrmgr/rtl/prim_mubi_pkg.sv:0$228'.
No latch inferred for signal `\pwrmgr.\prim_mubi_pkg::mubi4_test_true_strict$func$/nfs_scratch/scratch/CompilerValidation/zaheer_ahmad/os_fpga2/Validation/RTL_testcases/RTL_Benchmarks_Gap_Analysis/pwrmgr/rtl/pwrmgr.sv:149$209.val' from process `\pwrmgr.$proc$/nfs_scratch/scratch/CompilerValidation/zaheer_ahmad/os_fpga2/Validation/RTL_testcases/RTL_Benchmarks_Gap_Analysis/pwrmgr/rtl/prim_mubi_pkg.sv:0$228'.
No latch inferred for signal `$paramod\prim_alert_sender\AsyncOn=1'1\ALERT_TX_DEFAULT=2'01\ALERT_RX_DEFAULT=4'0101.\state_d' from process `$paramod\prim_alert_sender\AsyncOn=1'1\ALERT_TX_DEFAULT=2'01\ALERT_RX_DEFAULT=4'0101.$proc$/nfs_scratch/scratch/CompilerValidation/zaheer_ahmad/os_fpga2/Validation/RTL_testcases/RTL_Benchmarks_Gap_Analysis/pwrmgr/rtl/prim_alert_sender.sv:127$196'.
No latch inferred for signal `$paramod\prim_alert_sender\AsyncOn=1'1\ALERT_TX_DEFAULT=2'01\ALERT_RX_DEFAULT=4'0101.\alert_p' from process `$paramod\prim_alert_sender\AsyncOn=1'1\ALERT_TX_DEFAULT=2'01\ALERT_RX_DEFAULT=4'0101.$proc$/nfs_scratch/scratch/CompilerValidation/zaheer_ahmad/os_fpga2/Validation/RTL_testcases/RTL_Benchmarks_Gap_Analysis/pwrmgr/rtl/prim_alert_sender.sv:127$196'.
No latch inferred for signal `$paramod\prim_alert_sender\AsyncOn=1'1\ALERT_TX_DEFAULT=2'01\ALERT_RX_DEFAULT=4'0101.\alert_n' from process `$paramod\prim_alert_sender\AsyncOn=1'1\ALERT_TX_DEFAULT=2'01\ALERT_RX_DEFAULT=4'0101.$proc$/nfs_scratch/scratch/CompilerValidation/zaheer_ahmad/os_fpga2/Validation/RTL_testcases/RTL_Benchmarks_Gap_Analysis/pwrmgr/rtl/prim_alert_sender.sv:127$196'.
No latch inferred for signal `$paramod\prim_alert_sender\AsyncOn=1'1\ALERT_TX_DEFAULT=2'01\ALERT_RX_DEFAULT=4'0101.\alert_clr' from process `$paramod\prim_alert_sender\AsyncOn=1'1\ALERT_TX_DEFAULT=2'01\ALERT_RX_DEFAULT=4'0101.$proc$/nfs_scratch/scratch/CompilerValidation/zaheer_ahmad/os_fpga2/Validation/RTL_testcases/RTL_Benchmarks_Gap_Analysis/pwrmgr/rtl/prim_alert_sender.sv:127$196'.
No latch inferred for signal `$paramod\prim_alert_sender\AsyncOn=1'1\ALERT_TX_DEFAULT=2'01\ALERT_RX_DEFAULT=4'0101.\ping_clr' from process `$paramod\prim_alert_sender\AsyncOn=1'1\ALERT_TX_DEFAULT=2'01\ALERT_RX_DEFAULT=4'0101.$proc$/nfs_scratch/scratch/CompilerValidation/zaheer_ahmad/os_fpga2/Validation/RTL_testcases/RTL_Benchmarks_Gap_Analysis/pwrmgr/rtl/prim_alert_sender.sv:127$196'.
No latch inferred for signal `$paramod\prim_diff_decode\AsyncOn=1'1.\level_d' from process `$paramod\prim_diff_decode\AsyncOn=1'1.$proc$/nfs_scratch/scratch/CompilerValidation/zaheer_ahmad/os_fpga2/Validation/RTL_testcases/RTL_Benchmarks_Gap_Analysis/pwrmgr/rtl/prim_diff_decode.sv:106$184'.
No latch inferred for signal `$paramod\prim_diff_decode\AsyncOn=1'1.\rise_o' from process `$paramod\prim_diff_decode\AsyncOn=1'1.$proc$/nfs_scratch/scratch/CompilerValidation/zaheer_ahmad/os_fpga2/Validation/RTL_testcases/RTL_Benchmarks_Gap_Analysis/pwrmgr/rtl/prim_diff_decode.sv:106$184'.
No latch inferred for signal `$paramod\prim_diff_decode\AsyncOn=1'1.\fall_o' from process `$paramod\prim_diff_decode\AsyncOn=1'1.$proc$/nfs_scratch/scratch/CompilerValidation/zaheer_ahmad/os_fpga2/Validation/RTL_testcases/RTL_Benchmarks_Gap_Analysis/pwrmgr/rtl/prim_diff_decode.sv:106$184'.
No latch inferred for signal `$paramod\prim_diff_decode\AsyncOn=1'1.\sigint_o' from process `$paramod\prim_diff_decode\AsyncOn=1'1.$proc$/nfs_scratch/scratch/CompilerValidation/zaheer_ahmad/os_fpga2/Validation/RTL_testcases/RTL_Benchmarks_Gap_Analysis/pwrmgr/rtl/prim_diff_decode.sv:106$184'.
No latch inferred for signal `$paramod\prim_diff_decode\AsyncOn=1'1.\gen_async.state_d' from process `$paramod\prim_diff_decode\AsyncOn=1'1.$proc$/nfs_scratch/scratch/CompilerValidation/zaheer_ahmad/os_fpga2/Validation/RTL_testcases/RTL_Benchmarks_Gap_Analysis/pwrmgr/rtl/prim_diff_decode.sv:106$184'.
No latch inferred for signal `$paramod$21db42bc4a37f19b92ab182268213f76666c0005\pwrmgr_slow_fsm.\state_d' from process `$paramod$21db42bc4a37f19b92ab182268213f76666c0005\pwrmgr_slow_fsm.$proc$/nfs_scratch/scratch/CompilerValidation/zaheer_ahmad/os_fpga2/Validation/RTL_testcases/RTL_Benchmarks_Gap_Analysis/pwrmgr/rtl/pwrmgr_slow_fsm.sv:138$79'.
No latch inferred for signal `$paramod$21db42bc4a37f19b92ab182268213f76666c0005\pwrmgr_slow_fsm.\cause_d' from process `$paramod$21db42bc4a37f19b92ab182268213f76666c0005\pwrmgr_slow_fsm.$proc$/nfs_scratch/scratch/CompilerValidation/zaheer_ahmad/os_fpga2/Validation/RTL_testcases/RTL_Benchmarks_Gap_Analysis/pwrmgr/rtl/pwrmgr_slow_fsm.sv:138$79'.
No latch inferred for signal `$paramod$21db42bc4a37f19b92ab182268213f76666c0005\pwrmgr_slow_fsm.\cause_toggle_d' from process `$paramod$21db42bc4a37f19b92ab182268213f76666c0005\pwrmgr_slow_fsm.$proc$/nfs_scratch/scratch/CompilerValidation/zaheer_ahmad/os_fpga2/Validation/RTL_testcases/RTL_Benchmarks_Gap_Analysis/pwrmgr/rtl/pwrmgr_slow_fsm.sv:138$79'.
No latch inferred for signal `$paramod$21db42bc4a37f19b92ab182268213f76666c0005\pwrmgr_slow_fsm.\req_pwrup_d' from process `$paramod$21db42bc4a37f19b92ab182268213f76666c0005\pwrmgr_slow_fsm.$proc$/nfs_scratch/scratch/CompilerValidation/zaheer_ahmad/os_fpga2/Validation/RTL_testcases/RTL_Benchmarks_Gap_Analysis/pwrmgr/rtl/pwrmgr_slow_fsm.sv:138$79'.
No latch inferred for signal `$paramod$21db42bc4a37f19b92ab182268213f76666c0005\pwrmgr_slow_fsm.\ack_pwrdn_d' from process `$paramod$21db42bc4a37f19b92ab182268213f76666c0005\pwrmgr_slow_fsm.$proc$/nfs_scratch/scratch/CompilerValidation/zaheer_ahmad/os_fpga2/Validation/RTL_testcases/RTL_Benchmarks_Gap_Analysis/pwrmgr/rtl/pwrmgr_slow_fsm.sv:138$79'.
No latch inferred for signal `$paramod$21db42bc4a37f19b92ab182268213f76666c0005\pwrmgr_slow_fsm.\pd_nd' from process `$paramod$21db42bc4a37f19b92ab182268213f76666c0005\pwrmgr_slow_fsm.$proc$/nfs_scratch/scratch/CompilerValidation/zaheer_ahmad/os_fpga2/Validation/RTL_testcases/RTL_Benchmarks_Gap_Analysis/pwrmgr/rtl/pwrmgr_slow_fsm.sv:138$79'.
No latch inferred for signal `$paramod$21db42bc4a37f19b92ab182268213f76666c0005\pwrmgr_slow_fsm.\pwr_clamp_d' from process `$paramod$21db42bc4a37f19b92ab182268213f76666c0005\pwrmgr_slow_fsm.$proc$/nfs_scratch/scratch/CompilerValidation/zaheer_ahmad/os_fpga2/Validation/RTL_testcases/RTL_Benchmarks_Gap_Analysis/pwrmgr/rtl/pwrmgr_slow_fsm.sv:138$79'.
No latch inferred for signal `$paramod$21db42bc4a37f19b92ab182268213f76666c0005\pwrmgr_slow_fsm.\pwr_clamp_env_d' from process `$paramod$21db42bc4a37f19b92ab182268213f76666c0005\pwrmgr_slow_fsm.$proc$/nfs_scratch/scratch/CompilerValidation/zaheer_ahmad/os_fpga2/Validation/RTL_testcases/RTL_Benchmarks_Gap_Analysis/pwrmgr/rtl/pwrmgr_slow_fsm.sv:138$79'.
No latch inferred for signal `$paramod$21db42bc4a37f19b92ab182268213f76666c0005\pwrmgr_slow_fsm.\core_clk_en_d' from process `$paramod$21db42bc4a37f19b92ab182268213f76666c0005\pwrmgr_slow_fsm.$proc$/nfs_scratch/scratch/CompilerValidation/zaheer_ahmad/os_fpga2/Validation/RTL_testcases/RTL_Benchmarks_Gap_Analysis/pwrmgr/rtl/pwrmgr_slow_fsm.sv:138$79'.
No latch inferred for signal `$paramod$21db42bc4a37f19b92ab182268213f76666c0005\pwrmgr_slow_fsm.\io_clk_en_d' from process `$paramod$21db42bc4a37f19b92ab182268213f76666c0005\pwrmgr_slow_fsm.$proc$/nfs_scratch/scratch/CompilerValidation/zaheer_ahmad/os_fpga2/Validation/RTL_testcases/RTL_Benchmarks_Gap_Analysis/pwrmgr/rtl/pwrmgr_slow_fsm.sv:138$79'.
No latch inferred for signal `$paramod$21db42bc4a37f19b92ab182268213f76666c0005\pwrmgr_slow_fsm.\usb_clk_en_d' from process `$paramod$21db42bc4a37f19b92ab182268213f76666c0005\pwrmgr_slow_fsm.$proc$/nfs_scratch/scratch/CompilerValidation/zaheer_ahmad/os_fpga2/Validation/RTL_testcases/RTL_Benchmarks_Gap_Analysis/pwrmgr/rtl/pwrmgr_slow_fsm.sv:138$79'.
No latch inferred for signal `$paramod$21db42bc4a37f19b92ab182268213f76666c0005\pwrmgr_slow_fsm.\fsm_invalid_d' from process `$paramod$21db42bc4a37f19b92ab182268213f76666c0005\pwrmgr_slow_fsm.$proc$/nfs_scratch/scratch/CompilerValidation/zaheer_ahmad/os_fpga2/Validation/RTL_testcases/RTL_Benchmarks_Gap_Analysis/pwrmgr/rtl/pwrmgr_slow_fsm.sv:138$79'.
No latch inferred for signal `$paramod$21db42bc4a37f19b92ab182268213f76666c0005\pwrmgr_slow_fsm.\mon_main_pok' from process `$paramod$21db42bc4a37f19b92ab182268213f76666c0005\pwrmgr_slow_fsm.$proc$/nfs_scratch/scratch/CompilerValidation/zaheer_ahmad/os_fpga2/Validation/RTL_testcases/RTL_Benchmarks_Gap_Analysis/pwrmgr/rtl/pwrmgr_slow_fsm.sv:138$79'.
No latch inferred for signal `$paramod$21db42bc4a37f19b92ab182268213f76666c0005\pwrmgr_slow_fsm.\set_main_pok' from process `$paramod$21db42bc4a37f19b92ab182268213f76666c0005\pwrmgr_slow_fsm.$proc$/nfs_scratch/scratch/CompilerValidation/zaheer_ahmad/os_fpga2/Validation/RTL_testcases/RTL_Benchmarks_Gap_Analysis/pwrmgr/rtl/pwrmgr_slow_fsm.sv:138$79'.
No latch inferred for signal `$paramod$21a513b276be09c9cb5553d5463fdf4800edca32\pwrmgr_fsm.\prim_mubi_pkg::mubi4_test_true_strict$func$/nfs_scratch/scratch/CompilerValidation/zaheer_ahmad/os_fpga2/Validation/RTL_testcases/RTL_Benchmarks_Gap_Analysis/pwrmgr/rtl/pwrmgr_fsm.sv:240$2.$result' from process `$paramod$21a513b276be09c9cb5553d5463fdf4800edca32\pwrmgr_fsm.$proc$/nfs_scratch/scratch/CompilerValidation/zaheer_ahmad/os_fpga2/Validation/RTL_testcases/RTL_Benchmarks_Gap_Analysis/pwrmgr/rtl/prim_mubi_pkg.sv:0$72'.
No latch inferred for signal `$paramod$21a513b276be09c9cb5553d5463fdf4800edca32\pwrmgr_fsm.\prim_mubi_pkg::mubi4_test_true_strict$func$/nfs_scratch/scratch/CompilerValidation/zaheer_ahmad/os_fpga2/Validation/RTL_testcases/RTL_Benchmarks_Gap_Analysis/pwrmgr/rtl/pwrmgr_fsm.sv:240$4.$result' from process `$paramod$21a513b276be09c9cb5553d5463fdf4800edca32\pwrmgr_fsm.$proc$/nfs_scratch/scratch/CompilerValidation/zaheer_ahmad/os_fpga2/Validation/RTL_testcases/RTL_Benchmarks_Gap_Analysis/pwrmgr/rtl/prim_mubi_pkg.sv:0$72'.
No latch inferred for signal `$paramod$21a513b276be09c9cb5553d5463fdf4800edca32\pwrmgr_fsm.\prim_mubi_pkg::mubi4_test_true_strict$func$/nfs_scratch/scratch/CompilerValidation/zaheer_ahmad/os_fpga2/Validation/RTL_testcases/RTL_Benchmarks_Gap_Analysis/pwrmgr/rtl/pwrmgr_fsm.sv:240$4.val' from process `$paramod$21a513b276be09c9cb5553d5463fdf4800edca32\pwrmgr_fsm.$proc$/nfs_scratch/scratch/CompilerValidation/zaheer_ahmad/os_fpga2/Validation/RTL_testcases/RTL_Benchmarks_Gap_Analysis/pwrmgr/rtl/prim_mubi_pkg.sv:0$72'.
No latch inferred for signal `$paramod$21a513b276be09c9cb5553d5463fdf4800edca32\pwrmgr_fsm.\prim_mubi_pkg::mubi4_test_true_strict$func$/nfs_scratch/scratch/CompilerValidation/zaheer_ahmad/os_fpga2/Validation/RTL_testcases/RTL_Benchmarks_Gap_Analysis/pwrmgr/rtl/pwrmgr_fsm.sv:236$1.$result' from process `$paramod$21a513b276be09c9cb5553d5463fdf4800edca32\pwrmgr_fsm.$proc$/nfs_scratch/scratch/CompilerValidation/zaheer_ahmad/os_fpga2/Validation/RTL_testcases/RTL_Benchmarks_Gap_Analysis/pwrmgr/rtl/prim_mubi_pkg.sv:0$67'.
No latch inferred for signal `$paramod$21a513b276be09c9cb5553d5463fdf4800edca32\pwrmgr_fsm.\prim_mubi_pkg::mubi4_test_true_strict$func$/nfs_scratch/scratch/CompilerValidation/zaheer_ahmad/os_fpga2/Validation/RTL_testcases/RTL_Benchmarks_Gap_Analysis/pwrmgr/rtl/pwrmgr_fsm.sv:236$3.$result' from process `$paramod$21a513b276be09c9cb5553d5463fdf4800edca32\pwrmgr_fsm.$proc$/nfs_scratch/scratch/CompilerValidation/zaheer_ahmad/os_fpga2/Validation/RTL_testcases/RTL_Benchmarks_Gap_Analysis/pwrmgr/rtl/prim_mubi_pkg.sv:0$67'.
No latch inferred for signal `$paramod$21a513b276be09c9cb5553d5463fdf4800edca32\pwrmgr_fsm.\prim_mubi_pkg::mubi4_test_true_strict$func$/nfs_scratch/scratch/CompilerValidation/zaheer_ahmad/os_fpga2/Validation/RTL_testcases/RTL_Benchmarks_Gap_Analysis/pwrmgr/rtl/pwrmgr_fsm.sv:236$3.val' from process `$paramod$21a513b276be09c9cb5553d5463fdf4800edca32\pwrmgr_fsm.$proc$/nfs_scratch/scratch/CompilerValidation/zaheer_ahmad/os_fpga2/Validation/RTL_testcases/RTL_Benchmarks_Gap_Analysis/pwrmgr/rtl/prim_mubi_pkg.sv:0$67'.
No latch inferred for signal `$paramod$21a513b276be09c9cb5553d5463fdf4800edca32\pwrmgr_fsm.\reset_cause_d' from process `$paramod$21a513b276be09c9cb5553d5463fdf4800edca32\pwrmgr_fsm.$proc$/nfs_scratch/scratch/CompilerValidation/zaheer_ahmad/os_fpga2/Validation/RTL_testcases/RTL_Benchmarks_Gap_Analysis/pwrmgr/rtl/pwrmgr_fsm.sv:242$10'.
No latch inferred for signal `$paramod$21a513b276be09c9cb5553d5463fdf4800edca32\pwrmgr_fsm.\fetch_en_d' from process `$paramod$21a513b276be09c9cb5553d5463fdf4800edca32\pwrmgr_fsm.$proc$/nfs_scratch/scratch/CompilerValidation/zaheer_ahmad/os_fpga2/Validation/RTL_testcases/RTL_Benchmarks_Gap_Analysis/pwrmgr/rtl/pwrmgr_fsm.sv:242$10'.
No latch inferred for signal `$paramod$21a513b276be09c9cb5553d5463fdf4800edca32\pwrmgr_fsm.\state_d' from process `$paramod$21a513b276be09c9cb5553d5463fdf4800edca32\pwrmgr_fsm.$proc$/nfs_scratch/scratch/CompilerValidation/zaheer_ahmad/os_fpga2/Validation/RTL_testcases/RTL_Benchmarks_Gap_Analysis/pwrmgr/rtl/pwrmgr_fsm.sv:242$10'.
No latch inferred for signal `$paramod$21a513b276be09c9cb5553d5463fdf4800edca32\pwrmgr_fsm.\reset_ongoing_d' from process `$paramod$21a513b276be09c9cb5553d5463fdf4800edca32\pwrmgr_fsm.$proc$/nfs_scratch/scratch/CompilerValidation/zaheer_ahmad/os_fpga2/Validation/RTL_testcases/RTL_Benchmarks_Gap_Analysis/pwrmgr/rtl/pwrmgr_fsm.sv:242$10'.
No latch inferred for signal `$paramod$21a513b276be09c9cb5553d5463fdf4800edca32\pwrmgr_fsm.\req_pwrdn_d' from process `$paramod$21a513b276be09c9cb5553d5463fdf4800edca32\pwrmgr_fsm.$proc$/nfs_scratch/scratch/CompilerValidation/zaheer_ahmad/os_fpga2/Validation/RTL_testcases/RTL_Benchmarks_Gap_Analysis/pwrmgr/rtl/pwrmgr_fsm.sv:242$10'.
No latch inferred for signal `$paramod$21a513b276be09c9cb5553d5463fdf4800edca32\pwrmgr_fsm.\ack_pwrup_d' from process `$paramod$21a513b276be09c9cb5553d5463fdf4800edca32\pwrmgr_fsm.$proc$/nfs_scratch/scratch/CompilerValidation/zaheer_ahmad/os_fpga2/Validation/RTL_testcases/RTL_Benchmarks_Gap_Analysis/pwrmgr/rtl/pwrmgr_fsm.sv:242$10'.
No latch inferred for signal `$paramod$21a513b276be09c9cb5553d5463fdf4800edca32\pwrmgr_fsm.\ip_clk_en_d' from process `$paramod$21a513b276be09c9cb5553d5463fdf4800edca32\pwrmgr_fsm.$proc$/nfs_scratch/scratch/CompilerValidation/zaheer_ahmad/os_fpga2/Validation/RTL_testcases/RTL_Benchmarks_Gap_Analysis/pwrmgr/rtl/pwrmgr_fsm.sv:242$10'.
No latch inferred for signal `$paramod$21a513b276be09c9cb5553d5463fdf4800edca32\pwrmgr_fsm.\rst_lc_req_d' from process `$paramod$21a513b276be09c9cb5553d5463fdf4800edca32\pwrmgr_fsm.$proc$/nfs_scratch/scratch/CompilerValidation/zaheer_ahmad/os_fpga2/Validation/RTL_testcases/RTL_Benchmarks_Gap_Analysis/pwrmgr/rtl/pwrmgr_fsm.sv:242$10'.
No latch inferred for signal `$paramod$21a513b276be09c9cb5553d5463fdf4800edca32\pwrmgr_fsm.\rst_sys_req_d' from process `$paramod$21a513b276be09c9cb5553d5463fdf4800edca32\pwrmgr_fsm.$proc$/nfs_scratch/scratch/CompilerValidation/zaheer_ahmad/os_fpga2/Validation/RTL_testcases/RTL_Benchmarks_Gap_Analysis/pwrmgr/rtl/pwrmgr_fsm.sv:242$10'.
No latch inferred for signal `$paramod$21a513b276be09c9cb5553d5463fdf4800edca32\pwrmgr_fsm.\otp_init' from process `$paramod$21a513b276be09c9cb5553d5463fdf4800edca32\pwrmgr_fsm.$proc$/nfs_scratch/scratch/CompilerValidation/zaheer_ahmad/os_fpga2/Validation/RTL_testcases/RTL_Benchmarks_Gap_Analysis/pwrmgr/rtl/pwrmgr_fsm.sv:242$10'.
No latch inferred for signal `$paramod$21a513b276be09c9cb5553d5463fdf4800edca32\pwrmgr_fsm.\lc_init' from process `$paramod$21a513b276be09c9cb5553d5463fdf4800edca32\pwrmgr_fsm.$proc$/nfs_scratch/scratch/CompilerValidation/zaheer_ahmad/os_fpga2/Validation/RTL_testcases/RTL_Benchmarks_Gap_Analysis/pwrmgr/rtl/pwrmgr_fsm.sv:242$10'.
No latch inferred for signal `$paramod$21a513b276be09c9cb5553d5463fdf4800edca32\pwrmgr_fsm.\low_power_d' from process `$paramod$21a513b276be09c9cb5553d5463fdf4800edca32\pwrmgr_fsm.$proc$/nfs_scratch/scratch/CompilerValidation/zaheer_ahmad/os_fpga2/Validation/RTL_testcases/RTL_Benchmarks_Gap_Analysis/pwrmgr/rtl/pwrmgr_fsm.sv:242$10'.
No latch inferred for signal `$paramod$21a513b276be09c9cb5553d5463fdf4800edca32\pwrmgr_fsm.\clr_slow_req_o' from process `$paramod$21a513b276be09c9cb5553d5463fdf4800edca32\pwrmgr_fsm.$proc$/nfs_scratch/scratch/CompilerValidation/zaheer_ahmad/os_fpga2/Validation/RTL_testcases/RTL_Benchmarks_Gap_Analysis/pwrmgr/rtl/pwrmgr_fsm.sv:242$10'.
No latch inferred for signal `$paramod$21a513b276be09c9cb5553d5463fdf4800edca32\pwrmgr_fsm.\wkup_o' from process `$paramod$21a513b276be09c9cb5553d5463fdf4800edca32\pwrmgr_fsm.$proc$/nfs_scratch/scratch/CompilerValidation/zaheer_ahmad/os_fpga2/Validation/RTL_testcases/RTL_Benchmarks_Gap_Analysis/pwrmgr/rtl/pwrmgr_fsm.sv:242$10'.
No latch inferred for signal `$paramod$21a513b276be09c9cb5553d5463fdf4800edca32\pwrmgr_fsm.\fall_through_o' from process `$paramod$21a513b276be09c9cb5553d5463fdf4800edca32\pwrmgr_fsm.$proc$/nfs_scratch/scratch/CompilerValidation/zaheer_ahmad/os_fpga2/Validation/RTL_testcases/RTL_Benchmarks_Gap_Analysis/pwrmgr/rtl/pwrmgr_fsm.sv:242$10'.
No latch inferred for signal `$paramod$21a513b276be09c9cb5553d5463fdf4800edca32\pwrmgr_fsm.\abort_o' from process `$paramod$21a513b276be09c9cb5553d5463fdf4800edca32\pwrmgr_fsm.$proc$/nfs_scratch/scratch/CompilerValidation/zaheer_ahmad/os_fpga2/Validation/RTL_testcases/RTL_Benchmarks_Gap_Analysis/pwrmgr/rtl/pwrmgr_fsm.sv:242$10'.
No latch inferred for signal `$paramod$21a513b276be09c9cb5553d5463fdf4800edca32\pwrmgr_fsm.\clr_hint_o' from process `$paramod$21a513b276be09c9cb5553d5463fdf4800edca32\pwrmgr_fsm.$proc$/nfs_scratch/scratch/CompilerValidation/zaheer_ahmad/os_fpga2/Validation/RTL_testcases/RTL_Benchmarks_Gap_Analysis/pwrmgr/rtl/pwrmgr_fsm.sv:242$10'.
No latch inferred for signal `$paramod$21a513b276be09c9cb5553d5463fdf4800edca32\pwrmgr_fsm.\clr_cfg_lock_o' from process `$paramod$21a513b276be09c9cb5553d5463fdf4800edca32\pwrmgr_fsm.$proc$/nfs_scratch/scratch/CompilerValidation/zaheer_ahmad/os_fpga2/Validation/RTL_testcases/RTL_Benchmarks_Gap_Analysis/pwrmgr/rtl/pwrmgr_fsm.sv:242$10'.
No latch inferred for signal `$paramod$21a513b276be09c9cb5553d5463fdf4800edca32\pwrmgr_fsm.\strap_o' from process `$paramod$21a513b276be09c9cb5553d5463fdf4800edca32\pwrmgr_fsm.$proc$/nfs_scratch/scratch/CompilerValidation/zaheer_ahmad/os_fpga2/Validation/RTL_testcases/RTL_Benchmarks_Gap_Analysis/pwrmgr/rtl/pwrmgr_fsm.sv:242$10'.
No latch inferred for signal `$paramod$21a513b276be09c9cb5553d5463fdf4800edca32\pwrmgr_fsm.$fordecl_block25.i' from process `$paramod$21a513b276be09c9cb5553d5463fdf4800edca32\pwrmgr_fsm.$proc$/nfs_scratch/scratch/CompilerValidation/zaheer_ahmad/os_fpga2/Validation/RTL_testcases/RTL_Benchmarks_Gap_Analysis/pwrmgr/rtl/pwrmgr_fsm.sv:242$10'.

4.18.9. Executing PROC_DFF pass (convert process syncs to FFs).
Creating register for signal `$paramod$112511bfd0dccda09976f1ed3a15d1c8d45112d4\prim_subreg.\qe' using process `$paramod$112511bfd0dccda09976f1ed3a15d1c8d45112d4\prim_subreg.$proc$/nfs_scratch/scratch/CompilerValidation/zaheer_ahmad/os_fpga2/Validation/RTL_testcases/RTL_Benchmarks_Gap_Analysis/pwrmgr/rtl/prim_subreg.sv:65$858'.
  created $adff cell `$procdff$2824' with positive edge clock and negative level reset.
Creating register for signal `$paramod$112511bfd0dccda09976f1ed3a15d1c8d45112d4\prim_subreg.\q' using process `$paramod$112511bfd0dccda09976f1ed3a15d1c8d45112d4\prim_subreg.$proc$/nfs_scratch/scratch/CompilerValidation/zaheer_ahmad/os_fpga2/Validation/RTL_testcases/RTL_Benchmarks_Gap_Analysis/pwrmgr/rtl/prim_subreg.sv:70$856'.
  created $adff cell `$procdff$2825' with positive edge clock and negative level reset.
Creating register for signal `\prim_pulse_sync.\src_level' using process `\prim_pulse_sync.$proc$/nfs_scratch/scratch/CompilerValidation/zaheer_ahmad/os_fpga2/Validation/RTL_testcases/RTL_Benchmarks_Gap_Analysis/pwrmgr/rtl/prim_pulse_sync.sv:27$853'.
  created $adff cell `$procdff$2826' with positive edge clock and negative level reset.
Creating register for signal `\prim_pulse_sync.\dst_level_q' using process `\prim_pulse_sync.$proc$/nfs_scratch/scratch/CompilerValidation/zaheer_ahmad/os_fpga2/Validation/RTL_testcases/RTL_Benchmarks_Gap_Analysis/pwrmgr/rtl/prim_pulse_sync.sv:55$850'.
  created $adff cell `$procdff$2827' with positive edge clock and negative level reset.
Creating register for signal `$paramod$7e00d363ce130de0a5a3e36d8a0ef795833e2889\prim_subreg.\qe' using process `$paramod$7e00d363ce130de0a5a3e36d8a0ef795833e2889\prim_subreg.$proc$/nfs_scratch/scratch/CompilerValidation/zaheer_ahmad/os_fpga2/Validation/RTL_testcases/RTL_Benchmarks_Gap_Analysis/pwrmgr/rtl/prim_subreg.sv:65$812'.
  created $adff cell `$procdff$2828' with positive edge clock and negative level reset.
Creating register for signal `$paramod$7e00d363ce130de0a5a3e36d8a0ef795833e2889\prim_subreg.\q' using process `$paramod$7e00d363ce130de0a5a3e36d8a0ef795833e2889\prim_subreg.$proc$/nfs_scratch/scratch/CompilerValidation/zaheer_ahmad/os_fpga2/Validation/RTL_testcases/RTL_Benchmarks_Gap_Analysis/pwrmgr/rtl/prim_subreg.sv:70$810'.
  created $adff cell `$procdff$2829' with positive edge clock and negative level reset.
Creating register for signal `$paramod$8ec11ab84d267aa735efee7deaffb669de62e241\pwrmgr_reg_top.\intg_err_q' using process `$paramod$8ec11ab84d267aa735efee7deaffb669de62e241\pwrmgr_reg_top.$proc$/nfs_scratch/scratch/CompilerValidation/zaheer_ahmad/os_fpga2/Validation/RTL_testcases/RTL_Benchmarks_Gap_Analysis/pwrmgr/rtl/pwrmgr_reg_top.sv:56$806'.
  created $adff cell `$procdff$2830' with positive edge clock and negative level reset.
Creating register for signal `$paramod$ee0227794101df47ad9f37b0d88f82f880f9e439\tlul_adapter_reg.\outstanding' using process `$paramod$ee0227794101df47ad9f37b0d88f82f880f9e439\tlul_adapter_reg.$proc$/nfs_scratch/scratch/CompilerValidation/zaheer_ahmad/os_fpga2/Validation/RTL_testcases/RTL_Benchmarks_Gap_Analysis/pwrmgr/rtl/tlul_adapter_reg.sv:64$640'.
  created $adff cell `$procdff$2831' with positive edge clock and negative level reset.
Creating register for signal `$paramod$ee0227794101df47ad9f37b0d88f82f880f9e439\tlul_adapter_reg.\rdata' using process `$paramod$ee0227794101df47ad9f37b0d88f82f880f9e439\tlul_adapter_reg.$proc$/nfs_scratch/scratch/CompilerValidation/zaheer_ahmad/os_fpga2/Validation/RTL_testcases/RTL_Benchmarks_Gap_Analysis/pwrmgr/rtl/tlul_adapter_reg.sv:83$619'.
  created $adff cell `$procdff$2832' with positive edge clock and negative level reset.
Creating register for signal `$paramod$ee0227794101df47ad9f37b0d88f82f880f9e439\tlul_adapter_reg.\error' using process `$paramod$ee0227794101df47ad9f37b0d88f82f880f9e439\tlul_adapter_reg.$proc$/nfs_scratch/scratch/CompilerValidation/zaheer_ahmad/os_fpga2/Validation/RTL_testcases/RTL_Benchmarks_Gap_Analysis/pwrmgr/rtl/tlul_adapter_reg.sv:83$619'.
  created $adff cell `$procdff$2833' with positive edge clock and negative level reset.
Creating register for signal `$paramod$ee0227794101df47ad9f37b0d88f82f880f9e439\tlul_adapter_reg.\reqid' using process `$paramod$ee0227794101df47ad9f37b0d88f82f880f9e439\tlul_adapter_reg.$proc$/nfs_scratch/scratch/CompilerValidation/zaheer_ahmad/os_fpga2/Validation/RTL_testcases/RTL_Benchmarks_Gap_Analysis/pwrmgr/rtl/tlul_adapter_reg.sv:70$616'.
  created $adff cell `$procdff$2834' with positive edge clock and negative level reset.
Creating register for signal `$paramod$ee0227794101df47ad9f37b0d88f82f880f9e439\tlul_adapter_reg.\reqsz' using process `$paramod$ee0227794101df47ad9f37b0d88f82f880f9e439\tlul_adapter_reg.$proc$/nfs_scratch/scratch/CompilerValidation/zaheer_ahmad/os_fpga2/Validation/RTL_testcases/RTL_Benchmarks_Gap_Analysis/pwrmgr/rtl/tlul_adapter_reg.sv:70$616'.
  created $adff cell `$procdff$2835' with positive edge clock and negative level reset.
Creating register for signal `$paramod$ee0227794101df47ad9f37b0d88f82f880f9e439\tlul_adapter_reg.\rspop' using process `$paramod$ee0227794101df47ad9f37b0d88f82f880f9e439\tlul_adapter_reg.$proc$/nfs_scratch/scratch/CompilerValidation/zaheer_ahmad/os_fpga2/Validation/RTL_testcases/RTL_Benchmarks_Gap_Analysis/pwrmgr/rtl/tlul_adapter_reg.sv:70$616'.
  created $adff cell `$procdff$2836' with positive edge clock and negative level reset.
Creating register for signal `$paramod\prim_generic_flop\Width=s32'00000000000000000000000000000010\ResetValue=2'10.\q_o' using process `$paramod\prim_generic_flop\Width=s32'00000000000000000000000000000010\ResetValue=2'10.$proc$/nfs_scratch/scratch/CompilerValidation/zaheer_ahmad/os_fpga2/Validation/RTL_testcases/RTL_Benchmarks_Gap_Analysis/pwrmgr/rtl/prim_generic_flop.sv:18$361'.
  created $adff cell `$procdff$2837' with positive edge clock and negative level reset.
Creating register for signal `$paramod$cafc58aacea66ce361f30fc5fb51712913515c86\prim_generic_flop.\q_o' using process `$paramod$cafc58aacea66ce361f30fc5fb51712913515c86\prim_generic_flop.$proc$/nfs_scratch/scratch/CompilerValidation/zaheer_ahmad/os_fpga2/Validation/RTL_testcases/RTL_Benchmarks_Gap_Analysis/pwrmgr/rtl/prim_generic_flop.sv:18$359'.
  created $adff cell `$procdff$2838' with positive edge clock and negative level reset.
Creating register for signal `$paramod$18eae125e8070a5fb29a0bd9923127bd30ff2039\prim_subreg.\qe' using process `$paramod$18eae125e8070a5fb29a0bd9923127bd30ff2039\prim_subreg.$proc$/nfs_scratch/scratch/CompilerValidation/zaheer_ahmad/os_fpga2/Validation/RTL_testcases/RTL_Benchmarks_Gap_Analysis/pwrmgr/rtl/prim_subreg.sv:65$357'.
  created $adff cell `$procdff$2839' with positive edge clock and negative level reset.
Creating register for signal `$paramod$18eae125e8070a5fb29a0bd9923127bd30ff2039\prim_subreg.\q' using process `$paramod$18eae125e8070a5fb29a0bd9923127bd30ff2039\prim_subreg.$proc$/nfs_scratch/scratch/CompilerValidation/zaheer_ahmad/os_fpga2/Validation/RTL_testcases/RTL_Benchmarks_Gap_Analysis/pwrmgr/rtl/prim_subreg.sv:70$355'.
  created $adff cell `$procdff$2840' with positive edge clock and negative level reset.
Creating register for signal `$paramod\prim_diff_decode\AsyncOn=1'0.\level_q' using process `$paramod\prim_diff_decode\AsyncOn=1'0.$proc$/nfs_scratch/scratch/CompilerValidation/zaheer_ahmad/os_fpga2/Validation/RTL_testcases/RTL_Benchmarks_Gap_Analysis/pwrmgr/rtl/prim_diff_decode.sv:195$353'.
  created $adff cell `$procdff$2841' with positive edge clock and negative level reset.
Creating register for signal `$paramod\prim_diff_decode\AsyncOn=1'0.\gen_no_async.diff_pq' using process `$paramod\prim_diff_decode\AsyncOn=1'0.$proc$/nfs_scratch/scratch/CompilerValidation/zaheer_ahmad/os_fpga2/Validation/RTL_testcases/RTL_Benchmarks_Gap_Analysis/pwrmgr/rtl/prim_diff_decode.sv:195$353'.
  created $adff cell `$procdff$2842' with positive edge clock and negative level reset.
Creating register for signal `$paramod$58cc36426b572d644c9bdaa50fac6b4ad91ed7ea\prim_esc_receiver.\state_q' using process `$paramod$58cc36426b572d644c9bdaa50fac6b4ad91ed7ea\prim_esc_receiver.$proc$/nfs_scratch/scratch/CompilerValidation/zaheer_ahmad/os_fpga2/Validation/RTL_testcases/RTL_Benchmarks_Gap_Analysis/pwrmgr/rtl/prim_esc_receiver.sv:236$320'.
  created $adff cell `$procdff$2843' with positive edge clock and negative level reset.
Creating register for signal `$paramod$e28d8d901a11ac5d5e5c27396dca7dc727aac42a\prim_subreg.\qe' using process `$paramod$e28d8d901a11ac5d5e5c27396dca7dc727aac42a\prim_subreg.$proc$/nfs_scratch/scratch/CompilerValidation/zaheer_ahmad/os_fpga2/Validation/RTL_testcases/RTL_Benchmarks_Gap_Analysis/pwrmgr/rtl/prim_subreg.sv:65$307'.
  created $adff cell `$procdff$2844' with positive edge clock and negative level reset.
Creating register for signal `$paramod$e28d8d901a11ac5d5e5c27396dca7dc727aac42a\prim_subreg.\q' using process `$paramod$e28d8d901a11ac5d5e5c27396dca7dc727aac42a\prim_subreg.$proc$/nfs_scratch/scratch/CompilerValidation/zaheer_ahmad/os_fpga2/Validation/RTL_testcases/RTL_Benchmarks_Gap_Analysis/pwrmgr/rtl/prim_subreg.sv:70$305'.
  created $adff cell `$procdff$2845' with positive edge clock and negative level reset.
Creating register for signal `\prim_sync_reqack.\dst_fsm_cs' using process `\prim_sync_reqack.$proc$/nfs_scratch/scratch/CompilerValidation/zaheer_ahmad/os_fpga2/Validation/RTL_testcases/RTL_Benchmarks_Gap_Analysis/pwrmgr/rtl/prim_sync_reqack.sv:141$244'.
  created $adff cell `$procdff$2846' with positive edge clock and negative level reset.
Creating register for signal `\prim_sync_reqack.\dst_ack_q' using process `\prim_sync_reqack.$proc$/nfs_scratch/scratch/CompilerValidation/zaheer_ahmad/os_fpga2/Validation/RTL_testcases/RTL_Benchmarks_Gap_Analysis/pwrmgr/rtl/prim_sync_reqack.sv:141$244'.
  created $adff cell `$procdff$2847' with positive edge clock and negative level reset.
Creating register for signal `\prim_sync_reqack.\src_fsm_cs' using process `\prim_sync_reqack.$proc$/nfs_scratch/scratch/CompilerValidation/zaheer_ahmad/os_fpga2/Validation/RTL_testcases/RTL_Benchmarks_Gap_Analysis/pwrmgr/rtl/prim_sync_reqack.sv:132$242'.
  created $adff cell `$procdff$2848' with positive edge clock and negative level reset.
Creating register for signal `\prim_sync_reqack.\src_req_q' using process `\prim_sync_reqack.$proc$/nfs_scratch/scratch/CompilerValidation/zaheer_ahmad/os_fpga2/Validation/RTL_testcases/RTL_Benchmarks_Gap_Analysis/pwrmgr/rtl/prim_sync_reqack.sv:132$242'.
  created $adff cell `$procdff$2849' with positive edge clock and negative level reset.
Creating register for signal `$paramod\prim_clock_timeout\TimeOutCnt=s32'00000000000000000000000010000000.\cnt' using process `$paramod\prim_clock_timeout\TimeOutCnt=s32'00000000000000000000000010000000.$proc$/nfs_scratch/scratch/CompilerValidation/zaheer_ahmad/os_fpga2/Validation/RTL_testcases/RTL_Benchmarks_Gap_Analysis/pwrmgr/rtl/prim_clock_timeout.sv:30$234'.
  created $adff cell `$procdff$2850' with positive edge clock and negative level reset.
Creating register for signal `\pwrmgr.\lowpwr_cfg_wen' using process `\pwrmgr.$proc$/nfs_scratch/scratch/CompilerValidation/zaheer_ahmad/os_fpga2/Validation/RTL_testcases/RTL_Benchmarks_Gap_Analysis/pwrmgr/rtl/pwrmgr.sv:240$223'.
  created $adff cell `$procdff$2851' with positive edge clock and negative level reset.
Creating register for signal `$paramod\prim_alert_sender\AsyncOn=1'1\ALERT_TX_DEFAULT=2'01\ALERT_RX_DEFAULT=4'0101.\state_q' using process `$paramod\prim_alert_sender\AsyncOn=1'1\ALERT_TX_DEFAULT=2'01\ALERT_RX_DEFAULT=4'0101.$proc$/nfs_scratch/scratch/CompilerValidation/zaheer_ahmad/os_fpga2/Validation/RTL_testcases/RTL_Benchmarks_Gap_Analysis/pwrmgr/rtl/prim_alert_sender.sv:222$189'.
  created $adff cell `$procdff$2852' with positive edge clock and negative level reset.
Creating register for signal `$paramod\prim_alert_sender\AsyncOn=1'1\ALERT_TX_DEFAULT=2'01\ALERT_RX_DEFAULT=4'0101.\alert_pq' using process `$paramod\prim_alert_sender\AsyncOn=1'1\ALERT_TX_DEFAULT=2'01\ALERT_RX_DEFAULT=4'0101.$proc$/nfs_scratch/scratch/CompilerValidation/zaheer_ahmad/os_fpga2/Validation/RTL_testcases/RTL_Benchmarks_Gap_Analysis/pwrmgr/rtl/prim_alert_sender.sv:222$189'.
  created $adff cell `$procdff$2853' with positive edge clock and negative level reset.
Creating register for signal `$paramod\prim_alert_sender\AsyncOn=1'1\ALERT_TX_DEFAULT=2'01\ALERT_RX_DEFAULT=4'0101.\alert_nq' using process `$paramod\prim_alert_sender\AsyncOn=1'1\ALERT_TX_DEFAULT=2'01\ALERT_RX_DEFAULT=4'0101.$proc$/nfs_scratch/scratch/CompilerValidation/zaheer_ahmad/os_fpga2/Validation/RTL_testcases/RTL_Benchmarks_Gap_Analysis/pwrmgr/rtl/prim_alert_sender.sv:222$189'.
  created $adff cell `$procdff$2854' with positive edge clock and negative level reset.
Creating register for signal `$paramod\prim_alert_sender\AsyncOn=1'1\ALERT_TX_DEFAULT=2'01\ALERT_RX_DEFAULT=4'0101.\alert_set_q' using process `$paramod\prim_alert_sender\AsyncOn=1'1\ALERT_TX_DEFAULT=2'01\ALERT_RX_DEFAULT=4'0101.$proc$/nfs_scratch/scratch/CompilerValidation/zaheer_ahmad/os_fpga2/Validation/RTL_testcases/RTL_Benchmarks_Gap_Analysis/pwrmgr/rtl/prim_alert_sender.sv:222$189'.
  created $adff cell `$procdff$2855' with positive edge clock and negative level reset.
Creating register for signal `$paramod\prim_alert_sender\AsyncOn=1'1\ALERT_TX_DEFAULT=2'01\ALERT_RX_DEFAULT=4'0101.\ping_set_q' using process `$paramod\prim_alert_sender\AsyncOn=1'1\ALERT_TX_DEFAULT=2'01\ALERT_RX_DEFAULT=4'0101.$proc$/nfs_scratch/scratch/CompilerValidation/zaheer_ahmad/os_fpga2/Validation/RTL_testcases/RTL_Benchmarks_Gap_Analysis/pwrmgr/rtl/prim_alert_sender.sv:222$189'.
  created $adff cell `$procdff$2856' with positive edge clock and negative level reset.
Creating register for signal `$paramod\prim_diff_decode\AsyncOn=1'1.\level_q' using process `$paramod\prim_diff_decode\AsyncOn=1'1.$proc$/nfs_scratch/scratch/CompilerValidation/zaheer_ahmad/os_fpga2/Validation/RTL_testcases/RTL_Benchmarks_Gap_Analysis/pwrmgr/rtl/prim_diff_decode.sv:161$187'.
  created $adff cell `$procdff$2857' with positive edge clock and negative level reset.
Creating register for signal `$paramod\prim_diff_decode\AsyncOn=1'1.\gen_async.state_q' using process `$paramod\prim_diff_decode\AsyncOn=1'1.$proc$/nfs_scratch/scratch/CompilerValidation/zaheer_ahmad/os_fpga2/Validation/RTL_testcases/RTL_Benchmarks_Gap_Analysis/pwrmgr/rtl/prim_diff_decode.sv:161$187'.
  created $adff cell `$procdff$2858' with positive edge clock and negative level reset.
Creating register for signal `$paramod\prim_diff_decode\AsyncOn=1'1.\gen_async.diff_pq' using process `$paramod\prim_diff_decode\AsyncOn=1'1.$proc$/nfs_scratch/scratch/CompilerValidation/zaheer_ahmad/os_fpga2/Validation/RTL_testcases/RTL_Benchmarks_Gap_Analysis/pwrmgr/rtl/prim_diff_decode.sv:161$187'.
  created $adff cell `$procdff$2859' with positive edge clock and negative level reset.
Creating register for signal `$paramod\prim_diff_decode\AsyncOn=1'1.\gen_async.diff_nq' using process `$paramod\prim_diff_decode\AsyncOn=1'1.$proc$/nfs_scratch/scratch/CompilerValidation/zaheer_ahmad/os_fpga2/Validation/RTL_testcases/RTL_Benchmarks_Gap_Analysis/pwrmgr/rtl/prim_diff_decode.sv:161$187'.
  created $adff cell `$procdff$2860' with positive edge clock and negative level reset.
Creating register for signal `$paramod\prim_generic_flop\Width=s32'00000000000000000000000000000001\ResetValue=1'0.\q_o' using process `$paramod\prim_generic_flop\Width=s32'00000000000000000000000000000001\ResetValue=1'0.$proc$/nfs_scratch/scratch/CompilerValidation/zaheer_ahmad/os_fpga2/Validation/RTL_testcases/RTL_Benchmarks_Gap_Analysis/pwrmgr/rtl/prim_generic_flop.sv:18$178'.
  created $adff cell `$procdff$2861' with positive edge clock and negative level reset.
Creating register for signal `$paramod\prim_generic_flop\Width=s32'00000000000000000000000000000001\ResetValue=1'1.\q_o' using process `$paramod\prim_generic_flop\Width=s32'00000000000000000000000000000001\ResetValue=1'1.$proc$/nfs_scratch/scratch/CompilerValidation/zaheer_ahmad/os_fpga2/Validation/RTL_testcases/RTL_Benchmarks_Gap_Analysis/pwrmgr/rtl/prim_generic_flop.sv:18$176'.
  created $adff cell `$procdff$2862' with positive edge clock and negative level reset.
Creating register for signal `$paramod$1922727dec4c1da7ed6ad3dc09fc46ad0b6c2a2c\prim_subreg.\qe' using process `$paramod$1922727dec4c1da7ed6ad3dc09fc46ad0b6c2a2c\prim_subreg.$proc$/nfs_scratch/scratch/CompilerValidation/zaheer_ahmad/os_fpga2/Validation/RTL_testcases/RTL_Benchmarks_Gap_Analysis/pwrmgr/rtl/prim_subreg.sv:65$174'.
  created $adff cell `$procdff$2863' with positive edge clock and negative level reset.
Creating register for signal `$paramod$1922727dec4c1da7ed6ad3dc09fc46ad0b6c2a2c\prim_subreg.\q' using process `$paramod$1922727dec4c1da7ed6ad3dc09fc46ad0b6c2a2c\prim_subreg.$proc$/nfs_scratch/scratch/CompilerValidation/zaheer_ahmad/os_fpga2/Validation/RTL_testcases/RTL_Benchmarks_Gap_Analysis/pwrmgr/rtl/prim_subreg.sv:70$172'.
  created $adff cell `$procdff$2864' with positive edge clock and negative level reset.
Creating register for signal `$paramod$21a513b276be09c9cb5553d5463fdf4800edca32\pwrmgr_cdc.\slow_ast_q2' using process `$paramod$21a513b276be09c9cb5553d5463fdf4800edca32\pwrmgr_cdc.$proc$/nfs_scratch/scratch/CompilerValidation/zaheer_ahmad/os_fpga2/Validation/RTL_testcases/RTL_Benchmarks_Gap_Analysis/pwrmgr/rtl/pwrmgr_cdc.sv:147$166'.
  created $adff cell `$procdff$2865' with positive edge clock and negative level reset.
Creating register for signal `$paramod$21a513b276be09c9cb5553d5463fdf4800edca32\pwrmgr_cdc.\pwrup_cause_o' using process `$paramod$21a513b276be09c9cb5553d5463fdf4800edca32\pwrmgr_cdc.$proc$/nfs_scratch/scratch/CompilerValidation/zaheer_ahmad/os_fpga2/Validation/RTL_testcases/RTL_Benchmarks_Gap_Analysis/pwrmgr/rtl/pwrmgr_cdc.sv:260$163'.
  created $adff cell `$procdff$2866' with positive edge clock and negative level reset.
Creating register for signal `$paramod$21a513b276be09c9cb5553d5463fdf4800edca32\pwrmgr_cdc.\pwrup_cause_toggle_q2' using process `$paramod$21a513b276be09c9cb5553d5463fdf4800edca32\pwrmgr_cdc.$proc$/nfs_scratch/scratch/CompilerValidation/zaheer_ahmad/os_fpga2/Validation/RTL_testcases/RTL_Benchmarks_Gap_Analysis/pwrmgr/rtl/pwrmgr_cdc.sv:250$161'.
  created $adff cell `$procdff$2867' with positive edge clock and negative level reset.
Creating register for signal `$paramod$21a513b276be09c9cb5553d5463fdf4800edca32\pwrmgr_cdc.\slow_wakeup_en_o' using process `$paramod$21a513b276be09c9cb5553d5463fdf4800edca32\pwrmgr_cdc.$proc$/nfs_scratch/scratch/CompilerValidation/zaheer_ahmad/os_fpga2/Validation/RTL_testcases/RTL_Benchmarks_Gap_Analysis/pwrmgr/rtl/pwrmgr_cdc.sv:169$159'.
  created $adff cell `$procdff$2868' with positive edge clock and negative level reset.
Creating register for signal `$paramod$21a513b276be09c9cb5553d5463fdf4800edca32\pwrmgr_cdc.\slow_reset_en_o' using process `$paramod$21a513b276be09c9cb5553d5463fdf4800edca32\pwrmgr_cdc.$proc$/nfs_scratch/scratch/CompilerValidation/zaheer_ahmad/os_fpga2/Validation/RTL_testcases/RTL_Benchmarks_Gap_Analysis/pwrmgr/rtl/pwrmgr_cdc.sv:169$159'.
  created $adff cell `$procdff$2869' with positive edge clock and negative level reset.
Creating register for signal `$paramod$21a513b276be09c9cb5553d5463fdf4800edca32\pwrmgr_cdc.\slow_main_pd_no' using process `$paramod$21a513b276be09c9cb5553d5463fdf4800edca32\pwrmgr_cdc.$proc$/nfs_scratch/scratch/CompilerValidation/zaheer_ahmad/os_fpga2/Validation/RTL_testcases/RTL_Benchmarks_Gap_Analysis/pwrmgr/rtl/pwrmgr_cdc.sv:169$159'.
  created $adff cell `$procdff$2870' with positive edge clock and negative level reset.
Creating register for signal `$paramod$21a513b276be09c9cb5553d5463fdf4800edca32\pwrmgr_cdc.\slow_io_clk_en_o' using process `$paramod$21a513b276be09c9cb5553d5463fdf4800edca32\pwrmgr_cdc.$proc$/nfs_scratch/scratch/CompilerValidation/zaheer_ahmad/os_fpga2/Validation/RTL_testcases/RTL_Benchmarks_Gap_Analysis/pwrmgr/rtl/pwrmgr_cdc.sv:169$159'.
  created $adff cell `$procdff$2871' with positive edge clock and negative level reset.
Creating register for signal `$paramod$21a513b276be09c9cb5553d5463fdf4800edca32\pwrmgr_cdc.\slow_core_clk_en_o' using process `$paramod$21a513b276be09c9cb5553d5463fdf4800edca32\pwrmgr_cdc.$proc$/nfs_scratch/scratch/CompilerValidation/zaheer_ahmad/os_fpga2/Validation/RTL_testcases/RTL_Benchmarks_Gap_Analysis/pwrmgr/rtl/pwrmgr_cdc.sv:169$159'.
  created $adff cell `$procdff$2872' with positive edge clock and negative level reset.
Creating register for signal `$paramod$21a513b276be09c9cb5553d5463fdf4800edca32\pwrmgr_cdc.\slow_usb_clk_en_lp_o' using process `$paramod$21a513b276be09c9cb5553d5463fdf4800edca32\pwrmgr_cdc.$proc$/nfs_scratch/scratch/CompilerValidation/zaheer_ahmad/os_fpga2/Validation/RTL_testcases/RTL_Benchmarks_Gap_Analysis/pwrmgr/rtl/pwrmgr_cdc.sv:169$159'.
  created $adff cell `$procdff$2873' with positive edge clock and negative level reset.
Creating register for signal `$paramod$21a513b276be09c9cb5553d5463fdf4800edca32\pwrmgr_cdc.\slow_usb_clk_en_active_o' using process `$paramod$21a513b276be09c9cb5553d5463fdf4800edca32\pwrmgr_cdc.$proc$/nfs_scratch/scratch/CompilerValidation/zaheer_ahmad/os_fpga2/Validation/RTL_testcases/RTL_Benchmarks_Gap_Analysis/pwrmgr/rtl/pwrmgr_cdc.sv:169$159'.
  created $adff cell `$procdff$2874' with positive edge clock and negative level reset.
Creating register for signal `$paramod$21a513b276be09c9cb5553d5463fdf4800edca32\pwrmgr_cdc.\slow_ast_o' using process `$paramod$21a513b276be09c9cb5553d5463fdf4800edca32\pwrmgr_cdc.$proc$/nfs_scratch/scratch/CompilerValidation/zaheer_ahmad/os_fpga2/Validation/RTL_testcases/RTL_Benchmarks_Gap_Analysis/pwrmgr/rtl/pwrmgr_cdc.sv:157$156'.
  created $adff cell `$procdff$2875' with positive edge clock and negative level reset.
Creating register for signal `$paramod$25ebe4329fda051e04aa1129a6e1ffd602984606\prim_generic_flop.\q_o' using process `$paramod$25ebe4329fda051e04aa1129a6e1ffd602984606\prim_generic_flop.$proc$/nfs_scratch/scratch/CompilerValidation/zaheer_ahmad/os_fpga2/Validation/RTL_testcases/RTL_Benchmarks_Gap_Analysis/pwrmgr/rtl/prim_generic_flop.sv:18$154'.
  created $adff cell `$procdff$2876' with positive edge clock and negative level reset.
Creating register for signal `$paramod\prim_intr_hw\Width=32'00000000000000000000000000000001\FlopOutput=1'1.\intr_o' using process `$paramod\prim_intr_hw\Width=32'00000000000000000000000000000001\FlopOutput=1'1.$proc$/nfs_scratch/scratch/CompilerValidation/zaheer_ahmad/os_fpga2/Validation/RTL_testcases/RTL_Benchmarks_Gap_Analysis/pwrmgr/rtl/prim_intr_hw.sv:41$147'.
  created $adff cell `$procdff$2877' with positive edge clock and negative level reset.
Creating register for signal `$paramod$2454416d686f119c214b8f35dcdc5a0867f85a76\prim_generic_flop.\q_o' using process `$paramod$2454416d686f119c214b8f35dcdc5a0867f85a76\prim_generic_flop.$proc$/nfs_scratch/scratch/CompilerValidation/zaheer_ahmad/os_fpga2/Validation/RTL_testcases/RTL_Benchmarks_Gap_Analysis/pwrmgr/rtl/prim_generic_flop.sv:18$145'.
  created $adff cell `$procdff$2878' with positive edge clock and negative level reset.
Creating register for signal `$paramod$1232de8c2fe4fff6a75b5663758d1bf50afa3825\prim_generic_flop.\q_o' using process `$paramod$1232de8c2fe4fff6a75b5663758d1bf50afa3825\prim_generic_flop.$proc$/nfs_scratch/scratch/CompilerValidation/zaheer_ahmad/os_fpga2/Validation/RTL_testcases/RTL_Benchmarks_Gap_Analysis/pwrmgr/rtl/prim_generic_flop.sv:18$143'.
  created $adff cell `$procdff$2879' with positive edge clock and negative level reset.
Creating register for signal `$paramod\prim_generic_flop\Width=s32'00000000000000000000000000000010\ResetValue=2'00.\q_o' using process `$paramod\prim_generic_flop\Width=s32'00000000000000000000000000000010\ResetValue=2'00.$proc$/nfs_scratch/scratch/CompilerValidation/zaheer_ahmad/os_fpga2/Validation/RTL_testcases/RTL_Benchmarks_Gap_Analysis/pwrmgr/rtl/prim_generic_flop.sv:18$141'.
  created $adff cell `$procdff$2880' with positive edge clock and negative level reset.
Creating register for signal `$paramod$6ae18350b51be32fd7406c5aaac3c7582e0e6af0\prim_generic_flop.\q_o' using process `$paramod$6ae18350b51be32fd7406c5aaac3c7582e0e6af0\prim_generic_flop.$proc$/nfs_scratch/scratch/CompilerValidation/zaheer_ahmad/os_fpga2/Validation/RTL_testcases/RTL_Benchmarks_Gap_Analysis/pwrmgr/rtl/prim_generic_flop.sv:18$139'.
  created $adff cell `$procdff$2881' with positive edge clock and negative level reset.
Creating register for signal `$paramod$21a513b276be09c9cb5553d5463fdf4800edca32\pwrmgr_wake_info.\start_capture_q1' using process `$paramod$21a513b276be09c9cb5553d5463fdf4800edca32\pwrmgr_wake_info.$proc$/nfs_scratch/scratch/CompilerValidation/zaheer_ahmad/os_fpga2/Validation/RTL_testcases/RTL_Benchmarks_Gap_Analysis/pwrmgr/rtl/pwrmgr_wake_info.sv:27$135'.
  created $adff cell `$procdff$2882' with positive edge clock and negative level reset.
Creating register for signal `$paramod$21a513b276be09c9cb5553d5463fdf4800edca32\pwrmgr_wake_info.\info' using process `$paramod$21a513b276be09c9cb5553d5463fdf4800edca32\pwrmgr_wake_info.$proc$/nfs_scratch/scratch/CompilerValidation/zaheer_ahmad/os_fpga2/Validation/RTL_testcases/RTL_Benchmarks_Gap_Analysis/pwrmgr/rtl/pwrmgr_wake_info.sv:55$127'.
  created $adff cell `$procdff$2883' with positive edge clock and negative level reset.
Creating register for signal `$paramod$21a513b276be09c9cb5553d5463fdf4800edca32\pwrmgr_wake_info.\record_en' using process `$paramod$21a513b276be09c9cb5553d5463fdf4800edca32\pwrmgr_wake_info.$proc$/nfs_scratch/scratch/CompilerValidation/zaheer_ahmad/os_fpga2/Validation/RTL_testcases/RTL_Benchmarks_Gap_Analysis/pwrmgr/rtl/pwrmgr_wake_info.sv:40$122'.
  created $adff cell `$procdff$2884' with positive edge clock and negative level reset.
Creating register for signal `$paramod$21db42bc4a37f19b92ab182268213f76666c0005\pwrmgr_slow_fsm.\cause_q' using process `$paramod$21db42bc4a37f19b92ab182268213f76666c0005\pwrmgr_slow_fsm.$proc$/nfs_scratch/scratch/CompilerValidation/zaheer_ahmad/os_fpga2/Validation/RTL_testcases/RTL_Benchmarks_Gap_Analysis/pwrmgr/rtl/pwrmgr_slow_fsm.sv:95$120'.
  created $adff cell `$procdff$2885' with positive edge clock and negative level reset.
Creating register for signal `$paramod$21db42bc4a37f19b92ab182268213f76666c0005\pwrmgr_slow_fsm.\cause_toggle_q' using process `$paramod$21db42bc4a37f19b92ab182268213f76666c0005\pwrmgr_slow_fsm.$proc$/nfs_scratch/scratch/CompilerValidation/zaheer_ahmad/os_fpga2/Validation/RTL_testcases/RTL_Benchmarks_Gap_Analysis/pwrmgr/rtl/pwrmgr_slow_fsm.sv:95$120'.
  created $adff cell `$procdff$2886' with positive edge clock and negative level reset.
Creating register for signal `$paramod$21db42bc4a37f19b92ab182268213f76666c0005\pwrmgr_slow_fsm.\req_pwrup_q' using process `$paramod$21db42bc4a37f19b92ab182268213f76666c0005\pwrmgr_slow_fsm.$proc$/nfs_scratch/scratch/CompilerValidation/zaheer_ahmad/os_fpga2/Validation/RTL_testcases/RTL_Benchmarks_Gap_Analysis/pwrmgr/rtl/pwrmgr_slow_fsm.sv:95$120'.
  created $adff cell `$procdff$2887' with positive edge clock and negative level reset.
Creating register for signal `$paramod$21db42bc4a37f19b92ab182268213f76666c0005\pwrmgr_slow_fsm.\ack_pwrdn_q' using process `$paramod$21db42bc4a37f19b92ab182268213f76666c0005\pwrmgr_slow_fsm.$proc$/nfs_scratch/scratch/CompilerValidation/zaheer_ahmad/os_fpga2/Validation/RTL_testcases/RTL_Benchmarks_Gap_Analysis/pwrmgr/rtl/pwrmgr_slow_fsm.sv:95$120'.
  created $adff cell `$procdff$2888' with positive edge clock and negative level reset.
Creating register for signal `$paramod$21db42bc4a37f19b92ab182268213f76666c0005\pwrmgr_slow_fsm.\pd_nq' using process `$paramod$21db42bc4a37f19b92ab182268213f76666c0005\pwrmgr_slow_fsm.$proc$/nfs_scratch/scratch/CompilerValidation/zaheer_ahmad/os_fpga2/Validation/RTL_testcases/RTL_Benchmarks_Gap_Analysis/pwrmgr/rtl/pwrmgr_slow_fsm.sv:95$120'.
  created $adff cell `$procdff$2889' with positive edge clock and negative level reset.
Creating register for signal `$paramod$21db42bc4a37f19b92ab182268213f76666c0005\pwrmgr_slow_fsm.\pwr_clamp_q' using process `$paramod$21db42bc4a37f19b92ab182268213f76666c0005\pwrmgr_slow_fsm.$proc$/nfs_scratch/scratch/CompilerValidation/zaheer_ahmad/os_fpga2/Validation/RTL_testcases/RTL_Benchmarks_Gap_Analysis/pwrmgr/rtl/pwrmgr_slow_fsm.sv:95$120'.
  created $adff cell `$procdff$2890' with positive edge clock and negative level reset.
Creating register for signal `$paramod$21db42bc4a37f19b92ab182268213f76666c0005\pwrmgr_slow_fsm.\pwr_clamp_env_q' using process `$paramod$21db42bc4a37f19b92ab182268213f76666c0005\pwrmgr_slow_fsm.$proc$/nfs_scratch/scratch/CompilerValidation/zaheer_ahmad/os_fpga2/Validation/RTL_testcases/RTL_Benchmarks_Gap_Analysis/pwrmgr/rtl/pwrmgr_slow_fsm.sv:95$120'.
  created $adff cell `$procdff$2891' with positive edge clock and negative level reset.
Creating register for signal `$paramod$21db42bc4a37f19b92ab182268213f76666c0005\pwrmgr_slow_fsm.\core_clk_en_q' using process `$paramod$21db42bc4a37f19b92ab182268213f76666c0005\pwrmgr_slow_fsm.$proc$/nfs_scratch/scratch/CompilerValidation/zaheer_ahmad/os_fpga2/Validation/RTL_testcases/RTL_Benchmarks_Gap_Analysis/pwrmgr/rtl/pwrmgr_slow_fsm.sv:95$120'.
  created $adff cell `$procdff$2892' with positive edge clock and negative level reset.
Creating register for signal `$paramod$21db42bc4a37f19b92ab182268213f76666c0005\pwrmgr_slow_fsm.\io_clk_en_q' using process `$paramod$21db42bc4a37f19b92ab182268213f76666c0005\pwrmgr_slow_fsm.$proc$/nfs_scratch/scratch/CompilerValidation/zaheer_ahmad/os_fpga2/Validation/RTL_testcases/RTL_Benchmarks_Gap_Analysis/pwrmgr/rtl/pwrmgr_slow_fsm.sv:95$120'.
  created $adff cell `$procdff$2893' with positive edge clock and negative level reset.
Creating register for signal `$paramod$21db42bc4a37f19b92ab182268213f76666c0005\pwrmgr_slow_fsm.\usb_clk_en_q' using process `$paramod$21db42bc4a37f19b92ab182268213f76666c0005\pwrmgr_slow_fsm.$proc$/nfs_scratch/scratch/CompilerValidation/zaheer_ahmad/os_fpga2/Validation/RTL_testcases/RTL_Benchmarks_Gap_Analysis/pwrmgr/rtl/pwrmgr_slow_fsm.sv:95$120'.
  created $adff cell `$procdff$2894' with positive edge clock and negative level reset.
Creating register for signal `$paramod$21db42bc4a37f19b92ab182268213f76666c0005\pwrmgr_slow_fsm.\fsm_invalid_q' using process `$paramod$21db42bc4a37f19b92ab182268213f76666c0005\pwrmgr_slow_fsm.$proc$/nfs_scratch/scratch/CompilerValidation/zaheer_ahmad/os_fpga2/Validation/RTL_testcases/RTL_Benchmarks_Gap_Analysis/pwrmgr/rtl/pwrmgr_slow_fsm.sv:95$120'.
  created $adff cell `$procdff$2895' with positive edge clock and negative level reset.
Creating register for signal `$paramod$21db42bc4a37f19b92ab182268213f76666c0005\pwrmgr_slow_fsm.\rst_req_o' using process `$paramod$21db42bc4a37f19b92ab182268213f76666c0005\pwrmgr_slow_fsm.$proc$/nfs_scratch/scratch/CompilerValidation/zaheer_ahmad/os_fpga2/Validation/RTL_testcases/RTL_Benchmarks_Gap_Analysis/pwrmgr/rtl/pwrmgr_slow_fsm.sv:303$99'.
  created $adff cell `$procdff$2896' with positive edge clock and negative level reset.
Creating register for signal `$paramod$21db42bc4a37f19b92ab182268213f76666c0005\pwrmgr_slow_fsm.\main_pok_st' using process `$paramod$21db42bc4a37f19b92ab182268213f76666c0005\pwrmgr_slow_fsm.$proc$/nfs_scratch/scratch/CompilerValidation/zaheer_ahmad/os_fpga2/Validation/RTL_testcases/RTL_Benchmarks_Gap_Analysis/pwrmgr/rtl/pwrmgr_slow_fsm.sv:285$93'.
  created $adff cell `$procdff$2897' with positive edge clock and negative level reset.
Creating register for signal `$paramod$21db42bc4a37f19b92ab182268213f76666c0005\pwrmgr_slow_fsm.\ast_main_pok' using process `$paramod$21db42bc4a37f19b92ab182268213f76666c0005\pwrmgr_slow_fsm.$proc$/nfs_scratch/scratch/CompilerValidation/zaheer_ahmad/os_fpga2/Validation/RTL_testcases/RTL_Benchmarks_Gap_Analysis/pwrmgr/rtl/pwrmgr_slow_fsm.sv:274$91'.
  created $adff cell `$procdff$2898' with positive edge clock and negative level reset.
Creating register for signal `$paramod$fe55b1bb949966d310e200acf24c2aa59944d626\prim_generic_flop.\q_o' using process `$paramod$fe55b1bb949966d310e200acf24c2aa59944d626\prim_generic_flop.$proc$/nfs_scratch/scratch/CompilerValidation/zaheer_ahmad/os_fpga2/Validation/RTL_testcases/RTL_Benchmarks_Gap_Analysis/pwrmgr/rtl/prim_generic_flop.sv:18$77'.
  created $adff cell `$procdff$2899' with positive edge clock and negative level reset.
Creating register for signal `$paramod$21a513b276be09c9cb5553d5463fdf4800edca32\pwrmgr_fsm.\reset_cause_q' using process `$paramod$21a513b276be09c9cb5553d5463fdf4800edca32\pwrmgr_fsm.$proc$/nfs_scratch/scratch/CompilerValidation/zaheer_ahmad/os_fpga2/Validation/RTL_testcases/RTL_Benchmarks_Gap_Analysis/pwrmgr/rtl/pwrmgr_fsm.sv:128$65'.
  created $adff cell `$procdff$2900' with positive edge clock and negative level reset.
Creating register for signal `$paramod$21a513b276be09c9cb5553d5463fdf4800edca32\pwrmgr_fsm.\reset_ongoing_q' using process `$paramod$21a513b276be09c9cb5553d5463fdf4800edca32\pwrmgr_fsm.$proc$/nfs_scratch/scratch/CompilerValidation/zaheer_ahmad/os_fpga2/Validation/RTL_testcases/RTL_Benchmarks_Gap_Analysis/pwrmgr/rtl/pwrmgr_fsm.sv:128$65'.
  created $adff cell `$procdff$2901' with positive edge clock and negative level reset.
Creating register for signal `$paramod$21a513b276be09c9cb5553d5463fdf4800edca32\pwrmgr_fsm.\req_pwrdn_q' using process `$paramod$21a513b276be09c9cb5553d5463fdf4800edca32\pwrmgr_fsm.$proc$/nfs_scratch/scratch/CompilerValidation/zaheer_ahmad/os_fpga2/Validation/RTL_testcases/RTL_Benchmarks_Gap_Analysis/pwrmgr/rtl/pwrmgr_fsm.sv:128$65'.
  created $adff cell `$procdff$2902' with positive edge clock and negative level reset.
Creating register for signal `$paramod$21a513b276be09c9cb5553d5463fdf4800edca32\pwrmgr_fsm.\ack_pwrup_q' using process `$paramod$21a513b276be09c9cb5553d5463fdf4800edca32\pwrmgr_fsm.$proc$/nfs_scratch/scratch/CompilerValidation/zaheer_ahmad/os_fpga2/Validation/RTL_testcases/RTL_Benchmarks_Gap_Analysis/pwrmgr/rtl/pwrmgr_fsm.sv:128$65'.
  created $adff cell `$procdff$2903' with positive edge clock and negative level reset.
Creating register for signal `$paramod$21a513b276be09c9cb5553d5463fdf4800edca32\pwrmgr_fsm.\ip_clk_en_q' using process `$paramod$21a513b276be09c9cb5553d5463fdf4800edca32\pwrmgr_fsm.$proc$/nfs_scratch/scratch/CompilerValidation/zaheer_ahmad/os_fpga2/Validation/RTL_testcases/RTL_Benchmarks_Gap_Analysis/pwrmgr/rtl/pwrmgr_fsm.sv:128$65'.
  created $adff cell `$procdff$2904' with positive edge clock and negative level reset.
Creating register for signal `$paramod$21a513b276be09c9cb5553d5463fdf4800edca32\pwrmgr_fsm.\rst_lc_req_q' using process `$paramod$21a513b276be09c9cb5553d5463fdf4800edca32\pwrmgr_fsm.$proc$/nfs_scratch/scratch/CompilerValidation/zaheer_ahmad/os_fpga2/Validation/RTL_testcases/RTL_Benchmarks_Gap_Analysis/pwrmgr/rtl/pwrmgr_fsm.sv:128$65'.
  created $adff cell `$procdff$2905' with positive edge clock and negative level reset.
Creating register for signal `$paramod$21a513b276be09c9cb5553d5463fdf4800edca32\pwrmgr_fsm.\rst_sys_req_q' using process `$paramod$21a513b276be09c9cb5553d5463fdf4800edca32\pwrmgr_fsm.$proc$/nfs_scratch/scratch/CompilerValidation/zaheer_ahmad/os_fpga2/Validation/RTL_testcases/RTL_Benchmarks_Gap_Analysis/pwrmgr/rtl/pwrmgr_fsm.sv:128$65'.
  created $adff cell `$procdff$2906' with positive edge clock and negative level reset.
Creating register for signal `$paramod$21a513b276be09c9cb5553d5463fdf4800edca32\pwrmgr_fsm.\low_power_q' using process `$paramod$21a513b276be09c9cb5553d5463fdf4800edca32\pwrmgr_fsm.$proc$/nfs_scratch/scratch/CompilerValidation/zaheer_ahmad/os_fpga2/Validation/RTL_testcases/RTL_Benchmarks_Gap_Analysis/pwrmgr/rtl/pwrmgr_fsm.sv:128$65'.
  created $adff cell `$procdff$2907' with positive edge clock and negative level reset.
Creating register for signal `$paramod$21a513b276be09c9cb5553d5463fdf4800edca32\pwrmgr_fsm.\strap_sampled' using process `$paramod$21a513b276be09c9cb5553d5463fdf4800edca32\pwrmgr_fsm.$proc$/nfs_scratch/scratch/CompilerValidation/zaheer_ahmad/os_fpga2/Validation/RTL_testcases/RTL_Benchmarks_Gap_Analysis/pwrmgr/rtl/pwrmgr_fsm.sv:164$5'.
  created $adff cell `$procdff$2908' with positive edge clock and negative level reset.

4.18.10. Executing PROC_MEMWR pass (convert process memory writes to cells).

4.18.11. Executing PROC_CLEAN pass (remove empty switches from decision trees).
Removing empty process `$paramod$112511bfd0dccda09976f1ed3a15d1c8d45112d4\prim_subreg.$proc$/nfs_scratch/scratch/CompilerValidation/zaheer_ahmad/os_fpga2/Validation/RTL_testcases/RTL_Benchmarks_Gap_Analysis/pwrmgr/rtl/prim_subreg.sv:65$858'.
Found and cleaned up 1 empty switch in `$paramod$112511bfd0dccda09976f1ed3a15d1c8d45112d4\prim_subreg.$proc$/nfs_scratch/scratch/CompilerValidation/zaheer_ahmad/os_fpga2/Validation/RTL_testcases/RTL_Benchmarks_Gap_Analysis/pwrmgr/rtl/prim_subreg.sv:70$856'.
Removing empty process `$paramod$112511bfd0dccda09976f1ed3a15d1c8d45112d4\prim_subreg.$proc$/nfs_scratch/scratch/CompilerValidation/zaheer_ahmad/os_fpga2/Validation/RTL_testcases/RTL_Benchmarks_Gap_Analysis/pwrmgr/rtl/prim_subreg.sv:70$856'.
Removing empty process `prim_pulse_sync.$proc$/nfs_scratch/scratch/CompilerValidation/zaheer_ahmad/os_fpga2/Validation/RTL_testcases/RTL_Benchmarks_Gap_Analysis/pwrmgr/rtl/prim_pulse_sync.sv:27$853'.
Removing empty process `prim_pulse_sync.$proc$/nfs_scratch/scratch/CompilerValidation/zaheer_ahmad/os_fpga2/Validation/RTL_testcases/RTL_Benchmarks_Gap_Analysis/pwrmgr/rtl/prim_pulse_sync.sv:55$850'.
Found and cleaned up 2 empty switches in `$paramod$b16ec1a2d37bb01b30b4807f6e7e5972c818c2d7\tlul_err.$proc$/nfs_scratch/scratch/CompilerValidation/zaheer_ahmad/os_fpga2/Validation/RTL_testcases/RTL_Benchmarks_Gap_Analysis/pwrmgr/rtl/tlul_err.sv:46$829'.
Removing empty process `$paramod$b16ec1a2d37bb01b30b4807f6e7e5972c818c2d7\tlul_err.$proc$/nfs_scratch/scratch/CompilerValidation/zaheer_ahmad/os_fpga2/Validation/RTL_testcases/RTL_Benchmarks_Gap_Analysis/pwrmgr/rtl/tlul_err.sv:46$829'.
Removing empty process `$paramod$7e00d363ce130de0a5a3e36d8a0ef795833e2889\prim_subreg.$proc$/nfs_scratch/scratch/CompilerValidation/zaheer_ahmad/os_fpga2/Validation/RTL_testcases/RTL_Benchmarks_Gap_Analysis/pwrmgr/rtl/prim_subreg.sv:65$812'.
Found and cleaned up 1 empty switch in `$paramod$7e00d363ce130de0a5a3e36d8a0ef795833e2889\prim_subreg.$proc$/nfs_scratch/scratch/CompilerValidation/zaheer_ahmad/os_fpga2/Validation/RTL_testcases/RTL_Benchmarks_Gap_Analysis/pwrmgr/rtl/prim_subreg.sv:70$810'.
Removing empty process `$paramod$7e00d363ce130de0a5a3e36d8a0ef795833e2889\prim_subreg.$proc$/nfs_scratch/scratch/CompilerValidation/zaheer_ahmad/os_fpga2/Validation/RTL_testcases/RTL_Benchmarks_Gap_Analysis/pwrmgr/rtl/prim_subreg.sv:70$810'.
Found and cleaned up 1 empty switch in `$paramod$8ec11ab84d267aa735efee7deaffb669de62e241\pwrmgr_reg_top.$proc$/nfs_scratch/scratch/CompilerValidation/zaheer_ahmad/os_fpga2/Validation/RTL_testcases/RTL_Benchmarks_Gap_Analysis/pwrmgr/rtl/pwrmgr_reg_top.sv:56$806'.
Removing empty process `$paramod$8ec11ab84d267aa735efee7deaffb669de62e241\pwrmgr_reg_top.$proc$/nfs_scratch/scratch/CompilerValidation/zaheer_ahmad/os_fpga2/Validation/RTL_testcases/RTL_Benchmarks_Gap_Analysis/pwrmgr/rtl/pwrmgr_reg_top.sv:56$806'.
Removing empty process `$paramod$8ec11ab84d267aa735efee7deaffb669de62e241\pwrmgr_reg_top.$proc$/nfs_scratch/scratch/CompilerValidation/zaheer_ahmad/os_fpga2/Validation/RTL_testcases/RTL_Benchmarks_Gap_Analysis/pwrmgr/rtl/pwrmgr_reg_top.sv:822$749'.
Found and cleaned up 1 empty switch in `$paramod$8ec11ab84d267aa735efee7deaffb669de62e241\pwrmgr_reg_top.$proc$/nfs_scratch/scratch/CompilerValidation/zaheer_ahmad/os_fpga2/Validation/RTL_testcases/RTL_Benchmarks_Gap_Analysis/pwrmgr/rtl/pwrmgr_reg_top.sv:743$748'.
Removing empty process `$paramod$8ec11ab84d267aa735efee7deaffb669de62e241\pwrmgr_reg_top.$proc$/nfs_scratch/scratch/CompilerValidation/zaheer_ahmad/os_fpga2/Validation/RTL_testcases/RTL_Benchmarks_Gap_Analysis/pwrmgr/rtl/pwrmgr_reg_top.sv:743$748'.
Removing empty process `$paramod$8ec11ab84d267aa735efee7deaffb669de62e241\pwrmgr_reg_top.$proc$/nfs_scratch/scratch/CompilerValidation/zaheer_ahmad/os_fpga2/Validation/RTL_testcases/RTL_Benchmarks_Gap_Analysis/pwrmgr/rtl/pwrmgr_reg_top.sv:675$677'.
Removing empty process `$paramod$8ec11ab84d267aa735efee7deaffb669de62e241\pwrmgr_reg_top.$proc$/nfs_scratch/scratch/CompilerValidation/zaheer_ahmad/os_fpga2/Validation/RTL_testcases/RTL_Benchmarks_Gap_Analysis/pwrmgr/rtl/pwrmgr_reg_top.sv:654$662'.
Found and cleaned up 2 empty switches in `$paramod$ee0227794101df47ad9f37b0d88f82f880f9e439\tlul_adapter_reg.$proc$/nfs_scratch/scratch/CompilerValidation/zaheer_ahmad/os_fpga2/Validation/RTL_testcases/RTL_Benchmarks_Gap_Analysis/pwrmgr/rtl/tlul_adapter_reg.sv:64$640'.
Removing empty process `$paramod$ee0227794101df47ad9f37b0d88f82f880f9e439\tlul_adapter_reg.$proc$/nfs_scratch/scratch/CompilerValidation/zaheer_ahmad/os_fpga2/Validation/RTL_testcases/RTL_Benchmarks_Gap_Analysis/pwrmgr/rtl/tlul_adapter_reg.sv:64$640'.
Found and cleaned up 1 empty switch in `$paramod$ee0227794101df47ad9f37b0d88f82f880f9e439\tlul_adapter_reg.$proc$/nfs_scratch/scratch/CompilerValidation/zaheer_ahmad/os_fpga2/Validation/RTL_testcases/RTL_Benchmarks_Gap_Analysis/pwrmgr/rtl/tlul_adapter_reg.sv:119$623'.
Removing empty process `$paramod$ee0227794101df47ad9f37b0d88f82f880f9e439\tlul_adapter_reg.$proc$/nfs_scratch/scratch/CompilerValidation/zaheer_ahmad/os_fpga2/Validation/RTL_testcases/RTL_Benchmarks_Gap_Analysis/pwrmgr/rtl/tlul_adapter_reg.sv:119$623'.
Found and cleaned up 1 empty switch in `$paramod$ee0227794101df47ad9f37b0d88f82f880f9e439\tlul_adapter_reg.$proc$/nfs_scratch/scratch/CompilerValidation/zaheer_ahmad/os_fpga2/Validation/RTL_testcases/RTL_Benchmarks_Gap_Analysis/pwrmgr/rtl/tlul_adapter_reg.sv:83$619'.
Removing empty process `$paramod$ee0227794101df47ad9f37b0d88f82f880f9e439\tlul_adapter_reg.$proc$/nfs_scratch/scratch/CompilerValidation/zaheer_ahmad/os_fpga2/Validation/RTL_testcases/RTL_Benchmarks_Gap_Analysis/pwrmgr/rtl/tlul_adapter_reg.sv:83$619'.
Found and cleaned up 1 empty switch in `$paramod$ee0227794101df47ad9f37b0d88f82f880f9e439\tlul_adapter_reg.$proc$/nfs_scratch/scratch/CompilerValidation/zaheer_ahmad/os_fpga2/Validation/RTL_testcases/RTL_Benchmarks_Gap_Analysis/pwrmgr/rtl/tlul_adapter_reg.sv:70$616'.
Removing empty process `$paramod$ee0227794101df47ad9f37b0d88f82f880f9e439\tlul_adapter_reg.$proc$/nfs_scratch/scratch/CompilerValidation/zaheer_ahmad/os_fpga2/Validation/RTL_testcases/RTL_Benchmarks_Gap_Analysis/pwrmgr/rtl/tlul_adapter_reg.sv:70$616'.
Removing empty process `prim_secded_inv_64_57_enc.$proc$/nfs_scratch/scratch/CompilerValidation/zaheer_ahmad/os_fpga2/Validation/RTL_testcases/RTL_Benchmarks_Gap_Analysis/pwrmgr/rtl/prim_secded_inv_64_57_enc.sv:12$594'.
Removing empty process `prim_secded_inv_39_32_dec.$proc$/nfs_scratch/scratch/CompilerValidation/zaheer_ahmad/os_fpga2/Validation/RTL_testcases/RTL_Benchmarks_Gap_Analysis/pwrmgr/rtl/prim_secded_inv_39_32_dec.sv:14$504'.
Removing empty process `prim_secded_inv_64_57_dec.$proc$/nfs_scratch/scratch/CompilerValidation/zaheer_ahmad/os_fpga2/Validation/RTL_testcases/RTL_Benchmarks_Gap_Analysis/pwrmgr/rtl/prim_secded_inv_64_57_dec.sv:14$363'.
Removing empty process `$paramod\prim_generic_flop\Width=s32'00000000000000000000000000000010\ResetValue=2'10.$proc$/nfs_scratch/scratch/CompilerValidation/zaheer_ahmad/os_fpga2/Validation/RTL_testcases/RTL_Benchmarks_Gap_Analysis/pwrmgr/rtl/prim_generic_flop.sv:18$361'.
Removing empty process `$paramod$cafc58aacea66ce361f30fc5fb51712913515c86\prim_generic_flop.$proc$/nfs_scratch/scratch/CompilerValidation/zaheer_ahmad/os_fpga2/Validation/RTL_testcases/RTL_Benchmarks_Gap_Analysis/pwrmgr/rtl/prim_generic_flop.sv:18$359'.
Removing empty process `$paramod$18eae125e8070a5fb29a0bd9923127bd30ff2039\prim_subreg.$proc$/nfs_scratch/scratch/CompilerValidation/zaheer_ahmad/os_fpga2/Validation/RTL_testcases/RTL_Benchmarks_Gap_Analysis/pwrmgr/rtl/prim_subreg.sv:65$357'.
Found and cleaned up 1 empty switch in `$paramod$18eae125e8070a5fb29a0bd9923127bd30ff2039\prim_subreg.$proc$/nfs_scratch/scratch/CompilerValidation/zaheer_ahmad/os_fpga2/Validation/RTL_testcases/RTL_Benchmarks_Gap_Analysis/pwrmgr/rtl/prim_subreg.sv:70$355'.
Removing empty process `$paramod$18eae125e8070a5fb29a0bd9923127bd30ff2039\prim_subreg.$proc$/nfs_scratch/scratch/CompilerValidation/zaheer_ahmad/os_fpga2/Validation/RTL_testcases/RTL_Benchmarks_Gap_Analysis/pwrmgr/rtl/prim_subreg.sv:70$355'.
Removing empty process `$paramod\prim_diff_decode\AsyncOn=1'0.$proc$/nfs_scratch/scratch/CompilerValidation/zaheer_ahmad/os_fpga2/Validation/RTL_testcases/RTL_Benchmarks_Gap_Analysis/pwrmgr/rtl/prim_diff_decode.sv:195$353'.
Found and cleaned up 7 empty switches in `$paramod$58cc36426b572d644c9bdaa50fac6b4ad91ed7ea\prim_esc_receiver.$proc$/nfs_scratch/scratch/CompilerValidation/zaheer_ahmad/os_fpga2/Validation/RTL_testcases/RTL_Benchmarks_Gap_Analysis/pwrmgr/rtl/prim_esc_receiver.sv:155$332'.
Removing empty process `$paramod$58cc36426b572d644c9bdaa50fac6b4ad91ed7ea\prim_esc_receiver.$proc$/nfs_scratch/scratch/CompilerValidation/zaheer_ahmad/os_fpga2/Validation/RTL_testcases/RTL_Benchmarks_Gap_Analysis/pwrmgr/rtl/prim_esc_receiver.sv:155$332'.
Removing empty process `$paramod$58cc36426b572d644c9bdaa50fac6b4ad91ed7ea\prim_esc_receiver.$proc$/nfs_scratch/scratch/CompilerValidation/zaheer_ahmad/os_fpga2/Validation/RTL_testcases/RTL_Benchmarks_Gap_Analysis/pwrmgr/rtl/prim_esc_receiver.sv:236$320'.
Removing empty process `$paramod$30daef7d8fbea83f8d5d97bb6bbeea8d50f20643\tlul_rsp_intg_gen.$proc$/nfs_scratch/scratch/CompilerValidation/zaheer_ahmad/os_fpga2/Validation/RTL_testcases/RTL_Benchmarks_Gap_Analysis/pwrmgr/rtl/tlul_pkg.sv:0$313'.
Removing empty process `$paramod$30daef7d8fbea83f8d5d97bb6bbeea8d50f20643\tlul_rsp_intg_gen.$proc$/nfs_scratch/scratch/CompilerValidation/zaheer_ahmad/os_fpga2/Validation/RTL_testcases/RTL_Benchmarks_Gap_Analysis/pwrmgr/rtl/tlul_rsp_intg_gen.sv:44$312'.
Removing empty process `$paramod$e28d8d901a11ac5d5e5c27396dca7dc727aac42a\prim_subreg.$proc$/nfs_scratch/scratch/CompilerValidation/zaheer_ahmad/os_fpga2/Validation/RTL_testcases/RTL_Benchmarks_Gap_Analysis/pwrmgr/rtl/prim_subreg.sv:65$307'.
Found and cleaned up 1 empty switch in `$paramod$e28d8d901a11ac5d5e5c27396dca7dc727aac42a\prim_subreg.$proc$/nfs_scratch/scratch/CompilerValidation/zaheer_ahmad/os_fpga2/Validation/RTL_testcases/RTL_Benchmarks_Gap_Analysis/pwrmgr/rtl/prim_subreg.sv:70$305'.
Removing empty process `$paramod$e28d8d901a11ac5d5e5c27396dca7dc727aac42a\prim_subreg.$proc$/nfs_scratch/scratch/CompilerValidation/zaheer_ahmad/os_fpga2/Validation/RTL_testcases/RTL_Benchmarks_Gap_Analysis/pwrmgr/rtl/prim_subreg.sv:70$305'.
Removing empty process `prim_secded_inv_39_32_enc.$proc$/nfs_scratch/scratch/CompilerValidation/zaheer_ahmad/os_fpga2/Validation/RTL_testcases/RTL_Benchmarks_Gap_Analysis/pwrmgr/rtl/prim_secded_inv_39_32_enc.sv:12$267'.
Removing empty process `$paramod$b16ec1a2d37bb01b30b4807f6e7e5972c818c2d7\tlul_cmd_intg_chk.$proc$/nfs_scratch/scratch/CompilerValidation/zaheer_ahmad/os_fpga2/Validation/RTL_testcases/RTL_Benchmarks_Gap_Analysis/pwrmgr/rtl/tlul_pkg.sv:0$260'.
Found and cleaned up 3 empty switches in `\prim_sync_reqack.$proc$/nfs_scratch/scratch/CompilerValidation/zaheer_ahmad/os_fpga2/Validation/RTL_testcases/RTL_Benchmarks_Gap_Analysis/pwrmgr/rtl/prim_sync_reqack.sv:70$246'.
Removing empty process `prim_sync_reqack.$proc$/nfs_scratch/scratch/CompilerValidation/zaheer_ahmad/os_fpga2/Validation/RTL_testcases/RTL_Benchmarks_Gap_Analysis/pwrmgr/rtl/prim_sync_reqack.sv:70$246'.
Removing empty process `prim_sync_reqack.$proc$/nfs_scratch/scratch/CompilerValidation/zaheer_ahmad/os_fpga2/Validation/RTL_testcases/RTL_Benchmarks_Gap_Analysis/pwrmgr/rtl/prim_sync_reqack.sv:141$244'.
Removing empty process `prim_sync_reqack.$proc$/nfs_scratch/scratch/CompilerValidation/zaheer_ahmad/os_fpga2/Validation/RTL_testcases/RTL_Benchmarks_Gap_Analysis/pwrmgr/rtl/prim_sync_reqack.sv:132$242'.
Found and cleaned up 3 empty switches in `\prim_sync_reqack.$proc$/nfs_scratch/scratch/CompilerValidation/zaheer_ahmad/os_fpga2/Validation/RTL_testcases/RTL_Benchmarks_Gap_Analysis/pwrmgr/rtl/prim_sync_reqack.sv:102$239'.
Removing empty process `prim_sync_reqack.$proc$/nfs_scratch/scratch/CompilerValidation/zaheer_ahmad/os_fpga2/Validation/RTL_testcases/RTL_Benchmarks_Gap_Analysis/pwrmgr/rtl/prim_sync_reqack.sv:102$239'.
Found and cleaned up 3 empty switches in `$paramod\prim_clock_timeout\TimeOutCnt=s32'00000000000000000000000010000000.$proc$/nfs_scratch/scratch/CompilerValidation/zaheer_ahmad/os_fpga2/Validation/RTL_testcases/RTL_Benchmarks_Gap_Analysis/pwrmgr/rtl/prim_clock_timeout.sv:30$234'.
Removing empty process `$paramod\prim_clock_timeout\TimeOutCnt=s32'00000000000000000000000010000000.$proc$/nfs_scratch/scratch/CompilerValidation/zaheer_ahmad/os_fpga2/Validation/RTL_testcases/RTL_Benchmarks_Gap_Analysis/pwrmgr/rtl/prim_clock_timeout.sv:30$234'.
Removing empty process `pwrmgr.$proc$/nfs_scratch/scratch/CompilerValidation/zaheer_ahmad/os_fpga2/Validation/RTL_testcases/RTL_Benchmarks_Gap_Analysis/pwrmgr/rtl/prim_mubi_pkg.sv:0$228'.
Found and cleaned up 2 empty switches in `\pwrmgr.$proc$/nfs_scratch/scratch/CompilerValidation/zaheer_ahmad/os_fpga2/Validation/RTL_testcases/RTL_Benchmarks_Gap_Analysis/pwrmgr/rtl/pwrmgr.sv:240$223'.
Removing empty process `pwrmgr.$proc$/nfs_scratch/scratch/CompilerValidation/zaheer_ahmad/os_fpga2/Validation/RTL_testcases/RTL_Benchmarks_Gap_Analysis/pwrmgr/rtl/pwrmgr.sv:240$223'.
Found and cleaned up 8 empty switches in `$paramod\prim_alert_sender\AsyncOn=1'1\ALERT_TX_DEFAULT=2'01\ALERT_RX_DEFAULT=4'0101.$proc$/nfs_scratch/scratch/CompilerValidation/zaheer_ahmad/os_fpga2/Validation/RTL_testcases/RTL_Benchmarks_Gap_Analysis/pwrmgr/rtl/prim_alert_sender.sv:127$196'.
Removing empty process `$paramod\prim_alert_sender\AsyncOn=1'1\ALERT_TX_DEFAULT=2'01\ALERT_RX_DEFAULT=4'0101.$proc$/nfs_scratch/scratch/CompilerValidation/zaheer_ahmad/os_fpga2/Validation/RTL_testcases/RTL_Benchmarks_Gap_Analysis/pwrmgr/rtl/prim_alert_sender.sv:127$196'.
Removing empty process `$paramod\prim_alert_sender\AsyncOn=1'1\ALERT_TX_DEFAULT=2'01\ALERT_RX_DEFAULT=4'0101.$proc$/nfs_scratch/scratch/CompilerValidation/zaheer_ahmad/os_fpga2/Validation/RTL_testcases/RTL_Benchmarks_Gap_Analysis/pwrmgr/rtl/prim_alert_sender.sv:222$189'.
Removing empty process `$paramod\prim_diff_decode\AsyncOn=1'1.$proc$/nfs_scratch/scratch/CompilerValidation/zaheer_ahmad/os_fpga2/Validation/RTL_testcases/RTL_Benchmarks_Gap_Analysis/pwrmgr/rtl/prim_diff_decode.sv:161$187'.
Found and cleaned up 8 empty switches in `$paramod\prim_diff_decode\AsyncOn=1'1.$proc$/nfs_scratch/scratch/CompilerValidation/zaheer_ahmad/os_fpga2/Validation/RTL_testcases/RTL_Benchmarks_Gap_Analysis/pwrmgr/rtl/prim_diff_decode.sv:106$184'.
Removing empty process `$paramod\prim_diff_decode\AsyncOn=1'1.$proc$/nfs_scratch/scratch/CompilerValidation/zaheer_ahmad/os_fpga2/Validation/RTL_testcases/RTL_Benchmarks_Gap_Analysis/pwrmgr/rtl/prim_diff_decode.sv:106$184'.
Removing empty process `$paramod\prim_generic_flop\Width=s32'00000000000000000000000000000001\ResetValue=1'0.$proc$/nfs_scratch/scratch/CompilerValidation/zaheer_ahmad/os_fpga2/Validation/RTL_testcases/RTL_Benchmarks_Gap_Analysis/pwrmgr/rtl/prim_generic_flop.sv:18$178'.
Removing empty process `$paramod\prim_generic_flop\Width=s32'00000000000000000000000000000001\ResetValue=1'1.$proc$/nfs_scratch/scratch/CompilerValidation/zaheer_ahmad/os_fpga2/Validation/RTL_testcases/RTL_Benchmarks_Gap_Analysis/pwrmgr/rtl/prim_generic_flop.sv:18$176'.
Removing empty process `$paramod$1922727dec4c1da7ed6ad3dc09fc46ad0b6c2a2c\prim_subreg.$proc$/nfs_scratch/scratch/CompilerValidation/zaheer_ahmad/os_fpga2/Validation/RTL_testcases/RTL_Benchmarks_Gap_Analysis/pwrmgr/rtl/prim_subreg.sv:65$174'.
Found and cleaned up 1 empty switch in `$paramod$1922727dec4c1da7ed6ad3dc09fc46ad0b6c2a2c\prim_subreg.$proc$/nfs_scratch/scratch/CompilerValidation/zaheer_ahmad/os_fpga2/Validation/RTL_testcases/RTL_Benchmarks_Gap_Analysis/pwrmgr/rtl/prim_subreg.sv:70$172'.
Removing empty process `$paramod$1922727dec4c1da7ed6ad3dc09fc46ad0b6c2a2c\prim_subreg.$proc$/nfs_scratch/scratch/CompilerValidation/zaheer_ahmad/os_fpga2/Validation/RTL_testcases/RTL_Benchmarks_Gap_Analysis/pwrmgr/rtl/prim_subreg.sv:70$172'.
Removing empty process `$paramod$21a513b276be09c9cb5553d5463fdf4800edca32\pwrmgr_cdc.$proc$/nfs_scratch/scratch/CompilerValidation/zaheer_ahmad/os_fpga2/Validation/RTL_testcases/RTL_Benchmarks_Gap_Analysis/pwrmgr/rtl/pwrmgr_cdc.sv:147$166'.
Found and cleaned up 1 empty switch in `$paramod$21a513b276be09c9cb5553d5463fdf4800edca32\pwrmgr_cdc.$proc$/nfs_scratch/scratch/CompilerValidation/zaheer_ahmad/os_fpga2/Validation/RTL_testcases/RTL_Benchmarks_Gap_Analysis/pwrmgr/rtl/pwrmgr_cdc.sv:260$163'.
Removing empty process `$paramod$21a513b276be09c9cb5553d5463fdf4800edca32\pwrmgr_cdc.$proc$/nfs_scratch/scratch/CompilerValidation/zaheer_ahmad/os_fpga2/Validation/RTL_testcases/RTL_Benchmarks_Gap_Analysis/pwrmgr/rtl/pwrmgr_cdc.sv:260$163'.
Removing empty process `$paramod$21a513b276be09c9cb5553d5463fdf4800edca32\pwrmgr_cdc.$proc$/nfs_scratch/scratch/CompilerValidation/zaheer_ahmad/os_fpga2/Validation/RTL_testcases/RTL_Benchmarks_Gap_Analysis/pwrmgr/rtl/pwrmgr_cdc.sv:250$161'.
Found and cleaned up 1 empty switch in `$paramod$21a513b276be09c9cb5553d5463fdf4800edca32\pwrmgr_cdc.$proc$/nfs_scratch/scratch/CompilerValidation/zaheer_ahmad/os_fpga2/Validation/RTL_testcases/RTL_Benchmarks_Gap_Analysis/pwrmgr/rtl/pwrmgr_cdc.sv:169$159'.
Removing empty process `$paramod$21a513b276be09c9cb5553d5463fdf4800edca32\pwrmgr_cdc.$proc$/nfs_scratch/scratch/CompilerValidation/zaheer_ahmad/os_fpga2/Validation/RTL_testcases/RTL_Benchmarks_Gap_Analysis/pwrmgr/rtl/pwrmgr_cdc.sv:169$159'.
Found and cleaned up 1 empty switch in `$paramod$21a513b276be09c9cb5553d5463fdf4800edca32\pwrmgr_cdc.$proc$/nfs_scratch/scratch/CompilerValidation/zaheer_ahmad/os_fpga2/Validation/RTL_testcases/RTL_Benchmarks_Gap_Analysis/pwrmgr/rtl/pwrmgr_cdc.sv:157$156'.
Removing empty process `$paramod$21a513b276be09c9cb5553d5463fdf4800edca32\pwrmgr_cdc.$proc$/nfs_scratch/scratch/CompilerValidation/zaheer_ahmad/os_fpga2/Validation/RTL_testcases/RTL_Benchmarks_Gap_Analysis/pwrmgr/rtl/pwrmgr_cdc.sv:157$156'.
Removing empty process `$paramod$25ebe4329fda051e04aa1129a6e1ffd602984606\prim_generic_flop.$proc$/nfs_scratch/scratch/CompilerValidation/zaheer_ahmad/os_fpga2/Validation/RTL_testcases/RTL_Benchmarks_Gap_Analysis/pwrmgr/rtl/prim_generic_flop.sv:18$154'.
Removing empty process `$paramod\prim_intr_hw\Width=32'00000000000000000000000000000001\FlopOutput=1'1.$proc$/nfs_scratch/scratch/CompilerValidation/zaheer_ahmad/os_fpga2/Validation/RTL_testcases/RTL_Benchmarks_Gap_Analysis/pwrmgr/rtl/prim_intr_hw.sv:41$147'.
Removing empty process `$paramod$2454416d686f119c214b8f35dcdc5a0867f85a76\prim_generic_flop.$proc$/nfs_scratch/scratch/CompilerValidation/zaheer_ahmad/os_fpga2/Validation/RTL_testcases/RTL_Benchmarks_Gap_Analysis/pwrmgr/rtl/prim_generic_flop.sv:18$145'.
Removing empty process `$paramod$1232de8c2fe4fff6a75b5663758d1bf50afa3825\prim_generic_flop.$proc$/nfs_scratch/scratch/CompilerValidation/zaheer_ahmad/os_fpga2/Validation/RTL_testcases/RTL_Benchmarks_Gap_Analysis/pwrmgr/rtl/prim_generic_flop.sv:18$143'.
Removing empty process `$paramod\prim_generic_flop\Width=s32'00000000000000000000000000000010\ResetValue=2'00.$proc$/nfs_scratch/scratch/CompilerValidation/zaheer_ahmad/os_fpga2/Validation/RTL_testcases/RTL_Benchmarks_Gap_Analysis/pwrmgr/rtl/prim_generic_flop.sv:18$141'.
Removing empty process `$paramod$6ae18350b51be32fd7406c5aaac3c7582e0e6af0\prim_generic_flop.$proc$/nfs_scratch/scratch/CompilerValidation/zaheer_ahmad/os_fpga2/Validation/RTL_testcases/RTL_Benchmarks_Gap_Analysis/pwrmgr/rtl/prim_generic_flop.sv:18$139'.
Removing empty process `$paramod$21a513b276be09c9cb5553d5463fdf4800edca32\pwrmgr_wake_info.$proc$/nfs_scratch/scratch/CompilerValidation/zaheer_ahmad/os_fpga2/Validation/RTL_testcases/RTL_Benchmarks_Gap_Analysis/pwrmgr/rtl/pwrmgr_wake_info.sv:27$135'.
Found and cleaned up 2 empty switches in `$paramod$21a513b276be09c9cb5553d5463fdf4800edca32\pwrmgr_wake_info.$proc$/nfs_scratch/scratch/CompilerValidation/zaheer_ahmad/os_fpga2/Validation/RTL_testcases/RTL_Benchmarks_Gap_Analysis/pwrmgr/rtl/pwrmgr_wake_info.sv:55$127'.
Removing empty process `$paramod$21a513b276be09c9cb5553d5463fdf4800edca32\pwrmgr_wake_info.$proc$/nfs_scratch/scratch/CompilerValidation/zaheer_ahmad/os_fpga2/Validation/RTL_testcases/RTL_Benchmarks_Gap_Analysis/pwrmgr/rtl/pwrmgr_wake_info.sv:55$127'.
Found and cleaned up 2 empty switches in `$paramod$21a513b276be09c9cb5553d5463fdf4800edca32\pwrmgr_wake_info.$proc$/nfs_scratch/scratch/CompilerValidation/zaheer_ahmad/os_fpga2/Validation/RTL_testcases/RTL_Benchmarks_Gap_Analysis/pwrmgr/rtl/pwrmgr_wake_info.sv:40$122'.
Removing empty process `$paramod$21a513b276be09c9cb5553d5463fdf4800edca32\pwrmgr_wake_info.$proc$/nfs_scratch/scratch/CompilerValidation/zaheer_ahmad/os_fpga2/Validation/RTL_testcases/RTL_Benchmarks_Gap_Analysis/pwrmgr/rtl/pwrmgr_wake_info.sv:40$122'.
Removing empty process `$paramod$21db42bc4a37f19b92ab182268213f76666c0005\pwrmgr_slow_fsm.$proc$/nfs_scratch/scratch/CompilerValidation/zaheer_ahmad/os_fpga2/Validation/RTL_testcases/RTL_Benchmarks_Gap_Analysis/pwrmgr/rtl/pwrmgr_slow_fsm.sv:95$120'.
Found and cleaned up 1 empty switch in `$paramod$21db42bc4a37f19b92ab182268213f76666c0005\pwrmgr_slow_fsm.$proc$/nfs_scratch/scratch/CompilerValidation/zaheer_ahmad/os_fpga2/Validation/RTL_testcases/RTL_Benchmarks_Gap_Analysis/pwrmgr/rtl/pwrmgr_slow_fsm.sv:303$99'.
Removing empty process `$paramod$21db42bc4a37f19b92ab182268213f76666c0005\pwrmgr_slow_fsm.$proc$/nfs_scratch/scratch/CompilerValidation/zaheer_ahmad/os_fpga2/Validation/RTL_testcases/RTL_Benchmarks_Gap_Analysis/pwrmgr/rtl/pwrmgr_slow_fsm.sv:303$99'.
Found and cleaned up 2 empty switches in `$paramod$21db42bc4a37f19b92ab182268213f76666c0005\pwrmgr_slow_fsm.$proc$/nfs_scratch/scratch/CompilerValidation/zaheer_ahmad/os_fpga2/Validation/RTL_testcases/RTL_Benchmarks_Gap_Analysis/pwrmgr/rtl/pwrmgr_slow_fsm.sv:285$93'.
Removing empty process `$paramod$21db42bc4a37f19b92ab182268213f76666c0005\pwrmgr_slow_fsm.$proc$/nfs_scratch/scratch/CompilerValidation/zaheer_ahmad/os_fpga2/Validation/RTL_testcases/RTL_Benchmarks_Gap_Analysis/pwrmgr/rtl/pwrmgr_slow_fsm.sv:285$93'.
Removing empty process `$paramod$21db42bc4a37f19b92ab182268213f76666c0005\pwrmgr_slow_fsm.$proc$/nfs_scratch/scratch/CompilerValidation/zaheer_ahmad/os_fpga2/Validation/RTL_testcases/RTL_Benchmarks_Gap_Analysis/pwrmgr/rtl/pwrmgr_slow_fsm.sv:274$91'.
Found and cleaned up 9 empty switches in `$paramod$21db42bc4a37f19b92ab182268213f76666c0005\pwrmgr_slow_fsm.$proc$/nfs_scratch/scratch/CompilerValidation/zaheer_ahmad/os_fpga2/Validation/RTL_testcases/RTL_Benchmarks_Gap_Analysis/pwrmgr/rtl/pwrmgr_slow_fsm.sv:138$79'.
Removing empty process `$paramod$21db42bc4a37f19b92ab182268213f76666c0005\pwrmgr_slow_fsm.$proc$/nfs_scratch/scratch/CompilerValidation/zaheer_ahmad/os_fpga2/Validation/RTL_testcases/RTL_Benchmarks_Gap_Analysis/pwrmgr/rtl/pwrmgr_slow_fsm.sv:138$79'.
Removing empty process `$paramod$fe55b1bb949966d310e200acf24c2aa59944d626\prim_generic_flop.$proc$/nfs_scratch/scratch/CompilerValidation/zaheer_ahmad/os_fpga2/Validation/RTL_testcases/RTL_Benchmarks_Gap_Analysis/pwrmgr/rtl/prim_generic_flop.sv:18$77'.
Removing empty process `$paramod$21a513b276be09c9cb5553d5463fdf4800edca32\pwrmgr_fsm.$proc$/nfs_scratch/scratch/CompilerValidation/zaheer_ahmad/os_fpga2/Validation/RTL_testcases/RTL_Benchmarks_Gap_Analysis/pwrmgr/rtl/prim_mubi_pkg.sv:0$72'.
Removing empty process `$paramod$21a513b276be09c9cb5553d5463fdf4800edca32\pwrmgr_fsm.$proc$/nfs_scratch/scratch/CompilerValidation/zaheer_ahmad/os_fpga2/Validation/RTL_testcases/RTL_Benchmarks_Gap_Analysis/pwrmgr/rtl/prim_mubi_pkg.sv:0$67'.
Removing empty process `$paramod$21a513b276be09c9cb5553d5463fdf4800edca32\pwrmgr_fsm.$proc$/nfs_scratch/scratch/CompilerValidation/zaheer_ahmad/os_fpga2/Validation/RTL_testcases/RTL_Benchmarks_Gap_Analysis/pwrmgr/rtl/pwrmgr_fsm.sv:128$65'.
Found and cleaned up 16 empty switches in `$paramod$21a513b276be09c9cb5553d5463fdf4800edca32\pwrmgr_fsm.$proc$/nfs_scratch/scratch/CompilerValidation/zaheer_ahmad/os_fpga2/Validation/RTL_testcases/RTL_Benchmarks_Gap_Analysis/pwrmgr/rtl/pwrmgr_fsm.sv:242$10'.
Removing empty process `$paramod$21a513b276be09c9cb5553d5463fdf4800edca32\pwrmgr_fsm.$proc$/nfs_scratch/scratch/CompilerValidation/zaheer_ahmad/os_fpga2/Validation/RTL_testcases/RTL_Benchmarks_Gap_Analysis/pwrmgr/rtl/pwrmgr_fsm.sv:242$10'.
Found and cleaned up 2 empty switches in `$paramod$21a513b276be09c9cb5553d5463fdf4800edca32\pwrmgr_fsm.$proc$/nfs_scratch/scratch/CompilerValidation/zaheer_ahmad/os_fpga2/Validation/RTL_testcases/RTL_Benchmarks_Gap_Analysis/pwrmgr/rtl/pwrmgr_fsm.sv:164$5'.
Removing empty process `$paramod$21a513b276be09c9cb5553d5463fdf4800edca32\pwrmgr_fsm.$proc$/nfs_scratch/scratch/CompilerValidation/zaheer_ahmad/os_fpga2/Validation/RTL_testcases/RTL_Benchmarks_Gap_Analysis/pwrmgr/rtl/pwrmgr_fsm.sv:164$5'.
Cleaned up 85 empty switches.

4.18.12. Executing OPT_EXPR pass (perform const folding).
Optimizing module $paramod\prim_subreg_ext\DW=32'00000000000000000000000000000001.
Optimizing module $paramod$112511bfd0dccda09976f1ed3a15d1c8d45112d4\prim_subreg.
Optimizing module prim_pulse_sync.
Optimizing module $paramod$b16ec1a2d37bb01b30b4807f6e7e5972c818c2d7\tlul_err.
<suppressed ~7 debug messages>
Optimizing module $paramod$7e00d363ce130de0a5a3e36d8a0ef795833e2889\prim_subreg.
Optimizing module $paramod$8ec11ab84d267aa735efee7deaffb669de62e241\pwrmgr_reg_top.
<suppressed ~169 debug messages>
Optimizing module $paramod$ee0227794101df47ad9f37b0d88f82f880f9e439\tlul_adapter_reg.
<suppressed ~1 debug messages>
Optimizing module $paramod$b16ec1a2d37bb01b30b4807f6e7e5972c818c2d7\tlul_data_integ_enc.
Optimizing module $paramod$ff88e0cc5b79bb9c0662e183af7c9b980234cfc1\prim_flop.
Optimizing module prim_secded_inv_64_57_enc.
<suppressed ~14 debug messages>
Optimizing module prim_generic_buf.
Optimizing module prim_secded_inv_39_32_dec.
<suppressed ~14 debug messages>
Optimizing module $paramod$25ebe4329fda051e04aa1129a6e1ffd602984606\prim_generic_flop_2sync.
Optimizing module $paramod$b16ec1a2d37bb01b30b4807f6e7e5972c818c2d7\tlul_data_integ_dec.
Optimizing module prim_secded_inv_64_57_dec.
<suppressed ~14 debug messages>
Optimizing module $paramod\prim_generic_flop\Width=s32'00000000000000000000000000000010\ResetValue=2'10.
Optimizing module $paramod\prim_sec_anchor_flop\Width=s32'00000000000000000000000000000010\ResetValue=2'10.
Optimizing module $paramod\prim_sec_anchor_buf\Width=s32'00000000000000000000000000000001.
Optimizing module $paramod$cafc58aacea66ce361f30fc5fb51712913515c86\prim_generic_flop.
Optimizing module $paramod$18eae125e8070a5fb29a0bd9923127bd30ff2039\prim_subreg.
Optimizing module $paramod$55720f6f56ab0dcb7b0978d7b020cd5788c3bb7b\prim_buf.
Optimizing module $paramod\prim_diff_decode\AsyncOn=1'0.
<suppressed ~3 debug messages>
Optimizing module $paramod$1232de8c2fe4fff6a75b5663758d1bf50afa3825\prim_generic_flop_2sync.
Optimizing module $paramod$eca6cdb671bb55064ea4103fc00be19283c8611c\prim_buf.
Optimizing module $paramod$58cc36426b572d644c9bdaa50fac6b4ad91ed7ea\prim_esc_receiver.
<suppressed ~6 debug messages>
Optimizing module $paramod$30daef7d8fbea83f8d5d97bb6bbeea8d50f20643\tlul_rsp_intg_gen.
Optimizing module $paramod$e28d8d901a11ac5d5e5c27396dca7dc727aac42a\prim_subreg.
Optimizing module $paramod\prim_generic_flop_2sync\Width=s32'00000000000000000000000000000001\ResetValue=1'0.
Optimizing module $paramod$705fa05787a5d1cbfe2ae3dc7a01b0dd03c7a1d2\prim_flop.
Optimizing module $paramod$c5a2c670fcc80b1e00077cb7c12ddf5cd8beba26\prim_count.
<suppressed ~3 debug messages>
Optimizing module prim_secded_inv_39_32_enc.
<suppressed ~14 debug messages>
Optimizing module $paramod\prim_flop_2sync\Width=s32'00000000000000000000000000000001\ResetValue=1'0.
Optimizing module $paramod\prim_flop_2sync\Width=s32'00000000000000000000000000000001\ResetValue=1'1.
Optimizing module $paramod$b16ec1a2d37bb01b30b4807f6e7e5972c818c2d7\tlul_cmd_intg_chk.
<suppressed ~2 debug messages>
Optimizing module $paramod$d1667f769712e8f5d6feff44c8934483fca616bd\prim_flop.
Optimizing module $paramod$1f2cba5866897a44b387e1c2993af0b4468bf03a\prim_xor2.
Optimizing module prim_sync_reqack.
<suppressed ~14 debug messages>
Optimizing module $paramod\prim_clock_timeout\TimeOutCnt=s32'00000000000000000000000010000000.
Optimizing module pwrmgr.
<suppressed ~1 debug messages>
Optimizing module $paramod\prim_alert_sender\AsyncOn=1'1\ALERT_TX_DEFAULT=2'01\ALERT_RX_DEFAULT=4'0101.
<suppressed ~12 debug messages>
Optimizing module prim_generic_clock_buf.
Optimizing module $paramod$6ae18350b51be32fd7406c5aaac3c7582e0e6af0\prim_generic_flop_2sync.
Optimizing module $paramod$a15eb3e9e7e337a1d68c13676510cc99e563cdd3\prim_buf.
Optimizing module $paramod\prim_flop_2sync\Width=s32'00000000000000000000000000000010\ResetValue=2'00.
Optimizing module $paramod\prim_diff_decode\AsyncOn=1'1.
<suppressed ~16 debug messages>
Optimizing module $paramod$ebe0a97d65ac33a9414f47886a18e066f6dc6365\prim_flop.
Optimizing module $paramod\prim_generic_flop\Width=s32'00000000000000000000000000000001\ResetValue=1'0.
Optimizing module prim_lc_sender.
Optimizing module $paramod\prim_generic_flop_2sync\Width=s32'00000000000000000000000000000001\ResetValue=1'1.
Optimizing module $paramod\prim_generic_flop\Width=s32'00000000000000000000000000000001\ResetValue=1'1.
Optimizing module $paramod\prim_clock_buf\Impl=32'00000000000000000000000000000000.
Optimizing module $paramod$1922727dec4c1da7ed6ad3dc09fc46ad0b6c2a2c\prim_subreg.
Optimizing module $paramod$25ebe4329fda051e04aa1129a6e1ffd602984606\prim_flop_2sync.
Optimizing module $paramod$a7b283e8b9acadb82fb07886ab71c26207bbd72c\prim_mubi4_sync.
Optimizing module $paramod$21a513b276be09c9cb5553d5463fdf4800edca32\pwrmgr_cdc.
Optimizing module $paramod$25ebe4329fda051e04aa1129a6e1ffd602984606\prim_generic_flop.
Optimizing module $paramod\prim_intr_hw\Width=32'00000000000000000000000000000001\FlopOutput=1'1.
<suppressed ~1 debug messages>
Optimizing module $paramod$1232de8c2fe4fff6a75b5663758d1bf50afa3825\prim_flop_2sync.
Optimizing module $paramod$2454416d686f119c214b8f35dcdc5a0867f85a76\prim_generic_flop.
Optimizing module $paramod$1232de8c2fe4fff6a75b5663758d1bf50afa3825\prim_generic_flop.
Optimizing module $paramod\prim_generic_flop_2sync\Width=s32'00000000000000000000000000000010\ResetValue=2'00.
Optimizing module $paramod\prim_generic_flop\Width=s32'00000000000000000000000000000010\ResetValue=2'00.
Optimizing module $paramod$6ae18350b51be32fd7406c5aaac3c7582e0e6af0\prim_flop_2sync.
Optimizing module $paramod$6ae18350b51be32fd7406c5aaac3c7582e0e6af0\prim_generic_flop.
Optimizing module $paramod\prim_generic_xor2\Width=s32'00000000000000000000000000000100.
Optimizing module $paramod\prim_sec_anchor_buf\Width=s32'00000000000000000000000000000100.
Optimizing module $paramod$4c9652adfb17b2d533bb31a43b4ddd326554f0f1\prim_flop.
Optimizing module $paramod$f00c4529a1ee6db225b5a16a9e380cfcfefeb4fc\prim_buf.
Optimizing module $paramod\prim_clock_mux2\NoFpgaBufG=1'1\Impl=32'00000000000000000000000000000000.
Optimizing module $paramod\prim_generic_clock_mux2\NoFpgaBufG=1'1.
Optimizing module $paramod$21a513b276be09c9cb5553d5463fdf4800edca32\pwrmgr_wake_info.
Optimizing module $paramod$21db42bc4a37f19b92ab182268213f76666c0005\pwrmgr_slow_fsm.
<suppressed ~2 debug messages>
Optimizing module $paramod$a7aee46bd09813908c06b21f352766ca9cf9b3c9\prim_sparse_fsm_flop.
Optimizing module $paramod$44a1f8f9602035884579b7c1bf52cac427a84729\prim_flop.
Optimizing module $paramod$fe55b1bb949966d310e200acf24c2aa59944d626\prim_generic_flop.
Optimizing module $paramod$21a513b276be09c9cb5553d5463fdf4800edca32\pwrmgr_fsm.
<suppressed ~9 debug messages>
Optimizing module $paramod$572334ae2b5971ff7e4eb457c77e6e769d857e82\prim_sparse_fsm_flop.

4.19. Executing FLATTEN pass (flatten design).
<suppressed ~135 debug messages>
ERROR: Cell port pwrmgr.u_sw_req_flop.q_o is driving constant bits: 1'0 <= \u_sw_req_flop.q_o
ERROR: SYN: Design pwrmgr Synthesis failed
Design pwrmgr Synthesis failed
    while executing
"synthesize delay"
    (file "../raptor_tcl.tcl" line 66)


#########Raptor Performance Data#########
/*******************************************************************************
Copyright (c) 2022-2024 Rapid Silicon
This source code contains proprietary information belonging to Rapid Silicon
(the "licensor") released under license and non-disclosure agreement to the
recipient (the "licensee").

The information shared and protected by the license and non-disclosure agreement
includes but is not limited to the following:
* operational algorithms of the product
* logos, graphics, source code, and visual presentation of the product
* confidential operational information of the licensor

The recipient of this source code is NOT permitted to publicly disclose,
re-use, archive beyond the period of the license agreement, transfer to a
sub-licensee, or re-implement any portion of the content covered by the license
and non-disclosure agreement without the prior written consent of the licensor.
*********************************************************************************/

Version  : 2024.12
Build    : 1.2.38
Hash     : 8dd56ae
Date     : Dec  5 2024
Type     : Engineering
Log Time   : Thu Dec  5 07:25:57 2024 GMT

[ 12:25:59 ] Analysis has started
[ 12:25:59 ] Command: /nfs_eda_sw/softwares/Raptor/instl_dir/12_05_2024_09_15_01/bin/yosys -s /nfs_scratch/scratch/CompilerValidation/zaheer_ahmad/os_fpga2/Validation/RTL_testcases/RTL_Benchmarks_Gap_Analysis/pwrmgr/results_dir/pwrmgr/run_1/synth_1_1/analysis/pwrmgr_analyzer.cmd
[ 12:26:11 ] Duration: 12321 ms. Max utilization: 1110 MB
[ 12:26:11 ] Synthesize has started
[ 12:26:11 ] Command: /nfs_eda_sw/softwares/Raptor/instl_dir/12_05_2024_09_15_01/bin/yosys -s pwrmgr.ys -l pwrmgr_synth.log
[ 12:26:29 ] Duration: 17799 ms. Max utilization: 1925 MB
#############################################


Total RunTime to run raptor_run.sh: 33
Peak Memory Usage: 117360
ExecEndTime: 1733383589
Rapid Silicon Raptor Design Suite
Version  : 2024.12
Build    : 1.2.38
Hash     : 8dd56ae
Date     : Dec  5 2024
Type     : Engineering
