/*******************************************************************************
Copyright (c) 2022-2024 Rapid Silicon
This source code contains proprietary information belonging to Rapid Silicon
(the "licensor") released under license and non-disclosure agreement to the
recipient (the "licensee").

The information shared and protected by the license and non-disclosure agreement
includes but is not limited to the following:
* operational algorithms of the product
* logos, graphics, source code, and visual presentation of the product
* confidential operational information of the licensor

The recipient of this source code is NOT permitted to publicly disclose,
re-use, archive beyond the period of the license agreement, transfer to a
sub-licensee, or re-implement any portion of the content covered by the license
and non-disclosure agreement without the prior written consent of the licensor.
*********************************************************************************/

Version  : 2024.11
Build    : 1.2.29
Hash     : 7d8208b
Date     : Nov 15 2024
Type     : Engineering
Log Time   : Fri Nov 15 13:16:17 2024 GMT

 /----------------------------------------------------------------------------\
 |  yosys -- Yosys Open SYnthesis Suite                                       |
 |  Copyright (C) 2012 - 2024  Claire Xenia Wolf <claire@yosyshq.com>         |
 |  Distributed under an ISC-like license, type "license" to see terms        |
 \----------------------------------------------------------------------------/

 Yosys 0.44 (git sha1 86a09ee26, g++ 11.2.1 -fPIC -O3)

-- Executing script file `and2.ys' --

1. Executing Verilog-2005 frontend: /nfs_eda_sw/softwares/Raptor/instl_dir/11_15_2024_09_15_02/share/raptor/sim_models/rapidsilicon/genesis3/FPGA_PRIMITIVES_MODELS/blackbox_models/cell_sim_blackbox.v
Parsing SystemVerilog input from `/nfs_eda_sw/softwares/Raptor/instl_dir/11_15_2024_09_15_02/share/raptor/sim_models/rapidsilicon/genesis3/FPGA_PRIMITIVES_MODELS/blackbox_models/cell_sim_blackbox.v' to AST representation.
Generating RTLIL representation for module `\BOOT_CLOCK'.
Generating RTLIL representation for module `\CARRY'.
Generating RTLIL representation for module `\CLK_BUF'.
Generating RTLIL representation for module `\DFFNRE'.
Generating RTLIL representation for module `\DFFRE'.
Generating RTLIL representation for module `\DLY_SEL_DECODER'.
Generating RTLIL representation for module `\DLY_VALUE_MUX'.
Generating RTLIL representation for module `\DSP19X2'.
Generating RTLIL representation for module `\DSP38'.
Generating RTLIL representation for module `\FCLK_BUF'.
Generating RTLIL representation for module `\FIFO18KX2'.
Generating RTLIL representation for module `\FIFO36K'.
Generating RTLIL representation for module `\I_BUF_DS'.
Generating RTLIL representation for module `\I_BUF'.
Generating RTLIL representation for module `\I_DDR'.
Generating RTLIL representation for module `\I_DELAY'.
Generating RTLIL representation for module `\I_FAB'.
Generating RTLIL representation for module `\I_SERDES'.
Generating RTLIL representation for module `\LATCHNR'.
Generating RTLIL representation for module `\LATCHNS'.
Generating RTLIL representation for module `\LATCHN'.
Generating RTLIL representation for module `\LATCHR'.
Generating RTLIL representation for module `\LATCHS'.
Generating RTLIL representation for module `\LATCH'.
Generating RTLIL representation for module `\LUT1'.
Generating RTLIL representation for module `\LUT2'.
Generating RTLIL representation for module `\LUT3'.
Generating RTLIL representation for module `\LUT4'.
Generating RTLIL representation for module `\LUT5'.
Generating RTLIL representation for module `\LUT6'.
Generating RTLIL representation for module `\MIPI_RX'.
Generating RTLIL representation for module `\MIPI_TX'.
Generating RTLIL representation for module `\O_BUF_DS'.
Generating RTLIL representation for module `\O_BUFT_DS'.
Generating RTLIL representation for module `\O_BUFT'.
Generating RTLIL representation for module `\O_BUF'.
Generating RTLIL representation for module `\O_DDR'.
Generating RTLIL representation for module `\O_DELAY'.
Generating RTLIL representation for module `\O_FAB'.
Generating RTLIL representation for module `\O_SERDES_CLK'.
Generating RTLIL representation for module `\O_SERDES'.
Generating RTLIL representation for module `\PLL'.
Generating RTLIL representation for module `\SOC_FPGA_INTF_AHB_M'.
Generating RTLIL representation for module `\SOC_FPGA_INTF_AHB_S'.
Generating RTLIL representation for module `\SOC_FPGA_INTF_AXI_M0'.
Generating RTLIL representation for module `\SOC_FPGA_INTF_AXI_M1'.
Generating RTLIL representation for module `\SOC_FPGA_INTF_DMA'.
Generating RTLIL representation for module `\SOC_FPGA_INTF_IRQ'.
Generating RTLIL representation for module `\SOC_FPGA_INTF_JTAG'.
Generating RTLIL representation for module `\SOC_FPGA_TEMPERATURE'.
Generating RTLIL representation for module `\TDP_RAM18KX2'.
Generating RTLIL representation for module `\TDP_RAM36K'.
Successfully finished Verilog frontend.

2. Executing Verilog-2005 frontend: /nfs_scratch/scratch/CompilerValidation/abdul_hameed/Validation/RTL_testcases/io_constraint_testcases/and2/results_dir/.././rtl/and2.v
Parsing Verilog input from `/nfs_scratch/scratch/CompilerValidation/abdul_hameed/Validation/RTL_testcases/io_constraint_testcases/and2/results_dir/.././rtl/and2.v' to AST representation.
Generating RTLIL representation for module `\and2'.
Warning: Replacing memory \c_sub_out_reg with list of registers. See /nfs_scratch/scratch/CompilerValidation/abdul_hameed/Validation/RTL_testcases/io_constraint_testcases/and2/results_dir/.././rtl/and2.v:29
Warning: Replacing memory \b_sub_in with list of registers. See /nfs_scratch/scratch/CompilerValidation/abdul_hameed/Validation/RTL_testcases/io_constraint_testcases/and2/results_dir/.././rtl/and2.v:22
Warning: Replacing memory \a_sub_in with list of registers. See /nfs_scratch/scratch/CompilerValidation/abdul_hameed/Validation/RTL_testcases/io_constraint_testcases/and2/results_dir/.././rtl/and2.v:21
Generating RTLIL representation for module `\and2_submodule'.
Successfully finished Verilog frontend.

3. Executing HIERARCHY pass (managing design hierarchy).

3.1. Analyzing design hierarchy..
Top module:  \and2
Used module:     \and2_submodule
Reprocessing module and2 because instantiated module and2_submodule has become available.
Generating RTLIL representation for module `\and2'.
Warning: Replacing memory \c_sub_out_reg with list of registers. See /nfs_scratch/scratch/CompilerValidation/abdul_hameed/Validation/RTL_testcases/io_constraint_testcases/and2/results_dir/.././rtl/and2.v:29
Warning: Replacing memory \b_sub_in with list of registers. See /nfs_scratch/scratch/CompilerValidation/abdul_hameed/Validation/RTL_testcases/io_constraint_testcases/and2/results_dir/.././rtl/and2.v:22
Warning: Replacing memory \a_sub_in with list of registers. See /nfs_scratch/scratch/CompilerValidation/abdul_hameed/Validation/RTL_testcases/io_constraint_testcases/and2/results_dir/.././rtl/and2.v:21

3.2. Analyzing design hierarchy..
Top module:  \and2
Used module:     \and2_submodule

3.3. Analyzing design hierarchy..
Top module:  \and2
Used module:     \and2_submodule
Removed 0 unused modules.

4. Executing synth_rs pass: v0.4.218

4.1. Executing Verilog-2005 frontend: /nfs_eda_sw/softwares/Raptor/instl_dir/11_15_2024_09_15_02/bin/../share/yosys/rapidsilicon/common/cells_sim.v
Parsing Verilog input from `/nfs_eda_sw/softwares/Raptor/instl_dir/11_15_2024_09_15_02/bin/../share/yosys/rapidsilicon/common/cells_sim.v' to AST representation.
Generating RTLIL representation for module `\inv'.
Generating RTLIL representation for module `\buff'.
Generating RTLIL representation for module `\logic_0'.
Generating RTLIL representation for module `\logic_1'.
Generating RTLIL representation for module `\gclkbuff'.
Successfully finished Verilog frontend.

4.2. Executing Verilog-2005 frontend: /nfs_eda_sw/softwares/Raptor/instl_dir/11_15_2024_09_15_02/bin/../share/yosys/rapidsilicon/genesis3/FPGA_PRIMITIVES_MODELS/sim_models/verilog/CARRY.v
Parsing Verilog input from `/nfs_eda_sw/softwares/Raptor/instl_dir/11_15_2024_09_15_02/bin/../share/yosys/rapidsilicon/genesis3/FPGA_PRIMITIVES_MODELS/sim_models/verilog/CARRY.v' to AST representation.
Replacing existing blackbox module `\CARRY' at /nfs_eda_sw/softwares/Raptor/instl_dir/11_15_2024_09_15_02/bin/../share/yosys/rapidsilicon/genesis3/FPGA_PRIMITIVES_MODELS/sim_models/verilog/CARRY.v:10.1-41.10.
Generating RTLIL representation for module `\CARRY'.
Successfully finished Verilog frontend.

4.3. Executing Verilog-2005 frontend: /nfs_eda_sw/softwares/Raptor/instl_dir/11_15_2024_09_15_02/bin/../share/yosys/rapidsilicon/genesis3/llatches_sim.v
Parsing Verilog input from `/nfs_eda_sw/softwares/Raptor/instl_dir/11_15_2024_09_15_02/bin/../share/yosys/rapidsilicon/genesis3/llatches_sim.v' to AST representation.
Replacing existing blackbox module `\LATCH' at /nfs_eda_sw/softwares/Raptor/instl_dir/11_15_2024_09_15_02/bin/../share/yosys/rapidsilicon/genesis3/llatches_sim.v:20.1-34.10.
Generating RTLIL representation for module `\LATCH'.
Replacing existing blackbox module `\LATCHN' at /nfs_eda_sw/softwares/Raptor/instl_dir/11_15_2024_09_15_02/bin/../share/yosys/rapidsilicon/genesis3/llatches_sim.v:48.1-62.10.
Generating RTLIL representation for module `\LATCHN'.
Replacing existing blackbox module `\LATCHR' at /nfs_eda_sw/softwares/Raptor/instl_dir/11_15_2024_09_15_02/bin/../share/yosys/rapidsilicon/genesis3/llatches_sim.v:81.1-97.10.
Generating RTLIL representation for module `\LATCHR'.
Replacing existing blackbox module `\LATCHS' at /nfs_eda_sw/softwares/Raptor/instl_dir/11_15_2024_09_15_02/bin/../share/yosys/rapidsilicon/genesis3/llatches_sim.v:115.1-131.10.
Generating RTLIL representation for module `\LATCHS'.
Replacing existing blackbox module `\LATCHNR' at /nfs_eda_sw/softwares/Raptor/instl_dir/11_15_2024_09_15_02/bin/../share/yosys/rapidsilicon/genesis3/llatches_sim.v:150.1-166.10.
Generating RTLIL representation for module `\LATCHNR'.
Replacing existing blackbox module `\LATCHNS' at /nfs_eda_sw/softwares/Raptor/instl_dir/11_15_2024_09_15_02/bin/../share/yosys/rapidsilicon/genesis3/llatches_sim.v:184.1-200.10.
Generating RTLIL representation for module `\LATCHNS'.
Generating RTLIL representation for module `\LATCHSRE'.
Generating RTLIL representation for module `\LATCHNSRE'.
Successfully finished Verilog frontend.

4.4. Executing Verilog-2005 frontend: /nfs_eda_sw/softwares/Raptor/instl_dir/11_15_2024_09_15_02/bin/../share/yosys/rapidsilicon/genesis3/FPGA_PRIMITIVES_MODELS/sim_models/verilog/DFFRE.v
Parsing Verilog input from `/nfs_eda_sw/softwares/Raptor/instl_dir/11_15_2024_09_15_02/bin/../share/yosys/rapidsilicon/genesis3/FPGA_PRIMITIVES_MODELS/sim_models/verilog/DFFRE.v' to AST representation.
Replacing existing blackbox module `\DFFRE' at /nfs_eda_sw/softwares/Raptor/instl_dir/11_15_2024_09_15_02/bin/../share/yosys/rapidsilicon/genesis3/FPGA_PRIMITIVES_MODELS/sim_models/verilog/DFFRE.v:11.1-91.10.
Generating RTLIL representation for module `\DFFRE'.
Successfully finished Verilog frontend.

4.5. Executing Verilog-2005 frontend: /nfs_eda_sw/softwares/Raptor/instl_dir/11_15_2024_09_15_02/bin/../share/yosys/rapidsilicon/genesis3/FPGA_PRIMITIVES_MODELS/sim_models/verilog/DFFNRE.v
Parsing Verilog input from `/nfs_eda_sw/softwares/Raptor/instl_dir/11_15_2024_09_15_02/bin/../share/yosys/rapidsilicon/genesis3/FPGA_PRIMITIVES_MODELS/sim_models/verilog/DFFNRE.v' to AST representation.
Replacing existing blackbox module `\DFFNRE' at /nfs_eda_sw/softwares/Raptor/instl_dir/11_15_2024_09_15_02/bin/../share/yosys/rapidsilicon/genesis3/FPGA_PRIMITIVES_MODELS/sim_models/verilog/DFFNRE.v:11.1-84.10.
Generating RTLIL representation for module `\DFFNRE'.
Successfully finished Verilog frontend.

4.6. Executing Verilog-2005 frontend: /nfs_eda_sw/softwares/Raptor/instl_dir/11_15_2024_09_15_02/bin/../share/yosys/rapidsilicon/genesis3/FPGA_PRIMITIVES_MODELS/sim_models/verilog/LUT1.v
Parsing Verilog input from `/nfs_eda_sw/softwares/Raptor/instl_dir/11_15_2024_09_15_02/bin/../share/yosys/rapidsilicon/genesis3/FPGA_PRIMITIVES_MODELS/sim_models/verilog/LUT1.v' to AST representation.
Replacing existing blackbox module `\LUT1' at /nfs_eda_sw/softwares/Raptor/instl_dir/11_15_2024_09_15_02/bin/../share/yosys/rapidsilicon/genesis3/FPGA_PRIMITIVES_MODELS/sim_models/verilog/LUT1.v:10.1-30.10.
Generating RTLIL representation for module `\LUT1'.
Successfully finished Verilog frontend.

4.7. Executing Verilog-2005 frontend: /nfs_eda_sw/softwares/Raptor/instl_dir/11_15_2024_09_15_02/bin/../share/yosys/rapidsilicon/genesis3/FPGA_PRIMITIVES_MODELS/sim_models/verilog/LUT2.v
Parsing Verilog input from `/nfs_eda_sw/softwares/Raptor/instl_dir/11_15_2024_09_15_02/bin/../share/yosys/rapidsilicon/genesis3/FPGA_PRIMITIVES_MODELS/sim_models/verilog/LUT2.v' to AST representation.
Replacing existing blackbox module `\LUT2' at /nfs_eda_sw/softwares/Raptor/instl_dir/11_15_2024_09_15_02/bin/../share/yosys/rapidsilicon/genesis3/FPGA_PRIMITIVES_MODELS/sim_models/verilog/LUT2.v:10.1-31.10.
Generating RTLIL representation for module `\LUT2'.
Successfully finished Verilog frontend.

4.8. Executing Verilog-2005 frontend: /nfs_eda_sw/softwares/Raptor/instl_dir/11_15_2024_09_15_02/bin/../share/yosys/rapidsilicon/genesis3/FPGA_PRIMITIVES_MODELS/sim_models/verilog/LUT3.v
Parsing Verilog input from `/nfs_eda_sw/softwares/Raptor/instl_dir/11_15_2024_09_15_02/bin/../share/yosys/rapidsilicon/genesis3/FPGA_PRIMITIVES_MODELS/sim_models/verilog/LUT3.v' to AST representation.
Replacing existing blackbox module `\LUT3' at /nfs_eda_sw/softwares/Raptor/instl_dir/11_15_2024_09_15_02/bin/../share/yosys/rapidsilicon/genesis3/FPGA_PRIMITIVES_MODELS/sim_models/verilog/LUT3.v:10.1-33.10.
Generating RTLIL representation for module `\LUT3'.
Successfully finished Verilog frontend.

4.9. Executing Verilog-2005 frontend: /nfs_eda_sw/softwares/Raptor/instl_dir/11_15_2024_09_15_02/bin/../share/yosys/rapidsilicon/genesis3/FPGA_PRIMITIVES_MODELS/sim_models/verilog/LUT4.v
Parsing Verilog input from `/nfs_eda_sw/softwares/Raptor/instl_dir/11_15_2024_09_15_02/bin/../share/yosys/rapidsilicon/genesis3/FPGA_PRIMITIVES_MODELS/sim_models/verilog/LUT4.v' to AST representation.
Replacing existing blackbox module `\LUT4' at /nfs_eda_sw/softwares/Raptor/instl_dir/11_15_2024_09_15_02/bin/../share/yosys/rapidsilicon/genesis3/FPGA_PRIMITIVES_MODELS/sim_models/verilog/LUT4.v:11.1-35.10.
Generating RTLIL representation for module `\LUT4'.
Successfully finished Verilog frontend.

4.10. Executing Verilog-2005 frontend: /nfs_eda_sw/softwares/Raptor/instl_dir/11_15_2024_09_15_02/bin/../share/yosys/rapidsilicon/genesis3/FPGA_PRIMITIVES_MODELS/sim_models/verilog/LUT5.v
Parsing Verilog input from `/nfs_eda_sw/softwares/Raptor/instl_dir/11_15_2024_09_15_02/bin/../share/yosys/rapidsilicon/genesis3/FPGA_PRIMITIVES_MODELS/sim_models/verilog/LUT5.v' to AST representation.
Replacing existing blackbox module `\LUT5' at /nfs_eda_sw/softwares/Raptor/instl_dir/11_15_2024_09_15_02/bin/../share/yosys/rapidsilicon/genesis3/FPGA_PRIMITIVES_MODELS/sim_models/verilog/LUT5.v:10.1-34.10.
Generating RTLIL representation for module `\LUT5'.
Successfully finished Verilog frontend.

4.11. Executing Verilog-2005 frontend: /nfs_eda_sw/softwares/Raptor/instl_dir/11_15_2024_09_15_02/bin/../share/yosys/rapidsilicon/genesis3/FPGA_PRIMITIVES_MODELS/sim_models/verilog/LUT6.v
Parsing Verilog input from `/nfs_eda_sw/softwares/Raptor/instl_dir/11_15_2024_09_15_02/bin/../share/yosys/rapidsilicon/genesis3/FPGA_PRIMITIVES_MODELS/sim_models/verilog/LUT6.v' to AST representation.
Replacing existing blackbox module `\LUT6' at /nfs_eda_sw/softwares/Raptor/instl_dir/11_15_2024_09_15_02/bin/../share/yosys/rapidsilicon/genesis3/FPGA_PRIMITIVES_MODELS/sim_models/verilog/LUT6.v:10.1-34.10.
Generating RTLIL representation for module `\LUT6'.
Successfully finished Verilog frontend.

4.12. Executing Verilog-2005 frontend: /nfs_eda_sw/softwares/Raptor/instl_dir/11_15_2024_09_15_02/bin/../share/yosys/rapidsilicon/genesis3/FPGA_PRIMITIVES_MODELS/sim_models/verilog/CLK_BUF.v
Parsing Verilog input from `/nfs_eda_sw/softwares/Raptor/instl_dir/11_15_2024_09_15_02/bin/../share/yosys/rapidsilicon/genesis3/FPGA_PRIMITIVES_MODELS/sim_models/verilog/CLK_BUF.v' to AST representation.
Replacing existing blackbox module `\CLK_BUF' at /nfs_eda_sw/softwares/Raptor/instl_dir/11_15_2024_09_15_02/bin/../share/yosys/rapidsilicon/genesis3/FPGA_PRIMITIVES_MODELS/sim_models/verilog/CLK_BUF.v:10.1-29.10.
Generating RTLIL representation for module `\CLK_BUF'.
Successfully finished Verilog frontend.

4.13. Executing Verilog-2005 frontend: /nfs_eda_sw/softwares/Raptor/instl_dir/11_15_2024_09_15_02/bin/../share/yosys/rapidsilicon/genesis3/FPGA_PRIMITIVES_MODELS/sim_models/verilog/O_BUF.v
Parsing Verilog input from `/nfs_eda_sw/softwares/Raptor/instl_dir/11_15_2024_09_15_02/bin/../share/yosys/rapidsilicon/genesis3/FPGA_PRIMITIVES_MODELS/sim_models/verilog/O_BUF.v' to AST representation.
Replacing existing blackbox module `\O_BUF' at /nfs_eda_sw/softwares/Raptor/instl_dir/11_15_2024_09_15_02/bin/../share/yosys/rapidsilicon/genesis3/FPGA_PRIMITIVES_MODELS/sim_models/verilog/O_BUF.v:10.1-89.10.
Generating RTLIL representation for module `\O_BUF'.
Successfully finished Verilog frontend.

4.14. Executing Verilog-2005 frontend: /nfs_eda_sw/softwares/Raptor/instl_dir/11_15_2024_09_15_02/bin/../share/yosys/rapidsilicon/genesis3/FPGA_PRIMITIVES_MODELS/sim_models/verilog/DSP38.v
Parsing Verilog input from `/nfs_eda_sw/softwares/Raptor/instl_dir/11_15_2024_09_15_02/bin/../share/yosys/rapidsilicon/genesis3/FPGA_PRIMITIVES_MODELS/sim_models/verilog/DSP38.v' to AST representation.
Replacing existing blackbox module `\DSP38' at /nfs_eda_sw/softwares/Raptor/instl_dir/11_15_2024_09_15_02/bin/../share/yosys/rapidsilicon/genesis3/FPGA_PRIMITIVES_MODELS/sim_models/verilog/DSP38.v:10.1-341.10.
Generating RTLIL representation for module `\DSP38'.
Successfully finished Verilog frontend.

4.15. Executing Verilog-2005 frontend: /nfs_eda_sw/softwares/Raptor/instl_dir/11_15_2024_09_15_02/bin/../share/yosys/rapidsilicon/genesis3/bram_map_rs.v
Parsing Verilog input from `/nfs_eda_sw/softwares/Raptor/instl_dir/11_15_2024_09_15_02/bin/../share/yosys/rapidsilicon/genesis3/bram_map_rs.v' to AST representation.
Replacing existing blackbox module `\TDP_RAM36K' at /nfs_eda_sw/softwares/Raptor/instl_dir/11_15_2024_09_15_02/bin/../share/yosys/rapidsilicon/genesis3/bram_map_rs.v:2.1-29.10.
Generating RTLIL representation for module `\TDP_RAM36K'.
Replacing existing blackbox module `\TDP_RAM18KX2' at /nfs_eda_sw/softwares/Raptor/instl_dir/11_15_2024_09_15_02/bin/../share/yosys/rapidsilicon/genesis3/bram_map_rs.v:33.1-84.10.
Generating RTLIL representation for module `\TDP_RAM18KX2'.
Generating RTLIL representation for module `\RS_DSP3'.
Replacing existing blackbox module `\DSP19X2' at /nfs_eda_sw/softwares/Raptor/instl_dir/11_15_2024_09_15_02/bin/../share/yosys/rapidsilicon/genesis3/bram_map_rs.v:116.1-149.10.
Generating RTLIL representation for module `\DSP19X2'.
Successfully finished Verilog frontend.

4.16. Executing Verilog-2005 frontend: /nfs_eda_sw/softwares/Raptor/instl_dir/11_15_2024_09_15_02/bin/../share/yosys/rapidsilicon/genesis3/brams_sim.v
Parsing Verilog input from `/nfs_eda_sw/softwares/Raptor/instl_dir/11_15_2024_09_15_02/bin/../share/yosys/rapidsilicon/genesis3/brams_sim.v' to AST representation.
Generating RTLIL representation for module `\TDP_BRAM18'.
Generating RTLIL representation for module `\BRAM2x18_TDP'.
Generating RTLIL representation for module `\BRAM2x18_SDP'.
Generating RTLIL representation for module `\_$_mem_v2_asymmetric'.
Successfully finished Verilog frontend.

4.17. Executing HIERARCHY pass (managing design hierarchy).

4.17.1. Analyzing design hierarchy..
Top module:  \and2
Used module:     \and2_submodule

4.17.2. Analyzing design hierarchy..
Top module:  \and2
Used module:     \and2_submodule
Removed 0 unused modules.

4.18. Executing PROC pass (convert processes to netlists).

4.18.1. Executing PROC_CLEAN pass (remove empty switches from decision trees).
Cleaned up 0 empty switches.

4.18.2. Executing PROC_RMDEAD pass (remove dead branches from decision trees).
Marked 1 switch rules as full_case in process $proc$/nfs_scratch/scratch/CompilerValidation/abdul_hameed/Validation/RTL_testcases/io_constraint_testcases/and2/results_dir/.././rtl/and2.v:0$55 in module and2.
Removed 6 dead cases from process $proc$/nfs_scratch/scratch/CompilerValidation/abdul_hameed/Validation/RTL_testcases/io_constraint_testcases/and2/results_dir/.././rtl/and2.v:19$49 in module and2.
Marked 2 switch rules as full_case in process $proc$/nfs_scratch/scratch/CompilerValidation/abdul_hameed/Validation/RTL_testcases/io_constraint_testcases/and2/results_dir/.././rtl/and2.v:19$49 in module and2.
Removed a total of 6 dead cases.

4.18.3. Executing PROC_PRUNE pass (remove redundant assignments in processes).
Removed 0 redundant assignments.
Promoted 47 assignments to connections.

4.18.4. Executing PROC_INIT pass (extract init attributes).

4.18.5. Executing PROC_ARST pass (detect async resets in processes).

4.18.6. Executing PROC_ROM pass (convert switches to ROMs).
Converted 0 switches.
<suppressed ~3 debug messages>

4.18.7. Executing PROC_MUX pass (convert decision trees to multiplexers).
Creating decoders for process `\and2.$proc$/nfs_scratch/scratch/CompilerValidation/abdul_hameed/Validation/RTL_testcases/io_constraint_testcases/and2/results_dir/.././rtl/and2.v:0$58'.
Creating decoders for process `\and2.$proc$/nfs_scratch/scratch/CompilerValidation/abdul_hameed/Validation/RTL_testcases/io_constraint_testcases/and2/results_dir/.././rtl/and2.v:0$55'.
     1/1: $1$mem2reg_rd$\c_sub_out_reg$/nfs_scratch/scratch/CompilerValidation/abdul_hameed/Validation/RTL_testcases/io_constraint_testcases/and2/results_dir/.././rtl/and2.v:32$48_DATA[0:0]$57
Creating decoders for process `\and2.$proc$/nfs_scratch/scratch/CompilerValidation/abdul_hameed/Validation/RTL_testcases/io_constraint_testcases/and2/results_dir/.././rtl/and2.v:27$54'.
Creating decoders for process `\and2.$proc$/nfs_scratch/scratch/CompilerValidation/abdul_hameed/Validation/RTL_testcases/io_constraint_testcases/and2/results_dir/.././rtl/and2.v:19$49'.
     1/20: $1\b_sub_in[0][0:0]
     2/20: $1\b_sub_in[9][0:0]
     3/20: $1\b_sub_in[8][0:0]
     4/20: $1\b_sub_in[7][0:0]
     5/20: $1\b_sub_in[6][0:0]
     6/20: $1\b_sub_in[5][0:0]
     7/20: $1\b_sub_in[4][0:0]
     8/20: $1\b_sub_in[3][0:0]
     9/20: $1\b_sub_in[2][0:0]
    10/20: $1\b_sub_in[1][0:0]
    11/20: $1\a_sub_in[0][0:0]
    12/20: $1\a_sub_in[9][0:0]
    13/20: $1\a_sub_in[8][0:0]
    14/20: $1\a_sub_in[7][0:0]
    15/20: $1\a_sub_in[6][0:0]
    16/20: $1\a_sub_in[5][0:0]
    17/20: $1\a_sub_in[4][0:0]
    18/20: $1\a_sub_in[3][0:0]
    19/20: $1\a_sub_in[2][0:0]
    20/20: $1\a_sub_in[1][0:0]

4.18.8. Executing PROC_DLATCH pass (convert process syncs to latches).
No latch inferred for signal `\and2.\c_sub_out[0]' from process `\and2.$proc$/nfs_scratch/scratch/CompilerValidation/abdul_hameed/Validation/RTL_testcases/io_constraint_testcases/and2/results_dir/.././rtl/and2.v:0$58'.
No latch inferred for signal `\and2.\c_sub_out[1]' from process `\and2.$proc$/nfs_scratch/scratch/CompilerValidation/abdul_hameed/Validation/RTL_testcases/io_constraint_testcases/and2/results_dir/.././rtl/and2.v:0$58'.
No latch inferred for signal `\and2.\c_sub_out[2]' from process `\and2.$proc$/nfs_scratch/scratch/CompilerValidation/abdul_hameed/Validation/RTL_testcases/io_constraint_testcases/and2/results_dir/.././rtl/and2.v:0$58'.
No latch inferred for signal `\and2.\c_sub_out[3]' from process `\and2.$proc$/nfs_scratch/scratch/CompilerValidation/abdul_hameed/Validation/RTL_testcases/io_constraint_testcases/and2/results_dir/.././rtl/and2.v:0$58'.
No latch inferred for signal `\and2.\c_sub_out[4]' from process `\and2.$proc$/nfs_scratch/scratch/CompilerValidation/abdul_hameed/Validation/RTL_testcases/io_constraint_testcases/and2/results_dir/.././rtl/and2.v:0$58'.
No latch inferred for signal `\and2.\c_sub_out[5]' from process `\and2.$proc$/nfs_scratch/scratch/CompilerValidation/abdul_hameed/Validation/RTL_testcases/io_constraint_testcases/and2/results_dir/.././rtl/and2.v:0$58'.
No latch inferred for signal `\and2.\c_sub_out[6]' from process `\and2.$proc$/nfs_scratch/scratch/CompilerValidation/abdul_hameed/Validation/RTL_testcases/io_constraint_testcases/and2/results_dir/.././rtl/and2.v:0$58'.
No latch inferred for signal `\and2.\c_sub_out[7]' from process `\and2.$proc$/nfs_scratch/scratch/CompilerValidation/abdul_hameed/Validation/RTL_testcases/io_constraint_testcases/and2/results_dir/.././rtl/and2.v:0$58'.
No latch inferred for signal `\and2.\c_sub_out[8]' from process `\and2.$proc$/nfs_scratch/scratch/CompilerValidation/abdul_hameed/Validation/RTL_testcases/io_constraint_testcases/and2/results_dir/.././rtl/and2.v:0$58'.
No latch inferred for signal `\and2.\c_sub_out[9]' from process `\and2.$proc$/nfs_scratch/scratch/CompilerValidation/abdul_hameed/Validation/RTL_testcases/io_constraint_testcases/and2/results_dir/.././rtl/and2.v:0$58'.
No latch inferred for signal `\and2.$mem2reg_rd$\c_sub_out_reg$/nfs_scratch/scratch/CompilerValidation/abdul_hameed/Validation/RTL_testcases/io_constraint_testcases/and2/results_dir/.././rtl/and2.v:32$48_DATA' from process `\and2.$proc$/nfs_scratch/scratch/CompilerValidation/abdul_hameed/Validation/RTL_testcases/io_constraint_testcases/and2/results_dir/.././rtl/and2.v:0$55'.
No latch inferred for signal `\and2.\j' from process `\and2.$proc$/nfs_scratch/scratch/CompilerValidation/abdul_hameed/Validation/RTL_testcases/io_constraint_testcases/and2/results_dir/.././rtl/and2.v:19$49'.
No latch inferred for signal `\and2.\a_sub_in[0]' from process `\and2.$proc$/nfs_scratch/scratch/CompilerValidation/abdul_hameed/Validation/RTL_testcases/io_constraint_testcases/and2/results_dir/.././rtl/and2.v:19$49'.
No latch inferred for signal `\and2.\a_sub_in[1]' from process `\and2.$proc$/nfs_scratch/scratch/CompilerValidation/abdul_hameed/Validation/RTL_testcases/io_constraint_testcases/and2/results_dir/.././rtl/and2.v:19$49'.
No latch inferred for signal `\and2.\a_sub_in[2]' from process `\and2.$proc$/nfs_scratch/scratch/CompilerValidation/abdul_hameed/Validation/RTL_testcases/io_constraint_testcases/and2/results_dir/.././rtl/and2.v:19$49'.
No latch inferred for signal `\and2.\a_sub_in[3]' from process `\and2.$proc$/nfs_scratch/scratch/CompilerValidation/abdul_hameed/Validation/RTL_testcases/io_constraint_testcases/and2/results_dir/.././rtl/and2.v:19$49'.
No latch inferred for signal `\and2.\a_sub_in[4]' from process `\and2.$proc$/nfs_scratch/scratch/CompilerValidation/abdul_hameed/Validation/RTL_testcases/io_constraint_testcases/and2/results_dir/.././rtl/and2.v:19$49'.
No latch inferred for signal `\and2.\a_sub_in[5]' from process `\and2.$proc$/nfs_scratch/scratch/CompilerValidation/abdul_hameed/Validation/RTL_testcases/io_constraint_testcases/and2/results_dir/.././rtl/and2.v:19$49'.
No latch inferred for signal `\and2.\a_sub_in[6]' from process `\and2.$proc$/nfs_scratch/scratch/CompilerValidation/abdul_hameed/Validation/RTL_testcases/io_constraint_testcases/and2/results_dir/.././rtl/and2.v:19$49'.
No latch inferred for signal `\and2.\a_sub_in[7]' from process `\and2.$proc$/nfs_scratch/scratch/CompilerValidation/abdul_hameed/Validation/RTL_testcases/io_constraint_testcases/and2/results_dir/.././rtl/and2.v:19$49'.
No latch inferred for signal `\and2.\a_sub_in[8]' from process `\and2.$proc$/nfs_scratch/scratch/CompilerValidation/abdul_hameed/Validation/RTL_testcases/io_constraint_testcases/and2/results_dir/.././rtl/and2.v:19$49'.
No latch inferred for signal `\and2.\a_sub_in[9]' from process `\and2.$proc$/nfs_scratch/scratch/CompilerValidation/abdul_hameed/Validation/RTL_testcases/io_constraint_testcases/and2/results_dir/.././rtl/and2.v:19$49'.
No latch inferred for signal `\and2.\b_sub_in[0]' from process `\and2.$proc$/nfs_scratch/scratch/CompilerValidation/abdul_hameed/Validation/RTL_testcases/io_constraint_testcases/and2/results_dir/.././rtl/and2.v:19$49'.
No latch inferred for signal `\and2.\b_sub_in[1]' from process `\and2.$proc$/nfs_scratch/scratch/CompilerValidation/abdul_hameed/Validation/RTL_testcases/io_constraint_testcases/and2/results_dir/.././rtl/and2.v:19$49'.
No latch inferred for signal `\and2.\b_sub_in[2]' from process `\and2.$proc$/nfs_scratch/scratch/CompilerValidation/abdul_hameed/Validation/RTL_testcases/io_constraint_testcases/and2/results_dir/.././rtl/and2.v:19$49'.
No latch inferred for signal `\and2.\b_sub_in[3]' from process `\and2.$proc$/nfs_scratch/scratch/CompilerValidation/abdul_hameed/Validation/RTL_testcases/io_constraint_testcases/and2/results_dir/.././rtl/and2.v:19$49'.
No latch inferred for signal `\and2.\b_sub_in[4]' from process `\and2.$proc$/nfs_scratch/scratch/CompilerValidation/abdul_hameed/Validation/RTL_testcases/io_constraint_testcases/and2/results_dir/.././rtl/and2.v:19$49'.
No latch inferred for signal `\and2.\b_sub_in[5]' from process `\and2.$proc$/nfs_scratch/scratch/CompilerValidation/abdul_hameed/Validation/RTL_testcases/io_constraint_testcases/and2/results_dir/.././rtl/and2.v:19$49'.
No latch inferred for signal `\and2.\b_sub_in[6]' from process `\and2.$proc$/nfs_scratch/scratch/CompilerValidation/abdul_hameed/Validation/RTL_testcases/io_constraint_testcases/and2/results_dir/.././rtl/and2.v:19$49'.
No latch inferred for signal `\and2.\b_sub_in[7]' from process `\and2.$proc$/nfs_scratch/scratch/CompilerValidation/abdul_hameed/Validation/RTL_testcases/io_constraint_testcases/and2/results_dir/.././rtl/and2.v:19$49'.
No latch inferred for signal `\and2.\b_sub_in[8]' from process `\and2.$proc$/nfs_scratch/scratch/CompilerValidation/abdul_hameed/Validation/RTL_testcases/io_constraint_testcases/and2/results_dir/.././rtl/and2.v:19$49'.
No latch inferred for signal `\and2.\b_sub_in[9]' from process `\and2.$proc$/nfs_scratch/scratch/CompilerValidation/abdul_hameed/Validation/RTL_testcases/io_constraint_testcases/and2/results_dir/.././rtl/and2.v:19$49'.
No latch inferred for signal `\and2.$mem2reg_wr$\a_sub_in$/nfs_scratch/scratch/CompilerValidation/abdul_hameed/Validation/RTL_testcases/io_constraint_testcases/and2/results_dir/.././rtl/and2.v:24$46_ADDR' from process `\and2.$proc$/nfs_scratch/scratch/CompilerValidation/abdul_hameed/Validation/RTL_testcases/io_constraint_testcases/and2/results_dir/.././rtl/and2.v:19$49'.
No latch inferred for signal `\and2.$mem2reg_wr$\a_sub_in$/nfs_scratch/scratch/CompilerValidation/abdul_hameed/Validation/RTL_testcases/io_constraint_testcases/and2/results_dir/.././rtl/and2.v:24$46_DATA' from process `\and2.$proc$/nfs_scratch/scratch/CompilerValidation/abdul_hameed/Validation/RTL_testcases/io_constraint_testcases/and2/results_dir/.././rtl/and2.v:19$49'.
No latch inferred for signal `\and2.$mem2reg_wr$\b_sub_in$/nfs_scratch/scratch/CompilerValidation/abdul_hameed/Validation/RTL_testcases/io_constraint_testcases/and2/results_dir/.././rtl/and2.v:25$47_ADDR' from process `\and2.$proc$/nfs_scratch/scratch/CompilerValidation/abdul_hameed/Validation/RTL_testcases/io_constraint_testcases/and2/results_dir/.././rtl/and2.v:19$49'.
No latch inferred for signal `\and2.$mem2reg_wr$\b_sub_in$/nfs_scratch/scratch/CompilerValidation/abdul_hameed/Validation/RTL_testcases/io_constraint_testcases/and2/results_dir/.././rtl/and2.v:25$47_DATA' from process `\and2.$proc$/nfs_scratch/scratch/CompilerValidation/abdul_hameed/Validation/RTL_testcases/io_constraint_testcases/and2/results_dir/.././rtl/and2.v:19$49'.

4.18.9. Executing PROC_DFF pass (convert process syncs to FFs).
Creating register for signal `\and2.\j' using process `\and2.$proc$/nfs_scratch/scratch/CompilerValidation/abdul_hameed/Validation/RTL_testcases/io_constraint_testcases/and2/results_dir/.././rtl/and2.v:27$54'.
  created $dff cell `$procdff$251' with positive edge clock.
Creating register for signal `\and2.\c_sub_out_reg[0]' using process `\and2.$proc$/nfs_scratch/scratch/CompilerValidation/abdul_hameed/Validation/RTL_testcases/io_constraint_testcases/and2/results_dir/.././rtl/and2.v:27$54'.
  created $dff cell `$procdff$252' with positive edge clock.
Creating register for signal `\and2.\c_sub_out_reg[1]' using process `\and2.$proc$/nfs_scratch/scratch/CompilerValidation/abdul_hameed/Validation/RTL_testcases/io_constraint_testcases/and2/results_dir/.././rtl/and2.v:27$54'.
  created $dff cell `$procdff$253' with positive edge clock.
Creating register for signal `\and2.\c_sub_out_reg[2]' using process `\and2.$proc$/nfs_scratch/scratch/CompilerValidation/abdul_hameed/Validation/RTL_testcases/io_constraint_testcases/and2/results_dir/.././rtl/and2.v:27$54'.
  created $dff cell `$procdff$254' with positive edge clock.
Creating register for signal `\and2.\c_sub_out_reg[3]' using process `\and2.$proc$/nfs_scratch/scratch/CompilerValidation/abdul_hameed/Validation/RTL_testcases/io_constraint_testcases/and2/results_dir/.././rtl/and2.v:27$54'.
  created $dff cell `$procdff$255' with positive edge clock.
Creating register for signal `\and2.\c_sub_out_reg[4]' using process `\and2.$proc$/nfs_scratch/scratch/CompilerValidation/abdul_hameed/Validation/RTL_testcases/io_constraint_testcases/and2/results_dir/.././rtl/and2.v:27$54'.
  created $dff cell `$procdff$256' with positive edge clock.
Creating register for signal `\and2.\c_sub_out_reg[5]' using process `\and2.$proc$/nfs_scratch/scratch/CompilerValidation/abdul_hameed/Validation/RTL_testcases/io_constraint_testcases/and2/results_dir/.././rtl/and2.v:27$54'.
  created $dff cell `$procdff$257' with positive edge clock.
Creating register for signal `\and2.\c_sub_out_reg[6]' using process `\and2.$proc$/nfs_scratch/scratch/CompilerValidation/abdul_hameed/Validation/RTL_testcases/io_constraint_testcases/and2/results_dir/.././rtl/and2.v:27$54'.
  created $dff cell `$procdff$258' with positive edge clock.
Creating register for signal `\and2.\c_sub_out_reg[7]' using process `\and2.$proc$/nfs_scratch/scratch/CompilerValidation/abdul_hameed/Validation/RTL_testcases/io_constraint_testcases/and2/results_dir/.././rtl/and2.v:27$54'.
  created $dff cell `$procdff$259' with positive edge clock.
Creating register for signal `\and2.\c_sub_out_reg[8]' using process `\and2.$proc$/nfs_scratch/scratch/CompilerValidation/abdul_hameed/Validation/RTL_testcases/io_constraint_testcases/and2/results_dir/.././rtl/and2.v:27$54'.
  created $dff cell `$procdff$260' with positive edge clock.
Creating register for signal `\and2.\c_sub_out_reg[9]' using process `\and2.$proc$/nfs_scratch/scratch/CompilerValidation/abdul_hameed/Validation/RTL_testcases/io_constraint_testcases/and2/results_dir/.././rtl/and2.v:27$54'.
  created $dff cell `$procdff$261' with positive edge clock.

4.18.10. Executing PROC_MEMWR pass (convert process memory writes to cells).

4.18.11. Executing PROC_CLEAN pass (remove empty switches from decision trees).
Removing empty process `and2.$proc$/nfs_scratch/scratch/CompilerValidation/abdul_hameed/Validation/RTL_testcases/io_constraint_testcases/and2/results_dir/.././rtl/and2.v:0$58'.
Found and cleaned up 1 empty switch in `\and2.$proc$/nfs_scratch/scratch/CompilerValidation/abdul_hameed/Validation/RTL_testcases/io_constraint_testcases/and2/results_dir/.././rtl/and2.v:0$55'.
Removing empty process `and2.$proc$/nfs_scratch/scratch/CompilerValidation/abdul_hameed/Validation/RTL_testcases/io_constraint_testcases/and2/results_dir/.././rtl/and2.v:0$55'.
Removing empty process `and2.$proc$/nfs_scratch/scratch/CompilerValidation/abdul_hameed/Validation/RTL_testcases/io_constraint_testcases/and2/results_dir/.././rtl/and2.v:27$54'.
Found and cleaned up 2 empty switches in `\and2.$proc$/nfs_scratch/scratch/CompilerValidation/abdul_hameed/Validation/RTL_testcases/io_constraint_testcases/and2/results_dir/.././rtl/and2.v:19$49'.
Removing empty process `and2.$proc$/nfs_scratch/scratch/CompilerValidation/abdul_hameed/Validation/RTL_testcases/io_constraint_testcases/and2/results_dir/.././rtl/and2.v:19$49'.
Cleaned up 3 empty switches.

4.18.12. Executing OPT_EXPR pass (perform const folding).
Optimizing module and2.
<suppressed ~21 debug messages>
Optimizing module and2_submodule.

4.19. Executing FLATTEN pass (flatten design).
Deleting now unused module and2_submodule.
<suppressed ~10 debug messages>

# -------------------- 
#  Design entry stats  
# -------------------- 

4.20. Printing statistics.

=== and2 ===

   Number of wires:                381
   Number of wire bits:            491
   Number of public wires:          76
   Number of public wire bits:     109
   Number of ports:                  5
   Number of port bits:              7
   Number of memories:               0
   Number of memory bits:            0
   Number of processes:              0
   Number of cells:                222
     $and                           10
     $dff                           11
     $eq                           149
     $logic_not                     21
     $pmux                          21
     $scopeinfo                     10

4.21. Executing SPLITNETS pass (splitting up multi-bit signals).

4.22. Executing DEMUXMAP pass.

4.23. Executing FLATTEN pass (flatten design).
Deleting now unused module and2_submodule.
<suppressed ~10 debug messages>

4.24. Executing DEMUXMAP pass.

4.25. Executing TRIBUF pass.
Warning: Ignored -no_iobuf because -keep_tribuf is used.

4.26. Executing DEMINOUT pass (demote inout ports to input or output).

4.27. Executing OPT_EXPR pass (perform const folding).
Optimizing module and2.

4.28. Executing OPT_CLEAN pass (remove unused cells and wires).
Finding unused cells or wires in module \and2..
Removed 1 unused cells and 135 unused wires.
<suppressed ~2 debug messages>

4.29. Executing CHECK pass (checking for obvious problems).
Checking module and2...
Found and reported 0 problems.

4.30. Printing statistics.

=== and2 ===

   Number of wires:                246
   Number of wire bits:            279
   Number of public wires:          76
   Number of public wire bits:     109
   Number of ports:                  5
   Number of port bits:              7
   Number of memories:               0
   Number of memory bits:            0
   Number of processes:              0
   Number of cells:                221
     $and                           10
     $dff                           10
     $eq                           149
     $logic_not                     21
     $pmux                          21
     $scopeinfo                     10

FF init value for cell $procdff$252 ($dff): \c_sub_out_reg[0] = 1'x
FF init value for cell $procdff$253 ($dff): \c_sub_out_reg[1] = 1'x
FF init value for cell $procdff$254 ($dff): \c_sub_out_reg[2] = 1'x
FF init value for cell $procdff$255 ($dff): \c_sub_out_reg[3] = 1'x
FF init value for cell $procdff$256 ($dff): \c_sub_out_reg[4] = 1'x
FF init value for cell $procdff$257 ($dff): \c_sub_out_reg[5] = 1'x
FF init value for cell $procdff$258 ($dff): \c_sub_out_reg[6] = 1'x
FF init value for cell $procdff$259 ($dff): \c_sub_out_reg[7] = 1'x
FF init value for cell $procdff$260 ($dff): \c_sub_out_reg[8] = 1'x
FF init value for cell $procdff$261 ($dff): \c_sub_out_reg[9] = 1'x

4.31. Executing OPT_EXPR pass (perform const folding).
Optimizing module and2.
<suppressed ~2 debug messages>

4.32. Executing OPT_MERGE pass (detect identical cells).
Finding identical cells in module `\and2'.
<suppressed ~477 debug messages>
Removed a total of 159 cells.

4.33. Executing OPT_MUXTREE pass (detect dead branches in mux trees).
Running muxtree optimizer on module \and2..
  Creating internal representation of mux trees.
  Evaluating internal representation of mux trees.
  Analyzing evaluation results.
    dead port 1/11 on $pmux $procmux$60.
    dead port 2/11 on $pmux $procmux$60.
Removed 2 multiplexer ports.
<suppressed ~21 debug messages>

4.34. Executing OPT_REDUCE pass (consolidate $*mux and $reduce_* inputs).
  Optimizing cells in module \and2.
    New ctrl vector for $pmux cell $procmux$242: { $procmux$105_CMP $auto_283 }
    New ctrl vector for $pmux cell $procmux$134: { $procmux$103_CMP $auto_285 }
    New ctrl vector for $pmux cell $procmux$206: { $procmux$101_CMP $auto_287 }
    New ctrl vector for $pmux cell $procmux$170: $auto_289
    New ctrl vector for $pmux cell $procmux$107: { $procmux$100_CMP $auto_291 }
    New ctrl vector for $pmux cell $procmux$215: { $procmux$102_CMP $auto_293 }
    New ctrl vector for $pmux cell $procmux$71: { $procmux$106_CMP $auto_295 }
    New ctrl vector for $pmux cell $procmux$143: { $procmux$104_CMP $auto_297 }
    New ctrl vector for $pmux cell $procmux$179: $auto_299
    New ctrl vector for $pmux cell $procmux$116: { $procmux$101_CMP $auto_301 }
    New ctrl vector for $pmux cell $procmux$80: $auto_303
    New ctrl vector for $pmux cell $procmux$224: { $procmux$103_CMP $auto_305 }
    New ctrl vector for $pmux cell $procmux$152: { $procmux$105_CMP $auto_307 }
    New ctrl vector for $pmux cell $procmux$188: { $auto_309 $procmux$108_CMP }
    New ctrl vector for $pmux cell $procmux$89: $auto_311
    New ctrl vector for $pmux cell $procmux$233: { $procmux$104_CMP $auto_313 }
    New ctrl vector for $pmux cell $procmux$125: { $procmux$102_CMP $auto_315 }
    New ctrl vector for $pmux cell $procmux$197: { $procmux$100_CMP $auto_317 }
    New ctrl vector for $pmux cell $procmux$161: { $procmux$106_CMP $auto_319 }
    New ctrl vector for $pmux cell $procmux$98: { $auto_321 $procmux$108_CMP }
  Optimizing cells in module \and2.
Performed a total of 20 changes.

4.35. Executing OPT_MERGE pass (detect identical cells).
Finding identical cells in module `\and2'.
<suppressed ~48 debug messages>
Removed a total of 16 cells.

4.36. Executing OPT_SHARE pass.

4.37. Executing OPT_DFF pass (perform DFF optimizations).
[#visit=9, #solve=0, #remove=0, time=0.00 sec.]

4.38. Executing OPT_CLEAN pass (remove unused cells and wires).
Finding unused cells or wires in module \and2..
Removed 4 unused cells and 187 unused wires.
<suppressed ~19 debug messages>

4.39. Executing OPT_EXPR pass (perform const folding).
Optimizing module and2.

RUN-OPT ITERATIONS DONE : 1

4.40. Executing FSM pass (extract and optimize FSM).

4.40.1. Executing FSM_DETECT pass (finding FSMs in design).

4.40.2. Executing FSM_EXTRACT pass (extracting FSM from design).

4.40.3. Executing FSM_OPT pass (simple optimizations of FSMs).

4.40.4. Executing OPT_CLEAN pass (remove unused cells and wires).
Finding unused cells or wires in module \and2..

4.40.5. Executing FSM_OPT pass (simple optimizations of FSMs).

4.40.6. Executing FSM_RECODE pass (re-assigning FSM state encoding).

4.40.7. Executing FSM_INFO pass (dumping all available information on FSM cells).

4.40.8. Executing FSM_MAP pass (mapping FSMs to basic logic).

4.41. Executing WREDUCE pass (reducing word size of cells).
Removed top 2 bits (of 3) from port B of cell and2.$procmux$105_CMP0 ($eq).
Removed top 1 bits (of 3) from port B of cell and2.$procmux$104_CMP0 ($eq).
Removed top 1 bits (of 3) from port B of cell and2.$procmux$103_CMP0 ($eq).

4.42. Executing PEEPOPT pass (run peephole optimizers).

4.43. Executing OPT_CLEAN pass (remove unused cells and wires).
Finding unused cells or wires in module \and2..

4.44. Executing OPT_EXPR pass (perform const folding).
Optimizing module and2.

4.45. Executing OPT_MERGE pass (detect identical cells).
Finding identical cells in module `\and2'.
Removed a total of 0 cells.

4.46. Executing OPT_MUXTREE pass (detect dead branches in mux trees).
Running muxtree optimizer on module \and2..
  Creating internal representation of mux trees.
  Evaluating internal representation of mux trees.
  Analyzing evaluation results.
Removed 0 multiplexer ports.
<suppressed ~17 debug messages>

4.47. Executing OPT_REDUCE pass (consolidate $*mux and $reduce_* inputs).
  Optimizing cells in module \and2.
Performed a total of 0 changes.

4.48. Executing OPT_MERGE pass (detect identical cells).
Finding identical cells in module `\and2'.
Removed a total of 0 cells.

4.49. Executing OPT_SHARE pass.

4.50. Executing OPT_DFF pass (perform DFF optimizations).
[#visit=8, #solve=0, #remove=0, time=0.00 sec.]

4.51. Executing OPT_CLEAN pass (remove unused cells and wires).
Finding unused cells or wires in module \and2..

4.52. Executing OPT_EXPR pass (perform const folding).
Optimizing module and2.

RUN-OPT ITERATIONS DONE : 1

4.53. Executing OPT_EXPR pass (perform const folding).
Optimizing module and2.

4.54. Executing OPT_MERGE pass (detect identical cells).
Finding identical cells in module `\and2'.
Removed a total of 0 cells.

4.55. Executing OPT_MUXTREE pass (detect dead branches in mux trees).
Running muxtree optimizer on module \and2..
  Creating internal representation of mux trees.
  Evaluating internal representation of mux trees.
  Analyzing evaluation results.
Removed 0 multiplexer ports.
<suppressed ~17 debug messages>

4.56. Executing OPT_REDUCE pass (consolidate $*mux and $reduce_* inputs).
  Optimizing cells in module \and2.
Performed a total of 0 changes.

4.57. Executing OPT_MERGE pass (detect identical cells).
Finding identical cells in module `\and2'.
Removed a total of 0 cells.

4.58. Executing OPT_SHARE pass.

4.59. Executing OPT_DFF pass (perform DFF optimizations).
[#visit=8, #solve=0, #remove=0, time=0.00 sec.]

4.60. Executing OPT_CLEAN pass (remove unused cells and wires).
Finding unused cells or wires in module \and2..

4.61. Executing OPT_EXPR pass (perform const folding).
Optimizing module and2.

RUN-OPT ITERATIONS DONE : 1

4.62. Executing OPT_EXPR pass (perform const folding).
Optimizing module and2.

4.63. Executing OPT_MERGE pass (detect identical cells).
Finding identical cells in module `\and2'.
Removed a total of 0 cells.

4.64. Executing OPT_MUXTREE pass (detect dead branches in mux trees).
Running muxtree optimizer on module \and2..
  Creating internal representation of mux trees.
  Evaluating internal representation of mux trees.
  Analyzing evaluation results.
Removed 0 multiplexer ports.
<suppressed ~17 debug messages>

4.65. Executing OPT_REDUCE pass (consolidate $*mux and $reduce_* inputs).
  Optimizing cells in module \and2.
Performed a total of 0 changes.

4.66. Executing OPT_MERGE pass (detect identical cells).
Finding identical cells in module `\and2'.
Removed a total of 0 cells.

4.67. Executing OPT_SHARE pass.

4.68. Executing OPT_DFF pass (perform DFF optimizations).
[#visit=8, #solve=0, #remove=0, time=0.00 sec.]

4.69. Executing OPT_DFF pass (perform DFF optimizations).
[#visit=8, #solve=8, #remove=0, time=0.00 sec.]

4.70. Executing OPT_CLEAN pass (remove unused cells and wires).
Finding unused cells or wires in module \and2..

4.71. Executing OPT_EXPR pass (perform const folding).
Optimizing module and2.

RUN-OPT ITERATIONS DONE : 1

4.72. Executing WREDUCE pass (reducing word size of cells).

4.73. Executing PEEPOPT pass (run peephole optimizers).

4.74. Executing OPT_CLEAN pass (remove unused cells and wires).
Finding unused cells or wires in module \and2..

4.75. Executing DEMUXMAP pass.

4.76. Executing SPLITNETS pass (splitting up multi-bit signals).

4.77. Printing statistics.

=== and2 ===

   Number of wires:                 79
   Number of wire bits:            112
   Number of public wires:          62
   Number of public wire bits:      95
   Number of ports:                  5
   Number of port bits:              7
   Number of memories:               0
   Number of memory bits:            0
   Number of processes:              0
   Number of cells:                 60
     $and                            8
     $dff                            8
     $eq                             7
     $logic_not                      2
     $pmux                          17
     $reduce_or                      8
     $scopeinfo                     10

4.78. Executing RS_DSP_MULTADD pass.

4.79. Executing WREDUCE pass (reducing word size of cells).

4.80. Executing RS_DSP_MACC pass.

4.81. Executing OPT_CLEAN pass (remove unused cells and wires).
Finding unused cells or wires in module \and2..

4.82. Executing TECHMAP pass (map to technology primitives).

4.82.1. Executing Verilog-2005 frontend: /nfs_eda_sw/softwares/Raptor/instl_dir/11_15_2024_09_15_02/bin/../share/yosys/mul2dsp_check_maxwidth.v
Parsing Verilog input from `/nfs_eda_sw/softwares/Raptor/instl_dir/11_15_2024_09_15_02/bin/../share/yosys/mul2dsp_check_maxwidth.v' to AST representation.
Generating RTLIL representation for module `\_80_mul'.
Generating RTLIL representation for module `\_90_soft_mul'.
Successfully finished Verilog frontend.

4.82.2. Continuing TECHMAP pass.
No more expansions possible.
<suppressed ~4 debug messages>

4.83. Printing statistics.

=== and2 ===

   Number of wires:                 79
   Number of wire bits:            112
   Number of public wires:          62
   Number of public wire bits:      95
   Number of ports:                  5
   Number of port bits:              7
   Number of memories:               0
   Number of memory bits:            0
   Number of processes:              0
   Number of cells:                 60
     $and                            8
     $dff                            8
     $eq                             7
     $logic_not                      2
     $pmux                          17
     $reduce_or                      8
     $scopeinfo                     10

4.84. Executing TECHMAP pass (map to technology primitives).

4.84.1. Executing Verilog-2005 frontend: /nfs_eda_sw/softwares/Raptor/instl_dir/11_15_2024_09_15_02/bin/../share/yosys/mul2dsp_check_maxwidth.v
Parsing Verilog input from `/nfs_eda_sw/softwares/Raptor/instl_dir/11_15_2024_09_15_02/bin/../share/yosys/mul2dsp_check_maxwidth.v' to AST representation.
Generating RTLIL representation for module `\_80_mul'.
Generating RTLIL representation for module `\_90_soft_mul'.
Successfully finished Verilog frontend.

4.84.2. Continuing TECHMAP pass.
No more expansions possible.
<suppressed ~4 debug messages>

4.85. Printing statistics.

=== and2 ===

   Number of wires:                 79
   Number of wire bits:            112
   Number of public wires:          62
   Number of public wire bits:      95
   Number of ports:                  5
   Number of port bits:              7
   Number of memories:               0
   Number of memory bits:            0
   Number of processes:              0
   Number of cells:                 60
     $and                            8
     $dff                            8
     $eq                             7
     $logic_not                      2
     $pmux                          17
     $reduce_or                      8
     $scopeinfo                     10

4.86. Executing TECHMAP pass (map to technology primitives).

4.86.1. Executing Verilog-2005 frontend: /nfs_eda_sw/softwares/Raptor/instl_dir/11_15_2024_09_15_02/bin/../share/yosys/mul2dsp.v
Parsing Verilog input from `/nfs_eda_sw/softwares/Raptor/instl_dir/11_15_2024_09_15_02/bin/../share/yosys/mul2dsp.v' to AST representation.
Generating RTLIL representation for module `\_80_mul'.
Generating RTLIL representation for module `\_90_soft_mul'.
Successfully finished Verilog frontend.

4.86.2. Continuing TECHMAP pass.
No more expansions possible.
<suppressed ~4 debug messages>

4.87. Executing TECHMAP pass (map to technology primitives).

4.87.1. Executing Verilog-2005 frontend: /nfs_eda_sw/softwares/Raptor/instl_dir/11_15_2024_09_15_02/bin/../share/yosys/mul2dsp.v
Parsing Verilog input from `/nfs_eda_sw/softwares/Raptor/instl_dir/11_15_2024_09_15_02/bin/../share/yosys/mul2dsp.v' to AST representation.
Generating RTLIL representation for module `\_80_mul'.
Generating RTLIL representation for module `\_90_soft_mul'.
Successfully finished Verilog frontend.

4.87.2. Continuing TECHMAP pass.
No more expansions possible.
<suppressed ~4 debug messages>

4.88. Executing TECHMAP pass (map to technology primitives).

4.88.1. Executing Verilog-2005 frontend: /nfs_eda_sw/softwares/Raptor/instl_dir/11_15_2024_09_15_02/bin/../share/yosys/rapidsilicon/genesis3/dsp_map.v
Parsing Verilog input from `/nfs_eda_sw/softwares/Raptor/instl_dir/11_15_2024_09_15_02/bin/../share/yosys/rapidsilicon/genesis3/dsp_map.v' to AST representation.
Generating RTLIL representation for module `\$__RS_MUL20X18'.
Generating RTLIL representation for module `\$__RS_MUL10X9'.
Successfully finished Verilog frontend.

4.88.2. Continuing TECHMAP pass.
No more expansions possible.
<suppressed ~4 debug messages>

4.89. Executing RS_DSP_SIMD pass.

4.90. Executing TECHMAP pass (map to technology primitives).

4.90.1. Executing Verilog-2005 frontend: /nfs_eda_sw/softwares/Raptor/instl_dir/11_15_2024_09_15_02/bin/../share/yosys/rapidsilicon/genesis3/dsp_final_map.v
Parsing Verilog input from `/nfs_eda_sw/softwares/Raptor/instl_dir/11_15_2024_09_15_02/bin/../share/yosys/rapidsilicon/genesis3/dsp_final_map.v' to AST representation.
Generating RTLIL representation for module `\dsp_t1_20x18x64_cfg_ports'.
Generating RTLIL representation for module `\dsp_t1_10x9x32_cfg_params'.
Successfully finished Verilog frontend.

4.90.2. Continuing TECHMAP pass.
No more expansions possible.
<suppressed ~4 debug messages>

4.91. Executing TECHMAP pass (map to technology primitives).

4.91.1. Executing Verilog-2005 frontend: /nfs_eda_sw/softwares/Raptor/instl_dir/11_15_2024_09_15_02/bin/../share/yosys/rapidsilicon/genesis3/dsp19x2_map.v
Parsing Verilog input from `/nfs_eda_sw/softwares/Raptor/instl_dir/11_15_2024_09_15_02/bin/../share/yosys/rapidsilicon/genesis3/dsp19x2_map.v' to AST representation.
Generating RTLIL representation for module `\RS_DSPX2_MULTACC'.
Generating RTLIL representation for module `\RS_DSPX2_MULT'.
Generating RTLIL representation for module `\RS_DSPX2_MULT_REGIN'.
Generating RTLIL representation for module `\RS_DSPX2_MULT_REGOUT'.
Generating RTLIL representation for module `\RS_DSPX2_MULT_REGIN_REGOUT'.
Generating RTLIL representation for module `\RS_DSPX2_MULTADD'.
Generating RTLIL representation for module `\RS_DSPX2_MULTADD_REGIN'.
Generating RTLIL representation for module `\RS_DSPX2_MULTADD_REGOUT'.
Generating RTLIL representation for module `\RS_DSPX2_MULTADD_REGIN_REGOUT'.
Generating RTLIL representation for module `\RS_DSPX2_MULTACC_REGIN'.
Generating RTLIL representation for module `\RS_DSPX2_MULTACC_REGOUT'.
Generating RTLIL representation for module `\RS_DSPX2_MULTACC_REGIN_REGOUT'.
Generating RTLIL representation for module `\RS_DSP3'.
Successfully finished Verilog frontend.

4.91.2. Continuing TECHMAP pass.
No more expansions possible.
<suppressed ~15 debug messages>

4.92. Executing rs_pack_dsp_regs pass.

4.93. Executing RS_DSP_IO_REGS pass.

4.94. Executing TECHMAP pass (map to technology primitives).

4.94.1. Executing Verilog-2005 frontend: /nfs_eda_sw/softwares/Raptor/instl_dir/11_15_2024_09_15_02/bin/../share/yosys/rapidsilicon/genesis3/dsp38_map.v
Parsing Verilog input from `/nfs_eda_sw/softwares/Raptor/instl_dir/11_15_2024_09_15_02/bin/../share/yosys/rapidsilicon/genesis3/dsp38_map.v' to AST representation.
Generating RTLIL representation for module `\RS_DSP_MULTACC'.
Generating RTLIL representation for module `\RS_DSP_MULT'.
Generating RTLIL representation for module `\RS_DSP_MULT_REGIN'.
Generating RTLIL representation for module `\RS_DSP_MULT_REGOUT'.
Generating RTLIL representation for module `\RS_DSP_MULT_REGIN_REGOUT'.
Generating RTLIL representation for module `\RS_DSP_MULTADD'.
Generating RTLIL representation for module `\RS_DSP_MULTADD_REGIN'.
Generating RTLIL representation for module `\RS_DSP_MULTADD_REGOUT'.
Generating RTLIL representation for module `\RS_DSP_MULTADD_REGIN_REGOUT'.
Generating RTLIL representation for module `\RS_DSP_MULTACC_REGIN'.
Generating RTLIL representation for module `\RS_DSP_MULTACC_REGOUT'.
Generating RTLIL representation for module `\RS_DSP_MULTACC_REGIN_REGOUT'.
Successfully finished Verilog frontend.

4.94.2. Continuing TECHMAP pass.
No more expansions possible.
<suppressed ~14 debug messages>

4.95. Executing TECHMAP pass (map to technology primitives).

4.95.1. Executing Verilog-2005 frontend: /nfs_eda_sw/softwares/Raptor/instl_dir/11_15_2024_09_15_02/bin/../share/yosys/rapidsilicon/genesis3/dsp19x2_map.v
Parsing Verilog input from `/nfs_eda_sw/softwares/Raptor/instl_dir/11_15_2024_09_15_02/bin/../share/yosys/rapidsilicon/genesis3/dsp19x2_map.v' to AST representation.
Generating RTLIL representation for module `\RS_DSPX2_MULTACC'.
Generating RTLIL representation for module `\RS_DSPX2_MULT'.
Generating RTLIL representation for module `\RS_DSPX2_MULT_REGIN'.
Generating RTLIL representation for module `\RS_DSPX2_MULT_REGOUT'.
Generating RTLIL representation for module `\RS_DSPX2_MULT_REGIN_REGOUT'.
Generating RTLIL representation for module `\RS_DSPX2_MULTADD'.
Generating RTLIL representation for module `\RS_DSPX2_MULTADD_REGIN'.
Generating RTLIL representation for module `\RS_DSPX2_MULTADD_REGOUT'.
Generating RTLIL representation for module `\RS_DSPX2_MULTADD_REGIN_REGOUT'.
Generating RTLIL representation for module `\RS_DSPX2_MULTACC_REGIN'.
Generating RTLIL representation for module `\RS_DSPX2_MULTACC_REGOUT'.
Generating RTLIL representation for module `\RS_DSPX2_MULTACC_REGIN_REGOUT'.
Generating RTLIL representation for module `\RS_DSP3'.
Successfully finished Verilog frontend.

4.95.2. Continuing TECHMAP pass.
No more expansions possible.
<suppressed ~15 debug messages>

4.96. Printing statistics.

=== and2 ===

   Number of wires:                 79
   Number of wire bits:            112
   Number of public wires:          62
   Number of public wire bits:      95
   Number of ports:                  5
   Number of port bits:              7
   Number of memories:               0
   Number of memory bits:            0
   Number of processes:              0
   Number of cells:                 60
     $and                            8
     $dff                            8
     $eq                             7
     $logic_not                      2
     $pmux                          17
     $reduce_or                      8
     $scopeinfo                     10

4.97. Executing ALUMACC pass (create $alu and $macc cells).
Extracting $alu and $macc cells in module and2:
  created 0 $alu and 0 $macc cells.

4.98. Executing OPT_EXPR pass (perform const folding).
Optimizing module and2.

4.99. Executing OPT_MERGE pass (detect identical cells).
Finding identical cells in module `\and2'.
Removed a total of 0 cells.

4.100. Executing OPT_MUXTREE pass (detect dead branches in mux trees).
Running muxtree optimizer on module \and2..
  Creating internal representation of mux trees.
  Evaluating internal representation of mux trees.
  Analyzing evaluation results.
Removed 0 multiplexer ports.
<suppressed ~17 debug messages>

4.101. Executing OPT_REDUCE pass (consolidate $*mux and $reduce_* inputs).
  Optimizing cells in module \and2.
Performed a total of 0 changes.

4.102. Executing OPT_MERGE pass (detect identical cells).
Finding identical cells in module `\and2'.
Removed a total of 0 cells.

4.103. Executing OPT_SHARE pass.

4.104. Executing OPT_DFF pass (perform DFF optimizations).
[#visit=8, #solve=0, #remove=0, time=0.00 sec.]

4.105. Executing OPT_CLEAN pass (remove unused cells and wires).
Finding unused cells or wires in module \and2..

4.106. Executing OPT_EXPR pass (perform const folding).
Optimizing module and2.

RUN-OPT ITERATIONS DONE : 1

4.107. Printing statistics.

=== and2 ===

   Number of wires:                 79
   Number of wire bits:            112
   Number of public wires:          62
   Number of public wire bits:      95
   Number of ports:                  5
   Number of port bits:              7
   Number of memories:               0
   Number of memory bits:            0
   Number of processes:              0
   Number of cells:                 60
     $and                            8
     $dff                            8
     $eq                             7
     $logic_not                      2
     $pmux                          17
     $reduce_or                      8
     $scopeinfo                     10

4.108. Executing MEMORY pass.

4.108.1. Executing OPT_MEM pass (optimize memories).
Performed a total of 0 transformations.

4.108.2. Executing OPT_MEM_PRIORITY pass (removing unnecessary memory write priority relations).
Performed a total of 0 transformations.

4.108.3. Executing OPT_MEM_FEEDBACK pass (finding memory read-to-write feedback paths).

4.108.4. Executing MEMORY_BMUX2ROM pass (converting muxes to ROMs).

4.108.5. Executing MEMORY_DFF pass (merging $dff cells to $memrd).

4.108.6. Executing OPT_CLEAN pass (remove unused cells and wires).
Finding unused cells or wires in module \and2..

4.108.7. Executing MEMORY_SHARE pass (consolidating $memrd/$memwr cells).

4.108.8. Executing OPT_MEM_WIDEN pass (optimize memories where all ports are wide).
Performed a total of 0 transformations.

4.108.9. Executing OPT_CLEAN pass (remove unused cells and wires).
Finding unused cells or wires in module \and2..

4.108.10. Executing MEMORY_COLLECT pass (generating $mem cells).

4.109. Printing statistics.

=== and2 ===

   Number of wires:                 79
   Number of wire bits:            112
   Number of public wires:          62
   Number of public wire bits:      95
   Number of ports:                  5
   Number of port bits:              7
   Number of memories:               0
   Number of memory bits:            0
   Number of processes:              0
   Number of cells:                 60
     $and                            8
     $dff                            8
     $eq                             7
     $logic_not                      2
     $pmux                          17
     $reduce_or                      8
     $scopeinfo                     10

4.110. Executing MUXPACK pass ($mux cell cascades to $pmux).
Converted 0 (p)mux cells into 0 pmux cells.
<suppressed ~1 debug messages>

4.111. Executing OPT_CLEAN pass (remove unused cells and wires).
Finding unused cells or wires in module \and2..

4.112. Executing MEMORY_LIBMAP pass (mapping memories to cells).

4.113. Executing MEMORY_LIBMAP pass (mapping memories to cells).

4.114. Executing Rs_BRAM_Split pass.

4.115. Executing TECHMAP pass (map to technology primitives).

4.115.1. Executing Verilog-2005 frontend: /nfs_eda_sw/softwares/Raptor/instl_dir/11_15_2024_09_15_02/bin/../share/yosys/rapidsilicon/genesis3/brams_map_new_version.v
Parsing Verilog input from `/nfs_eda_sw/softwares/Raptor/instl_dir/11_15_2024_09_15_02/bin/../share/yosys/rapidsilicon/genesis3/brams_map_new_version.v' to AST representation.
Generating RTLIL representation for module `\$__RS_FACTOR_BRAM36_TDP'.
Generating RTLIL representation for module `\$__RS_FACTOR_BRAM18_TDP'.
Generating RTLIL representation for module `\$__RS_FACTOR_BRAM18_SDP'.
Generating RTLIL representation for module `\$__RS_FACTOR_BRAM36_SDP'.
Successfully finished Verilog frontend.

4.115.2. Continuing TECHMAP pass.
No more expansions possible.
<suppressed ~6 debug messages>

4.116. Executing TECHMAP pass (map to technology primitives).

4.116.1. Executing Verilog-2005 frontend: /nfs_eda_sw/softwares/Raptor/instl_dir/11_15_2024_09_15_02/bin/../share/yosys/rapidsilicon/genesis3/brams_final_map_new_version.v
Parsing Verilog input from `/nfs_eda_sw/softwares/Raptor/instl_dir/11_15_2024_09_15_02/bin/../share/yosys/rapidsilicon/genesis3/brams_final_map_new_version.v' to AST representation.
Generating RTLIL representation for module `\BRAM2x18_TDP'.
Generating RTLIL representation for module `\BRAM2x18_SDP'.
Successfully finished Verilog frontend.

4.116.2. Continuing TECHMAP pass.
No more expansions possible.
<suppressed ~4 debug messages>

4.117. Executing DFFUNMAP pass (unmap clock enable and synchronous reset from FFs).

4.118. Executing OPT_EXPR pass (perform const folding).
Optimizing module and2.

4.119. Executing OPT_MERGE pass (detect identical cells).
Finding identical cells in module `\and2'.
Removed a total of 0 cells.

4.120. Executing OPT_MUXTREE pass (detect dead branches in mux trees).
Running muxtree optimizer on module \and2..
  Creating internal representation of mux trees.
  Evaluating internal representation of mux trees.
  Analyzing evaluation results.
Removed 0 multiplexer ports.
<suppressed ~17 debug messages>

4.121. Executing OPT_REDUCE pass (consolidate $*mux and $reduce_* inputs).
  Optimizing cells in module \and2.
Performed a total of 0 changes.

4.122. Executing OPT_MERGE pass (detect identical cells).
Finding identical cells in module `\and2'.
Removed a total of 0 cells.

4.123. Executing OPT_SHARE pass.

4.124. Executing OPT_DFF pass (perform DFF optimizations).
[#visit=8, #solve=0, #remove=0, time=0.00 sec.]

4.125. Executing OPT_CLEAN pass (remove unused cells and wires).
Finding unused cells or wires in module \and2..

4.126. Executing OPT_EXPR pass (perform const folding).
Optimizing module and2.

RUN-OPT ITERATIONS DONE : 1

4.127. Executing PMUXTREE pass.

4.128. Executing MUXPACK pass ($mux cell cascades to $pmux).
Converted 0 (p)mux cells into 0 pmux cells.
<suppressed ~9 debug messages>

4.129. Executing MEMORY_MAP pass (converting memories to logic and flip-flops).

4.130. Executing TECHMAP pass (map to technology primitives).

4.130.1. Executing Verilog-2005 frontend: /nfs_eda_sw/softwares/Raptor/instl_dir/11_15_2024_09_15_02/bin/../share/yosys/techmap.v
Parsing Verilog input from `/nfs_eda_sw/softwares/Raptor/instl_dir/11_15_2024_09_15_02/bin/../share/yosys/techmap.v' to AST representation.
Generating RTLIL representation for module `\_90_simplemap_bool_ops'.
Generating RTLIL representation for module `\_90_simplemap_reduce_ops'.
Generating RTLIL representation for module `\_90_simplemap_logic_ops'.
Generating RTLIL representation for module `\_90_simplemap_compare_ops'.
Generating RTLIL representation for module `\_90_simplemap_various'.
Generating RTLIL representation for module `\_90_simplemap_registers'.
Generating RTLIL representation for module `\_90_shift_ops_shr_shl_sshl_sshr'.
Generating RTLIL representation for module `\_90_shift_shiftx'.
Generating RTLIL representation for module `\_90_fa'.
Generating RTLIL representation for module `\_90_lcu_brent_kung'.
Generating RTLIL representation for module `\_90_alu'.
Generating RTLIL representation for module `\_90_macc'.
Generating RTLIL representation for module `\_90_alumacc'.
Generating RTLIL representation for module `\$__div_mod_u'.
Generating RTLIL representation for module `\$__div_mod_trunc'.
Generating RTLIL representation for module `\_90_div'.
Generating RTLIL representation for module `\_90_mod'.
Generating RTLIL representation for module `\$__div_mod_floor'.
Generating RTLIL representation for module `\_90_divfloor'.
Generating RTLIL representation for module `\_90_modfloor'.
Generating RTLIL representation for module `\_90_pow'.
Generating RTLIL representation for module `\_90_pmux'.
Generating RTLIL representation for module `\_90_demux'.
Generating RTLIL representation for module `\_90_lut'.
Successfully finished Verilog frontend.

4.130.2. Executing Verilog-2005 frontend: /nfs_eda_sw/softwares/Raptor/instl_dir/11_15_2024_09_15_02/bin/../share/yosys/rapidsilicon/genesis3/arith_map.v
Parsing Verilog input from `/nfs_eda_sw/softwares/Raptor/instl_dir/11_15_2024_09_15_02/bin/../share/yosys/rapidsilicon/genesis3/arith_map.v' to AST representation.
Generating RTLIL representation for module `\_80_rs_alu'.
Successfully finished Verilog frontend.

4.130.3. Continuing TECHMAP pass.
Using extmapper simplemap for cells of type $mux.
Using extmapper simplemap for cells of type $logic_not.
Using extmapper simplemap for cells of type $eq.
Using extmapper simplemap for cells of type $dff.
Using extmapper simplemap for cells of type $and.
Using extmapper simplemap for cells of type $reduce_or.
Using extmapper simplemap for cells of type $or.
No more expansions possible.
<suppressed ~132 debug messages>

4.131. Printing statistics.

=== and2 ===

   Number of wires:                163
   Number of wire bits:            235
   Number of public wires:          62
   Number of public wire bits:      95
   Number of ports:                  5
   Number of port bits:              7
   Number of memories:               0
   Number of memory bits:            0
   Number of processes:              0
   Number of cells:                150
     $_AND_                          8
     $_DFF_P_                        8
     $_MUX_                         23
     $_NOT_                          9
     $_OR_                          71
     $_XOR_                         21
     $scopeinfo                     10

4.132. Executing OPT_EXPR pass (perform const folding).
Optimizing module and2.
<suppressed ~28 debug messages>

4.133. Executing OPT_MERGE pass (detect identical cells).
Finding identical cells in module `\and2'.
<suppressed ~120 debug messages>
Removed a total of 40 cells.

4.134. Executing OPT_MUXTREE pass (detect dead branches in mux trees).
Running muxtree optimizer on module \and2..
  Creating internal representation of mux trees.
  No muxes found in this module.
Removed 0 multiplexer ports.

4.135. Executing OPT_REDUCE pass (consolidate $*mux and $reduce_* inputs).
  Optimizing cells in module \and2.
Performed a total of 0 changes.

4.136. Executing OPT_MERGE pass (detect identical cells).
Finding identical cells in module `\and2'.
Removed a total of 0 cells.

4.137. Executing OPT_SHARE pass.

4.138. Executing OPT_DFF pass (perform DFF optimizations).
[#visit=8, #solve=0, #remove=0, time=0.00 sec.]

4.139. Executing OPT_CLEAN pass (remove unused cells and wires).
Finding unused cells or wires in module \and2..
Removed 2 unused cells and 64 unused wires.
<suppressed ~3 debug messages>

4.140. Executing OPT_EXPR pass (perform const folding).
Optimizing module and2.

4.141. Executing OPT_MUXTREE pass (detect dead branches in mux trees).
Running muxtree optimizer on module \and2..
  Creating internal representation of mux trees.
  No muxes found in this module.
Removed 0 multiplexer ports.

4.142. Executing OPT_REDUCE pass (consolidate $*mux and $reduce_* inputs).
  Optimizing cells in module \and2.
Performed a total of 0 changes.

4.143. Executing OPT_MERGE pass (detect identical cells).
Finding identical cells in module `\and2'.
Removed a total of 0 cells.

4.144. Executing OPT_SHARE pass.

4.145. Executing OPT_DFF pass (perform DFF optimizations).
[#visit=8, #solve=0, #remove=0, time=0.00 sec.]

4.146. Executing OPT_CLEAN pass (remove unused cells and wires).
Finding unused cells or wires in module \and2..

4.147. Executing OPT_EXPR pass (perform const folding).
Optimizing module and2.

RUN-OPT ITERATIONS DONE : 2

4.148. Executing OPT_EXPR pass (perform const folding).
Optimizing module and2.

4.149. Executing TECHMAP pass (map to technology primitives).

4.149.1. Executing Verilog-2005 frontend: /nfs_eda_sw/softwares/Raptor/instl_dir/11_15_2024_09_15_02/bin/../share/yosys/techmap.v
Parsing Verilog input from `/nfs_eda_sw/softwares/Raptor/instl_dir/11_15_2024_09_15_02/bin/../share/yosys/techmap.v' to AST representation.
Generating RTLIL representation for module `\_90_simplemap_bool_ops'.
Generating RTLIL representation for module `\_90_simplemap_reduce_ops'.
Generating RTLIL representation for module `\_90_simplemap_logic_ops'.
Generating RTLIL representation for module `\_90_simplemap_compare_ops'.
Generating RTLIL representation for module `\_90_simplemap_various'.
Generating RTLIL representation for module `\_90_simplemap_registers'.
Generating RTLIL representation for module `\_90_shift_ops_shr_shl_sshl_sshr'.
Generating RTLIL representation for module `\_90_shift_shiftx'.
Generating RTLIL representation for module `\_90_fa'.
Generating RTLIL representation for module `\_90_lcu_brent_kung'.
Generating RTLIL representation for module `\_90_alu'.
Generating RTLIL representation for module `\_90_macc'.
Generating RTLIL representation for module `\_90_alumacc'.
Generating RTLIL representation for module `\$__div_mod_u'.
Generating RTLIL representation for module `\$__div_mod_trunc'.
Generating RTLIL representation for module `\_90_div'.
Generating RTLIL representation for module `\_90_mod'.
Generating RTLIL representation for module `\$__div_mod_floor'.
Generating RTLIL representation for module `\_90_divfloor'.
Generating RTLIL representation for module `\_90_modfloor'.
Generating RTLIL representation for module `\_90_pow'.
Generating RTLIL representation for module `\_90_pmux'.
Generating RTLIL representation for module `\_90_demux'.
Generating RTLIL representation for module `\_90_lut'.
Successfully finished Verilog frontend.

4.149.2. Continuing TECHMAP pass.
No more expansions possible.
<suppressed ~73 debug messages>

4.150. Printing statistics.

=== and2 ===

   Number of wires:                111
   Number of wire bits:            164
   Number of public wires:          62
   Number of public wire bits:      95
   Number of ports:                  5
   Number of port bits:              7
   Number of memories:               0
   Number of memory bits:            0
   Number of processes:              0
   Number of cells:                 98
     $_AND_                          8
     $_DFF_P_                        8
     $_MUX_                         23
     $_NOT_                         11
     $_OR_                          38
     $scopeinfo                     10

4.151. Executing OPT_EXPR pass (perform const folding).
Optimizing module and2.

4.152. Executing OPT_MERGE pass (detect identical cells).
Finding identical cells in module `\and2'.
Removed a total of 0 cells.

4.153. Executing OPT_MUXTREE pass (detect dead branches in mux trees).
Running muxtree optimizer on module \and2..
  Creating internal representation of mux trees.
  No muxes found in this module.
Removed 0 multiplexer ports.

4.154. Executing OPT_REDUCE pass (consolidate $*mux and $reduce_* inputs).
  Optimizing cells in module \and2.
Performed a total of 0 changes.

4.155. Executing OPT_MERGE pass (detect identical cells).
Finding identical cells in module `\and2'.
Removed a total of 0 cells.

4.156. Executing OPT_DFF pass (perform DFF optimizations).
[#visit=8, #solve=0, #remove=0, time=0.00 sec.]

4.157. Executing OPT_CLEAN pass (remove unused cells and wires).
Finding unused cells or wires in module \and2..

4.158. Executing OPT_EXPR pass (perform const folding).
Optimizing module and2.

RUN-OPT ITERATIONS DONE : 1

4.159. Executing OPT_EXPR pass (perform const folding).
Optimizing module and2.

4.160. Executing OPT_MERGE pass (detect identical cells).
Finding identical cells in module `\and2'.
Removed a total of 0 cells.

4.161. Executing OPT_MUXTREE pass (detect dead branches in mux trees).
Running muxtree optimizer on module \and2..
  Creating internal representation of mux trees.
  No muxes found in this module.
Removed 0 multiplexer ports.

4.162. Executing OPT_REDUCE pass (consolidate $*mux and $reduce_* inputs).
  Optimizing cells in module \and2.
Performed a total of 0 changes.

4.163. Executing OPT_MERGE pass (detect identical cells).
Finding identical cells in module `\and2'.
Removed a total of 0 cells.

4.164. Executing OPT_DFF pass (perform DFF optimizations).
[#visit=8, #solve=0, #remove=0, time=0.00 sec.]

4.165. Executing OPT_CLEAN pass (remove unused cells and wires).
Finding unused cells or wires in module \and2..

4.166. Executing OPT_EXPR pass (perform const folding).
Optimizing module and2.

RUN-OPT ITERATIONS DONE : 1

4.167. Executing OPT_EXPR pass (perform const folding).
Optimizing module and2.

4.168. Executing OPT_MERGE pass (detect identical cells).
Finding identical cells in module `\and2'.
Removed a total of 0 cells.

4.169. Executing OPT_MUXTREE pass (detect dead branches in mux trees).
Running muxtree optimizer on module \and2..
  Creating internal representation of mux trees.
  No muxes found in this module.
Removed 0 multiplexer ports.

4.170. Executing OPT_REDUCE pass (consolidate $*mux and $reduce_* inputs).
  Optimizing cells in module \and2.
Performed a total of 0 changes.

4.171. Executing OPT_MERGE pass (detect identical cells).
Finding identical cells in module `\and2'.
Removed a total of 0 cells.

4.172. Executing OPT_DFF pass (perform DFF optimizations).
[#visit=8, #solve=0, #remove=0, time=0.00 sec.]

4.173. Executing OPT_DFF pass (perform DFF optimizations).
[#visit=8, #solve=8, #remove=0, time=0.00 sec.]

4.174. Executing OPT_CLEAN pass (remove unused cells and wires).
Finding unused cells or wires in module \and2..

4.175. Executing OPT_EXPR pass (perform const folding).
Optimizing module and2.

RUN-OPT ITERATIONS DONE : 1

4.176. Printing statistics.

=== and2 ===

   Number of wires:                111
   Number of wire bits:            164
   Number of public wires:          62
   Number of public wire bits:      95
   Number of ports:                  5
   Number of port bits:              7
   Number of memories:               0
   Number of memory bits:            0
   Number of processes:              0
   Number of cells:                 98
     $_AND_                          8
     $_DFF_P_                        8
     $_MUX_                         23
     $_NOT_                         11
     $_OR_                          38
     $scopeinfo                     10

   Number of Generic REGs:          8

ABC-DFF iteration : 1

4.177. Executing ABC pass (technology mapping using ABC).

4.177.1. Summary of detected clock domains:
  10 cells in clk={ }, en={ }, arst={ }, srst={ }
  88 cells in clk=\clock0, en={ }, arst={ }, srst={ }

  #logic partitions = 2

4.177.2. Extracting gate netlist of module `\and2' to `<abc-temp-dir>/input.blif'..
Found matching posedge clock domain: \clock0
Extracted 88 gates and 94 wires to a netlist network with 5 inputs and 9 outputs (dfl=1).

4.177.2.1. Executing ABC.
[Time = 0.07 sec.]

4.177.3. Extracting gate netlist of module `\and2' to `<abc-temp-dir>/input.blif'..
No matching clock domain found. Not extracting any FF cells.
Extracted 0 gates and 0 wires to a netlist network with 0 inputs and 0 outputs (dfl=1).
Don't call ABC as there is nothing to map.

4.178. Executing OPT_EXPR pass (perform const folding).
Optimizing module and2.

4.179. Executing OPT_MERGE pass (detect identical cells).
Finding identical cells in module `\and2'.
Removed a total of 0 cells.

4.180. Executing OPT_MUXTREE pass (detect dead branches in mux trees).
Running muxtree optimizer on module \and2..
  Creating internal representation of mux trees.
  No muxes found in this module.
Removed 0 multiplexer ports.

4.181. Executing OPT_REDUCE pass (consolidate $*mux and $reduce_* inputs).
  Optimizing cells in module \and2.
Performed a total of 0 changes.

4.182. Executing OPT_MERGE pass (detect identical cells).
Finding identical cells in module `\and2'.
Removed a total of 0 cells.

4.183. Executing OPT_SHARE pass.

4.184. Executing OPT_DFF pass (perform DFF optimizations).
[#visit=8, #solve=0, #remove=0, time=0.00 sec.]

4.185. Executing OPT_CLEAN pass (remove unused cells and wires).
Finding unused cells or wires in module \and2..
Removed 0 unused cells and 119 unused wires.
<suppressed ~49 debug messages>

4.186. Executing OPT_EXPR pass (perform const folding).
Optimizing module and2.

RUN-OPT ITERATIONS DONE : 1

ABC-DFF iteration : 2

4.187. Executing ABC pass (technology mapping using ABC).

4.187.1. Summary of detected clock domains:
  10 cells in clk={ }, en={ }, arst={ }, srst={ }
  58 cells in clk=\clock0, en={ }, arst={ }, srst={ }

  #logic partitions = 2

4.187.2. Extracting gate netlist of module `\and2' to `<abc-temp-dir>/input.blif'..
Found matching posedge clock domain: \clock0
Extracted 58 gates and 63 wires to a netlist network with 5 inputs and 9 outputs (dfl=1).

4.187.2.1. Executing ABC.
[Time = 0.06 sec.]

4.187.3. Extracting gate netlist of module `\and2' to `<abc-temp-dir>/input.blif'..
No matching clock domain found. Not extracting any FF cells.
Extracted 0 gates and 0 wires to a netlist network with 0 inputs and 0 outputs (dfl=1).
Don't call ABC as there is nothing to map.

4.188. Executing OPT_EXPR pass (perform const folding).
Optimizing module and2.

4.189. Executing OPT_MERGE pass (detect identical cells).
Finding identical cells in module `\and2'.
Removed a total of 0 cells.

4.190. Executing OPT_MUXTREE pass (detect dead branches in mux trees).
Running muxtree optimizer on module \and2..
  Creating internal representation of mux trees.
  No muxes found in this module.
Removed 0 multiplexer ports.

4.191. Executing OPT_REDUCE pass (consolidate $*mux and $reduce_* inputs).
  Optimizing cells in module \and2.
Performed a total of 0 changes.

4.192. Executing OPT_MERGE pass (detect identical cells).
Finding identical cells in module `\and2'.
Removed a total of 0 cells.

4.193. Executing OPT_SHARE pass.

4.194. Executing OPT_DFF pass (perform DFF optimizations).
[#visit=8, #solve=0, #remove=0, time=0.00 sec.]

4.195. Executing OPT_CLEAN pass (remove unused cells and wires).
Finding unused cells or wires in module \and2..
Removed 0 unused cells and 71 unused wires.
<suppressed ~1 debug messages>

4.196. Executing OPT_EXPR pass (perform const folding).
Optimizing module and2.

RUN-OPT ITERATIONS DONE : 1

ABC-DFF iteration : 3

4.197. Executing ABC pass (technology mapping using ABC).

4.197.1. Summary of detected clock domains:
  10 cells in clk={ }, en={ }, arst={ }, srst={ }
  58 cells in clk=\clock0, en={ }, arst={ }, srst={ }

  #logic partitions = 2

4.197.2. Extracting gate netlist of module `\and2' to `<abc-temp-dir>/input.blif'..
Found matching posedge clock domain: \clock0
Extracted 58 gates and 63 wires to a netlist network with 5 inputs and 9 outputs (dfl=2).

4.197.2.1. Executing ABC.
[Time = 0.07 sec.]

4.197.3. Extracting gate netlist of module `\and2' to `<abc-temp-dir>/input.blif'..
No matching clock domain found. Not extracting any FF cells.
Extracted 0 gates and 0 wires to a netlist network with 0 inputs and 0 outputs (dfl=2).
Don't call ABC as there is nothing to map.

4.198. Executing OPT_EXPR pass (perform const folding).
Optimizing module and2.

4.199. Executing OPT_MERGE pass (detect identical cells).
Finding identical cells in module `\and2'.
Removed a total of 0 cells.

4.200. Executing OPT_MUXTREE pass (detect dead branches in mux trees).
Running muxtree optimizer on module \and2..
  Creating internal representation of mux trees.
  No muxes found in this module.
Removed 0 multiplexer ports.

4.201. Executing OPT_REDUCE pass (consolidate $*mux and $reduce_* inputs).
  Optimizing cells in module \and2.
Performed a total of 0 changes.

4.202. Executing OPT_MERGE pass (detect identical cells).
Finding identical cells in module `\and2'.
Removed a total of 0 cells.

4.203. Executing OPT_SHARE pass.

4.204. Executing OPT_DFF pass (perform DFF optimizations).
[#visit=8, #solve=0, #remove=0, time=0.00 sec.]

4.205. Executing OPT_CLEAN pass (remove unused cells and wires).
Finding unused cells or wires in module \and2..
Removed 0 unused cells and 71 unused wires.
<suppressed ~1 debug messages>

4.206. Executing OPT_EXPR pass (perform const folding).
Optimizing module and2.

RUN-OPT ITERATIONS DONE : 1

ABC-DFF iteration : 4

4.207. Executing ABC pass (technology mapping using ABC).

4.207.1. Summary of detected clock domains:
  10 cells in clk={ }, en={ }, arst={ }, srst={ }
  30 cells in clk=\clock0, en={ }, arst={ }, srst={ }

  #logic partitions = 2

4.207.2. Extracting gate netlist of module `\and2' to `<abc-temp-dir>/input.blif'..
Found matching posedge clock domain: \clock0
Extracted 30 gates and 35 wires to a netlist network with 5 inputs and 9 outputs (dfl=2).

4.207.2.1. Executing ABC.
[Time = 0.07 sec.]

4.207.3. Extracting gate netlist of module `\and2' to `<abc-temp-dir>/input.blif'..
No matching clock domain found. Not extracting any FF cells.
Extracted 0 gates and 0 wires to a netlist network with 0 inputs and 0 outputs (dfl=2).
Don't call ABC as there is nothing to map.

4.208. Executing OPT_EXPR pass (perform const folding).
Optimizing module and2.

4.209. Executing OPT_MERGE pass (detect identical cells).
Finding identical cells in module `\and2'.
Removed a total of 0 cells.

4.210. Executing OPT_MUXTREE pass (detect dead branches in mux trees).
Running muxtree optimizer on module \and2..
  Creating internal representation of mux trees.
  No muxes found in this module.
Removed 0 multiplexer ports.

4.211. Executing OPT_REDUCE pass (consolidate $*mux and $reduce_* inputs).
  Optimizing cells in module \and2.
Performed a total of 0 changes.

4.212. Executing OPT_MERGE pass (detect identical cells).
Finding identical cells in module `\and2'.
Removed a total of 0 cells.

4.213. Executing OPT_SHARE pass.

4.214. Executing OPT_DFF pass (perform DFF optimizations).
[#visit=8, #solve=0, #remove=0, time=0.00 sec.]

4.215. Executing OPT_CLEAN pass (remove unused cells and wires).
Finding unused cells or wires in module \and2..
Removed 0 unused cells and 43 unused wires.
<suppressed ~1 debug messages>

4.216. Executing OPT_EXPR pass (perform const folding).
Optimizing module and2.

RUN-OPT ITERATIONS DONE : 1
select with DFL2 synthesis (thresh-logic=0.920000, thresh_dff=0.980000)

4.217. Executing OPT_FFINV pass (push inverters through FFs).
Discovering LUTs.
Pushed 0 inverters.

4.218. Executing OPT_EXPR pass (perform const folding).
Optimizing module and2.

4.219. Executing OPT_MERGE pass (detect identical cells).
Finding identical cells in module `\and2'.
Removed a total of 0 cells.

4.220. Executing OPT_MUXTREE pass (detect dead branches in mux trees).
Running muxtree optimizer on module \and2..
  Creating internal representation of mux trees.
  No muxes found in this module.
Removed 0 multiplexer ports.

4.221. Executing OPT_REDUCE pass (consolidate $*mux and $reduce_* inputs).
  Optimizing cells in module \and2.
Performed a total of 0 changes.

4.222. Executing OPT_MERGE pass (detect identical cells).
Finding identical cells in module `\and2'.
Removed a total of 0 cells.

4.223. Executing OPT_SHARE pass.

4.224. Executing OPT_DFF pass (perform DFF optimizations).
[#visit=8, #solve=0, #remove=0, time=0.00 sec.]

4.225. Executing OPT_CLEAN pass (remove unused cells and wires).
Finding unused cells or wires in module \and2..

4.226. Executing OPT_EXPR pass (perform const folding).
Optimizing module and2.

RUN-OPT ITERATIONS DONE : 1

4.227. Executing OPT_EXPR pass (perform const folding).
Optimizing module and2.

4.228. Executing OPT_MERGE pass (detect identical cells).
Finding identical cells in module `\and2'.
Removed a total of 0 cells.

4.229. Executing OPT_MUXTREE pass (detect dead branches in mux trees).
Running muxtree optimizer on module \and2..
  Creating internal representation of mux trees.
  No muxes found in this module.
Removed 0 multiplexer ports.

4.230. Executing OPT_REDUCE pass (consolidate $*mux and $reduce_* inputs).
  Optimizing cells in module \and2.
Performed a total of 0 changes.

4.231. Executing OPT_MERGE pass (detect identical cells).
Finding identical cells in module `\and2'.
Removed a total of 0 cells.

4.232. Executing OPT_SHARE pass.

4.233. Executing OPT_DFF pass (perform DFF optimizations).
[#visit=8, #solve=0, #remove=0, time=0.00 sec.]

4.234. Executing OPT_CLEAN pass (remove unused cells and wires).
Finding unused cells or wires in module \and2..

4.235. Executing OPT_EXPR pass (perform const folding).
Optimizing module and2.

RUN-OPT ITERATIONS DONE : 1

4.236. Executing OPT_EXPR pass (perform const folding).
Optimizing module and2.

4.237. Executing OPT_MERGE pass (detect identical cells).
Finding identical cells in module `\and2'.
Removed a total of 0 cells.

4.238. Executing OPT_MUXTREE pass (detect dead branches in mux trees).
Running muxtree optimizer on module \and2..
  Creating internal representation of mux trees.
  No muxes found in this module.
Removed 0 multiplexer ports.

4.239. Executing OPT_REDUCE pass (consolidate $*mux and $reduce_* inputs).
  Optimizing cells in module \and2.
Performed a total of 0 changes.

4.240. Executing OPT_MERGE pass (detect identical cells).
Finding identical cells in module `\and2'.
Removed a total of 0 cells.

4.241. Executing OPT_SHARE pass.

4.242. Executing OPT_DFF pass (perform DFF optimizations).
[#visit=8, #solve=0, #remove=0, time=0.00 sec.]

4.243. Executing OPT_DFF pass (perform DFF optimizations).
[#visit=8, #solve=8, #remove=0, time=0.00 sec.]

4.244. Executing OPT_CLEAN pass (remove unused cells and wires).
Finding unused cells or wires in module \and2..

4.245. Executing OPT_EXPR pass (perform const folding).
Optimizing module and2.

RUN-OPT ITERATIONS DONE : 1

4.246. Executing BMUXMAP pass.

4.247. Executing DEMUXMAP pass.

4.248. Executing SPLITNETS pass (splitting up multi-bit signals).

4.249. Executing ABC pass (technology mapping using ABC).

4.249.1. Extracting gate netlist of module `\and2' to `<abc-temp-dir>/input.blif'..
Extracted 30 gates and 43 wires to a netlist network with 13 inputs and 9 outputs (dfl=1).

4.249.1.1. Executing ABC.
DE:   Version : 7.7
DE:   #PIs =  13  #Luts =    11  Max Lvl =   2  Avg Lvl =   1.11  [   0.07 sec. at Pass 0]{firstMap}[1]
DE:   #PIs =  13  #Luts =    11  Max Lvl =   2  Avg Lvl =   1.11  [   0.12 sec. at Pass 1]{initMapFlow}[3]
DE:   #PIs =  13  #Luts =    11  Max Lvl =   2  Avg Lvl =   1.11  [   0.13 sec. at Pass 2]{map}[9]
DE:   #PIs =  13  #Luts =    11  Max Lvl =   2  Avg Lvl =   1.11  [   0.17 sec. at Pass 3]{postMap}[18]
DE:   #PIs =  13  #Luts =    11  Max Lvl =   2  Avg Lvl =   1.11  [   0.32 sec. at Pass 4]{map}[54]
DE:   #PIs =  13  #Luts =    11  Max Lvl =   2  Avg Lvl =   1.11  [   0.78 sec. at Pass 5]{postMap}[100]
DE:   #PIs =  13  #Luts =    11  Max Lvl =   2  Avg Lvl =   1.11  [   0.70 sec. at Pass 6]{pushMap}[100]
DE:   #PIs =  13  #Luts =    11  Max Lvl =   2  Avg Lvl =   1.11  [   0.66 sec. at Pass 7]{pushMap}[100]
DE:   #PIs =  13  #Luts =    11  Max Lvl =   2  Avg Lvl =   1.11  [   0.67 sec. at Pass 7]{pushMap}[100]
DE:   #PIs =  13  #Luts =    11  Max Lvl =   2  Avg Lvl =   1.11  [   0.64 sec. at Pass 8]{finalMap}[100]
DE:   
DE:   total time =    4.37 sec.
[Time = 6.43 sec.]

4.250. Executing OPT_EXPR pass (perform const folding).
Optimizing module and2.

4.251. Executing OPT_MERGE pass (detect identical cells).
Finding identical cells in module `\and2'.
Removed a total of 0 cells.

4.252. Executing OPT_MUXTREE pass (detect dead branches in mux trees).
Running muxtree optimizer on module \and2..
  Creating internal representation of mux trees.
  No muxes found in this module.
Removed 0 multiplexer ports.

4.253. Executing OPT_REDUCE pass (consolidate $*mux and $reduce_* inputs).
  Optimizing cells in module \and2.
Performed a total of 0 changes.

4.254. Executing OPT_MERGE pass (detect identical cells).
Finding identical cells in module `\and2'.
Removed a total of 0 cells.

4.255. Executing OPT_SHARE pass.

4.256. Executing OPT_DFF pass (perform DFF optimizations).
[#visit=8, #solve=0, #remove=0, time=0.00 sec.]

4.257. Executing OPT_CLEAN pass (remove unused cells and wires).
Finding unused cells or wires in module \and2..
Removed 0 unused cells and 43 unused wires.
<suppressed ~1 debug messages>

4.258. Executing OPT_EXPR pass (perform const folding).
Optimizing module and2.

RUN-OPT ITERATIONS DONE : 1

4.259. Executing OPT_FFINV pass (push inverters through FFs).
Discovering LUTs.
Pushed 0 inverters.

4.260. Executing OPT_EXPR pass (perform const folding).
Optimizing module and2.

4.261. Executing OPT_MERGE pass (detect identical cells).
Finding identical cells in module `\and2'.
Removed a total of 0 cells.

4.262. Executing OPT_MUXTREE pass (detect dead branches in mux trees).
Running muxtree optimizer on module \and2..
  Creating internal representation of mux trees.
  No muxes found in this module.
Removed 0 multiplexer ports.

4.263. Executing OPT_REDUCE pass (consolidate $*mux and $reduce_* inputs).
  Optimizing cells in module \and2.
Performed a total of 0 changes.

4.264. Executing OPT_MERGE pass (detect identical cells).
Finding identical cells in module `\and2'.
Removed a total of 0 cells.

4.265. Executing OPT_SHARE pass.

4.266. Executing OPT_DFF pass (perform DFF optimizations).
[#visit=8, #solve=0, #remove=0, time=0.00 sec.]

4.267. Executing OPT_CLEAN pass (remove unused cells and wires).
Finding unused cells or wires in module \and2..

4.268. Executing OPT_EXPR pass (perform const folding).
Optimizing module and2.

RUN-OPT ITERATIONS DONE : 1

4.269. Executing OPT_EXPR pass (perform const folding).
Optimizing module and2.

4.270. Executing OPT_MERGE pass (detect identical cells).
Finding identical cells in module `\and2'.
Removed a total of 0 cells.

4.271. Executing OPT_MUXTREE pass (detect dead branches in mux trees).
Running muxtree optimizer on module \and2..
  Creating internal representation of mux trees.
  No muxes found in this module.
Removed 0 multiplexer ports.

4.272. Executing OPT_REDUCE pass (consolidate $*mux and $reduce_* inputs).
  Optimizing cells in module \and2.
Performed a total of 0 changes.

4.273. Executing OPT_MERGE pass (detect identical cells).
Finding identical cells in module `\and2'.
Removed a total of 0 cells.

4.274. Executing OPT_SHARE pass.

4.275. Executing OPT_DFF pass (perform DFF optimizations).
[#visit=8, #solve=0, #remove=0, time=0.00 sec.]

4.276. Executing OPT_DFF pass (perform DFF optimizations).
[#visit=8, #solve=8, #remove=0, time=0.00 sec.]

4.277. Executing OPT_CLEAN pass (remove unused cells and wires).
Finding unused cells or wires in module \and2..

4.278. Executing OPT_EXPR pass (perform const folding).
Optimizing module and2.

RUN-OPT ITERATIONS DONE : 1

4.279. Printing statistics.

=== and2 ===

   Number of wires:                 24
   Number of wire bits:             57
   Number of public wires:          14
   Number of public wire bits:      47
   Number of ports:                  5
   Number of port bits:              7
   Number of memories:               0
   Number of memory bits:            0
   Number of processes:              0
   Number of cells:                 29
     $_DFF_P_                        8
     $lut                           11
     $scopeinfo                     10

4.280. Executing DFFLEGALIZE pass (convert FFs to types supported by the target).

4.281. Executing RS_DFFSR_CONV pass.

4.282. Printing statistics.

=== and2 ===

   Number of wires:                 24
   Number of wire bits:             57
   Number of public wires:          14
   Number of public wire bits:      47
   Number of ports:                  5
   Number of port bits:              7
   Number of memories:               0
   Number of memory bits:            0
   Number of processes:              0
   Number of cells:                 29
     $_DFF_P_                        8
     $lut                           11
     $scopeinfo                     10

4.283. Executing TECHMAP pass (map to technology primitives).

4.283.1. Executing Verilog-2005 frontend: /nfs_eda_sw/softwares/Raptor/instl_dir/11_15_2024_09_15_02/bin/../share/yosys/techmap.v
Parsing Verilog input from `/nfs_eda_sw/softwares/Raptor/instl_dir/11_15_2024_09_15_02/bin/../share/yosys/techmap.v' to AST representation.
Generating RTLIL representation for module `\_90_simplemap_bool_ops'.
Generating RTLIL representation for module `\_90_simplemap_reduce_ops'.
Generating RTLIL representation for module `\_90_simplemap_logic_ops'.
Generating RTLIL representation for module `\_90_simplemap_compare_ops'.
Generating RTLIL representation for module `\_90_simplemap_various'.
Generating RTLIL representation for module `\_90_simplemap_registers'.
Generating RTLIL representation for module `\_90_shift_ops_shr_shl_sshl_sshr'.
Generating RTLIL representation for module `\_90_shift_shiftx'.
Generating RTLIL representation for module `\_90_fa'.
Generating RTLIL representation for module `\_90_lcu_brent_kung'.
Generating RTLIL representation for module `\_90_alu'.
Generating RTLIL representation for module `\_90_macc'.
Generating RTLIL representation for module `\_90_alumacc'.
Generating RTLIL representation for module `\$__div_mod_u'.
Generating RTLIL representation for module `\$__div_mod_trunc'.
Generating RTLIL representation for module `\_90_div'.
Generating RTLIL representation for module `\_90_mod'.
Generating RTLIL representation for module `\$__div_mod_floor'.
Generating RTLIL representation for module `\_90_divfloor'.
Generating RTLIL representation for module `\_90_modfloor'.
Generating RTLIL representation for module `\_90_pow'.
Generating RTLIL representation for module `\_90_pmux'.
Generating RTLIL representation for module `\_90_demux'.
Generating RTLIL representation for module `\_90_lut'.
Successfully finished Verilog frontend.

4.283.2. Executing Verilog-2005 frontend: /nfs_eda_sw/softwares/Raptor/instl_dir/11_15_2024_09_15_02/bin/../share/yosys/rapidsilicon/genesis3/ffs_map.v
Parsing Verilog input from `/nfs_eda_sw/softwares/Raptor/instl_dir/11_15_2024_09_15_02/bin/../share/yosys/rapidsilicon/genesis3/ffs_map.v' to AST representation.
Generating RTLIL representation for module `\$_DFF_P_'.
Generating RTLIL representation for module `\$_DFF_PP0_'.
Generating RTLIL representation for module `\$_DFF_PN0_'.
Generating RTLIL representation for module `\$_DFF_PP1_'.
Generating RTLIL representation for module `\$_DFF_PN1_'.
Generating RTLIL representation for module `\$_DFFE_PP_'.
Generating RTLIL representation for module `\$_DFFE_PN_'.
Generating RTLIL representation for module `\$_DFFE_PP0P_'.
Generating RTLIL representation for module `\$_DFFE_PP0N_'.
Generating RTLIL representation for module `\$_DFFE_PN0P_'.
Generating RTLIL representation for module `\$_DFFE_PN0N_'.
Generating RTLIL representation for module `\$_DFFE_PP1P_'.
Generating RTLIL representation for module `\$_DFFE_PP1N_'.
Generating RTLIL representation for module `\$_DFFE_PN1P_'.
Generating RTLIL representation for module `\$_DFFE_PN1N_'.
Generating RTLIL representation for module `\$_DFF_N_'.
Generating RTLIL representation for module `\$_DFF_NP0_'.
Generating RTLIL representation for module `\$_DFF_NN0_'.
Generating RTLIL representation for module `\$_DFF_NP1_'.
Generating RTLIL representation for module `\$_DFF_NN1_'.
Generating RTLIL representation for module `\$_DFFE_NP_'.
Generating RTLIL representation for module `\$_DFFE_NN_'.
Generating RTLIL representation for module `\$_DFFE_NP0P_'.
Generating RTLIL representation for module `\$_DFFE_NP0N_'.
Generating RTLIL representation for module `\$_DFFE_NN0P_'.
Generating RTLIL representation for module `\$_DFFE_NN0N_'.
Generating RTLIL representation for module `\$_DFFE_NP1P_'.
Generating RTLIL representation for module `\$_DFFE_NP1N_'.
Generating RTLIL representation for module `\$_DFFE_NN1P_'.
Generating RTLIL representation for module `\$_DFFE_NN1N_'.
Generating RTLIL representation for module `\$__SHREG_DFF_P_'.
Generating RTLIL representation for module `\$_SDFF_PP0_'.
Generating RTLIL representation for module `\$_SDFF_PN0_'.
Generating RTLIL representation for module `\$_SDFF_NP0_'.
Generating RTLIL representation for module `\$_SDFF_NN0_'.
Generating RTLIL representation for module `\$_SDFF_PP1_'.
Generating RTLIL representation for module `\$_SDFF_PN1_'.
Generating RTLIL representation for module `\$_SDFF_NP1_'.
Generating RTLIL representation for module `\$_SDFF_NN1_'.
Generating RTLIL representation for module `\$_DLATCH_P_'.
Generating RTLIL representation for module `\$_DLATCH_N_'.
Generating RTLIL representation for module `\$_DLATCH_PP0_'.
Generating RTLIL representation for module `\$_DLATCH_PN0_'.
Generating RTLIL representation for module `\$_DLATCH_NP0_'.
Generating RTLIL representation for module `\$_DLATCH_NN0_'.
Generating RTLIL representation for module `\$_DLATCH_PP1_'.
Generating RTLIL representation for module `\$_DLATCH_PN1_'.
Generating RTLIL representation for module `\$_DLATCH_NP1_'.
Generating RTLIL representation for module `\$_DLATCH_NN1_'.
Successfully finished Verilog frontend.

4.283.3. Continuing TECHMAP pass.
Using extmapper simplemap for cells of type $lut.
No more expansions possible.
<suppressed ~141 debug messages>

4.284. Executing OPT_EXPR pass (perform const folding).
Optimizing module and2.
<suppressed ~279 debug messages>

4.285. Executing SIMPLEMAP pass (map simple cells to gate primitives).

4.286. Executing OPT_EXPR pass (perform const folding).
Optimizing module and2.

4.287. Executing OPT_MERGE pass (detect identical cells).
Finding identical cells in module `\and2'.
<suppressed ~114 debug messages>
Removed a total of 38 cells.

4.288. Executing OPT_DFF pass (perform DFF optimizations).
[#visit=0, #solve=0, #remove=0, time=0.00 sec.]

4.289. Executing OPT_CLEAN pass (remove unused cells and wires).
Finding unused cells or wires in module \and2..
Removed 0 unused cells and 41 unused wires.
<suppressed ~1 debug messages>

4.290. Executing OPT_EXPR pass (perform const folding).
Optimizing module and2.
<suppressed ~13 debug messages>

4.291. Executing OPT_MERGE pass (detect identical cells).
Finding identical cells in module `\and2'.
Removed a total of 0 cells.

4.292. Executing OPT_MUXTREE pass (detect dead branches in mux trees).
Running muxtree optimizer on module \and2..
  Creating internal representation of mux trees.
  No muxes found in this module.
Removed 0 multiplexer ports.

4.293. Executing OPT_REDUCE pass (consolidate $*mux and $reduce_* inputs).
  Optimizing cells in module \and2.
Performed a total of 0 changes.

4.294. Executing OPT_MERGE pass (detect identical cells).
Finding identical cells in module `\and2'.
Removed a total of 0 cells.

4.295. Executing OPT_SHARE pass.

4.296. Executing OPT_DFF pass (perform DFF optimizations).
[#visit=0, #solve=0, #remove=0, time=0.00 sec.]

4.297. Executing OPT_CLEAN pass (remove unused cells and wires).
Finding unused cells or wires in module \and2..

4.298. Executing OPT_EXPR pass (perform const folding).
Optimizing module and2.

RUN-OPT ITERATIONS DONE : 1

4.299. Executing TECHMAP pass (map to technology primitives).

4.299.1. Executing Verilog-2005 frontend: /nfs_eda_sw/softwares/Raptor/instl_dir/11_15_2024_09_15_02/bin/../share/yosys/techmap.v
Parsing Verilog input from `/nfs_eda_sw/softwares/Raptor/instl_dir/11_15_2024_09_15_02/bin/../share/yosys/techmap.v' to AST representation.
Generating RTLIL representation for module `\_90_simplemap_bool_ops'.
Generating RTLIL representation for module `\_90_simplemap_reduce_ops'.
Generating RTLIL representation for module `\_90_simplemap_logic_ops'.
Generating RTLIL representation for module `\_90_simplemap_compare_ops'.
Generating RTLIL representation for module `\_90_simplemap_various'.
Generating RTLIL representation for module `\_90_simplemap_registers'.
Generating RTLIL representation for module `\_90_shift_ops_shr_shl_sshl_sshr'.
Generating RTLIL representation for module `\_90_shift_shiftx'.
Generating RTLIL representation for module `\_90_fa'.
Generating RTLIL representation for module `\_90_lcu_brent_kung'.
Generating RTLIL representation for module `\_90_alu'.
Generating RTLIL representation for module `\_90_macc'.
Generating RTLIL representation for module `\_90_alumacc'.
Generating RTLIL representation for module `\$__div_mod_u'.
Generating RTLIL representation for module `\$__div_mod_trunc'.
Generating RTLIL representation for module `\_90_div'.
Generating RTLIL representation for module `\_90_mod'.
Generating RTLIL representation for module `\$__div_mod_floor'.
Generating RTLIL representation for module `\_90_divfloor'.
Generating RTLIL representation for module `\_90_modfloor'.
Generating RTLIL representation for module `\_90_pow'.
Generating RTLIL representation for module `\_90_pmux'.
Generating RTLIL representation for module `\_90_demux'.
Generating RTLIL representation for module `\_90_lut'.
Successfully finished Verilog frontend.

4.299.2. Continuing TECHMAP pass.
No more expansions possible.
<suppressed ~73 debug messages>

4.300. Executing ABC pass (technology mapping using ABC).

4.300.1. Extracting gate netlist of module `\and2' to `<abc-temp-dir>/input.blif'..
Extracted 51 gates and 65 wires to a netlist network with 13 inputs and 9 outputs (dfl=1).

4.300.1.1. Executing ABC.
DE:   Version : 7.7
DE:   #PIs =  13  #Luts =    11  Max Lvl =   2  Avg Lvl =   1.11  [   0.10 sec. at Pass 0]{firstMap}[1]
DE:   #PIs =  13  #Luts =    11  Max Lvl =   2  Avg Lvl =   1.11  [   0.12 sec. at Pass 1]{initMapFlow}[3]
DE:   #PIs =  13  #Luts =    11  Max Lvl =   2  Avg Lvl =   1.11  [   0.12 sec. at Pass 2]{map}[9]
DE:   #PIs =  13  #Luts =    11  Max Lvl =   2  Avg Lvl =   1.11  [   0.19 sec. at Pass 3]{postMap}[18]
DE:   #PIs =  13  #Luts =    11  Max Lvl =   2  Avg Lvl =   1.11  [   0.30 sec. at Pass 4]{map}[54]
DE:   #PIs =  13  #Luts =    11  Max Lvl =   2  Avg Lvl =   1.11  [   0.76 sec. at Pass 5]{postMap}[100]
DE:   #PIs =  13  #Luts =    11  Max Lvl =   2  Avg Lvl =   1.11  [   0.71 sec. at Pass 6]{pushMap}[100]
DE:   #PIs =  13  #Luts =    11  Max Lvl =   2  Avg Lvl =   1.11  [   0.73 sec. at Pass 7]{pushMap}[100]
DE:   #PIs =  13  #Luts =    11  Max Lvl =   2  Avg Lvl =   1.11  [   0.68 sec. at Pass 7]{pushMap}[100]
DE:   #PIs =  13  #Luts =    11  Max Lvl =   2  Avg Lvl =   1.11  [   0.66 sec. at Pass 8]{finalMap}[100]
DE:   
DE:   total time =    4.54 sec.
[Time = 6.60 sec.]

4.301. Executing OPT_EXPR pass (perform const folding).
Optimizing module and2.

4.302. Executing OPT_MERGE pass (detect identical cells).
Finding identical cells in module `\and2'.
Removed a total of 0 cells.

4.303. Executing OPT_MUXTREE pass (detect dead branches in mux trees).
Running muxtree optimizer on module \and2..
  Creating internal representation of mux trees.
  No muxes found in this module.
Removed 0 multiplexer ports.

4.304. Executing OPT_REDUCE pass (consolidate $*mux and $reduce_* inputs).
  Optimizing cells in module \and2.
Performed a total of 0 changes.

4.305. Executing OPT_MERGE pass (detect identical cells).
Finding identical cells in module `\and2'.
Removed a total of 0 cells.

4.306. Executing OPT_SHARE pass.

4.307. Executing OPT_DFF pass (perform DFF optimizations).
[#visit=0, #solve=0, #remove=0, time=0.00 sec.]

4.308. Executing OPT_CLEAN pass (remove unused cells and wires).
Finding unused cells or wires in module \and2..
Removed 0 unused cells and 62 unused wires.
<suppressed ~1 debug messages>

4.309. Executing OPT_EXPR pass (perform const folding).
Optimizing module and2.

RUN-OPT ITERATIONS DONE : 1

4.310. Executing HIERARCHY pass (managing design hierarchy).

4.310.1. Analyzing design hierarchy..
Top module:  \and2

4.310.2. Analyzing design hierarchy..
Top module:  \and2
Removed 0 unused modules.

4.311. Executing OPT_CLEAN pass (remove unused cells and wires).
Finding unused cells or wires in module \and2..
Removed 10 unused cells and 1 unused wires.
<suppressed ~11 debug messages>

4.312. Executing Verilog-2005 frontend: /nfs_eda_sw/softwares/Raptor/instl_dir/11_15_2024_09_15_02/bin/../share/yosys/rapidsilicon/genesis3/io_cells_map1.v
Parsing SystemVerilog input from `/nfs_eda_sw/softwares/Raptor/instl_dir/11_15_2024_09_15_02/bin/../share/yosys/rapidsilicon/genesis3/io_cells_map1.v' to AST representation.
Generating RTLIL representation for module `\rs__CLK_BUF'.
Generating RTLIL representation for module `\rs__I_BUF'.
Generating RTLIL representation for module `\rs__O_BUF'.
Generating RTLIL representation for module `\rs__IO_BUF'.
Generating RTLIL representation for module `\rs__O_BUFT'.
Successfully finished Verilog frontend.

4.313. Executing Verilog-2005 frontend: /nfs_eda_sw/softwares/Raptor/instl_dir/11_15_2024_09_15_02/bin/../share/yosys/rapidsilicon/genesis3/FPGA_PRIMITIVES_MODELS/blackbox_models/cell_sim_blackbox.v
Parsing SystemVerilog input from `/nfs_eda_sw/softwares/Raptor/instl_dir/11_15_2024_09_15_02/bin/../share/yosys/rapidsilicon/genesis3/FPGA_PRIMITIVES_MODELS/blackbox_models/cell_sim_blackbox.v' to AST representation.
Replacing existing blackbox module `\BOOT_CLOCK' at /nfs_eda_sw/softwares/Raptor/instl_dir/11_15_2024_09_15_02/bin/../share/yosys/rapidsilicon/genesis3/FPGA_PRIMITIVES_MODELS/blackbox_models/cell_sim_blackbox.v:9.1-14.10.
Generating RTLIL representation for module `\BOOT_CLOCK'.
Replacing existing blackbox module `\CARRY' at /nfs_eda_sw/softwares/Raptor/instl_dir/11_15_2024_09_15_02/bin/../share/yosys/rapidsilicon/genesis3/FPGA_PRIMITIVES_MODELS/blackbox_models/cell_sim_blackbox.v:24.1-31.10.
Generating RTLIL representation for module `\CARRY'.
Replacing existing blackbox module `\CLK_BUF' at /nfs_eda_sw/softwares/Raptor/instl_dir/11_15_2024_09_15_02/bin/../share/yosys/rapidsilicon/genesis3/FPGA_PRIMITIVES_MODELS/blackbox_models/cell_sim_blackbox.v:41.1-46.10.
Generating RTLIL representation for module `\CLK_BUF'.
Replacing existing blackbox module `\DFFNRE' at /nfs_eda_sw/softwares/Raptor/instl_dir/11_15_2024_09_15_02/bin/../share/yosys/rapidsilicon/genesis3/FPGA_PRIMITIVES_MODELS/blackbox_models/cell_sim_blackbox.v:56.1-64.10.
Generating RTLIL representation for module `\DFFNRE'.
Replacing existing blackbox module `\DFFRE' at /nfs_eda_sw/softwares/Raptor/instl_dir/11_15_2024_09_15_02/bin/../share/yosys/rapidsilicon/genesis3/FPGA_PRIMITIVES_MODELS/blackbox_models/cell_sim_blackbox.v:74.1-82.10.
Generating RTLIL representation for module `\DFFRE'.
Replacing existing blackbox module `\DLY_SEL_DECODER' at /nfs_eda_sw/softwares/Raptor/instl_dir/11_15_2024_09_15_02/bin/../share/yosys/rapidsilicon/genesis3/FPGA_PRIMITIVES_MODELS/blackbox_models/cell_sim_blackbox.v:92.1-118.10.
Generating RTLIL representation for module `\DLY_SEL_DECODER'.
Replacing existing blackbox module `\DLY_VALUE_MUX' at /nfs_eda_sw/softwares/Raptor/instl_dir/11_15_2024_09_15_02/bin/../share/yosys/rapidsilicon/genesis3/FPGA_PRIMITIVES_MODELS/blackbox_models/cell_sim_blackbox.v:128.1-152.10.
Generating RTLIL representation for module `\DLY_VALUE_MUX'.
Replacing existing blackbox module `\DSP19X2' at /nfs_eda_sw/softwares/Raptor/instl_dir/11_15_2024_09_15_02/bin/../share/yosys/rapidsilicon/genesis3/FPGA_PRIMITIVES_MODELS/blackbox_models/cell_sim_blackbox.v:162.1-196.10.
Generating RTLIL representation for module `\DSP19X2'.
Replacing existing blackbox module `\DSP38' at /nfs_eda_sw/softwares/Raptor/instl_dir/11_15_2024_09_15_02/bin/../share/yosys/rapidsilicon/genesis3/FPGA_PRIMITIVES_MODELS/blackbox_models/cell_sim_blackbox.v:206.1-232.10.
Generating RTLIL representation for module `\DSP38'.
Replacing existing blackbox module `\FCLK_BUF' at /nfs_eda_sw/softwares/Raptor/instl_dir/11_15_2024_09_15_02/bin/../share/yosys/rapidsilicon/genesis3/FPGA_PRIMITIVES_MODELS/blackbox_models/cell_sim_blackbox.v:242.1-246.10.
Generating RTLIL representation for module `\FCLK_BUF'.
Replacing existing blackbox module `\FIFO18KX2' at /nfs_eda_sw/softwares/Raptor/instl_dir/11_15_2024_09_15_02/bin/../share/yosys/rapidsilicon/genesis3/FPGA_PRIMITIVES_MODELS/blackbox_models/cell_sim_blackbox.v:256.1-303.10.
Generating RTLIL representation for module `\FIFO18KX2'.
Replacing existing blackbox module `\FIFO36K' at /nfs_eda_sw/softwares/Raptor/instl_dir/11_15_2024_09_15_02/bin/../share/yosys/rapidsilicon/genesis3/FPGA_PRIMITIVES_MODELS/blackbox_models/cell_sim_blackbox.v:313.1-338.10.
Generating RTLIL representation for module `\FIFO36K'.
Replacing existing blackbox module `\I_BUF_DS' at /nfs_eda_sw/softwares/Raptor/instl_dir/11_15_2024_09_15_02/bin/../share/yosys/rapidsilicon/genesis3/FPGA_PRIMITIVES_MODELS/blackbox_models/cell_sim_blackbox.v:348.1-360.10.
Generating RTLIL representation for module `\I_BUF_DS'.
Replacing existing blackbox module `\I_BUF' at /nfs_eda_sw/softwares/Raptor/instl_dir/11_15_2024_09_15_02/bin/../share/yosys/rapidsilicon/genesis3/FPGA_PRIMITIVES_MODELS/blackbox_models/cell_sim_blackbox.v:370.1-379.10.
Generating RTLIL representation for module `\I_BUF'.
Replacing existing blackbox module `\I_DDR' at /nfs_eda_sw/softwares/Raptor/instl_dir/11_15_2024_09_15_02/bin/../share/yosys/rapidsilicon/genesis3/FPGA_PRIMITIVES_MODELS/blackbox_models/cell_sim_blackbox.v:389.1-397.10.
Generating RTLIL representation for module `\I_DDR'.
Replacing existing blackbox module `\I_DELAY' at /nfs_eda_sw/softwares/Raptor/instl_dir/11_15_2024_09_15_02/bin/../share/yosys/rapidsilicon/genesis3/FPGA_PRIMITIVES_MODELS/blackbox_models/cell_sim_blackbox.v:407.1-419.10.
Generating RTLIL representation for module `\I_DELAY'.
Replacing existing blackbox module `\I_FAB' at /nfs_eda_sw/softwares/Raptor/instl_dir/11_15_2024_09_15_02/bin/../share/yosys/rapidsilicon/genesis3/FPGA_PRIMITIVES_MODELS/blackbox_models/cell_sim_blackbox.v:429.1-433.10.
Generating RTLIL representation for module `\I_FAB'.
Replacing existing blackbox module `\I_SERDES' at /nfs_eda_sw/softwares/Raptor/instl_dir/11_15_2024_09_15_02/bin/../share/yosys/rapidsilicon/genesis3/FPGA_PRIMITIVES_MODELS/blackbox_models/cell_sim_blackbox.v:443.1-462.10.
Generating RTLIL representation for module `\I_SERDES'.
Replacing existing blackbox module `\LATCHNR' at /nfs_eda_sw/softwares/Raptor/instl_dir/11_15_2024_09_15_02/bin/../share/yosys/rapidsilicon/genesis3/FPGA_PRIMITIVES_MODELS/blackbox_models/cell_sim_blackbox.v:472.1-478.10.
Generating RTLIL representation for module `\LATCHNR'.
Replacing existing blackbox module `\LATCHNS' at /nfs_eda_sw/softwares/Raptor/instl_dir/11_15_2024_09_15_02/bin/../share/yosys/rapidsilicon/genesis3/FPGA_PRIMITIVES_MODELS/blackbox_models/cell_sim_blackbox.v:488.1-494.10.
Generating RTLIL representation for module `\LATCHNS'.
Replacing existing blackbox module `\LATCHN' at /nfs_eda_sw/softwares/Raptor/instl_dir/11_15_2024_09_15_02/bin/../share/yosys/rapidsilicon/genesis3/FPGA_PRIMITIVES_MODELS/blackbox_models/cell_sim_blackbox.v:504.1-509.10.
Generating RTLIL representation for module `\LATCHN'.
Replacing existing blackbox module `\LATCHR' at /nfs_eda_sw/softwares/Raptor/instl_dir/11_15_2024_09_15_02/bin/../share/yosys/rapidsilicon/genesis3/FPGA_PRIMITIVES_MODELS/blackbox_models/cell_sim_blackbox.v:519.1-525.10.
Generating RTLIL representation for module `\LATCHR'.
Replacing existing blackbox module `\LATCHS' at /nfs_eda_sw/softwares/Raptor/instl_dir/11_15_2024_09_15_02/bin/../share/yosys/rapidsilicon/genesis3/FPGA_PRIMITIVES_MODELS/blackbox_models/cell_sim_blackbox.v:535.1-541.10.
Generating RTLIL representation for module `\LATCHS'.
Replacing existing blackbox module `\LATCH' at /nfs_eda_sw/softwares/Raptor/instl_dir/11_15_2024_09_15_02/bin/../share/yosys/rapidsilicon/genesis3/FPGA_PRIMITIVES_MODELS/blackbox_models/cell_sim_blackbox.v:551.1-556.10.
Generating RTLIL representation for module `\LATCH'.
Replacing existing blackbox module `\LUT1' at /nfs_eda_sw/softwares/Raptor/instl_dir/11_15_2024_09_15_02/bin/../share/yosys/rapidsilicon/genesis3/FPGA_PRIMITIVES_MODELS/blackbox_models/cell_sim_blackbox.v:566.1-572.10.
Generating RTLIL representation for module `\LUT1'.
Replacing existing blackbox module `\LUT2' at /nfs_eda_sw/softwares/Raptor/instl_dir/11_15_2024_09_15_02/bin/../share/yosys/rapidsilicon/genesis3/FPGA_PRIMITIVES_MODELS/blackbox_models/cell_sim_blackbox.v:582.1-588.10.
Generating RTLIL representation for module `\LUT2'.
Replacing existing blackbox module `\LUT3' at /nfs_eda_sw/softwares/Raptor/instl_dir/11_15_2024_09_15_02/bin/../share/yosys/rapidsilicon/genesis3/FPGA_PRIMITIVES_MODELS/blackbox_models/cell_sim_blackbox.v:598.1-604.10.
Generating RTLIL representation for module `\LUT3'.
Replacing existing blackbox module `\LUT4' at /nfs_eda_sw/softwares/Raptor/instl_dir/11_15_2024_09_15_02/bin/../share/yosys/rapidsilicon/genesis3/FPGA_PRIMITIVES_MODELS/blackbox_models/cell_sim_blackbox.v:614.1-620.10.
Generating RTLIL representation for module `\LUT4'.
Replacing existing blackbox module `\LUT5' at /nfs_eda_sw/softwares/Raptor/instl_dir/11_15_2024_09_15_02/bin/../share/yosys/rapidsilicon/genesis3/FPGA_PRIMITIVES_MODELS/blackbox_models/cell_sim_blackbox.v:630.1-636.10.
Generating RTLIL representation for module `\LUT5'.
Replacing existing blackbox module `\LUT6' at /nfs_eda_sw/softwares/Raptor/instl_dir/11_15_2024_09_15_02/bin/../share/yosys/rapidsilicon/genesis3/FPGA_PRIMITIVES_MODELS/blackbox_models/cell_sim_blackbox.v:646.1-652.10.
Generating RTLIL representation for module `\LUT6'.
Replacing existing blackbox module `\MIPI_RX' at /nfs_eda_sw/softwares/Raptor/instl_dir/11_15_2024_09_15_02/bin/../share/yosys/rapidsilicon/genesis3/FPGA_PRIMITIVES_MODELS/blackbox_models/cell_sim_blackbox.v:662.1-688.10.
Generating RTLIL representation for module `\MIPI_RX'.
Replacing existing blackbox module `\MIPI_TX' at /nfs_eda_sw/softwares/Raptor/instl_dir/11_15_2024_09_15_02/bin/../share/yosys/rapidsilicon/genesis3/FPGA_PRIMITIVES_MODELS/blackbox_models/cell_sim_blackbox.v:698.1-725.10.
Generating RTLIL representation for module `\MIPI_TX'.
Replacing existing blackbox module `\O_BUF_DS' at /nfs_eda_sw/softwares/Raptor/instl_dir/11_15_2024_09_15_02/bin/../share/yosys/rapidsilicon/genesis3/FPGA_PRIMITIVES_MODELS/blackbox_models/cell_sim_blackbox.v:735.1-747.10.
Generating RTLIL representation for module `\O_BUF_DS'.
Replacing existing blackbox module `\O_BUFT_DS' at /nfs_eda_sw/softwares/Raptor/instl_dir/11_15_2024_09_15_02/bin/../share/yosys/rapidsilicon/genesis3/FPGA_PRIMITIVES_MODELS/blackbox_models/cell_sim_blackbox.v:757.1-769.10.
Generating RTLIL representation for module `\O_BUFT_DS'.
Replacing existing blackbox module `\O_BUFT' at /nfs_eda_sw/softwares/Raptor/instl_dir/11_15_2024_09_15_02/bin/../share/yosys/rapidsilicon/genesis3/FPGA_PRIMITIVES_MODELS/blackbox_models/cell_sim_blackbox.v:779.1-790.10.
Generating RTLIL representation for module `\O_BUFT'.
Replacing existing blackbox module `\O_BUF' at /nfs_eda_sw/softwares/Raptor/instl_dir/11_15_2024_09_15_02/bin/../share/yosys/rapidsilicon/genesis3/FPGA_PRIMITIVES_MODELS/blackbox_models/cell_sim_blackbox.v:800.1-811.10.
Generating RTLIL representation for module `\O_BUF'.
Replacing existing blackbox module `\O_DDR' at /nfs_eda_sw/softwares/Raptor/instl_dir/11_15_2024_09_15_02/bin/../share/yosys/rapidsilicon/genesis3/FPGA_PRIMITIVES_MODELS/blackbox_models/cell_sim_blackbox.v:821.1-829.10.
Generating RTLIL representation for module `\O_DDR'.
Replacing existing blackbox module `\O_DELAY' at /nfs_eda_sw/softwares/Raptor/instl_dir/11_15_2024_09_15_02/bin/../share/yosys/rapidsilicon/genesis3/FPGA_PRIMITIVES_MODELS/blackbox_models/cell_sim_blackbox.v:839.1-851.10.
Generating RTLIL representation for module `\O_DELAY'.
Replacing existing blackbox module `\O_FAB' at /nfs_eda_sw/softwares/Raptor/instl_dir/11_15_2024_09_15_02/bin/../share/yosys/rapidsilicon/genesis3/FPGA_PRIMITIVES_MODELS/blackbox_models/cell_sim_blackbox.v:861.1-865.10.
Generating RTLIL representation for module `\O_FAB'.
Replacing existing blackbox module `\O_SERDES_CLK' at /nfs_eda_sw/softwares/Raptor/instl_dir/11_15_2024_09_15_02/bin/../share/yosys/rapidsilicon/genesis3/FPGA_PRIMITIVES_MODELS/blackbox_models/cell_sim_blackbox.v:875.1-884.10.
Generating RTLIL representation for module `\O_SERDES_CLK'.
Replacing existing blackbox module `\O_SERDES' at /nfs_eda_sw/softwares/Raptor/instl_dir/11_15_2024_09_15_02/bin/../share/yosys/rapidsilicon/genesis3/FPGA_PRIMITIVES_MODELS/blackbox_models/cell_sim_blackbox.v:894.1-911.10.
Generating RTLIL representation for module `\O_SERDES'.
Replacing existing blackbox module `\PLL' at /nfs_eda_sw/softwares/Raptor/instl_dir/11_15_2024_09_15_02/bin/../share/yosys/rapidsilicon/genesis3/FPGA_PRIMITIVES_MODELS/blackbox_models/cell_sim_blackbox.v:921.1-939.10.
Generating RTLIL representation for module `\PLL'.
Replacing existing blackbox module `\SOC_FPGA_INTF_AHB_M' at /nfs_eda_sw/softwares/Raptor/instl_dir/11_15_2024_09_15_02/bin/../share/yosys/rapidsilicon/genesis3/FPGA_PRIMITIVES_MODELS/blackbox_models/cell_sim_blackbox.v:949.1-963.10.
Generating RTLIL representation for module `\SOC_FPGA_INTF_AHB_M'.
Replacing existing blackbox module `\SOC_FPGA_INTF_AHB_S' at /nfs_eda_sw/softwares/Raptor/instl_dir/11_15_2024_09_15_02/bin/../share/yosys/rapidsilicon/genesis3/FPGA_PRIMITIVES_MODELS/blackbox_models/cell_sim_blackbox.v:973.1-990.10.
Generating RTLIL representation for module `\SOC_FPGA_INTF_AHB_S'.
Replacing existing blackbox module `\SOC_FPGA_INTF_AXI_M0' at /nfs_eda_sw/softwares/Raptor/instl_dir/11_15_2024_09_15_02/bin/../share/yosys/rapidsilicon/genesis3/FPGA_PRIMITIVES_MODELS/blackbox_models/cell_sim_blackbox.v:1000.1-1039.10.
Generating RTLIL representation for module `\SOC_FPGA_INTF_AXI_M0'.
Replacing existing blackbox module `\SOC_FPGA_INTF_AXI_M1' at /nfs_eda_sw/softwares/Raptor/instl_dir/11_15_2024_09_15_02/bin/../share/yosys/rapidsilicon/genesis3/FPGA_PRIMITIVES_MODELS/blackbox_models/cell_sim_blackbox.v:1049.1-1088.10.
Generating RTLIL representation for module `\SOC_FPGA_INTF_AXI_M1'.
Replacing existing blackbox module `\SOC_FPGA_INTF_DMA' at /nfs_eda_sw/softwares/Raptor/instl_dir/11_15_2024_09_15_02/bin/../share/yosys/rapidsilicon/genesis3/FPGA_PRIMITIVES_MODELS/blackbox_models/cell_sim_blackbox.v:1098.1-1104.10.
Generating RTLIL representation for module `\SOC_FPGA_INTF_DMA'.
Replacing existing blackbox module `\SOC_FPGA_INTF_IRQ' at /nfs_eda_sw/softwares/Raptor/instl_dir/11_15_2024_09_15_02/bin/../share/yosys/rapidsilicon/genesis3/FPGA_PRIMITIVES_MODELS/blackbox_models/cell_sim_blackbox.v:1114.1-1120.10.
Generating RTLIL representation for module `\SOC_FPGA_INTF_IRQ'.
Replacing existing blackbox module `\SOC_FPGA_INTF_JTAG' at /nfs_eda_sw/softwares/Raptor/instl_dir/11_15_2024_09_15_02/bin/../share/yosys/rapidsilicon/genesis3/FPGA_PRIMITIVES_MODELS/blackbox_models/cell_sim_blackbox.v:1130.1-1138.10.
Generating RTLIL representation for module `\SOC_FPGA_INTF_JTAG'.
Replacing existing blackbox module `\SOC_FPGA_TEMPERATURE' at /nfs_eda_sw/softwares/Raptor/instl_dir/11_15_2024_09_15_02/bin/../share/yosys/rapidsilicon/genesis3/FPGA_PRIMITIVES_MODELS/blackbox_models/cell_sim_blackbox.v:1148.1-1156.10.
Generating RTLIL representation for module `\SOC_FPGA_TEMPERATURE'.
Replacing existing blackbox module `\TDP_RAM18KX2' at /nfs_eda_sw/softwares/Raptor/instl_dir/11_15_2024_09_15_02/bin/../share/yosys/rapidsilicon/genesis3/FPGA_PRIMITIVES_MODELS/blackbox_models/cell_sim_blackbox.v:1166.1-1221.10.
Generating RTLIL representation for module `\TDP_RAM18KX2'.
Replacing existing blackbox module `\TDP_RAM36K' at /nfs_eda_sw/softwares/Raptor/instl_dir/11_15_2024_09_15_02/bin/../share/yosys/rapidsilicon/genesis3/FPGA_PRIMITIVES_MODELS/blackbox_models/cell_sim_blackbox.v:1231.1-1260.10.
Generating RTLIL representation for module `\TDP_RAM36K'.
Successfully finished Verilog frontend.
 ***************************
   Inserting Input Buffers
 ***************************
WARNING: port '\a' has no associated I_BUF
WARNING: port '\b' has no associated I_BUF
WARNING: port '\clock0' has no associated I_BUF
WARNING: port '\id' has no associated I_BUF
 ***************************
   Inserting Clock Buffers
 ***************************
INFO: inserting CLK_BUF before '$ibuf_clock0'
 *****************************
   Inserting Output Buffers
 *****************************
WARNING: OUTPUT port '\c' has no associated O_BUF
 *****************************
   Mapping Tri-state Buffers  
 *****************************

4.314. Executing OPT_CLEAN pass (remove unused cells and wires).
Finding unused cells or wires in module \and2..

4.315. Executing TECHMAP pass (map to technology primitives).

4.315.1. Executing Verilog-2005 frontend: /nfs_eda_sw/softwares/Raptor/instl_dir/11_15_2024_09_15_02/bin/../share/yosys/rapidsilicon/genesis3/io_cell_final_map.v
Parsing Verilog input from `/nfs_eda_sw/softwares/Raptor/instl_dir/11_15_2024_09_15_02/bin/../share/yosys/rapidsilicon/genesis3/io_cell_final_map.v' to AST representation.
Generating RTLIL representation for module `\rs__CLK_BUF'.
Generating RTLIL representation for module `\rs__I_BUF'.
Generating RTLIL representation for module `\rs__O_BUF'.
Generating RTLIL representation for module `\rs__O_BUFT'.
Successfully finished Verilog frontend.

4.315.2. Continuing TECHMAP pass.
No more expansions possible.
<suppressed ~13 debug messages>

4.316. Executing OPT_CLEAN pass (remove unused cells and wires).
Finding unused cells or wires in module \and2..
Removed 0 unused cells and 21 unused wires.
<suppressed ~1 debug messages>

4.317. Printing statistics.

=== and2 ===

   Number of wires:                 29
   Number of wire bits:             33
   Number of public wires:          13
   Number of public wire bits:      15
   Number of ports:                  5
   Number of port bits:              7
   Number of memories:               0
   Number of memory bits:            0
   Number of processes:              0
   Number of cells:                 27
     $lut                           11
     CLK_BUF                         1
     DFFRE                           8
     I_BUF                           6
     O_BUF                           1

4.318. Executing TECHMAP pass (map to technology primitives).

4.318.1. Executing Verilog-2005 frontend: /nfs_eda_sw/softwares/Raptor/instl_dir/11_15_2024_09_15_02/bin/../share/yosys/rapidsilicon/genesis3/lut_map.v
Parsing Verilog input from `/nfs_eda_sw/softwares/Raptor/instl_dir/11_15_2024_09_15_02/bin/../share/yosys/rapidsilicon/genesis3/lut_map.v' to AST representation.
Generating RTLIL representation for module `\$lut'.
Successfully finished Verilog frontend.

4.318.2. Continuing TECHMAP pass.
No more expansions possible.
<suppressed ~105 debug messages>

4.319. Executing OPT_CLEAN pass (remove unused cells and wires).
Finding unused cells or wires in module \and2..
Removed 0 unused cells and 22 unused wires.
<suppressed ~1 debug messages>

4.320. Printing statistics.

=== and2 ===

   Number of wires:                 29
   Number of wire bits:             33
   Number of public wires:          13
   Number of public wire bits:      15
   Number of ports:                  5
   Number of port bits:              7
   Number of memories:               0
   Number of memory bits:            0
   Number of processes:              0
   Number of cells:                 27
     CLK_BUF                         1
     DFFRE                           8
     I_BUF                           6
     LUT3                            1
     LUT5                            8
     LUT6                            2
     O_BUF                           1

 *****************************
         Rewire_Obuft         
 *****************************

==========================
Post Design clean up ... 

Split to bits ... 

4.321. Executing SPLITNETS pass (splitting up multi-bit signals).

Split into bits ...     [0.00 sec.]
Building Sig2cells ...  [0.00 sec.]
Building Sig2sig ...    [0.00 sec.]
Backward clean up ...   [0.00 sec.]
Before cleanup :

4.322. Printing statistics.

=== and2 ===

   Number of wires:                 31
   Number of wire bits:             33
   Number of public wires:          13
   Number of public wire bits:      15
   Number of ports:                  5
   Number of port bits:              7
   Number of memories:               0
   Number of memory bits:            0
   Number of processes:              0
   Number of cells:                 27
     CLK_BUF                         1
     DFFRE                           8
     I_BUF                           6
     LUT3                            1
     LUT5                            8
     LUT6                            2
     O_BUFT                          1

 --------------------------
   Removed assigns : 0
   Removed wires   : 0
   Removed cells   : 0
 --------------------------
After cleanup :

4.323. Printing statistics.

=== and2 ===

   Number of wires:                 31
   Number of wire bits:             33
   Number of public wires:          13
   Number of public wire bits:      15
   Number of ports:                  5
   Number of port bits:              7
   Number of memories:               0
   Number of memory bits:            0
   Number of processes:              0
   Number of cells:                 27
     CLK_BUF                         1
     DFFRE                           8
     I_BUF                           6
     LUT3                            1
     LUT5                            8
     LUT6                            2
     O_BUFT                          1


Total time for 'obs_clean' ...   
 [0.00 sec.]

4.324. Executing SPLITNETS pass (splitting up multi-bit signals).

4.325. Executing HIERARCHY pass (managing design hierarchy).

4.325.1. Analyzing design hierarchy..
Top module:  \and2

4.325.2. Analyzing design hierarchy..
Top module:  \and2
Removed 0 unused modules.

Dumping port properties into 'netlist_info.json' file.

Inserting I_FAB/O_FAB cells ...


Inserting I_FAB/O_FAB cells done.

4.326. Printing statistics.

=== and2 ===

   Number of wires:                 32
   Number of wire bits:             34
   Number of public wires:          13
   Number of public wire bits:      15
   Number of ports:                  5
   Number of port bits:              7
   Number of memories:               0
   Number of memory bits:            0
   Number of processes:              0
   Number of cells:                 28
     CLK_BUF                         1
     DFFRE                           8
     I_BUF                           6
     LUT3                            1
     LUT5                            8
     LUT6                            2
     O_BUFT                          1
     O_FAB                           1

   Number of LUTs:                  11
   Number of REGs:                   8
   Number of CARRY ADDERs:           0

4.327. Executing Verilog backend.
Dumping module `\and2'.

# -------------------- 
# Core Synthesis done 
# -------------------- 

4.328. Executing Verilog backend.
Dumping module `\and2'.

4.328.1. Executing BLIF backend.
Extracting primitives

-- Running command `write_rtlil design.rtlil' --

4.328.2. Executing RTLIL backend.
Output filename: design.rtlil
Running SplitNets

4.328.3. Executing SPLITNETS pass (splitting up multi-bit signals).
Gathering Wires Data
Adding wires between directly connected input and output primitives
Upgrading fabric wires to ports
Handling I_BUF->Fabric->CLK_BUF
Handling Dangling outs
Deleting primitive cells and extra wires
Deleting non-primitive cells and upgrading wires to ports in interface module
Handling I_BUF->Fabric->CLK_BUF in interface module
Removing extra wires from interface module
Cleaning fabric netlist
Removed 0 unused cells and 1 unused wires.
Removing cells from wrapper module
Instantiating fabric and interface modules
Removing extra wires from wrapper module
Fixing wrapper ports
Flattening wrapper module

4.328.4. Executing FLATTEN pass (flatten design).
Deleting now unused module interface_and2.
<suppressed ~1 debug messages>
Removing extra assigns from wrapper module

4.328.5. Executing Verilog backend.
Dumping module `\and2'.

4.328.5.1. Executing BLIF backend.

4.328.5.2. Executing Verilog backend.
Dumping module `\and2'.

4.328.5.2.1. Executing BLIF backend.
Dumping config.json
Updating sdc

4.328.5.2.2. Executing Verilog backend.
Dumping module `\fabric_and2'.

4.328.5.2.2.1. Executing BLIF backend.

Warnings: 4 unique messages, 7 total
End of script. Logfile hash: b022c81f5d, CPU: user 0.59s system 0.07s, MEM: 30.70 MB peak
Yosys 0.44 (git sha1 86a09ee26, g++ 11.2.1 -fPIC -O3)
Time spent: 99% 6x abc (220 sec), 0% 43x read_verilog (0 sec), ...
