#! /opt/iverilog/bin/vvp -v
:ivl_version "13.0 (devel)" "(s20221226-498-g52d049b51)";
:ivl_delay_selection "TYPICAL";
:vpi_time_precision - 12;
:vpi_module "/nfs_eda_sw/softwares/Raptor/instl_dir/11_15_2024_09_15_02/bin/HDL_simulator/iverilog/lib/ivl/system.vpi";
:vpi_module "/nfs_eda_sw/softwares/Raptor/instl_dir/11_15_2024_09_15_02/bin/HDL_simulator/iverilog/lib/ivl/vhdl_sys.vpi";
:vpi_module "/nfs_eda_sw/softwares/Raptor/instl_dir/11_15_2024_09_15_02/bin/HDL_simulator/iverilog/lib/ivl/vhdl_textio.vpi";
:vpi_module "/nfs_eda_sw/softwares/Raptor/instl_dir/11_15_2024_09_15_02/bin/HDL_simulator/iverilog/lib/ivl/v2005_math.vpi";
:vpi_module "/nfs_eda_sw/softwares/Raptor/instl_dir/11_15_2024_09_15_02/bin/HDL_simulator/iverilog/lib/ivl/va_math.vpi";
:vpi_module "/nfs_eda_sw/softwares/Raptor/instl_dir/11_15_2024_09_15_02/bin/HDL_simulator/iverilog/lib/ivl/v2009.vpi";
S_0x1329b00 .scope package, "$unit" "$unit" 2 1;
 .timescale 0 0;
S_0x136a9c0 .scope module, "co_sim_and2" "co_sim_and2" 3 2;
 .timescale -9 -12;
v0x135d3c0_0 .var "a", 0 0;
v0x1358660_0 .var "b", 0 0;
v0x1358700_0 .net "c", 0 0, L_0xda5550;  1 drivers
v0x1354580_0 .net "c_netlist", 0 0, L_0xdd8f50;  1 drivers
v0x1354620_0 .var "clock0", 0 0;
v0x130dd30_0 .var "id", 2 0;
v0x130cfb0_0 .var/i "mismatch", 31 0;
E_0x1366820 .event negedge, v0x1128ba0_0;
S_0x13261a0 .scope task, "compare" "compare" 3 64, 3 64 0, S_0x136a9c0;
 .timescale -9 -12;
TD_co_sim_and2.compare ;
    %load/vec4 v0x1358700_0;
    %load/vec4 v0x1354580_0;
    %cmp/ne;
    %jmp/0xz  T_0.0, 6;
    %vpi_call/w 3 66 "$display", "Data Mismatch: Actual output: %0d, Netlist Output %0d, Time: %0t ", v0x1358700_0, v0x1354580_0, $time {0 0 0};
    %load/vec4 v0x130cfb0_0;
    %addi 1, 0, 32;
    %store/vec4 v0x130cfb0_0, 0, 32;
    %jmp T_0.1;
T_0.0 ;
    %vpi_call/w 3 70 "$display", "Data Matched: Actual output: %0d, Netlist Output %0d, Time: %0t ", v0x1358700_0, v0x1354580_0, $time {0 0 0};
T_0.1 ;
    %end;
S_0x13668e0 .scope module, "golden" "and2" 3 11, 4 6 0, S_0x136a9c0;
 .timescale -9 -12;
    .port_info 0 /INPUT 1 "clock0";
    .port_info 1 /INPUT 1 "a";
    .port_info 2 /INPUT 1 "b";
    .port_info 3 /OUTPUT 1 "c";
    .port_info 4 /INPUT 3 "id";
P_0x1318f50 .param/l "Total_Instances" 0 4 6, +C4<00000000000000000000000000001010>;
L_0xda5550 .functor BUFZ 1, L_0x130c230, C4<0>, C4<0>, C4<0>;
v0xf21b80_0 .net *"_ivl_0", 0 0, L_0x130c230;  1 drivers
v0xf21cf0_0 .net *"_ivl_2", 4 0, L_0x130c2f0;  1 drivers
L_0x7fb6d5ca3018 .functor BUFT 1, C4<00>, C4<0>, C4<0>, C4<0>;
v0x118eb60_0 .net *"_ivl_5", 1 0, L_0x7fb6d5ca3018;  1 drivers
v0x118e9b0_0 .net "a", 0 0, v0x135d3c0_0;  1 drivers
v0x118ecd0 .array "a_sub_in", 9 0, 0 0;
v0x1127f60_0 .net "b", 0 0, v0x1358660_0;  1 drivers
v0x1128e80 .array "b_sub_in", 9 0, 0 0;
v0x11280d0_0 .net "c", 0 0, L_0xda5550;  alias, 1 drivers
v0x1128ff0 .array "c_sub_out", 9 0;
v0x1128ff0_0 .net v0x1128ff0 0, 0 0, L_0x130d050; 1 drivers
v0x1128ff0_1 .net v0x1128ff0 1, 0 0, L_0xd64510; 1 drivers
v0x1128ff0_2 .net v0x1128ff0 2, 0 0, L_0xd63dc0; 1 drivers
v0x1128ff0_3 .net v0x1128ff0 3, 0 0, L_0xe18be0; 1 drivers
v0x1128ff0_4 .net v0x1128ff0 4, 0 0, L_0xe18280; 1 drivers
v0x1128ff0_5 .net v0x1128ff0 5, 0 0, L_0xe168e0; 1 drivers
v0x1128ff0_6 .net v0x1128ff0 6, 0 0, L_0xe15da0; 1 drivers
v0x1128ff0_7 .net v0x1128ff0 7, 0 0, L_0xe155d0; 1 drivers
v0x1128ff0_8 .net v0x1128ff0 8, 0 0, L_0xdf4850; 1 drivers
v0x1128ff0_9 .net v0x1128ff0 9, 0 0, L_0xdf3ee0; 1 drivers
v0x1127c80 .array "c_sub_out_reg", 9 0, 0 0;
v0x1128ba0_0 .net "clock0", 0 0, v0x1354620_0;  1 drivers
v0x1127df0_0 .net "id", 2 0, v0x130dd30_0;  1 drivers
v0x1128d10_0 .var/i "j", 31 0;
E_0x1362740 .event posedge, v0x1128ba0_0;
E_0x135e660 .event anyedge, v0x118e9b0_0, v0x1127df0_0, v0x1127f60_0;
L_0x130c230 .array/port v0x1127c80, L_0x130c2f0;
L_0x130c2f0 .concat [ 3 2 0 0], v0x130dd30_0, L_0x7fb6d5ca3018;
S_0x1362800 .scope generate, "genblk1[0]" "genblk1[0]" 4 14, 4 14 0, S_0x13668e0;
 .timescale -9 -12;
P_0x13090a0 .param/l "i" 1 4 14, +C4<00>;
S_0x135e720 .scope module, "and2_submodule" "and2_submodule" 4 15, 4 35 0, S_0x1362800;
 .timescale -9 -12;
    .port_info 0 /INPUT 1 "a";
    .port_info 1 /INPUT 1 "b";
    .port_info 2 /OUTPUT 1 "c";
v0x118ecd0_0 .array/port v0x118ecd0, 0;
v0x1128e80_0 .array/port v0x1128e80, 0;
L_0x130d050 .functor AND 1, v0x118ecd0_0, v0x1128e80_0, C4<1>, C4<1>;
v0x13b91a0_0 .net "a", 0 0, v0x118ecd0_0;  1 drivers
v0x13b3a20_0 .net "b", 0 0, v0x1128e80_0;  1 drivers
v0x13b33a0_0 .net "c", 0 0, L_0x130d050;  alias, 1 drivers
S_0x131eff0 .scope generate, "genblk1[1]" "genblk1[1]" 4 14, 4 14 0, S_0x13668e0;
 .timescale -9 -12;
P_0x11d64c0 .param/l "i" 1 4 14, +C4<01>;
S_0x13732d0 .scope module, "and2_submodule" "and2_submodule" 4 15, 4 35 0, S_0x131eff0;
 .timescale -9 -12;
    .port_info 0 /INPUT 1 "a";
    .port_info 1 /INPUT 1 "b";
    .port_info 2 /OUTPUT 1 "c";
v0x118ecd0_1 .array/port v0x118ecd0, 1;
v0x1128e80_1 .array/port v0x1128e80, 1;
L_0xd64510 .functor AND 1, v0x118ecd0_1, v0x1128e80_1, C4<1>, C4<1>;
v0x103f540_0 .net "a", 0 0, v0x118ecd0_1;  1 drivers
v0x1047a70_0 .net "b", 0 0, v0x1128e80_1;  1 drivers
v0x10478c0_0 .net "c", 0 0, L_0xd64510;  alias, 1 drivers
S_0x136bfc0 .scope generate, "genblk1[2]" "genblk1[2]" 4 14, 4 14 0, S_0x13668e0;
 .timescale -9 -12;
P_0x120c330 .param/l "i" 1 4 14, +C4<010>;
S_0x136b840 .scope module, "and2_submodule" "and2_submodule" 4 15, 4 35 0, S_0x136bfc0;
 .timescale -9 -12;
    .port_info 0 /INPUT 1 "a";
    .port_info 1 /INPUT 1 "b";
    .port_info 2 /OUTPUT 1 "c";
v0x118ecd0_2 .array/port v0x118ecd0, 2;
v0x1128e80_2 .array/port v0x1128e80, 2;
L_0xd63dc0 .functor AND 1, v0x118ecd0_2, v0x1128e80_2, C4<1>, C4<1>;
v0x1275dd0_0 .net "a", 0 0, v0x118ecd0_2;  1 drivers
v0x127ba00_0 .net "b", 0 0, v0x1128e80_2;  1 drivers
v0x104e130_0 .net "c", 0 0, L_0xd63dc0;  alias, 1 drivers
S_0x136ced0 .scope generate, "genblk1[3]" "genblk1[3]" 4 14, 4 14 0, S_0x13668e0;
 .timescale -9 -12;
P_0x1206270 .param/l "i" 1 4 14, +C4<011>;
S_0x1367ee0 .scope module, "and2_submodule" "and2_submodule" 4 15, 4 35 0, S_0x136ced0;
 .timescale -9 -12;
    .port_info 0 /INPUT 1 "a";
    .port_info 1 /INPUT 1 "b";
    .port_info 2 /OUTPUT 1 "c";
v0x118ecd0_3 .array/port v0x118ecd0, 3;
v0x1128e80_3 .array/port v0x1128e80, 3;
L_0xe18be0 .functor AND 1, v0x118ecd0_3, v0x1128e80_3, C4<1>, C4<1>;
v0x10514d0_0 .net "a", 0 0, v0x118ecd0_3;  1 drivers
v0x1051630_0 .net "b", 0 0, v0x1128e80_3;  1 drivers
v0xf20170_0 .net "c", 0 0, L_0xe18be0;  alias, 1 drivers
S_0x1367760 .scope generate, "genblk1[4]" "genblk1[4]" 4 14, 4 14 0, S_0x13668e0;
 .timescale -9 -12;
P_0x108c910 .param/l "i" 1 4 14, +C4<0100>;
S_0x1368df0 .scope module, "and2_submodule" "and2_submodule" 4 15, 4 35 0, S_0x1367760;
 .timescale -9 -12;
    .port_info 0 /INPUT 1 "a";
    .port_info 1 /INPUT 1 "b";
    .port_info 2 /OUTPUT 1 "c";
v0x118ecd0_4 .array/port v0x118ecd0, 4;
v0x1128e80_4 .array/port v0x1128e80, 4;
L_0xe18280 .functor AND 1, v0x118ecd0_4, v0x1128e80_4, C4<1>, C4<1>;
v0xf1f480_0 .net "a", 0 0, v0x118ecd0_4;  1 drivers
v0xf20760_0 .net "b", 0 0, v0x1128e80_4;  1 drivers
v0xf208d0_0 .net "c", 0 0, L_0xe18280;  alias, 1 drivers
S_0x1363e00 .scope generate, "genblk1[5]" "genblk1[5]" 4 14, 4 14 0, S_0x13668e0;
 .timescale -9 -12;
P_0x108aae0 .param/l "i" 1 4 14, +C4<0101>;
S_0x1363680 .scope module, "and2_submodule" "and2_submodule" 4 15, 4 35 0, S_0x1363e00;
 .timescale -9 -12;
    .port_info 0 /INPUT 1 "a";
    .port_info 1 /INPUT 1 "b";
    .port_info 2 /OUTPUT 1 "c";
v0x118ecd0_5 .array/port v0x118ecd0, 5;
v0x1128e80_5 .array/port v0x1128e80, 5;
L_0xe168e0 .functor AND 1, v0x118ecd0_5, v0x1128e80_5, C4<1>, C4<1>;
v0xf20a40_0 .net "a", 0 0, v0x118ecd0_5;  1 drivers
v0xf20bb0_0 .net "b", 0 0, v0x1128e80_5;  1 drivers
v0xf20d20_0 .net "c", 0 0, L_0xe168e0;  alias, 1 drivers
S_0x1364d10 .scope generate, "genblk1[6]" "genblk1[6]" 4 14, 4 14 0, S_0x13668e0;
 .timescale -9 -12;
P_0x108b3a0 .param/l "i" 1 4 14, +C4<0110>;
S_0x135fd20 .scope module, "and2_submodule" "and2_submodule" 4 15, 4 35 0, S_0x1364d10;
 .timescale -9 -12;
    .port_info 0 /INPUT 1 "a";
    .port_info 1 /INPUT 1 "b";
    .port_info 2 /OUTPUT 1 "c";
v0x118ecd0_6 .array/port v0x118ecd0, 6;
v0x1128e80_6 .array/port v0x1128e80, 6;
L_0xe15da0 .functor AND 1, v0x118ecd0_6, v0x1128e80_6, C4<1>, C4<1>;
v0xf20e90_0 .net "a", 0 0, v0x118ecd0_6;  1 drivers
v0xf21000_0 .net "b", 0 0, v0x1128e80_6;  1 drivers
v0xf21170_0 .net "c", 0 0, L_0xe15da0;  alias, 1 drivers
S_0x135f5a0 .scope generate, "genblk1[7]" "genblk1[7]" 4 14, 4 14 0, S_0x13668e0;
 .timescale -9 -12;
P_0x1109ba0 .param/l "i" 1 4 14, +C4<0111>;
S_0x1360c30 .scope module, "and2_submodule" "and2_submodule" 4 15, 4 35 0, S_0x135f5a0;
 .timescale -9 -12;
    .port_info 0 /INPUT 1 "a";
    .port_info 1 /INPUT 1 "b";
    .port_info 2 /OUTPUT 1 "c";
v0x118ecd0_7 .array/port v0x118ecd0, 7;
v0x1128e80_7 .array/port v0x1128e80, 7;
L_0xe155d0 .functor AND 1, v0x118ecd0_7, v0x1128e80_7, C4<1>, C4<1>;
v0xf212e0_0 .net "a", 0 0, v0x118ecd0_7;  1 drivers
v0xf21450_0 .net "b", 0 0, v0x1128e80_7;  1 drivers
v0xf1fb80_0 .net "c", 0 0, L_0xe155d0;  alias, 1 drivers
S_0x135cb50 .scope generate, "genblk1[8]" "genblk1[8]" 4 14, 4 14 0, S_0x13668e0;
 .timescale -9 -12;
P_0x108c700 .param/l "i" 1 4 14, +C4<01000>;
S_0x134c5d0 .scope module, "and2_submodule" "and2_submodule" 4 15, 4 35 0, S_0x135cb50;
 .timescale -9 -12;
    .port_info 0 /INPUT 1 "a";
    .port_info 1 /INPUT 1 "b";
    .port_info 2 /OUTPUT 1 "c";
v0x118ecd0_8 .array/port v0x118ecd0, 8;
v0x1128e80_8 .array/port v0x1128e80, 8;
L_0xdf4850 .functor AND 1, v0x118ecd0_8, v0x1128e80_8, C4<1>, C4<1>;
v0xf1fcf0_0 .net "a", 0 0, v0x118ecd0_8;  1 drivers
v0xf215c0_0 .net "b", 0 0, v0x1128e80_8;  1 drivers
v0xf21730_0 .net "c", 0 0, L_0xdf4850;  alias, 1 drivers
S_0x134b290 .scope generate, "genblk1[9]" "genblk1[9]" 4 14, 4 14 0, S_0x13668e0;
 .timescale -9 -12;
P_0x1109770 .param/l "i" 1 4 14, +C4<01001>;
S_0x134a0d0 .scope module, "and2_submodule" "and2_submodule" 4 15, 4 35 0, S_0x134b290;
 .timescale -9 -12;
    .port_info 0 /INPUT 1 "a";
    .port_info 1 /INPUT 1 "b";
    .port_info 2 /OUTPUT 1 "c";
v0x118ecd0_9 .array/port v0x118ecd0, 9;
v0x1128e80_9 .array/port v0x1128e80, 9;
L_0xdf3ee0 .functor AND 1, v0x118ecd0_9, v0x1128e80_9, C4<1>, C4<1>;
v0xf1fe60_0 .net "a", 0 0, v0x118ecd0_9;  1 drivers
v0xf218a0_0 .net "b", 0 0, v0x1128e80_9;  1 drivers
v0xf21a10_0 .net "c", 0 0, L_0xdf3ee0;  alias, 1 drivers
S_0x1348f10 .scope module, "synth_net" "and2_post_synth" 3 16, 5 3 0, S_0x136a9c0;
 .timescale -9 -12;
    .port_info 0 /INPUT 1 "clock0";
    .port_info 1 /INPUT 1 "a";
    .port_info 2 /INPUT 1 "b";
    .port_info 3 /OUTPUT 1 "c";
    .port_info 4 /INPUT 3 "id";
v0xe14940_0 .net "$abc$1018$abc$970$li0_li0", 0 0, L_0x1364980;  1 drivers
v0xde6170_0 .net "$abc$1018$abc$970$li1_li1", 0 0, L_0xff83f0;  1 drivers
v0xde6430_0 .net "$abc$1018$abc$970$li2_li2", 0 0, L_0x130f530;  1 drivers
v0xe0e470_0 .net "$abc$1018$abc$970$li3_li3", 0 0, L_0x1372be0;  1 drivers
v0xe007c0_0 .net "$abc$1018$abc$970$li4_li4", 0 0, L_0x1333ca0;  1 drivers
v0x104fdd0_0 .net "$abc$1018$abc$970$li5_li5", 0 0, L_0x1305e80;  1 drivers
v0x10b1dc0_0 .net "$abc$1018$abc$970$li6_li6", 0 0, L_0x13573e0;  1 drivers
v0x1059810_0 .net "$abc$1018$abc$970$li7_li7", 0 0, L_0x136d6f0;  1 drivers
v0xe3d1c0_0 .net "$abc$1686$new_new_n25__", 0 0, L_0x130bd20;  1 drivers
v0x121c260_0 .net "$abc$1686$new_new_n26__", 0 0, L_0x133b2a0;  1 drivers
v0x10c9c10_0 .net "$clk_buf_$ibuf_clock0", 0 0, L_0xf49fd0;  1 drivers
v0x139fd80_0 .net "$f2g_tx_out_$obuf_c", 0 0, L_0xf49e90;  1 drivers
v0x139fe20_0 .net "$ibuf_a", 0 0, L_0xde0080;  1 drivers
v0x13a9580_0 .net "$ibuf_b", 0 0, L_0xde0180;  1 drivers
v0x13a9620_0 .net "$ibuf_clock0", 0 0, L_0x1060e50;  1 drivers
v0x1309920_0 .net "$ibuf_id[0]", 0 0, L_0xdd8e00;  1 drivers
v0x13099c0_0 .net "$ibuf_id[1]", 0 0, L_0xdd8e70;  1 drivers
v0x137a4f0_0 .net "$ibuf_id[2]", 0 0, L_0xdd8ee0;  1 drivers
v0x137a590_0 .net "$obuf_c", 0 0, L_0x137a350;  1 drivers
v0x1308b60_0 .net "a", 0 0, v0x135d3c0_0;  alias, 1 drivers
v0x1308c00_0 .net "b", 0 0, v0x1358660_0;  alias, 1 drivers
v0x1396600_0 .net "c", 0 0, L_0xdd8f50;  alias, 1 drivers
v0x13966a0_0 .net "c_sub_out_reg[0]", 0 0, v0xda1fc0_0;  1 drivers
v0x1383910_0 .net "c_sub_out_reg[1]", 0 0, v0xe23e30_0;  1 drivers
v0x13839b0_0 .net "c_sub_out_reg[2]", 0 0, v0xe3e230_0;  1 drivers
v0x130e4f0_0 .net "c_sub_out_reg[3]", 0 0, v0xdb5a80_0;  1 drivers
v0x130e590_0 .net "c_sub_out_reg[4]", 0 0, v0xd80650_0;  1 drivers
v0x1318fd0_0 .net "c_sub_out_reg[5]", 0 0, v0xe12a30_0;  1 drivers
v0x1319070_0 .net "c_sub_out_reg[6]", 0 0, v0xdb92d0_0;  1 drivers
v0x1356c80_0 .net "c_sub_out_reg[7]", 0 0, v0xd85300_0;  1 drivers
v0x1356d20_0 .net "clock0", 0 0, v0x1354620_0;  alias, 1 drivers
v0x135d320_0 .net "id", 2 0, v0x130dd30_0;  alias, 1 drivers
LS_0x1362fc0_0_0 .concat [ 1 1 1 1], L_0xdd8e70, L_0xdd8ee0, L_0xdd8e00, L_0xde0180;
LS_0x1362fc0_0_4 .concat [ 1 0 0 0], L_0xde0080;
L_0x1362fc0 .concat [ 4 1 0 0], LS_0x1362fc0_0_0, LS_0x1362fc0_0_4;
LS_0x130b7a0_0_0 .concat [ 1 1 1 1], v0xda1fc0_0, v0xe23e30_0, v0xe3e230_0, v0xdb5a80_0;
LS_0x130b7a0_0_4 .concat [ 1 1 0 0], L_0xdd8e70, L_0xdd8e00;
L_0x130b7a0 .concat [ 4 2 0 0], LS_0x130b7a0_0_0, LS_0x130b7a0_0_4;
LS_0x1335580_0_0 .concat [ 1 1 1 1], v0xe12a30_0, v0xd80650_0, v0xd85300_0, v0xdb92d0_0;
LS_0x1335580_0_4 .concat [ 1 1 0 0], L_0xdd8e70, L_0xdd8e00;
L_0x1335580 .concat [ 4 2 0 0], LS_0x1335580_0_0, LS_0x1335580_0_4;
L_0x1373d40 .concat [ 1 1 1 0], L_0x130bd20, L_0x133b2a0, L_0xdd8ee0;
LS_0x1369e60_0_0 .concat [ 1 1 1 1], L_0xdd8e70, L_0xde0180, L_0xde0080, L_0xdd8ee0;
LS_0x1369e60_0_4 .concat [ 1 0 0 0], L_0xdd8e00;
L_0x1369e60 .concat [ 4 1 0 0], LS_0x1369e60_0_0, LS_0x1369e60_0_4;
LS_0x1359a70_0_0 .concat [ 1 1 1 1], L_0xdd8e00, L_0xde0180, L_0xde0080, L_0xdd8ee0;
LS_0x1359a70_0_4 .concat [ 1 0 0 0], L_0xdd8e70;
L_0x1359a70 .concat [ 4 1 0 0], LS_0x1359a70_0_0, LS_0x1359a70_0_4;
LS_0x13522c0_0_0 .concat [ 1 1 1 1], L_0xdd8e70, L_0xde0180, L_0xde0080, L_0xdd8ee0;
LS_0x13522c0_0_4 .concat [ 1 0 0 0], L_0xdd8e00;
L_0x13522c0 .concat [ 4 1 0 0], LS_0x13522c0_0_0, LS_0x13522c0_0_4;
LS_0x1332b20_0_0 .concat [ 1 1 1 1], L_0xdd8e70, L_0xdd8e00, L_0xde0080, L_0xdd8ee0;
LS_0x1332b20_0_4 .concat [ 1 0 0 0], L_0xde0180;
L_0x1332b20 .concat [ 4 1 0 0], LS_0x1332b20_0_0, LS_0x1332b20_0_4;
LS_0x136eb30_0_0 .concat [ 1 1 1 1], L_0xdd8ee0, L_0xde0180, L_0xde0080, L_0xdd8e70;
LS_0x136eb30_0_4 .concat [ 1 0 0 0], L_0xdd8e00;
L_0x136eb30 .concat [ 4 1 0 0], LS_0x136eb30_0_0, LS_0x136eb30_0_4;
LS_0x130f670_0_0 .concat [ 1 1 1 1], L_0xdd8ee0, L_0xdd8e00, L_0xde0080, L_0xdd8e70;
LS_0x130f670_0_4 .concat [ 1 0 0 0], L_0xde0180;
L_0x130f670 .concat [ 4 1 0 0], LS_0x130f670_0_0, LS_0x130f670_0_4;
LS_0xff8530_0_0 .concat [ 1 1 1 1], L_0xdd8e70, L_0xdd8ee0, L_0xde0080, L_0xde0180;
LS_0xff8530_0_4 .concat [ 1 0 0 0], L_0xdd8e00;
L_0xff8530 .concat [ 4 1 0 0], LS_0xff8530_0_0, LS_0xff8530_0_4;
L_0xddfe10 .part v0x130dd30_0, 0, 1;
L_0xddff40 .part v0x130dd30_0, 1, 1;
L_0xddffe0 .part v0x130dd30_0, 2, 1;
S_0x1346820 .scope module, "$abc$1686$auto_1687" "LUT5" 5 87, 6 10 1, S_0x1348f10;
 .timescale -9 -12;
    .port_info 0 /INPUT 5 "A";
    .port_info 1 /OUTPUT 1 "Y";
P_0x1094af0 .param/l "INIT_VALUE" 0 6 11, C4<00000001000000000000000000000000>;
v0xe5c1f0_0 .net "A", 4 0, L_0x1362fc0;  1 drivers
v0xe5c340_0 .net "Y", 0 0, L_0x1364980;  alias, 1 drivers
v0xe5c490_0 .net *"_ivl_1", 0 0, L_0x130b4b0;  1 drivers
v0xe5d770_0 .net *"_ivl_11", 7 0, L_0x136f1b0;  1 drivers
v0xe5d8c0_0 .net *"_ivl_13", 7 0, L_0x136caa0;  1 drivers
v0xe5da10_0 .net *"_ivl_17", 0 0, L_0x136b0e0;  1 drivers
v0xe5ecf0_0 .net *"_ivl_19", 3 0, L_0x136b180;  1 drivers
L_0x7fb6d5ca3060 .functor BUFT 1, C4<0000000100000000>, C4<0>, C4<0>, C4<0>;
v0xe5ee40_0 .net/2u *"_ivl_2", 15 0, L_0x7fb6d5ca3060;  1 drivers
v0xe5ef90_0 .net *"_ivl_21", 3 0, L_0x13695c0;  1 drivers
v0xe60270_0 .net *"_ivl_25", 0 0, L_0x13689c0;  1 drivers
v0xe603c0_0 .net *"_ivl_27", 1 0, L_0x1368a60;  1 drivers
v0xe60510_0 .net *"_ivl_29", 1 0, L_0x1367000;  1 drivers
v0xe617f0_0 .net *"_ivl_33", 0 0, L_0x13654e0;  1 drivers
v0xe61940_0 .net *"_ivl_35", 0 0, L_0x1365580;  1 drivers
v0xe61a90_0 .net *"_ivl_37", 0 0, L_0x13648e0;  1 drivers
L_0x7fb6d5ca30a8 .functor BUFT 1, C4<0000000000000000>, C4<0>, C4<0>, C4<0>;
v0xe62d70_0 .net/2u *"_ivl_4", 15 0, L_0x7fb6d5ca30a8;  1 drivers
v0xe62ec0_0 .net *"_ivl_9", 0 0, L_0x13736c0;  1 drivers
v0xe63010_0 .net "s1", 1 0, L_0x13670a0;  1 drivers
v0xe642f0_0 .net "s2", 3 0, L_0x1369660;  1 drivers
v0xe64440_0 .net "s3", 7 0, L_0x136cb40;  1 drivers
v0xe64590_0 .net "s4", 15 0, L_0x130b550;  1 drivers
L_0x130b4b0 .part L_0x1362fc0, 4, 1;
L_0x130b550 .functor MUXZ 16, L_0x7fb6d5ca30a8, L_0x7fb6d5ca3060, L_0x130b4b0, C4<>;
L_0x13736c0 .part L_0x1362fc0, 3, 1;
L_0x136f1b0 .part L_0x130b550, 8, 8;
L_0x136caa0 .part L_0x130b550, 0, 8;
L_0x136cb40 .functor MUXZ 8, L_0x136caa0, L_0x136f1b0, L_0x13736c0, C4<>;
L_0x136b0e0 .part L_0x1362fc0, 2, 1;
L_0x136b180 .part L_0x136cb40, 4, 4;
L_0x13695c0 .part L_0x136cb40, 0, 4;
L_0x1369660 .functor MUXZ 4, L_0x13695c0, L_0x136b180, L_0x136b0e0, C4<>;
L_0x13689c0 .part L_0x1362fc0, 1, 1;
L_0x1368a60 .part L_0x1369660, 2, 2;
L_0x1367000 .part L_0x1369660, 0, 2;
L_0x13670a0 .functor MUXZ 2, L_0x1367000, L_0x1368a60, L_0x13689c0, C4<>;
L_0x13654e0 .part L_0x1362fc0, 0, 1;
L_0x1365580 .part L_0x13670a0, 1, 1;
L_0x13648e0 .part L_0x13670a0, 0, 1;
L_0x1364980 .functor MUXZ 1, L_0x13648e0, L_0x1365580, L_0x13654e0, C4<>;
S_0x13454e0 .scope module, "$abc$1686$auto_1688" "LUT6" 5 95, 7 10 1, S_0x1348f10;
 .timescale -9 -12;
    .port_info 0 /INPUT 6 "A";
    .port_info 1 /OUTPUT 1 "Y";
P_0xf4b790 .param/l "INIT_VALUE" 0 7 11, C4<0000000011111111001100110011001100001111000011110101010101010101>;
v0xe65870_0 .net "A", 5 0, L_0x130b7a0;  1 drivers
v0xe659c0_0 .net "Y", 0 0, L_0x130bd20;  alias, 1 drivers
v0xe65b10_0 .net *"_ivl_1", 0 0, L_0x1361400;  1 drivers
v0xe66df0_0 .net *"_ivl_11", 15 0, L_0x135c720;  1 drivers
v0xe66f40_0 .net *"_ivl_13", 15 0, L_0x135ad60;  1 drivers
v0xe67090_0 .net *"_ivl_17", 0 0, L_0x13200e0;  1 drivers
v0xe68370_0 .net *"_ivl_19", 7 0, L_0x1320180;  1 drivers
L_0x7fb6d5ca30f0 .functor BUFT 1, C4<00000000111111110011001100110011>, C4<0>, C4<0>, C4<0>;
v0xe684c0_0 .net/2u *"_ivl_2", 31 0, L_0x7fb6d5ca30f0;  1 drivers
v0xe68610_0 .net *"_ivl_21", 7 0, L_0x130f270;  1 drivers
v0xe698f0_0 .net *"_ivl_25", 0 0, L_0x130ece0;  1 drivers
v0xe69a40_0 .net *"_ivl_27", 3 0, L_0x130ed80;  1 drivers
v0xe69b90_0 .net *"_ivl_29", 3 0, L_0x130df60;  1 drivers
v0xe6ad00_0 .net *"_ivl_33", 0 0, L_0x130d770;  1 drivers
v0xe6b270_0 .net *"_ivl_35", 1 0, L_0x130d810;  1 drivers
v0xe6b7e0_0 .net *"_ivl_37", 1 0, L_0x130d1e0;  1 drivers
L_0x7fb6d5ca3138 .functor BUFT 1, C4<00001111000011110101010101010101>, C4<0>, C4<0>, C4<0>;
v0xe6bd50_0 .net/2u *"_ivl_4", 31 0, L_0x7fb6d5ca3138;  1 drivers
v0xe6c2c0_0 .net *"_ivl_41", 0 0, L_0x130ca90;  1 drivers
v0xe6c830_0 .net *"_ivl_43", 0 0, L_0x130c460;  1 drivers
v0xe6cda0_0 .net *"_ivl_45", 0 0, L_0x130c9f0;  1 drivers
v0xe6d310_0 .net *"_ivl_9", 0 0, L_0x135ee40;  1 drivers
v0xe6d880_0 .net "s1", 1 0, L_0x130d280;  1 drivers
v0xe6ddf0_0 .net "s2", 3 0, L_0x130e000;  1 drivers
v0xe6e360_0 .net "s3", 7 0, L_0x130f310;  1 drivers
v0xe6e8d0_0 .net "s4", 15 0, L_0x135ae00;  1 drivers
v0xe6ee40_0 .net "s5", 31 0, L_0x1360800;  1 drivers
L_0x1361400 .part L_0x130b7a0, 5, 1;
L_0x1360800 .functor MUXZ 32, L_0x7fb6d5ca3138, L_0x7fb6d5ca30f0, L_0x1361400, C4<>;
L_0x135ee40 .part L_0x130b7a0, 4, 1;
L_0x135c720 .part L_0x1360800, 16, 16;
L_0x135ad60 .part L_0x1360800, 0, 16;
L_0x135ae00 .functor MUXZ 16, L_0x135ad60, L_0x135c720, L_0x135ee40, C4<>;
L_0x13200e0 .part L_0x130b7a0, 3, 1;
L_0x1320180 .part L_0x135ae00, 8, 8;
L_0x130f270 .part L_0x135ae00, 0, 8;
L_0x130f310 .functor MUXZ 8, L_0x130f270, L_0x1320180, L_0x13200e0, C4<>;
L_0x130ece0 .part L_0x130b7a0, 2, 1;
L_0x130ed80 .part L_0x130f310, 4, 4;
L_0x130df60 .part L_0x130f310, 0, 4;
L_0x130e000 .functor MUXZ 4, L_0x130df60, L_0x130ed80, L_0x130ece0, C4<>;
L_0x130d770 .part L_0x130b7a0, 1, 1;
L_0x130d810 .part L_0x130e000, 2, 2;
L_0x130d1e0 .part L_0x130e000, 0, 2;
L_0x130d280 .functor MUXZ 2, L_0x130d1e0, L_0x130d810, L_0x130d770, C4<>;
L_0x130ca90 .part L_0x130b7a0, 0, 1;
L_0x130c460 .part L_0x130d280, 1, 1;
L_0x130c9f0 .part L_0x130d280, 0, 1;
L_0x130bd20 .functor MUXZ 1, L_0x130c9f0, L_0x130c460, L_0x130ca90, C4<>;
S_0x1344320 .scope module, "$abc$1686$auto_1689" "LUT6" 5 103, 7 10 1, S_0x1348f10;
 .timescale -9 -12;
    .port_info 0 /INPUT 6 "A";
    .port_info 1 /OUTPUT 1 "Y";
P_0x105dee0 .param/l "INIT_VALUE" 0 7 11, C4<0000111100001111010101010101010100000000111111110011001100110011>;
v0xe6f3b0_0 .net "A", 5 0, L_0x1335580;  1 drivers
v0xe6f920_0 .net "Y", 0 0, L_0x133b2a0;  alias, 1 drivers
v0xe6fe90_0 .net *"_ivl_1", 0 0, L_0x130bc70;  1 drivers
v0xe70400_0 .net *"_ivl_11", 15 0, L_0x1308db0;  1 drivers
v0xe70970_0 .net *"_ivl_13", 15 0, L_0x1307fd0;  1 drivers
v0xe70ee0_0 .net *"_ivl_17", 0 0, L_0x1307970;  1 drivers
v0xe71450_0 .net *"_ivl_19", 7 0, L_0x1307a10;  1 drivers
L_0x7fb6d5ca3180 .functor BUFT 1, C4<00001111000011110101010101010101>, C4<0>, C4<0>, C4<0>;
v0xe719c0_0 .net/2u *"_ivl_2", 31 0, L_0x7fb6d5ca3180;  1 drivers
v0xe71f30_0 .net *"_ivl_21", 7 0, L_0x1306d50;  1 drivers
v0xe724a0_0 .net *"_ivl_25", 0 0, L_0x1370b60;  1 drivers
v0xe72a10_0 .net *"_ivl_27", 3 0, L_0x1370c00;  1 drivers
v0xe72f80_0 .net *"_ivl_29", 3 0, L_0x135a930;  1 drivers
v0xe734f0_0 .net *"_ivl_33", 0 0, L_0x1356850;  1 drivers
v0xe73a60_0 .net *"_ivl_35", 1 0, L_0x13568f0;  1 drivers
v0x10a9580_0 .net *"_ivl_37", 1 0, L_0x134cbe0;  1 drivers
L_0x7fb6d5ca31c8 .functor BUFT 1, C4<00000000111111110011001100110011>, C4<0>, C4<0>, C4<0>;
v0x11db980_0 .net/2u *"_ivl_4", 31 0, L_0x7fb6d5ca31c8;  1 drivers
v0x11dbad0_0 .net *"_ivl_41", 0 0, L_0x1346ed0;  1 drivers
v0x11e6e60_0 .net *"_ivl_43", 0 0, L_0x1341080;  1 drivers
v0x11e7190_0 .net *"_ivl_45", 0 0, L_0x1346e30;  1 drivers
v0x11e7450_0 .net *"_ivl_9", 0 0, L_0x1309b70;  1 drivers
v0x10f38a0_0 .net "s1", 1 0, L_0x134cc80;  1 drivers
v0x10b0230_0 .net "s2", 3 0, L_0x135a9d0;  1 drivers
v0x10a5700_0 .net "s3", 7 0, L_0x1306df0;  1 drivers
v0x11d6670_0 .net "s4", 15 0, L_0x1308070;  1 drivers
v0x12116d0_0 .net "s5", 31 0, L_0x130a930;  1 drivers
L_0x130bc70 .part L_0x1335580, 5, 1;
L_0x130a930 .functor MUXZ 32, L_0x7fb6d5ca31c8, L_0x7fb6d5ca3180, L_0x130bc70, C4<>;
L_0x1309b70 .part L_0x1335580, 4, 1;
L_0x1308db0 .part L_0x130a930, 16, 16;
L_0x1307fd0 .part L_0x130a930, 0, 16;
L_0x1308070 .functor MUXZ 16, L_0x1307fd0, L_0x1308db0, L_0x1309b70, C4<>;
L_0x1307970 .part L_0x1335580, 3, 1;
L_0x1307a10 .part L_0x1308070, 8, 8;
L_0x1306d50 .part L_0x1308070, 0, 8;
L_0x1306df0 .functor MUXZ 8, L_0x1306d50, L_0x1307a10, L_0x1307970, C4<>;
L_0x1370b60 .part L_0x1335580, 2, 1;
L_0x1370c00 .part L_0x1306df0, 4, 4;
L_0x135a930 .part L_0x1306df0, 0, 4;
L_0x135a9d0 .functor MUXZ 4, L_0x135a930, L_0x1370c00, L_0x1370b60, C4<>;
L_0x1356850 .part L_0x1335580, 1, 1;
L_0x13568f0 .part L_0x135a9d0, 2, 2;
L_0x134cbe0 .part L_0x135a9d0, 0, 2;
L_0x134cc80 .functor MUXZ 2, L_0x134cbe0, L_0x13568f0, L_0x1356850, C4<>;
L_0x1346ed0 .part L_0x1335580, 0, 1;
L_0x1341080 .part L_0x134cc80, 1, 1;
L_0x1346e30 .part L_0x134cc80, 0, 1;
L_0x133b2a0 .functor MUXZ 1, L_0x1346e30, L_0x1341080, L_0x1346ed0, C4<>;
S_0x1343160 .scope module, "$abc$1686$auto_1690" "LUT3" 5 111, 8 10 1, S_0x1348f10;
 .timescale -9 -12;
    .port_info 0 /INPUT 3 "A";
    .port_info 1 /OUTPUT 1 "Y";
P_0x10c1b40 .param/l "INIT_VALUE" 0 8 11, C4<00110101>;
v0x1211570_0 .net "A", 2 0, L_0x1373d40;  1 drivers
v0x1211b20_0 .net "Y", 0 0, L_0x137a350;  alias, 1 drivers
v0x120bee0_0 .net *"_ivl_1", 0 0, L_0x1317e70;  1 drivers
v0x120bd80_0 .net *"_ivl_11", 1 0, L_0x13a9430;  1 drivers
v0x120c0e0_0 .net *"_ivl_13", 1 0, L_0x139fb40;  1 drivers
v0x11c4450_0 .net *"_ivl_17", 0 0, L_0x13836d0;  1 drivers
v0x11c46f0_0 .net *"_ivl_19", 0 0, L_0x1383770;  1 drivers
L_0x7fb6d5ca3210 .functor BUFT 1, C4<0011>, C4<0>, C4<0>, C4<0>;
v0x1089b30_0 .net/2u *"_ivl_2", 3 0, L_0x7fb6d5ca3210;  1 drivers
v0x108e620_0 .net *"_ivl_21", 0 0, L_0x137a2b0;  1 drivers
L_0x7fb6d5ca3258 .functor BUFT 1, C4<0101>, C4<0>, C4<0>, C4<0>;
v0x1109080_0 .net/2u *"_ivl_4", 3 0, L_0x7fb6d5ca3258;  1 drivers
v0x1057bc0_0 .net *"_ivl_9", 0 0, L_0x13a9340;  1 drivers
v0x1062e10_0 .net "s1", 1 0, L_0x139fbe0;  1 drivers
v0x1120cc0_0 .net "s2", 3 0, L_0x1317f10;  1 drivers
L_0x1317e70 .part L_0x1373d40, 2, 1;
L_0x1317f10 .functor MUXZ 4, L_0x7fb6d5ca3258, L_0x7fb6d5ca3210, L_0x1317e70, C4<>;
L_0x13a9340 .part L_0x1373d40, 1, 1;
L_0x13a9430 .part L_0x1317f10, 2, 2;
L_0x139fb40 .part L_0x1317f10, 0, 2;
L_0x139fbe0 .functor MUXZ 2, L_0x139fb40, L_0x13a9430, L_0x13a9340, C4<>;
L_0x13836d0 .part L_0x1373d40, 0, 1;
L_0x1383770 .part L_0x139fbe0, 1, 1;
L_0x137a2b0 .part L_0x139fbe0, 0, 1;
L_0x137a350 .functor MUXZ 1, L_0x137a2b0, L_0x1383770, L_0x13836d0, C4<>;
S_0x1340a70 .scope module, "$abc$1686$auto_1691" "LUT5" 5 119, 6 10 1, S_0x1348f10;
 .timescale -9 -12;
    .port_info 0 /INPUT 5 "A";
    .port_info 1 /OUTPUT 1 "Y";
P_0xface60 .param/l "INIT_VALUE" 0 6 11, C4<10000000000000000000000000000000>;
v0x11cc8f0_0 .net "A", 4 0, L_0x1369e60;  1 drivers
v0x11cc790_0 .net "Y", 0 0, L_0x136d6f0;  alias, 1 drivers
v0x11ccaf0_0 .net *"_ivl_1", 0 0, L_0x1373de0;  1 drivers
v0x10c14d0_0 .net *"_ivl_11", 7 0, L_0x136f9d0;  1 drivers
v0x10c1930_0 .net *"_ivl_13", 7 0, L_0x1371f70;  1 drivers
v0x10c16e0_0 .net *"_ivl_17", 0 0, L_0x1371be0;  1 drivers
v0x1218470_0 .net *"_ivl_19", 3 0, L_0x1371c80;  1 drivers
L_0x7fb6d5ca32a0 .functor BUFT 1, C4<1000000000000000>, C4<0>, C4<0>, C4<0>;
v0x12182f0_0 .net/2u *"_ivl_2", 15 0, L_0x7fb6d5ca32a0;  1 drivers
v0x12185c0_0 .net *"_ivl_21", 3 0, L_0x1371700;  1 drivers
v0xfa5430_0 .net *"_ivl_25", 0 0, L_0x1370f90;  1 drivers
v0xfa5f00_0 .net *"_ivl_27", 1 0, L_0x1371030;  1 drivers
v0xfa52c0_0 .net *"_ivl_29", 1 0, L_0x136dec0;  1 drivers
v0xfa5d90_0 .net *"_ivl_33", 0 0, L_0x136db30;  1 drivers
v0xfa5580_0 .net *"_ivl_35", 0 0, L_0x136dbd0;  1 drivers
v0xfa6050_0 .net *"_ivl_37", 0 0, L_0x136d650;  1 drivers
L_0x7fb6d5ca32e8 .functor BUFT 1, C4<0000000000000000>, C4<0>, C4<0>, C4<0>;
v0xfb3350_0 .net/2u *"_ivl_4", 15 0, L_0x7fb6d5ca32e8;  1 drivers
v0xffa860_0 .net *"_ivl_9", 0 0, L_0x136f8e0;  1 drivers
v0x10c6db0_0 .net "s1", 1 0, L_0x136df60;  1 drivers
v0xf626e0_0 .net "s2", 3 0, L_0x13717a0;  1 drivers
v0xf64380_0 .net "s3", 7 0, L_0x1372010;  1 drivers
v0xe76c00_0 .net "s4", 15 0, L_0x1370060;  1 drivers
L_0x1373de0 .part L_0x1369e60, 4, 1;
L_0x1370060 .functor MUXZ 16, L_0x7fb6d5ca32e8, L_0x7fb6d5ca32a0, L_0x1373de0, C4<>;
L_0x136f8e0 .part L_0x1369e60, 3, 1;
L_0x136f9d0 .part L_0x1370060, 8, 8;
L_0x1371f70 .part L_0x1370060, 0, 8;
L_0x1372010 .functor MUXZ 8, L_0x1371f70, L_0x136f9d0, L_0x136f8e0, C4<>;
L_0x1371be0 .part L_0x1369e60, 2, 1;
L_0x1371c80 .part L_0x1372010, 4, 4;
L_0x1371700 .part L_0x1372010, 0, 4;
L_0x13717a0 .functor MUXZ 4, L_0x1371700, L_0x1371c80, L_0x1371be0, C4<>;
L_0x1370f90 .part L_0x1369e60, 1, 1;
L_0x1371030 .part L_0x13717a0, 2, 2;
L_0x136dec0 .part L_0x13717a0, 0, 2;
L_0x136df60 .functor MUXZ 2, L_0x136dec0, L_0x1371030, L_0x1370f90, C4<>;
L_0x136db30 .part L_0x1369e60, 0, 1;
L_0x136dbd0 .part L_0x136df60, 1, 1;
L_0x136d650 .part L_0x136df60, 0, 1;
L_0x136d6f0 .functor MUXZ 1, L_0x136d650, L_0x136dbd0, L_0x136db30, C4<>;
S_0x133f730 .scope module, "$abc$1686$auto_1692" "LUT5" 5 127, 6 10 1, S_0x1348f10;
 .timescale -9 -12;
    .port_info 0 /INPUT 5 "A";
    .port_info 1 /OUTPUT 1 "Y";
P_0xfaf210 .param/l "INIT_VALUE" 0 6 11, C4<01000000000000000000000000000000>;
v0xe76d70_0 .net "A", 4 0, L_0x1359a70;  1 drivers
v0xe76ee0_0 .net "Y", 0 0, L_0x13573e0;  alias, 1 drivers
v0xe77050_0 .net *"_ivl_1", 0 0, L_0x1369a30;  1 drivers
v0xe771c0_0 .net *"_ivl_11", 7 0, L_0x1365dd0;  1 drivers
v0xecfad0_0 .net *"_ivl_13", 7 0, L_0x1365950;  1 drivers
v0xecfdd0_0 .net *"_ivl_17", 0 0, L_0x1361c00;  1 drivers
v0xecff40_0 .net *"_ivl_19", 3 0, L_0x1361ca0;  1 drivers
L_0x7fb6d5ca3330 .functor BUFT 1, C4<0100000000000000>, C4<0>, C4<0>, C4<0>;
v0xed00b0_0 .net/2u *"_ivl_2", 15 0, L_0x7fb6d5ca3330;  1 drivers
v0xd43e20_0 .net *"_ivl_21", 3 0, L_0x1361870;  1 drivers
v0xd44100_0 .net *"_ivl_25", 0 0, L_0x135bc10;  1 drivers
v0xd43f90_0 .net *"_ivl_27", 1 0, L_0x135b490;  1 drivers
v0xd44270_0 .net *"_ivl_29", 1 0, L_0x135b530;  1 drivers
v0xd46680_0 .net *"_ivl_33", 0 0, L_0x135d790;  1 drivers
v0xd46960_0 .net *"_ivl_35", 0 0, L_0x135d830;  1 drivers
v0xd467f0_0 .net *"_ivl_37", 0 0, L_0x1357bf0;  1 drivers
L_0x7fb6d5ca3378 .functor BUFT 1, C4<0000000000000000>, C4<0>, C4<0>, C4<0>;
v0xd46ad0_0 .net/2u *"_ivl_4", 15 0, L_0x7fb6d5ca3378;  1 drivers
v0xd87b60_0 .net *"_ivl_9", 0 0, L_0x1365ce0;  1 drivers
v0xd87e40_0 .net "s1", 1 0, L_0x135db20;  1 drivers
v0xd87cd0_0 .net "s2", 3 0, L_0x1361910;  1 drivers
v0xd87fb0_0 .net "s3", 7 0, L_0x13659f0;  1 drivers
v0xd59e80_0 .net "s4", 15 0, L_0x1369ad0;  1 drivers
L_0x1369a30 .part L_0x1359a70, 4, 1;
L_0x1369ad0 .functor MUXZ 16, L_0x7fb6d5ca3378, L_0x7fb6d5ca3330, L_0x1369a30, C4<>;
L_0x1365ce0 .part L_0x1359a70, 3, 1;
L_0x1365dd0 .part L_0x1369ad0, 8, 8;
L_0x1365950 .part L_0x1369ad0, 0, 8;
L_0x13659f0 .functor MUXZ 8, L_0x1365950, L_0x1365dd0, L_0x1365ce0, C4<>;
L_0x1361c00 .part L_0x1359a70, 2, 1;
L_0x1361ca0 .part L_0x13659f0, 4, 4;
L_0x1361870 .part L_0x13659f0, 0, 4;
L_0x1361910 .functor MUXZ 4, L_0x1361870, L_0x1361ca0, L_0x1361c00, C4<>;
L_0x135bc10 .part L_0x1359a70, 1, 1;
L_0x135b490 .part L_0x1361910, 2, 2;
L_0x135b530 .part L_0x1361910, 0, 2;
L_0x135db20 .functor MUXZ 2, L_0x135b530, L_0x135b490, L_0x135bc10, C4<>;
L_0x135d790 .part L_0x1359a70, 0, 1;
L_0x135d830 .part L_0x135db20, 1, 1;
L_0x1357bf0 .part L_0x135db20, 0, 1;
L_0x13573e0 .functor MUXZ 1, L_0x1357bf0, L_0x135d830, L_0x135d790, C4<>;
S_0x133e570 .scope module, "$abc$1686$auto_1693" "LUT5" 5 135, 6 10 1, S_0x1348f10;
 .timescale -9 -12;
    .port_info 0 /INPUT 5 "A";
    .port_info 1 /OUTPUT 1 "Y";
P_0x10cfbc0 .param/l "INIT_VALUE" 0 6 11, C4<01000000000000000000000000000000>;
v0xd5a160_0 .net "A", 4 0, L_0x13522c0;  1 drivers
v0xd59ff0_0 .net "Y", 0 0, L_0x1305e80;  alias, 1 drivers
v0xd5a2d0_0 .net *"_ivl_1", 0 0, L_0x13596e0;  1 drivers
v0xd577b0_0 .net *"_ivl_11", 7 0, L_0x13592f0;  1 drivers
v0xd57a90_0 .net *"_ivl_13", 7 0, L_0x1358a90;  1 drivers
v0xd57920_0 .net *"_ivl_17", 0 0, L_0x1353a80;  1 drivers
v0xd57c00_0 .net *"_ivl_19", 3 0, L_0x1353b20;  1 drivers
L_0x7fb6d5ca33c0 .functor BUFT 1, C4<0100000000000000>, C4<0>, C4<0>, C4<0>;
v0xde7dd0_0 .net/2u *"_ivl_2", 15 0, L_0x7fb6d5ca33c0;  1 drivers
v0xde9760_0 .net *"_ivl_21", 3 0, L_0x1353300;  1 drivers
v0xdd4140_0 .net *"_ivl_25", 0 0, L_0x1355990;  1 drivers
v0xdd3cf0_0 .net *"_ivl_27", 1 0, L_0x1355600;  1 drivers
v0xdd3e60_0 .net *"_ivl_29", 1 0, L_0x13556a0;  1 drivers
v0xdd3fd0_0 .net *"_ivl_33", 0 0, L_0x13549b0;  1 drivers
v0xdd3b80_0 .net *"_ivl_35", 0 0, L_0x1354a50;  1 drivers
v0xdd38a0_0 .net *"_ivl_37", 0 0, L_0x130b250;  1 drivers
L_0x7fb6d5ca3408 .functor BUFT 1, C4<0000000000000000>, C4<0>, C4<0>, C4<0>;
v0xdd3a10_0 .net/2u *"_ivl_4", 15 0, L_0x7fb6d5ca3408;  1 drivers
v0xdd0e80_0 .net *"_ivl_9", 0 0, L_0x1359200;  1 drivers
v0xdd0ff0_0 .net "s1", 1 0, L_0x1355120;  1 drivers
v0xdd0750_0 .net "s2", 3 0, L_0x13533a0;  1 drivers
v0xdd08c0_0 .net "s3", 7 0, L_0x1358b30;  1 drivers
v0xdd0a30_0 .net "s4", 15 0, L_0x1359780;  1 drivers
L_0x13596e0 .part L_0x13522c0, 4, 1;
L_0x1359780 .functor MUXZ 16, L_0x7fb6d5ca3408, L_0x7fb6d5ca33c0, L_0x13596e0, C4<>;
L_0x1359200 .part L_0x13522c0, 3, 1;
L_0x13592f0 .part L_0x1359780, 8, 8;
L_0x1358a90 .part L_0x1359780, 0, 8;
L_0x1358b30 .functor MUXZ 8, L_0x1358a90, L_0x13592f0, L_0x1359200, C4<>;
L_0x1353a80 .part L_0x13522c0, 2, 1;
L_0x1353b20 .part L_0x1358b30, 4, 4;
L_0x1353300 .part L_0x1358b30, 0, 4;
L_0x13533a0 .functor MUXZ 4, L_0x1353300, L_0x1353b20, L_0x1353a80, C4<>;
L_0x1355990 .part L_0x13522c0, 1, 1;
L_0x1355600 .part L_0x13533a0, 2, 2;
L_0x13556a0 .part L_0x13533a0, 0, 2;
L_0x1355120 .functor MUXZ 2, L_0x13556a0, L_0x1355600, L_0x1355990, C4<>;
L_0x13549b0 .part L_0x13522c0, 0, 1;
L_0x1354a50 .part L_0x1355120, 1, 1;
L_0x130b250 .part L_0x1355120, 0, 1;
L_0x1305e80 .functor MUXZ 1, L_0x130b250, L_0x1354a50, L_0x13549b0, C4<>;
S_0x133d3b0 .scope module, "$abc$1686$auto_1694" "LUT5" 5 143, 6 10 1, S_0x1348f10;
 .timescale -9 -12;
    .port_info 0 /INPUT 5 "A";
    .port_info 1 /OUTPUT 1 "Y";
P_0xf68f70 .param/l "INIT_VALUE" 0 6 11, C4<00010000000000000000000000000000>;
v0xdd0470_0 .net "A", 4 0, L_0x1332b20;  1 drivers
v0xdd0ba0_0 .net "Y", 0 0, L_0x1333ca0;  alias, 1 drivers
v0xdd0d10_0 .net *"_ivl_1", 0 0, L_0x1352360;  1 drivers
v0xdd05e0_0 .net *"_ivl_11", 7 0, L_0x134fef0;  1 drivers
v0xdd15b0_0 .net *"_ivl_13", 7 0, L_0x134ec80;  1 drivers
v0xdd1720_0 .net *"_ivl_17", 0 0, L_0x133ac60;  1 drivers
v0xdd1440_0 .net *"_ivl_19", 3 0, L_0x133ad00;  1 drivers
L_0x7fb6d5ca3450 .functor BUFT 1, C4<0001000000000000>, C4<0>, C4<0>, C4<0>;
v0xdd1160_0 .net/2u *"_ivl_2", 15 0, L_0x7fb6d5ca3450;  1 drivers
v0xdd12d0_0 .net *"_ivl_21", 3 0, L_0x1339920;  1 drivers
v0xdce380_0 .net *"_ivl_25", 0 0, L_0x13387a0;  1 drivers
v0xdce0a0_0 .net *"_ivl_27", 1 0, L_0x1338840;  1 drivers
v0xdce4f0_0 .net *"_ivl_29", 1 0, L_0x1337620;  1 drivers
v0xdce660_0 .net *"_ivl_33", 0 0, L_0x1334f40;  1 drivers
v0xdce210_0 .net *"_ivl_35", 0 0, L_0x1334fe0;  1 drivers
v0xdcec20_0 .net *"_ivl_37", 0 0, L_0x1333c00;  1 drivers
L_0x7fb6d5ca3498 .functor BUFT 1, C4<0000000000000000>, C4<0>, C4<0>, C4<0>;
v0xdced90_0 .net/2u *"_ivl_4", 15 0, L_0x7fb6d5ca3498;  1 drivers
v0xdceab0_0 .net *"_ivl_9", 0 0, L_0x134fe00;  1 drivers
v0xdce7d0_0 .net "s1", 1 0, L_0x13376c0;  1 drivers
v0xdce940_0 .net "s2", 3 0, L_0x13399c0;  1 drivers
v0xdc8d60_0 .net "s3", 7 0, L_0x134ed20;  1 drivers
v0xdc8bf0_0 .net "s4", 15 0, L_0x1351090;  1 drivers
L_0x1352360 .part L_0x1332b20, 4, 1;
L_0x1351090 .functor MUXZ 16, L_0x7fb6d5ca3498, L_0x7fb6d5ca3450, L_0x1352360, C4<>;
L_0x134fe00 .part L_0x1332b20, 3, 1;
L_0x134fef0 .part L_0x1351090, 8, 8;
L_0x134ec80 .part L_0x1351090, 0, 8;
L_0x134ed20 .functor MUXZ 8, L_0x134ec80, L_0x134fef0, L_0x134fe00, C4<>;
L_0x133ac60 .part L_0x1332b20, 2, 1;
L_0x133ad00 .part L_0x134ed20, 4, 4;
L_0x1339920 .part L_0x134ed20, 0, 4;
L_0x13399c0 .functor MUXZ 4, L_0x1339920, L_0x133ad00, L_0x133ac60, C4<>;
L_0x13387a0 .part L_0x1332b20, 1, 1;
L_0x1338840 .part L_0x13399c0, 2, 2;
L_0x1337620 .part L_0x13399c0, 0, 2;
L_0x13376c0 .functor MUXZ 2, L_0x1337620, L_0x1338840, L_0x13387a0, C4<>;
L_0x1334f40 .part L_0x1332b20, 0, 1;
L_0x1334fe0 .part L_0x13376c0, 1, 1;
L_0x1333c00 .part L_0x13376c0, 0, 1;
L_0x1333ca0 .functor MUXZ 1, L_0x1333c00, L_0x1334fe0, L_0x1334f40, C4<>;
S_0x132bc10 .scope module, "$abc$1686$auto_1695" "LUT5" 5 151, 6 10 1, S_0x1348f10;
 .timescale -9 -12;
    .port_info 0 /INPUT 5 "A";
    .port_info 1 /OUTPUT 1 "Y";
P_0xfa98e0 .param/l "INIT_VALUE" 0 6 11, C4<01000000000000000000000000000000>;
v0xdb7f00_0 .net "A", 4 0, L_0x136eb30;  1 drivers
v0xdb7d90_0 .net "Y", 0 0, L_0x1372be0;  alias, 1 drivers
v0xd550e0_0 .net *"_ivl_1", 0 0, L_0x1331a10;  1 drivers
v0xd553c0_0 .net *"_ivl_11", 7 0, L_0x132dfd0;  1 drivers
v0xd55250_0 .net *"_ivl_13", 7 0, L_0x132cd60;  1 drivers
v0xd55530_0 .net *"_ivl_17", 0 0, L_0x131a100;  1 drivers
v0xd52a10_0 .net *"_ivl_19", 3 0, L_0x131a1a0;  1 drivers
L_0x7fb6d5ca34e0 .functor BUFT 1, C4<0100000000000000>, C4<0>, C4<0>, C4<0>;
v0xd52cf0_0 .net/2u *"_ivl_2", 15 0, L_0x7fb6d5ca34e0;  1 drivers
v0xd52b80_0 .net *"_ivl_21", 3 0, L_0x1317830;  1 drivers
v0xd52e60_0 .net *"_ivl_25", 0 0, L_0x13164f0;  1 drivers
v0xd60b40_0 .net *"_ivl_27", 1 0, L_0x1316590;  1 drivers
v0xd60e20_0 .net *"_ivl_29", 1 0, L_0x1315370;  1 drivers
v0xd60cb0_0 .net *"_ivl_33", 0 0, L_0x13141f0;  1 drivers
v0xd60f90_0 .net *"_ivl_35", 0 0, L_0x1314290;  1 drivers
v0xd5c550_0 .net *"_ivl_37", 0 0, L_0x1372b40;  1 drivers
L_0x7fb6d5ca3528 .functor BUFT 1, C4<0000000000000000>, C4<0>, C4<0>, C4<0>;
v0xd5c830_0 .net/2u *"_ivl_4", 15 0, L_0x7fb6d5ca3528;  1 drivers
v0xd5c6c0_0 .net *"_ivl_9", 0 0, L_0x132dee0;  1 drivers
v0xd5c9a0_0 .net "s1", 1 0, L_0x1315410;  1 drivers
v0xe06910_0 .net "s2", 3 0, L_0x13178d0;  1 drivers
v0xe08010_0 .net "s3", 7 0, L_0x132ce00;  1 drivers
v0xe09860_0 .net "s4", 15 0, L_0x132f330;  1 drivers
L_0x1331a10 .part L_0x136eb30, 4, 1;
L_0x132f330 .functor MUXZ 16, L_0x7fb6d5ca3528, L_0x7fb6d5ca34e0, L_0x1331a10, C4<>;
L_0x132dee0 .part L_0x136eb30, 3, 1;
L_0x132dfd0 .part L_0x132f330, 8, 8;
L_0x132cd60 .part L_0x132f330, 0, 8;
L_0x132ce00 .functor MUXZ 8, L_0x132cd60, L_0x132dfd0, L_0x132dee0, C4<>;
L_0x131a100 .part L_0x136eb30, 2, 1;
L_0x131a1a0 .part L_0x132ce00, 4, 4;
L_0x1317830 .part L_0x132ce00, 0, 4;
L_0x13178d0 .functor MUXZ 4, L_0x1317830, L_0x131a1a0, L_0x131a100, C4<>;
L_0x13164f0 .part L_0x136eb30, 1, 1;
L_0x1316590 .part L_0x13178d0, 2, 2;
L_0x1315370 .part L_0x13178d0, 0, 2;
L_0x1315410 .functor MUXZ 2, L_0x1315370, L_0x1316590, L_0x13164f0, C4<>;
L_0x13141f0 .part L_0x136eb30, 0, 1;
L_0x1314290 .part L_0x1315410, 1, 1;
L_0x1372b40 .part L_0x1315410, 0, 1;
L_0x1372be0 .functor MUXZ 1, L_0x1372b40, L_0x1314290, L_0x13141f0, C4<>;
S_0x1329560 .scope module, "$abc$1686$auto_1696" "LUT5" 5 159, 6 10 1, S_0x1348f10;
 .timescale -9 -12;
    .port_info 0 /INPUT 5 "A";
    .port_info 1 /OUTPUT 1 "Y";
P_0x11e5a10 .param/l "INIT_VALUE" 0 6 11, C4<00010000000000000000000000000000>;
v0xe0af60_0 .net "A", 4 0, L_0x130f670;  1 drivers
v0xdfefc0_0 .net "Y", 0 0, L_0x130f530;  alias, 1 drivers
v0xd4cbc0_0 .net *"_ivl_1", 0 0, L_0x135a750;  1 drivers
v0xd4cd30_0 .net *"_ivl_11", 7 0, L_0x13529f0;  1 drivers
v0xd4eab0_0 .net *"_ivl_13", 7 0, L_0x1347d40;  1 drivers
v0xd4ec20_0 .net *"_ivl_17", 0 0, L_0x1341f90;  1 drivers
v0xd4acd0_0 .net *"_ivl_19", 3 0, L_0x1342030;  1 drivers
L_0x7fb6d5ca3570 .functor BUFT 1, C4<0001000000000000>, C4<0>, C4<0>, C4<0>;
v0xd4ae40_0 .net/2u *"_ivl_2", 15 0, L_0x7fb6d5ca3570;  1 drivers
v0xd509a0_0 .net *"_ivl_21", 3 0, L_0x132aa40;  1 drivers
v0xd50b10_0 .net *"_ivl_25", 0 0, L_0x1327040;  1 drivers
v0xd48de0_0 .net *"_ivl_27", 1 0, L_0x13270e0;  1 drivers
v0xd48f50_0 .net *"_ivl_29", 1 0, L_0x1327180;  1 drivers
v0xde4bd0_0 .net *"_ivl_33", 0 0, L_0x1313050;  1 drivers
v0xde4d40_0 .net *"_ivl_35", 0 0, L_0x13130f0;  1 drivers
v0xde4eb0_0 .net *"_ivl_37", 0 0, L_0x1313190;  1 drivers
L_0x7fb6d5ca35b8 .functor BUFT 1, C4<0000000000000000>, C4<0>, C4<0>, C4<0>;
v0xdacfb0_0 .net/2u *"_ivl_4", 15 0, L_0x7fb6d5ca35b8;  1 drivers
v0xdad290_0 .net *"_ivl_9", 0 0, L_0x1352900;  1 drivers
v0xdad120_0 .net "s1", 1 0, L_0x131b270;  1 drivers
v0xdad400_0 .net "s2", 3 0, L_0x132aae0;  1 drivers
v0xd3af00_0 .net "s3", 7 0, L_0x1347de0;  1 drivers
v0xd3b070_0 .net "s4", 15 0, L_0x1356560;  1 drivers
L_0x135a750 .part L_0x130f670, 4, 1;
L_0x1356560 .functor MUXZ 16, L_0x7fb6d5ca35b8, L_0x7fb6d5ca3570, L_0x135a750, C4<>;
L_0x1352900 .part L_0x130f670, 3, 1;
L_0x13529f0 .part L_0x1356560, 8, 8;
L_0x1347d40 .part L_0x1356560, 0, 8;
L_0x1347de0 .functor MUXZ 8, L_0x1347d40, L_0x13529f0, L_0x1352900, C4<>;
L_0x1341f90 .part L_0x130f670, 2, 1;
L_0x1342030 .part L_0x1347de0, 4, 4;
L_0x132aa40 .part L_0x1347de0, 0, 4;
L_0x132aae0 .functor MUXZ 4, L_0x132aa40, L_0x1342030, L_0x1341f90, C4<>;
L_0x1327040 .part L_0x130f670, 1, 1;
L_0x13270e0 .part L_0x132aae0, 2, 2;
L_0x1327180 .part L_0x132aae0, 0, 2;
L_0x131b270 .functor MUXZ 2, L_0x1327180, L_0x13270e0, L_0x1327040, C4<>;
L_0x1313050 .part L_0x130f670, 0, 1;
L_0x13130f0 .part L_0x131b270, 1, 1;
L_0x1313190 .part L_0x131b270, 0, 1;
L_0x130f530 .functor MUXZ 1, L_0x1313190, L_0x13130f0, L_0x1313050, C4<>;
S_0x1328220 .scope module, "$abc$1686$auto_1697" "LUT5" 5 167, 6 10 1, S_0x1348f10;
 .timescale -9 -12;
    .port_info 0 /INPUT 5 "A";
    .port_info 1 /OUTPUT 1 "Y";
P_0xe9f430 .param/l "INIT_VALUE" 0 6 11, C4<00010000000000000000000000000000>;
v0xdc1680_0 .net "A", 4 0, L_0xff8530;  1 drivers
v0xd415c0_0 .net "Y", 0 0, L_0xff83f0;  alias, 1 drivers
v0xd418a0_0 .net *"_ivl_1", 0 0, L_0x130e8c0;  1 drivers
v0xd41730_0 .net *"_ivl_11", 7 0, L_0x130cd50;  1 drivers
v0xd41a10_0 .net *"_ivl_13", 7 0, L_0x130bf30;  1 drivers
v0xd24fb0_0 .net *"_ivl_17", 0 0, L_0x1383040;  1 drivers
v0xd7d980_0 .net *"_ivl_19", 3 0, L_0x13830e0;  1 drivers
L_0x7fb6d5ca3600 .functor BUFT 1, C4<0001000000000000>, C4<0>, C4<0>, C4<0>;
v0xd7dc60_0 .net/2u *"_ivl_2", 15 0, L_0x7fb6d5ca3600;  1 drivers
v0xd7daf0_0 .net *"_ivl_21", 3 0, L_0xfad270;  1 drivers
v0xd7ddd0_0 .net *"_ivl_25", 0 0, L_0xf714d0;  1 drivers
v0xd3cd70_0 .net *"_ivl_27", 1 0, L_0xf71570;  1 drivers
v0xd3cee0_0 .net *"_ivl_29", 1 0, L_0xf71610;  1 drivers
v0xd78880_0 .net *"_ivl_33", 0 0, L_0x137a050;  1 drivers
v0xd78b60_0 .net *"_ivl_35", 0 0, L_0x137a0f0;  1 drivers
v0xd789f0_0 .net *"_ivl_37", 0 0, L_0x137a1e0;  1 drivers
L_0x7fb6d5ca3648 .functor BUFT 1, C4<0000000000000000>, C4<0>, C4<0>, C4<0>;
v0xd78cd0_0 .net/2u *"_ivl_4", 15 0, L_0x7fb6d5ca3648;  1 drivers
v0xd8a3c0_0 .net *"_ivl_9", 0 0, L_0x130ccb0;  1 drivers
v0xd8a6a0_0 .net "s1", 1 0, L_0x10d3260;  1 drivers
v0xd8a530_0 .net "s2", 3 0, L_0xfad310;  1 drivers
v0xd8a810_0 .net "s3", 7 0, L_0x130bfd0;  1 drivers
v0xd8aaf0_0 .net "s4", 15 0, L_0x130da30;  1 drivers
L_0x130e8c0 .part L_0xff8530, 4, 1;
L_0x130da30 .functor MUXZ 16, L_0x7fb6d5ca3648, L_0x7fb6d5ca3600, L_0x130e8c0, C4<>;
L_0x130ccb0 .part L_0xff8530, 3, 1;
L_0x130cd50 .part L_0x130da30, 8, 8;
L_0x130bf30 .part L_0x130da30, 0, 8;
L_0x130bfd0 .functor MUXZ 8, L_0x130bf30, L_0x130cd50, L_0x130ccb0, C4<>;
L_0x1383040 .part L_0xff8530, 2, 1;
L_0x13830e0 .part L_0x130bfd0, 4, 4;
L_0xfad270 .part L_0x130bfd0, 0, 4;
L_0xfad310 .functor MUXZ 4, L_0xfad270, L_0x13830e0, L_0x1383040, C4<>;
L_0xf714d0 .part L_0xff8530, 1, 1;
L_0xf71570 .part L_0xfad310, 2, 2;
L_0xf71610 .part L_0xfad310, 0, 2;
L_0x10d3260 .functor MUXZ 2, L_0xf71610, L_0xf71570, L_0xf714d0, C4<>;
L_0x137a050 .part L_0xff8530, 0, 1;
L_0x137a0f0 .part L_0x10d3260, 1, 1;
L_0x137a1e0 .part L_0x10d3260, 0, 1;
L_0xff83f0 .functor MUXZ 1, L_0x137a1e0, L_0x137a0f0, L_0x137a050, C4<>;
S_0x1325b00 .scope module, "$abc$970$auto_971" "DFFRE" 5 173, 9 11 1, S_0x1348f10;
 .timescale -9 -12;
    .port_info 0 /INPUT 1 "D";
    .port_info 1 /INPUT 1 "R";
    .port_info 2 /INPUT 1 "E";
    .port_info 3 /INPUT 1 "C";
    .port_info 4 /OUTPUT 1 "Q";
L_0x13710d0 .functor AND 1, L_0xf49fd0, L_0x1364980, C4<1>, C4<1>;
L_0xff85d0 .functor AND 1, L_0xf49fd0, L_0x13a90c0, C4<1>, C4<1>;
L_0x13a9200 .functor AND 1, L_0x13a9160, L_0x1364980, C4<1>, C4<1>;
L_0x139fa00 .functor AND 1, L_0x139f8c0, L_0x139f960, C4<1>, C4<1>;
L_0x7fb6d5ca3690 .functor BUFT 1, C4<1>, C4<0>, C4<0>, C4<0>;
L_0xe01540 .functor AND 1, L_0x7fb6d5ca3690, L_0x1364980, C4<1>, C4<1>;
L_0x1383600 .functor AND 1, L_0x7fb6d5ca3690, L_0x1383560, C4<1>, C4<1>;
L_0xf485b0 .functor BUFZ 1, L_0x7fb6d5ca3690, C4<0>, C4<0>, C4<0>;
L_0xf486f0 .functor BUFZ 1, L_0x1364980, C4<0>, C4<0>, C4<0>;
v0xd8a980_0 .net "C", 0 0, L_0xf49fd0;  alias, 1 drivers
v0xda90a0_0 .net "C_D_SDFCHK", 0 0, L_0x13710d0;  1 drivers
v0xda9380_0 .net "C_nD_SDFCHK", 0 0, L_0xff85d0;  1 drivers
v0xda9210_0 .net "D", 0 0, L_0x1364980;  alias, 1 drivers
v0xda94f0_0 .net "D_SDFCHK", 0 0, L_0xf486f0;  1 drivers
L_0x7fb6d5ca36d8 .functor BUFT 1, C4<1>, C4<0>, C4<0>, C4<0>;
v0xda1ce0_0 .net "E", 0 0, L_0x7fb6d5ca36d8;  1 drivers
v0xda1fc0_0 .var "Q", 0 0;
v0xda1e50_0 .net "R", 0 0, L_0x7fb6d5ca3690;  1 drivers
v0xda2130_0 .net "R_D_SDFCHK", 0 0, L_0xe01540;  1 drivers
v0xe28830_0 .net "R_SDFCHK", 0 0, L_0xf485b0;  1 drivers
v0xe28b10_0 .net "R_nD_SDFCHK", 0 0, L_0x1383600;  1 drivers
v0xe28c80_0 .net *"_ivl_11", 0 0, L_0x139f8c0;  1 drivers
v0xe28df0_0 .net *"_ivl_13", 0 0, L_0x139f960;  1 drivers
v0xe289a0_0 .net *"_ivl_19", 0 0, L_0x1383560;  1 drivers
v0xe26220_0 .net *"_ivl_3", 0 0, L_0x13a90c0;  1 drivers
v0xe26500_0 .net *"_ivl_7", 0 0, L_0x13a9160;  1 drivers
v0xe26670_0 .net "nC_D_SDFCHK", 0 0, L_0x13a9200;  1 drivers
v0xe26390_0 .net "nC_nD_SDFCHK", 0 0, L_0x139fa00;  1 drivers
E_0xeaee10/0 .event negedge, v0xda1e50_0;
E_0xeaee10/1 .event posedge, v0xd8a980_0;
E_0xeaee10 .event/or E_0xeaee10/0, E_0xeaee10/1;
L_0x13a90c0 .reduce/nor L_0x1364980;
L_0x13a9160 .reduce/nor L_0xf49fd0;
L_0x139f8c0 .reduce/nor L_0xf49fd0;
L_0x139f960 .reduce/nor L_0x1364980;
L_0x1383560 .reduce/nor L_0x1364980;
S_0x13247c0 .scope module, "$abc$970$auto_972" "DFFRE" 5 182, 9 11 1, S_0x1348f10;
 .timescale -9 -12;
    .port_info 0 /INPUT 1 "D";
    .port_info 1 /INPUT 1 "R";
    .port_info 2 /INPUT 1 "E";
    .port_info 3 /INPUT 1 "C";
    .port_info 4 /OUTPUT 1 "Q";
L_0xf48970 .functor AND 1, L_0xf49fd0, L_0xff83f0, C4<1>, C4<1>;
L_0x1373b40 .functor AND 1, L_0xf49fd0, L_0x1373aa0, C4<1>, C4<1>;
L_0xf504c0 .functor AND 1, L_0x1373bb0, L_0xff83f0, C4<1>, C4<1>;
L_0x13a8eb0 .functor AND 1, L_0x1373c50, L_0x13a8e10, C4<1>, C4<1>;
L_0x7fb6d5ca3720 .functor BUFT 1, C4<1>, C4<0>, C4<0>, C4<0>;
L_0xf509c0 .functor AND 1, L_0x7fb6d5ca3720, L_0xff83f0, C4<1>, C4<1>;
L_0x139f4d0 .functor AND 1, L_0x7fb6d5ca3720, L_0x139f430, C4<1>, C4<1>;
L_0x139f5e0 .functor BUFZ 1, L_0x7fb6d5ca3720, C4<0>, C4<0>, C4<0>;
L_0x139f650 .functor BUFZ 1, L_0xff83f0, C4<0>, C4<0>, C4<0>;
v0xe23420_0 .net "C", 0 0, L_0xf49fd0;  alias, 1 drivers
v0xe23cc0_0 .net "C_D_SDFCHK", 0 0, L_0xf48970;  1 drivers
v0xe23700_0 .net "C_nD_SDFCHK", 0 0, L_0x1373b40;  1 drivers
v0xe23870_0 .net "D", 0 0, L_0xff83f0;  alias, 1 drivers
v0xe23b50_0 .net "D_SDFCHK", 0 0, L_0x139f650;  1 drivers
L_0x7fb6d5ca3768 .functor BUFT 1, C4<1>, C4<0>, C4<0>, C4<0>;
v0xe23fa0_0 .net "E", 0 0, L_0x7fb6d5ca3768;  1 drivers
v0xe23e30_0 .var "Q", 0 0;
v0xe239e0_0 .net "R", 0 0, L_0x7fb6d5ca3720;  1 drivers
v0xe23590_0 .net "R_D_SDFCHK", 0 0, L_0xf509c0;  1 drivers
v0xe20e80_0 .net "R_SDFCHK", 0 0, L_0x139f5e0;  1 drivers
v0xe21160_0 .net "R_nD_SDFCHK", 0 0, L_0x139f4d0;  1 drivers
v0xe212d0_0 .net *"_ivl_11", 0 0, L_0x1373c50;  1 drivers
v0xe20ff0_0 .net *"_ivl_13", 0 0, L_0x13a8e10;  1 drivers
v0xe2ce30_0 .net *"_ivl_19", 0 0, L_0x139f430;  1 drivers
v0xe2cfa0_0 .net *"_ivl_3", 0 0, L_0x1373aa0;  1 drivers
v0xe2d110_0 .net *"_ivl_7", 0 0, L_0x1373bb0;  1 drivers
v0xe2ade0_0 .net "nC_D_SDFCHK", 0 0, L_0xf504c0;  1 drivers
v0xe2af50_0 .net "nC_nD_SDFCHK", 0 0, L_0x13a8eb0;  1 drivers
E_0xef78d0/0 .event negedge, v0xe239e0_0;
E_0xef78d0/1 .event posedge, v0xd8a980_0;
E_0xef78d0 .event/or E_0xef78d0/0, E_0xef78d0/1;
L_0x1373aa0 .reduce/nor L_0xff83f0;
L_0x1373bb0 .reduce/nor L_0xf49fd0;
L_0x1373c50 .reduce/nor L_0xf49fd0;
L_0x13a8e10 .reduce/nor L_0xff83f0;
L_0x139f430 .reduce/nor L_0xff83f0;
S_0x1323600 .scope module, "$abc$970$auto_973" "DFFRE" 5 191, 9 11 1, S_0x1348f10;
 .timescale -9 -12;
    .port_info 0 /INPUT 1 "D";
    .port_info 1 /INPUT 1 "R";
    .port_info 2 /INPUT 1 "E";
    .port_info 3 /INPUT 1 "C";
    .port_info 4 /OUTPUT 1 "Q";
L_0xf50b00 .functor AND 1, L_0xf49fd0, L_0x130f530, C4<1>, C4<1>;
L_0x1395d20 .functor AND 1, L_0xf49fd0, L_0x1395c80, C4<1>, C4<1>;
L_0x1395e30 .functor AND 1, L_0x1395d90, L_0x130f530, C4<1>, C4<1>;
L_0x13961e0 .functor AND 1, L_0x1395ea0, L_0x1396140, C4<1>, C4<1>;
L_0x7fb6d5ca37b0 .functor BUFT 1, C4<1>, C4<0>, C4<0>, C4<0>;
L_0x13962f0 .functor AND 1, L_0x7fb6d5ca37b0, L_0x130f530, C4<1>, C4<1>;
L_0xf4cc90 .functor AND 1, L_0x7fb6d5ca37b0, L_0x1396470, C4<1>, C4<1>;
L_0x1124d80 .functor BUFZ 1, L_0x7fb6d5ca37b0, C4<0>, C4<0>, C4<0>;
L_0x1308a50 .functor BUFZ 1, L_0x130f530, C4<0>, C4<0>, C4<0>;
v0xe2b0c0_0 .net "C", 0 0, L_0xf49fd0;  alias, 1 drivers
v0xe3e7f0_0 .net "C_D_SDFCHK", 0 0, L_0xf50b00;  1 drivers
v0xe3e680_0 .net "C_nD_SDFCHK", 0 0, L_0x1395d20;  1 drivers
v0xe3df50_0 .net "D", 0 0, L_0x130f530;  alias, 1 drivers
v0xe3e0c0_0 .net "D_SDFCHK", 0 0, L_0x1308a50;  1 drivers
L_0x7fb6d5ca37f8 .functor BUFT 1, C4<1>, C4<0>, C4<0>, C4<0>;
v0xe3e3a0_0 .net "E", 0 0, L_0x7fb6d5ca37f8;  1 drivers
v0xe3e230_0 .var "Q", 0 0;
v0xe3e510_0 .net "R", 0 0, L_0x7fb6d5ca37b0;  1 drivers
v0xe3ee20_0 .net "R_D_SDFCHK", 0 0, L_0x13962f0;  1 drivers
v0xe3ef90_0 .net "R_SDFCHK", 0 0, L_0x1124d80;  1 drivers
v0xe3f100_0 .net "R_nD_SDFCHK", 0 0, L_0xf4cc90;  1 drivers
v0xe2f400_0 .net *"_ivl_11", 0 0, L_0x1395ea0;  1 drivers
v0xe30130_0 .net *"_ivl_13", 0 0, L_0x1396140;  1 drivers
v0xe30760_0 .net *"_ivl_19", 0 0, L_0x1396470;  1 drivers
v0xd8d420_0 .net *"_ivl_3", 0 0, L_0x1395c80;  1 drivers
v0xd8d590_0 .net *"_ivl_7", 0 0, L_0x1395d90;  1 drivers
v0xdc74b0_0 .net "nC_D_SDFCHK", 0 0, L_0x1395e30;  1 drivers
v0xd70f00_0 .net "nC_nD_SDFCHK", 0 0, L_0x13961e0;  1 drivers
E_0xd44e60/0 .event negedge, v0xe3e510_0;
E_0xd44e60/1 .event posedge, v0xd8a980_0;
E_0xd44e60 .event/or E_0xd44e60/0, E_0xd44e60/1;
L_0x1395c80 .reduce/nor L_0x130f530;
L_0x1395d90 .reduce/nor L_0xf49fd0;
L_0x1395ea0 .reduce/nor L_0xf49fd0;
L_0x1396140 .reduce/nor L_0x130f530;
L_0x1396470 .reduce/nor L_0x130f530;
S_0x1322440 .scope module, "$abc$970$auto_974" "DFFRE" 5 200, 9 11 1, S_0x1348f10;
 .timescale -9 -12;
    .port_info 0 /INPUT 1 "D";
    .port_info 1 /INPUT 1 "R";
    .port_info 2 /INPUT 1 "E";
    .port_info 3 /INPUT 1 "C";
    .port_info 4 /OUTPUT 1 "Q";
L_0x130a5d0 .functor AND 1, L_0xf49fd0, L_0x1372be0, C4<1>, C4<1>;
L_0xdf7970 .functor AND 1, L_0xf49fd0, L_0xdf78d0, C4<1>, C4<1>;
L_0xdf7a80 .functor AND 1, L_0xdf79e0, L_0x1372be0, C4<1>, C4<1>;
L_0xdf7c80 .functor AND 1, L_0xdf7b40, L_0xdf7be0, C4<1>, C4<1>;
L_0x7fb6d5ca3840 .functor BUFT 1, C4<1>, C4<0>, C4<0>, C4<0>;
L_0xd85fd0 .functor AND 1, L_0x7fb6d5ca3840, L_0x1372be0, C4<1>, C4<1>;
L_0xdffc70 .functor AND 1, L_0x7fb6d5ca3840, L_0xdffbd0, C4<1>, C4<1>;
L_0xdffd80 .functor BUFZ 1, L_0x7fb6d5ca3840, C4<0>, C4<0>, C4<0>;
L_0xdffdf0 .functor BUFZ 1, L_0x1372be0, C4<0>, C4<0>, C4<0>;
v0xd711e0_0 .net "C", 0 0, L_0xf49fd0;  alias, 1 drivers
v0xd71070_0 .net "C_D_SDFCHK", 0 0, L_0x130a5d0;  1 drivers
v0xd71350_0 .net "C_nD_SDFCHK", 0 0, L_0xdf7970;  1 drivers
v0xdb5630_0 .net "D", 0 0, L_0x1372be0;  alias, 1 drivers
v0xdb5910_0 .net "D_SDFCHK", 0 0, L_0xdffdf0;  1 drivers
L_0x7fb6d5ca3888 .functor BUFT 1, C4<1>, C4<0>, C4<0>, C4<0>;
v0xdb57a0_0 .net "E", 0 0, L_0x7fb6d5ca3888;  1 drivers
v0xdb5a80_0 .var "Q", 0 0;
v0xdb0e10_0 .net "R", 0 0, L_0x7fb6d5ca3840;  1 drivers
v0xdb0f80_0 .net "R_D_SDFCHK", 0 0, L_0xd85fd0;  1 drivers
v0xdb2dd0_0 .net "R_SDFCHK", 0 0, L_0xdffd80;  1 drivers
v0xdb30b0_0 .net "R_nD_SDFCHK", 0 0, L_0xdffc70;  1 drivers
v0xdb2f40_0 .net *"_ivl_11", 0 0, L_0xdf7b40;  1 drivers
v0xdb3220_0 .net *"_ivl_13", 0 0, L_0xdf7be0;  1 drivers
v0xd73780_0 .net *"_ivl_19", 0 0, L_0xdffbd0;  1 drivers
v0xd73a60_0 .net *"_ivl_3", 0 0, L_0xdf78d0;  1 drivers
v0xd738f0_0 .net *"_ivl_7", 0 0, L_0xdf79e0;  1 drivers
v0xd73bd0_0 .net "nC_D_SDFCHK", 0 0, L_0xdf7a80;  1 drivers
v0xd82a80_0 .net "nC_nD_SDFCHK", 0 0, L_0xdf7c80;  1 drivers
E_0xdd1df0/0 .event negedge, v0xdb0e10_0;
E_0xdd1df0/1 .event posedge, v0xd8a980_0;
E_0xdd1df0 .event/or E_0xdd1df0/0, E_0xdd1df0/1;
L_0xdf78d0 .reduce/nor L_0x1372be0;
L_0xdf79e0 .reduce/nor L_0xf49fd0;
L_0xdf7b40 .reduce/nor L_0xf49fd0;
L_0xdf7be0 .reduce/nor L_0x1372be0;
L_0xdffbd0 .reduce/nor L_0x1372be0;
S_0x1321280 .scope module, "$abc$970$auto_975" "DFFRE" 5 209, 9 11 1, S_0x1348f10;
 .timescale -9 -12;
    .port_info 0 /INPUT 1 "D";
    .port_info 1 /INPUT 1 "R";
    .port_info 2 /INPUT 1 "E";
    .port_info 3 /INPUT 1 "C";
    .port_info 4 /OUTPUT 1 "Q";
L_0xd85ca0 .functor AND 1, L_0xf49fd0, L_0x1333ca0, C4<1>, C4<1>;
L_0xe0da10 .functor AND 1, L_0xf49fd0, L_0xe0d970, C4<1>, C4<1>;
L_0xe0db20 .functor AND 1, L_0xe0da80, L_0x1333ca0, C4<1>, C4<1>;
L_0xe0dcd0 .functor AND 1, L_0xe0db90, L_0xe0dc30, C4<1>, C4<1>;
L_0x7fb6d5ca38d0 .functor BUFT 1, C4<1>, C4<0>, C4<0>, C4<0>;
L_0xd858c0 .functor AND 1, L_0x7fb6d5ca38d0, L_0x1333ca0, C4<1>, C4<1>;
L_0xdfa500 .functor AND 1, L_0x7fb6d5ca38d0, L_0xdfa460, C4<1>, C4<1>;
L_0xdfa610 .functor BUFZ 1, L_0x7fb6d5ca38d0, C4<0>, C4<0>, C4<0>;
L_0xdfa680 .functor BUFZ 1, L_0x1333ca0, C4<0>, C4<0>, C4<0>;
v0xd82d60_0 .net "C", 0 0, L_0xf49fd0;  alias, 1 drivers
v0xd82bf0_0 .net "C_D_SDFCHK", 0 0, L_0xd85ca0;  1 drivers
v0xd82ed0_0 .net "C_nD_SDFCHK", 0 0, L_0xe0da10;  1 drivers
v0xd80200_0 .net "D", 0 0, L_0x1333ca0;  alias, 1 drivers
v0xd804e0_0 .net "D_SDFCHK", 0 0, L_0xdfa680;  1 drivers
L_0x7fb6d5ca3918 .functor BUFT 1, C4<1>, C4<0>, C4<0>, C4<0>;
v0xd80370_0 .net "E", 0 0, L_0x7fb6d5ca3918;  1 drivers
v0xd80650_0 .var "Q", 0 0;
v0xe14bc0_0 .net "R", 0 0, L_0x7fb6d5ca38d0;  1 drivers
v0xe14d30_0 .net "R_D_SDFCHK", 0 0, L_0xd858c0;  1 drivers
v0xe14750_0 .net "R_SDFCHK", 0 0, L_0xdfa610;  1 drivers
v0xe14ea0_0 .net "R_nD_SDFCHK", 0 0, L_0xdfa500;  1 drivers
v0xe15010_0 .net *"_ivl_11", 0 0, L_0xe0db90;  1 drivers
v0xe15180_0 .net *"_ivl_13", 0 0, L_0xe0dc30;  1 drivers
v0xd647f0_0 .net *"_ivl_19", 0 0, L_0xdfa460;  1 drivers
v0xd7b100_0 .net *"_ivl_3", 0 0, L_0xe0d970;  1 drivers
v0xd7b3e0_0 .net *"_ivl_7", 0 0, L_0xe0da80;  1 drivers
v0xd7b270_0 .net "nC_D_SDFCHK", 0 0, L_0xe0db20;  1 drivers
v0xd7b550_0 .net "nC_nD_SDFCHK", 0 0, L_0xe0dcd0;  1 drivers
E_0xe074d0/0 .event negedge, v0xe14bc0_0;
E_0xe074d0/1 .event posedge, v0xd8a980_0;
E_0xe074d0 .event/or E_0xe074d0/0, E_0xe074d0/1;
L_0xe0d970 .reduce/nor L_0x1333ca0;
L_0xe0da80 .reduce/nor L_0xf49fd0;
L_0xe0db90 .reduce/nor L_0xf49fd0;
L_0xe0dc30 .reduce/nor L_0x1333ca0;
L_0xdfa460 .reduce/nor L_0x1333ca0;
S_0x131e950 .scope module, "$abc$970$auto_976" "DFFRE" 5 218, 9 11 1, S_0x1348f10;
 .timescale -9 -12;
    .port_info 0 /INPUT 1 "D";
    .port_info 1 /INPUT 1 "R";
    .port_info 2 /INPUT 1 "E";
    .port_info 3 /INPUT 1 "C";
    .port_info 4 /OUTPUT 1 "Q";
L_0xdf9300 .functor AND 1, L_0xf49fd0, L_0x1305e80, C4<1>, C4<1>;
L_0x1351020 .functor AND 1, L_0xf49fd0, L_0x1350f80, C4<1>, C4<1>;
L_0xde0ec0 .functor AND 1, L_0xe02ce0, L_0x1305e80, C4<1>, C4<1>;
L_0xdf9790 .functor AND 1, L_0xe02d80, L_0xe02e20, C4<1>, C4<1>;
L_0x7fb6d5ca3960 .functor BUFT 1, C4<1>, C4<0>, C4<0>, C4<0>;
L_0xdf8f80 .functor AND 1, L_0x7fb6d5ca3960, L_0x1305e80, C4<1>, C4<1>;
L_0xdf8c50 .functor AND 1, L_0x7fb6d5ca3960, L_0x13a8d10, C4<1>, C4<1>;
L_0xdf8780 .functor BUFZ 1, L_0x7fb6d5ca3960, C4<0>, C4<0>, C4<0>;
L_0xdf88c0 .functor BUFZ 1, L_0x1305e80, C4<0>, C4<0>, C4<0>;
v0xd76000_0 .net "C", 0 0, L_0xf49fd0;  alias, 1 drivers
v0xd762e0_0 .net "C_D_SDFCHK", 0 0, L_0xdf9300;  1 drivers
v0xd76170_0 .net "C_nD_SDFCHK", 0 0, L_0x1351020;  1 drivers
v0xd76450_0 .net "D", 0 0, L_0x1305e80;  alias, 1 drivers
v0xe107c0_0 .net "D_SDFCHK", 0 0, L_0xdf88c0;  1 drivers
L_0x7fb6d5ca39a8 .functor BUFT 1, C4<1>, C4<0>, C4<0>, C4<0>;
v0xe10930_0 .net "E", 0 0, L_0x7fb6d5ca39a8;  1 drivers
v0xe12a30_0 .var "Q", 0 0;
v0xda4540_0 .net "R", 0 0, L_0x7fb6d5ca3960;  1 drivers
v0xda4820_0 .net "R_D_SDFCHK", 0 0, L_0xdf8f80;  1 drivers
v0xda46b0_0 .net "R_SDFCHK", 0 0, L_0xdf8780;  1 drivers
v0xda4990_0 .net "R_nD_SDFCHK", 0 0, L_0xdf8c50;  1 drivers
v0xd9f480_0 .net *"_ivl_11", 0 0, L_0xe02d80;  1 drivers
v0xd9f760_0 .net *"_ivl_13", 0 0, L_0xe02e20;  1 drivers
v0xd9f5f0_0 .net *"_ivl_19", 0 0, L_0x13a8d10;  1 drivers
v0xd9f8d0_0 .net *"_ivl_3", 0 0, L_0x1350f80;  1 drivers
v0xdf3a90_0 .net *"_ivl_7", 0 0, L_0xe02ce0;  1 drivers
v0xdf3d70_0 .net "nC_D_SDFCHK", 0 0, L_0xde0ec0;  1 drivers
v0xdf3c00_0 .net "nC_nD_SDFCHK", 0 0, L_0xdf9790;  1 drivers
E_0xde5040/0 .event negedge, v0xda4540_0;
E_0xde5040/1 .event posedge, v0xd8a980_0;
E_0xde5040 .event/or E_0xde5040/0, E_0xde5040/1;
L_0x1350f80 .reduce/nor L_0x1305e80;
L_0xe02ce0 .reduce/nor L_0xf49fd0;
L_0xe02d80 .reduce/nor L_0xf49fd0;
L_0xe02e20 .reduce/nor L_0x1305e80;
L_0x13a8d10 .reduce/nor L_0x1305e80;
S_0x131d610 .scope module, "$abc$970$auto_977" "DFFRE" 5 227, 9 11 1, S_0x1348f10;
 .timescale -9 -12;
    .port_info 0 /INPUT 1 "D";
    .port_info 1 /INPUT 1 "R";
    .port_info 2 /INPUT 1 "E";
    .port_info 3 /INPUT 1 "C";
    .port_info 4 /OUTPUT 1 "Q";
L_0xdf81a0 .functor AND 1, L_0xf49fd0, L_0x13573e0, C4<1>, C4<1>;
L_0xde17f0 .functor AND 1, L_0xf49fd0, L_0xde1750, C4<1>, C4<1>;
L_0xde1900 .functor AND 1, L_0xde1860, L_0x13573e0, C4<1>, C4<1>;
L_0xde1b00 .functor AND 1, L_0xde19c0, L_0xde1a60, C4<1>, C4<1>;
L_0x7fb6d5ca39f0 .functor BUFT 1, C4<1>, C4<0>, C4<0>, C4<0>;
L_0xdf84e0 .functor AND 1, L_0x7fb6d5ca39f0, L_0x13573e0, C4<1>, C4<1>;
L_0xd69190 .functor AND 1, L_0x7fb6d5ca39f0, L_0xd690f0, C4<1>, C4<1>;
L_0xd692a0 .functor BUFZ 1, L_0x7fb6d5ca39f0, C4<0>, C4<0>, C4<0>;
L_0xd69310 .functor BUFZ 1, L_0x13573e0, C4<0>, C4<0>, C4<0>;
v0xdf5fb0_0 .net "C", 0 0, L_0xf49fd0;  alias, 1 drivers
v0xdef4a0_0 .net "C_D_SDFCHK", 0 0, L_0xdf81a0;  1 drivers
v0xdef610_0 .net "C_nD_SDFCHK", 0 0, L_0xde17f0;  1 drivers
v0xdf1710_0 .net "D", 0 0, L_0x13573e0;  alias, 1 drivers
v0xded0b0_0 .net "D_SDFCHK", 0 0, L_0xd69310;  1 drivers
L_0x7fb6d5ca3a38 .functor BUFT 1, C4<1>, C4<0>, C4<0>, C4<0>;
v0xdc5280_0 .net "E", 0 0, L_0x7fb6d5ca3a38;  1 drivers
v0xdb92d0_0 .var "Q", 0 0;
v0xde65c0_0 .net "R", 0 0, L_0x7fb6d5ca39f0;  1 drivers
v0xde6730_0 .net "R_D_SDFCHK", 0 0, L_0xdf84e0;  1 drivers
v0xde68a0_0 .net "R_SDFCHK", 0 0, L_0xd692a0;  1 drivers
v0xdbc120_0 .net "R_nD_SDFCHK", 0 0, L_0xd69190;  1 drivers
v0xd3ed60_0 .net *"_ivl_11", 0 0, L_0xde19c0;  1 drivers
v0xd3f040_0 .net *"_ivl_13", 0 0, L_0xde1a60;  1 drivers
v0xd3eed0_0 .net *"_ivl_19", 0 0, L_0xd690f0;  1 drivers
v0xd3f1b0_0 .net *"_ivl_3", 0 0, L_0xde1750;  1 drivers
v0xd69ae0_0 .net *"_ivl_7", 0 0, L_0xde1860;  1 drivers
v0xd69dc0_0 .net "nC_D_SDFCHK", 0 0, L_0xde1900;  1 drivers
v0xd69c50_0 .net "nC_nD_SDFCHK", 0 0, L_0xde1b00;  1 drivers
E_0xd3d7d0/0 .event negedge, v0xde65c0_0;
E_0xd3d7d0/1 .event posedge, v0xd8a980_0;
E_0xd3d7d0 .event/or E_0xd3d7d0/0, E_0xd3d7d0/1;
L_0xde1750 .reduce/nor L_0x13573e0;
L_0xde1860 .reduce/nor L_0xf49fd0;
L_0xde19c0 .reduce/nor L_0xf49fd0;
L_0xde1a60 .reduce/nor L_0x13573e0;
L_0xd690f0 .reduce/nor L_0x13573e0;
S_0x131c450 .scope module, "$abc$970$auto_978" "DFFRE" 5 236, 9 11 1, S_0x1348f10;
 .timescale -9 -12;
    .port_info 0 /INPUT 1 "D";
    .port_info 1 /INPUT 1 "R";
    .port_info 2 /INPUT 1 "E";
    .port_info 3 /INPUT 1 "C";
    .port_info 4 /OUTPUT 1 "Q";
L_0xe018c0 .functor AND 1, L_0xf49fd0, L_0x136d6f0, C4<1>, C4<1>;
L_0xd3e650 .functor AND 1, L_0xf49fd0, L_0xd3e5b0, C4<1>, C4<1>;
L_0xd3e760 .functor AND 1, L_0xd3e6c0, L_0x136d6f0, C4<1>, C4<1>;
L_0xd3e910 .functor AND 1, L_0xd3e7d0, L_0xd3e870, C4<1>, C4<1>;
L_0x7fb6d5ca3a80 .functor BUFT 1, C4<1>, C4<0>, C4<0>, C4<0>;
L_0xe01d50 .functor AND 1, L_0x7fb6d5ca3a80, L_0x136d6f0, C4<1>, C4<1>;
L_0xddf2b0 .functor AND 1, L_0x7fb6d5ca3a80, L_0xddf210, C4<1>, C4<1>;
L_0xddf3c0 .functor BUFZ 1, L_0x7fb6d5ca3a80, C4<0>, C4<0>, C4<0>;
L_0xddf430 .functor BUFZ 1, L_0x136d6f0, C4<0>, C4<0>, C4<0>;
v0xd69f30_0 .net "C", 0 0, L_0xf49fd0;  alias, 1 drivers
v0xd6efb0_0 .net "C_D_SDFCHK", 0 0, L_0xe018c0;  1 drivers
v0xe03740_0 .net "C_nD_SDFCHK", 0 0, L_0xd3e650;  1 drivers
v0xe038b0_0 .net "D", 0 0, L_0x136d6f0;  alias, 1 drivers
v0xdfaee0_0 .net "D_SDFCHK", 0 0, L_0xddf430;  1 drivers
L_0x7fb6d5ca3ac8 .functor BUFT 1, C4<1>, C4<0>, C4<0>, C4<0>;
v0xe00650_0 .net "E", 0 0, L_0x7fb6d5ca3ac8;  1 drivers
v0xd85300_0 .var "Q", 0 0;
v0xd855e0_0 .net "R", 0 0, L_0x7fb6d5ca3a80;  1 drivers
v0xd85470_0 .net "R_D_SDFCHK", 0 0, L_0xe01d50;  1 drivers
v0xd85750_0 .net "R_SDFCHK", 0 0, L_0xddf3c0;  1 drivers
v0x11d37b0_0 .net "R_nD_SDFCHK", 0 0, L_0xddf2b0;  1 drivers
v0x11123e0_0 .net *"_ivl_11", 0 0, L_0xd3e7d0;  1 drivers
v0x1318230_0 .net *"_ivl_13", 0 0, L_0xd3e870;  1 drivers
v0x104dfa0_0 .net *"_ivl_19", 0 0, L_0xddf210;  1 drivers
v0xf1f600_0 .net *"_ivl_3", 0 0, L_0xd3e5b0;  1 drivers
v0xf20610_0 .net *"_ivl_7", 0 0, L_0xd3e6c0;  1 drivers
v0xf1ffe0_0 .net "nC_D_SDFCHK", 0 0, L_0xd3e760;  1 drivers
v0xfa1fb0_0 .net "nC_nD_SDFCHK", 0 0, L_0xd3e910;  1 drivers
E_0xe246f0/0 .event negedge, v0xd855e0_0;
E_0xe246f0/1 .event posedge, v0xd8a980_0;
E_0xe246f0 .event/or E_0xe246f0/0, E_0xe246f0/1;
L_0xd3e5b0 .reduce/nor L_0x136d6f0;
L_0xd3e6c0 .reduce/nor L_0xf49fd0;
L_0xd3e7d0 .reduce/nor L_0xf49fd0;
L_0xd3e870 .reduce/nor L_0x136d6f0;
L_0xddf210 .reduce/nor L_0x136d6f0;
S_0xe76810 .scope module, "$clkbuf$and2.$ibuf_clock0" "CLK_BUF" 5 244, 10 10 1, S_0x1348f10;
 .timescale -9 -12;
    .port_info 0 /INPUT 1 "I";
    .port_info 1 /OUTPUT 1 "O";
L_0xf49fd0 .functor BUFZ 1, L_0x1060e50, C4<0>, C4<0>, C4<0>;
v0x11e7000_0 .net "I", 0 0, L_0x1060e50;  alias, 1 drivers
v0x10a4950_0 .net "O", 0 0, L_0xf49fd0;  alias, 1 drivers
S_0x130a400 .scope module, "$f2g_tx_out_$obuf_c_1" "O_FAB" 5 249, 11 10 1, S_0x1348f10;
 .timescale -9 -12;
    .port_info 0 /INPUT 1 "I";
    .port_info 1 /OUTPUT 1 "O";
L_0xf49e90 .functor BUFZ 1, L_0x137a350, C4<0>, C4<0>, C4<0>;
v0x1089c80_0 .net "I", 0 0, L_0x137a350;  alias, 1 drivers
v0x11091d0_0 .net "O", 0 0, L_0xf49e90;  alias, 1 drivers
S_0x1309640 .scope module, "$ibuf$and2.$ibuf_a" "I_BUF" 5 258, 12 10 1, S_0x1348f10;
 .timescale -9 -12;
    .port_info 0 /INPUT 1 "I";
    .port_info 1 /INPUT 1 "EN";
    .port_info 2 /OUTPUT 1 "O";
P_0x10d2f90 .param/str "IOSTANDARD" 0 12 12, "DEFAULT";
P_0x10d2fd0 .param/str "WEAK_KEEPER" 0 12 11, "NONE";
L_0xde0080 .functor BUFT 1, v0x135d3c0_0, C4<0>, C4<0>, C4<0>;
L_0x7fb6d5ca3b10 .functor BUFT 1, C4<1>, C4<0>, C4<0>, C4<0>;
v0xe26090_0 .net "EN", 0 0, L_0x7fb6d5ca3b10;  1 drivers
v0xe23290_0 .net "I", 0 0, v0x135d3c0_0;  alias, 1 drivers
v0xe20cf0_0 .net "O", 0 0, L_0xde0080;  alias, 1 drivers
S_0x1308880 .scope module, "$ibuf$and2.$ibuf_b" "I_BUF" 5 268, 12 10 1, S_0x1348f10;
 .timescale -9 -12;
    .port_info 0 /INPUT 1 "I";
    .port_info 1 /INPUT 1 "EN";
    .port_info 2 /OUTPUT 1 "O";
P_0xf71880 .param/str "IOSTANDARD" 0 12 12, "DEFAULT";
P_0xf718c0 .param/str "WEAK_KEEPER" 0 12 11, "NONE";
L_0xde0180 .functor BUFT 1, v0x1358660_0, C4<0>, C4<0>, C4<0>;
L_0x7fb6d5ca3b58 .functor BUFT 1, C4<1>, C4<0>, C4<0>, C4<0>;
v0xdfdba0_0 .net "EN", 0 0, L_0x7fb6d5ca3b58;  1 drivers
v0xde4a40_0 .net "I", 0 0, v0x1358660_0;  alias, 1 drivers
v0xe54220_0 .net "O", 0 0, L_0xde0180;  alias, 1 drivers
S_0x132f860 .scope module, "$ibuf$and2.$ibuf_clock0" "I_BUF" 5 278, 12 10 1, S_0x1348f10;
 .timescale -9 -12;
    .port_info 0 /INPUT 1 "I";
    .port_info 1 /INPUT 1 "EN";
    .port_info 2 /OUTPUT 1 "O";
P_0xf729b0 .param/str "IOSTANDARD" 0 12 12, "DEFAULT";
P_0xf729f0 .param/str "WEAK_KEEPER" 0 12 11, "NONE";
L_0x1060e50 .functor BUFT 1, v0x1354620_0, C4<0>, C4<0>, C4<0>;
L_0x7fb6d5ca3ba0 .functor BUFT 1, C4<1>, C4<0>, C4<0>, C4<0>;
v0xe3e960_0 .net "EN", 0 0, L_0x7fb6d5ca3ba0;  1 drivers
v0xe302a0_0 .net "I", 0 0, v0x1354620_0;  alias, 1 drivers
v0xe52f30_0 .net "O", 0 0, L_0x1060e50;  alias, 1 drivers
S_0x13b51c0 .scope module, "$ibuf$and2.$ibuf_id" "I_BUF" 5 288, 12 10 1, S_0x1348f10;
 .timescale -9 -12;
    .port_info 0 /INPUT 1 "I";
    .port_info 1 /INPUT 1 "EN";
    .port_info 2 /OUTPUT 1 "O";
P_0x11de8d0 .param/str "IOSTANDARD" 0 12 12, "DEFAULT";
P_0x11de910 .param/str "WEAK_KEEPER" 0 12 11, "NONE";
L_0xdd8e00 .functor BUFT 1, L_0xddfe10, C4<0>, C4<0>, C4<0>;
L_0x7fb6d5ca3be8 .functor BUFT 1, C4<1>, C4<0>, C4<0>, C4<0>;
v0xe55500_0 .net "EN", 0 0, L_0x7fb6d5ca3be8;  1 drivers
v0xe286a0_0 .net "I", 0 0, L_0xddfe10;  1 drivers
v0xe2cca0_0 .net "O", 0 0, L_0xdd8e00;  alias, 1 drivers
S_0x138c480 .scope module, "$ibuf$and2.$ibuf_id_1" "I_BUF" 5 298, 12 10 1, S_0x1348f10;
 .timescale -9 -12;
    .port_info 0 /INPUT 1 "I";
    .port_info 1 /INPUT 1 "EN";
    .port_info 2 /OUTPUT 1 "O";
P_0x133c190 .param/str "IOSTANDARD" 0 12 12, "DEFAULT";
P_0x133c1d0 .param/str "WEAK_KEEPER" 0 12 11, "NONE";
L_0xdd8e70 .functor BUFT 1, L_0xddff40, C4<0>, C4<0>, C4<0>;
L_0x7fb6d5ca3c30 .functor BUFT 1, C4<1>, C4<0>, C4<0>, C4<0>;
v0xe76a70_0 .net "EN", 0 0, L_0x7fb6d5ca3c30;  1 drivers
v0xecfc40_0 .net "I", 0 0, L_0xddff40;  1 drivers
v0xdd3710_0 .net "O", 0 0, L_0xdd8e70;  alias, 1 drivers
S_0x1372e30 .scope module, "$ibuf$and2.$ibuf_id_2" "I_BUF" 5 308, 12 10 1, S_0x1348f10;
 .timescale -9 -12;
    .port_info 0 /INPUT 1 "I";
    .port_info 1 /INPUT 1 "EN";
    .port_info 2 /OUTPUT 1 "O";
P_0x10d3610 .param/str "IOSTANDARD" 0 12 12, "DEFAULT";
P_0x10d3650 .param/str "WEAK_KEEPER" 0 12 11, "NONE";
L_0xdd8ee0 .functor BUFT 1, L_0xddffe0, C4<0>, C4<0>, C4<0>;
L_0x7fb6d5ca3c78 .functor BUFT 1, C4<1>, C4<0>, C4<0>, C4<0>;
v0xdf8370_0 .net "EN", 0 0, L_0x7fb6d5ca3c78;  1 drivers
v0x111ff10_0 .net "I", 0 0, L_0xddffe0;  1 drivers
v0xe51710_0 .net "O", 0 0, L_0xdd8ee0;  alias, 1 drivers
S_0x136ed80 .scope module, "$obuf$and2.$obuf_c" "O_BUFT" 5 316, 13 10 1, S_0x1348f10;
 .timescale -9 -12;
    .port_info 0 /INPUT 1 "I";
    .port_info 1 /INPUT 1 "T";
    .port_info 2 /OUTPUT 1 "O";
P_0x1307d90 .param/l "DRIVE_STRENGTH" 0 13 13, +C4<00000000000000000000000000000010>;
P_0x1307dd0 .param/str "IOSTANDARD" 0 13 12, "DEFAULT";
P_0x1307e10 .param/str "SLEW_RATE" 0 13 14, "SLOW";
P_0x1307e50 .param/str "WEAK_KEEPER" 0 13 11, "NONE";
L_0xdd8f50 .functor BUFT 1, L_0xf49e90, C4<0>, C4<0>, C4<0>;
v0xe06a80_0 .net "I", 0 0, L_0xf49e90;  alias, 1 drivers
v0xe099d0_0 .net "O", 0 0, L_0xdd8f50;  alias, 1 drivers
L_0x7fb6d5ca3cc0 .functor BUFT 1, C4<1>, C4<0>, C4<0>, C4<0>;
v0xe2ac50_0 .net "T", 0 0, L_0x7fb6d5ca3cc0;  1 drivers
    .scope S_0x13668e0;
T_1 ;
    %wait E_0x135e660;
    %pushi/vec4 0, 0, 32;
    %store/vec4 v0x1128d10_0, 0, 32;
T_1.0 ; Top of for-loop
    %load/vec4 v0x1128d10_0;
    %cmpi/s 10, 0, 32;
    %jmp/0xz T_1.1, 5;
    %pushi/vec4 0, 0, 1;
    %ix/getv/s 4, v0x1128d10_0;
    %store/vec4a v0x118ecd0, 4, 0;
    %pushi/vec4 0, 0, 1;
    %ix/getv/s 4, v0x1128d10_0;
    %store/vec4a v0x1128e80, 4, 0;
T_1.2 ; for-loop step statement
    %load/vec4 v0x1128d10_0;
    %addi 1, 0, 32;
    %store/vec4 v0x1128d10_0, 0, 32;
    %jmp T_1.0;
T_1.1 ; for-loop exit label
    %load/vec4 v0x118e9b0_0;
    %load/vec4 v0x1127df0_0;
    %pad/u 5;
    %ix/vec4 4;
    %store/vec4a v0x118ecd0, 4, 0;
    %load/vec4 v0x1127f60_0;
    %load/vec4 v0x1127df0_0;
    %pad/u 5;
    %ix/vec4 4;
    %store/vec4a v0x1128e80, 4, 0;
    %jmp T_1;
    .thread T_1, $push;
    .scope S_0x13668e0;
T_2 ;
    %wait E_0x1362740;
    %pushi/vec4 0, 0, 32;
    %store/vec4 v0x1128d10_0, 0, 32;
T_2.0 ; Top of for-loop
    %load/vec4 v0x1128d10_0;
    %cmpi/s 10, 0, 32;
    %jmp/0xz T_2.1, 5;
    %ix/getv/s 4, v0x1128d10_0;
    %load/vec4a v0x1128ff0, 4;
    %ix/getv/s 3, v0x1128d10_0;
    %ix/load 4, 0, 0; Constant delay
    %assign/vec4/a/d v0x1127c80, 0, 4;
T_2.2 ; for-loop step statement
    %load/vec4 v0x1128d10_0;
    %addi 1, 0, 32;
    %store/vec4 v0x1128d10_0, 0, 32;
    %jmp T_2.0;
T_2.1 ; for-loop exit label
    %jmp T_2;
    .thread T_2;
    .scope S_0x1325b00;
T_3 ;
    %pushi/vec4 0, 0, 1;
    %store/vec4 v0xda1fc0_0, 0, 1;
    %end;
    .thread T_3, $init;
    .scope S_0x1325b00;
T_4 ;
    %wait E_0xeaee10;
    %load/vec4 v0xda1e50_0;
    %nor/r;
    %flag_set/vec4 8;
    %jmp/0xz  T_4.0, 8;
    %pushi/vec4 0, 0, 1;
    %assign/vec4 v0xda1fc0_0, 0;
    %jmp T_4.1;
T_4.0 ;
    %load/vec4 v0xda1ce0_0;
    %flag_set/vec4 8;
    %jmp/0xz  T_4.2, 8;
    %load/vec4 v0xda9210_0;
    %assign/vec4 v0xda1fc0_0, 0;
T_4.2 ;
T_4.1 ;
    %jmp T_4;
    .thread T_4;
    .scope S_0x13247c0;
T_5 ;
    %pushi/vec4 0, 0, 1;
    %store/vec4 v0xe23e30_0, 0, 1;
    %end;
    .thread T_5, $init;
    .scope S_0x13247c0;
T_6 ;
    %wait E_0xef78d0;
    %load/vec4 v0xe239e0_0;
    %nor/r;
    %flag_set/vec4 8;
    %jmp/0xz  T_6.0, 8;
    %pushi/vec4 0, 0, 1;
    %assign/vec4 v0xe23e30_0, 0;
    %jmp T_6.1;
T_6.0 ;
    %load/vec4 v0xe23fa0_0;
    %flag_set/vec4 8;
    %jmp/0xz  T_6.2, 8;
    %load/vec4 v0xe23870_0;
    %assign/vec4 v0xe23e30_0, 0;
T_6.2 ;
T_6.1 ;
    %jmp T_6;
    .thread T_6;
    .scope S_0x1323600;
T_7 ;
    %pushi/vec4 0, 0, 1;
    %store/vec4 v0xe3e230_0, 0, 1;
    %end;
    .thread T_7, $init;
    .scope S_0x1323600;
T_8 ;
    %wait E_0xd44e60;
    %load/vec4 v0xe3e510_0;
    %nor/r;
    %flag_set/vec4 8;
    %jmp/0xz  T_8.0, 8;
    %pushi/vec4 0, 0, 1;
    %assign/vec4 v0xe3e230_0, 0;
    %jmp T_8.1;
T_8.0 ;
    %load/vec4 v0xe3e3a0_0;
    %flag_set/vec4 8;
    %jmp/0xz  T_8.2, 8;
    %load/vec4 v0xe3df50_0;
    %assign/vec4 v0xe3e230_0, 0;
T_8.2 ;
T_8.1 ;
    %jmp T_8;
    .thread T_8;
    .scope S_0x1322440;
T_9 ;
    %pushi/vec4 0, 0, 1;
    %store/vec4 v0xdb5a80_0, 0, 1;
    %end;
    .thread T_9, $init;
    .scope S_0x1322440;
T_10 ;
    %wait E_0xdd1df0;
    %load/vec4 v0xdb0e10_0;
    %nor/r;
    %flag_set/vec4 8;
    %jmp/0xz  T_10.0, 8;
    %pushi/vec4 0, 0, 1;
    %assign/vec4 v0xdb5a80_0, 0;
    %jmp T_10.1;
T_10.0 ;
    %load/vec4 v0xdb57a0_0;
    %flag_set/vec4 8;
    %jmp/0xz  T_10.2, 8;
    %load/vec4 v0xdb5630_0;
    %assign/vec4 v0xdb5a80_0, 0;
T_10.2 ;
T_10.1 ;
    %jmp T_10;
    .thread T_10;
    .scope S_0x1321280;
T_11 ;
    %pushi/vec4 0, 0, 1;
    %store/vec4 v0xd80650_0, 0, 1;
    %end;
    .thread T_11, $init;
    .scope S_0x1321280;
T_12 ;
    %wait E_0xe074d0;
    %load/vec4 v0xe14bc0_0;
    %nor/r;
    %flag_set/vec4 8;
    %jmp/0xz  T_12.0, 8;
    %pushi/vec4 0, 0, 1;
    %assign/vec4 v0xd80650_0, 0;
    %jmp T_12.1;
T_12.0 ;
    %load/vec4 v0xd80370_0;
    %flag_set/vec4 8;
    %jmp/0xz  T_12.2, 8;
    %load/vec4 v0xd80200_0;
    %assign/vec4 v0xd80650_0, 0;
T_12.2 ;
T_12.1 ;
    %jmp T_12;
    .thread T_12;
    .scope S_0x131e950;
T_13 ;
    %pushi/vec4 0, 0, 1;
    %store/vec4 v0xe12a30_0, 0, 1;
    %end;
    .thread T_13, $init;
    .scope S_0x131e950;
T_14 ;
    %wait E_0xde5040;
    %load/vec4 v0xda4540_0;
    %nor/r;
    %flag_set/vec4 8;
    %jmp/0xz  T_14.0, 8;
    %pushi/vec4 0, 0, 1;
    %assign/vec4 v0xe12a30_0, 0;
    %jmp T_14.1;
T_14.0 ;
    %load/vec4 v0xe10930_0;
    %flag_set/vec4 8;
    %jmp/0xz  T_14.2, 8;
    %load/vec4 v0xd76450_0;
    %assign/vec4 v0xe12a30_0, 0;
T_14.2 ;
T_14.1 ;
    %jmp T_14;
    .thread T_14;
    .scope S_0x131d610;
T_15 ;
    %pushi/vec4 0, 0, 1;
    %store/vec4 v0xdb92d0_0, 0, 1;
    %end;
    .thread T_15, $init;
    .scope S_0x131d610;
T_16 ;
    %wait E_0xd3d7d0;
    %load/vec4 v0xde65c0_0;
    %nor/r;
    %flag_set/vec4 8;
    %jmp/0xz  T_16.0, 8;
    %pushi/vec4 0, 0, 1;
    %assign/vec4 v0xdb92d0_0, 0;
    %jmp T_16.1;
T_16.0 ;
    %load/vec4 v0xdc5280_0;
    %flag_set/vec4 8;
    %jmp/0xz  T_16.2, 8;
    %load/vec4 v0xdf1710_0;
    %assign/vec4 v0xdb92d0_0, 0;
T_16.2 ;
T_16.1 ;
    %jmp T_16;
    .thread T_16;
    .scope S_0x131c450;
T_17 ;
    %pushi/vec4 0, 0, 1;
    %store/vec4 v0xd85300_0, 0, 1;
    %end;
    .thread T_17, $init;
    .scope S_0x131c450;
T_18 ;
    %wait E_0xe246f0;
    %load/vec4 v0xd855e0_0;
    %nor/r;
    %flag_set/vec4 8;
    %jmp/0xz  T_18.0, 8;
    %pushi/vec4 0, 0, 1;
    %assign/vec4 v0xd85300_0, 0;
    %jmp T_18.1;
T_18.0 ;
    %load/vec4 v0xe00650_0;
    %flag_set/vec4 8;
    %jmp/0xz  T_18.2, 8;
    %load/vec4 v0xe038b0_0;
    %assign/vec4 v0xd85300_0, 0;
T_18.2 ;
T_18.1 ;
    %jmp T_18;
    .thread T_18;
    .scope S_0x1309640;
T_19 ;
    %pushi/vec4 1313820229, 0, 64;
    %dup/vec4;
    %pushi/vec4 0, 0, 32; draw_string_vec4
    %pushi/vec4 1313820229, 0, 32; draw_string_vec4
    %concat/vec4; draw_string_vec4
    %cmp/u;
    %jmp/1 T_19.0, 6;
    %dup/vec4;
    %pushi/vec4 20565, 0, 32; draw_string_vec4
    %pushi/vec4 1280070992, 0, 32; draw_string_vec4
    %concat/vec4; draw_string_vec4
    %cmp/u;
    %jmp/1 T_19.1, 6;
    %dup/vec4;
    %pushi/vec4 1347767372, 0, 32; draw_string_vec4
    %pushi/vec4 1146050382, 0, 32; draw_string_vec4
    %concat/vec4; draw_string_vec4
    %cmp/u;
    %jmp/1 T_19.2, 6;
    %vpi_call/w 12 46 "$fatal", 32'sb00000000000000000000000000000001, "\012Error: I_BUF instance %m has parameter WEAK_KEEPER set to %s.  Valid values are NONE, PULLUP, PULLDOWN\012", P_0x10d2fd0 {0 0 0};
    %jmp T_19.4;
T_19.0 ;
    %jmp T_19.4;
T_19.1 ;
    %jmp T_19.4;
T_19.2 ;
    %jmp T_19.4;
T_19.4 ;
    %pop/vec4 1;
    %pushi/vec4 2290781314, 0, 81;
    %concati/vec4 5590100, 0, 23;
    %dup/vec4;
    %pushi/vec4 0, 0, 32; draw_string_vec4
    %pushi/vec4 17477, 0, 32; draw_string_vec4
    %concat/vec4; draw_string_vec4
    %pushi/vec4 1178686796, 0, 32; draw_string_vec4
    %concat/vec4; draw_string_vec4
    %pushi/vec4 84, 0, 8; draw_string_vec4
    %concat/vec4; draw_string_vec4
    %cmp/u;
    %jmp/1 T_19.5, 6;
    %dup/vec4;
    %pushi/vec4 0, 0, 32; draw_string_vec4
    %pushi/vec4 1280721741, 0, 32; draw_string_vec4
    %concat/vec4; draw_string_vec4
    %pushi/vec4 1330863921, 0, 32; draw_string_vec4
    %concat/vec4; draw_string_vec4
    %pushi/vec4 50, 0, 8; draw_string_vec4
    %concat/vec4; draw_string_vec4
    %cmp/u;
    %jmp/1 T_19.6, 6;
    %dup/vec4;
    %pushi/vec4 0, 0, 32; draw_string_vec4
    %pushi/vec4 1280721741, 0, 32; draw_string_vec4
    %concat/vec4; draw_string_vec4
    %pushi/vec4 1330863921, 0, 32; draw_string_vec4
    %concat/vec4; draw_string_vec4
    %pushi/vec4 53, 0, 8; draw_string_vec4
    %concat/vec4; draw_string_vec4
    %cmp/u;
    %jmp/1 T_19.7, 6;
    %dup/vec4;
    %pushi/vec4 5002819, 0, 32; draw_string_vec4
    %pushi/vec4 1297044319, 0, 32; draw_string_vec4
    %concat/vec4; draw_string_vec4
    %pushi/vec4 825777992, 0, 32; draw_string_vec4
    %concat/vec4; draw_string_vec4
    %pushi/vec4 80, 0, 8; draw_string_vec4
    %concat/vec4; draw_string_vec4
    %cmp/u;
    %jmp/1 T_19.8, 6;
    %dup/vec4;
    %pushi/vec4 5002819, 0, 32; draw_string_vec4
    %pushi/vec4 1297044319, 0, 32; draw_string_vec4
    %concat/vec4; draw_string_vec4
    %pushi/vec4 825777992, 0, 32; draw_string_vec4
    %concat/vec4; draw_string_vec4
    %pushi/vec4 82, 0, 8; draw_string_vec4
    %concat/vec4; draw_string_vec4
    %cmp/u;
    %jmp/1 T_19.9, 6;
    %dup/vec4;
    %pushi/vec4 0, 0, 32; draw_string_vec4
    %pushi/vec4 1280721741, 0, 32; draw_string_vec4
    %concat/vec4; draw_string_vec4
    %pushi/vec4 1330863922, 0, 32; draw_string_vec4
    %concat/vec4; draw_string_vec4
    %pushi/vec4 53, 0, 8; draw_string_vec4
    %concat/vec4; draw_string_vec4
    %cmp/u;
    %jmp/1 T_19.10, 6;
    %dup/vec4;
    %pushi/vec4 0, 0, 32; draw_string_vec4
    %pushi/vec4 1280721741, 0, 32; draw_string_vec4
    %concat/vec4; draw_string_vec4
    %pushi/vec4 1330863923, 0, 32; draw_string_vec4
    %concat/vec4; draw_string_vec4
    %pushi/vec4 51, 0, 8; draw_string_vec4
    %concat/vec4; draw_string_vec4
    %cmp/u;
    %jmp/1 T_19.11, 6;
    %dup/vec4;
    %pushi/vec4 0, 0, 32; draw_string_vec4
    %pushi/vec4 0, 0, 32; draw_string_vec4
    %concat/vec4; draw_string_vec4
    %pushi/vec4 1280726100, 0, 32; draw_string_vec4
    %concat/vec4; draw_string_vec4
    %pushi/vec4 76, 0, 8; draw_string_vec4
    %concat/vec4; draw_string_vec4
    %cmp/u;
    %jmp/1 T_19.12, 6;
    %dup/vec4;
    %pushi/vec4 0, 0, 32; draw_string_vec4
    %pushi/vec4 1213420620, 0, 32; draw_string_vec4
    %concat/vec4; draw_string_vec4
    %pushi/vec4 1598644017, 0, 32; draw_string_vec4
    %concat/vec4; draw_string_vec4
    %pushi/vec4 50, 0, 8; draw_string_vec4
    %concat/vec4; draw_string_vec4
    %cmp/u;
    %jmp/1 T_19.13, 6;
    %dup/vec4;
    %pushi/vec4 72, 0, 32; draw_string_vec4
    %pushi/vec4 1398033503, 0, 32; draw_string_vec4
    %concat/vec4; draw_string_vec4
    %pushi/vec4 1229545265, 0, 32; draw_string_vec4
    %concat/vec4; draw_string_vec4
    %pushi/vec4 50, 0, 8; draw_string_vec4
    %concat/vec4; draw_string_vec4
    %cmp/u;
    %jmp/1 T_19.14, 6;
    %dup/vec4;
    %pushi/vec4 0, 0, 32; draw_string_vec4
    %pushi/vec4 1213420620, 0, 32; draw_string_vec4
    %concat/vec4; draw_string_vec4
    %pushi/vec4 1598644017, 0, 32; draw_string_vec4
    %concat/vec4; draw_string_vec4
    %pushi/vec4 53, 0, 8; draw_string_vec4
    %concat/vec4; draw_string_vec4
    %cmp/u;
    %jmp/1 T_19.15, 6;
    %dup/vec4;
    %pushi/vec4 72, 0, 32; draw_string_vec4
    %pushi/vec4 1398033503, 0, 32; draw_string_vec4
    %concat/vec4; draw_string_vec4
    %pushi/vec4 1229545265, 0, 32; draw_string_vec4
    %concat/vec4; draw_string_vec4
    %pushi/vec4 53, 0, 8; draw_string_vec4
    %concat/vec4; draw_string_vec4
    %cmp/u;
    %jmp/1 T_19.16, 6;
    %dup/vec4;
    %pushi/vec4 0, 0, 32; draw_string_vec4
    %pushi/vec4 18515, 0, 32; draw_string_vec4
    %concat/vec4; draw_string_vec4
    %pushi/vec4 1431068465, 0, 32; draw_string_vec4
    %concat/vec4; draw_string_vec4
    %pushi/vec4 50, 0, 8; draw_string_vec4
    %concat/vec4; draw_string_vec4
    %cmp/u;
    %jmp/1 T_19.17, 6;
    %dup/vec4;
    %pushi/vec4 0, 0, 32; draw_string_vec4
    %pushi/vec4 0, 0, 32; draw_string_vec4
    %concat/vec4; draw_string_vec4
    %pushi/vec4 1346586934, 0, 32; draw_string_vec4
    %concat/vec4; draw_string_vec4
    %pushi/vec4 54, 0, 8; draw_string_vec4
    %concat/vec4; draw_string_vec4
    %cmp/u;
    %jmp/1 T_19.18, 6;
    %dup/vec4;
    %pushi/vec4 0, 0, 32; draw_string_vec4
    %pushi/vec4 20547, 0, 32; draw_string_vec4
    %concat/vec4; draw_string_vec4
    %pushi/vec4 1230516531, 0, 32; draw_string_vec4
    %concat/vec4; draw_string_vec4
    %pushi/vec4 51, 0, 8; draw_string_vec4
    %concat/vec4; draw_string_vec4
    %cmp/u;
    %jmp/1 T_19.19, 6;
    %dup/vec4;
    %pushi/vec4 0, 0, 32; draw_string_vec4
    %pushi/vec4 80, 0, 32; draw_string_vec4
    %concat/vec4; draw_string_vec4
    %pushi/vec4 1329880881, 0, 32; draw_string_vec4
    %concat/vec4; draw_string_vec4
    %pushi/vec4 50, 0, 8; draw_string_vec4
    %concat/vec4; draw_string_vec4
    %cmp/u;
    %jmp/1 T_19.20, 6;
    %dup/vec4;
    %pushi/vec4 0, 0, 32; draw_string_vec4
    %pushi/vec4 1397969996, 0, 32; draw_string_vec4
    %concat/vec4; draw_string_vec4
    %pushi/vec4 1598644017, 0, 32; draw_string_vec4
    %concat/vec4; draw_string_vec4
    %pushi/vec4 53, 0, 8; draw_string_vec4
    %concat/vec4; draw_string_vec4
    %cmp/u;
    %jmp/1 T_19.21, 6;
    %dup/vec4;
    %pushi/vec4 83, 0, 32; draw_string_vec4
    %pushi/vec4 1398033503, 0, 32; draw_string_vec4
    %concat/vec4; draw_string_vec4
    %pushi/vec4 1229545265, 0, 32; draw_string_vec4
    %concat/vec4; draw_string_vec4
    %pushi/vec4 53, 0, 8; draw_string_vec4
    %concat/vec4; draw_string_vec4
    %cmp/u;
    %jmp/1 T_19.22, 6;
    %dup/vec4;
    %pushi/vec4 5460820, 0, 32; draw_string_vec4
    %pushi/vec4 1281313119, 0, 32; draw_string_vec4
    %concat/vec4; draw_string_vec4
    %pushi/vec4 825777992, 0, 32; draw_string_vec4
    %concat/vec4; draw_string_vec4
    %pushi/vec4 80, 0, 8; draw_string_vec4
    %concat/vec4; draw_string_vec4
    %cmp/u;
    %jmp/1 T_19.23, 6;
    %dup/vec4;
    %pushi/vec4 1397969996, 0, 32; draw_string_vec4
    %pushi/vec4 1598638431, 0, 32; draw_string_vec4
    %concat/vec4; draw_string_vec4
    %pushi/vec4 825777992, 0, 32; draw_string_vec4
    %concat/vec4; draw_string_vec4
    %pushi/vec4 80, 0, 8; draw_string_vec4
    %concat/vec4; draw_string_vec4
    %cmp/u;
    %jmp/1 T_19.24, 6;
    %dup/vec4;
    %pushi/vec4 5460820, 0, 32; draw_string_vec4
    %pushi/vec4 1281313119, 0, 32; draw_string_vec4
    %concat/vec4; draw_string_vec4
    %pushi/vec4 825777992, 0, 32; draw_string_vec4
    %concat/vec4; draw_string_vec4
    %pushi/vec4 82, 0, 8; draw_string_vec4
    %concat/vec4; draw_string_vec4
    %cmp/u;
    %jmp/1 T_19.25, 6;
    %dup/vec4;
    %pushi/vec4 1397969996, 0, 32; draw_string_vec4
    %pushi/vec4 1598638431, 0, 32; draw_string_vec4
    %concat/vec4; draw_string_vec4
    %pushi/vec4 825777992, 0, 32; draw_string_vec4
    %concat/vec4; draw_string_vec4
    %pushi/vec4 82, 0, 8; draw_string_vec4
    %concat/vec4; draw_string_vec4
    %cmp/u;
    %jmp/1 T_19.26, 6;
    %dup/vec4;
    %pushi/vec4 0, 0, 32; draw_string_vec4
    %pushi/vec4 1397969996, 0, 32; draw_string_vec4
    %concat/vec4; draw_string_vec4
    %pushi/vec4 1598644018, 0, 32; draw_string_vec4
    %concat/vec4; draw_string_vec4
    %pushi/vec4 53, 0, 8; draw_string_vec4
    %concat/vec4; draw_string_vec4
    %cmp/u;
    %jmp/1 T_19.27, 6;
    %dup/vec4;
    %pushi/vec4 83, 0, 32; draw_string_vec4
    %pushi/vec4 1398033503, 0, 32; draw_string_vec4
    %concat/vec4; draw_string_vec4
    %pushi/vec4 1229545266, 0, 32; draw_string_vec4
    %concat/vec4; draw_string_vec4
    %pushi/vec4 53, 0, 8; draw_string_vec4
    %concat/vec4; draw_string_vec4
    %cmp/u;
    %jmp/1 T_19.28, 6;
    %dup/vec4;
    %pushi/vec4 0, 0, 32; draw_string_vec4
    %pushi/vec4 1397969996, 0, 32; draw_string_vec4
    %concat/vec4; draw_string_vec4
    %pushi/vec4 1598644019, 0, 32; draw_string_vec4
    %concat/vec4; draw_string_vec4
    %pushi/vec4 51, 0, 8; draw_string_vec4
    %concat/vec4; draw_string_vec4
    %cmp/u;
    %jmp/1 T_19.29, 6;
    %dup/vec4;
    %pushi/vec4 83, 0, 32; draw_string_vec4
    %pushi/vec4 1398033503, 0, 32; draw_string_vec4
    %concat/vec4; draw_string_vec4
    %pushi/vec4 1229545267, 0, 32; draw_string_vec4
    %concat/vec4; draw_string_vec4
    %pushi/vec4 51, 0, 8; draw_string_vec4
    %concat/vec4; draw_string_vec4
    %cmp/u;
    %jmp/1 T_19.30, 6;
    %vpi_call/w 12 78 "$fatal", 32'sb00000000000000000000000000000001, "\012Error: I_BUF instance %m has parameter IOSTANDARD set to %s.  Valid values are DEFAULT, LVCMOS_12, LVCMOS_15, LVCMOS_18_HP, LVCMOS_18_HR, LVCMOS_25, LVCMOS_33, LVTTL, HSTL_I_12, HSTL_II_12, HSTL_I_15, HSTL_II_15, HSUL_12, PCI66, PCIX133, POD_12, SSTL_I_15, SSTL_II_15, SSTL_I_18_HP, SSTL_II_18_HP, SSTL_I_18_HR, SSTL_II_18_HR, SSTL_I_25, SSTL_II_25, SSTL_I_33, SSTL_II_33\012", P_0x10d2f90 {0 0 0};
    %jmp T_19.32;
T_19.5 ;
    %jmp T_19.32;
T_19.6 ;
    %jmp T_19.32;
T_19.7 ;
    %jmp T_19.32;
T_19.8 ;
    %jmp T_19.32;
T_19.9 ;
    %jmp T_19.32;
T_19.10 ;
    %jmp T_19.32;
T_19.11 ;
    %jmp T_19.32;
T_19.12 ;
    %jmp T_19.32;
T_19.13 ;
    %jmp T_19.32;
T_19.14 ;
    %jmp T_19.32;
T_19.15 ;
    %jmp T_19.32;
T_19.16 ;
    %jmp T_19.32;
T_19.17 ;
    %jmp T_19.32;
T_19.18 ;
    %jmp T_19.32;
T_19.19 ;
    %jmp T_19.32;
T_19.20 ;
    %jmp T_19.32;
T_19.21 ;
    %jmp T_19.32;
T_19.22 ;
    %jmp T_19.32;
T_19.23 ;
    %jmp T_19.32;
T_19.24 ;
    %jmp T_19.32;
T_19.25 ;
    %jmp T_19.32;
T_19.26 ;
    %jmp T_19.32;
T_19.27 ;
    %jmp T_19.32;
T_19.28 ;
    %jmp T_19.32;
T_19.29 ;
    %jmp T_19.32;
T_19.30 ;
    %jmp T_19.32;
T_19.32 ;
    %pop/vec4 1;
    %end;
    .thread T_19;
    .scope S_0x1308880;
T_20 ;
    %pushi/vec4 1313820229, 0, 64;
    %dup/vec4;
    %pushi/vec4 0, 0, 32; draw_string_vec4
    %pushi/vec4 1313820229, 0, 32; draw_string_vec4
    %concat/vec4; draw_string_vec4
    %cmp/u;
    %jmp/1 T_20.0, 6;
    %dup/vec4;
    %pushi/vec4 20565, 0, 32; draw_string_vec4
    %pushi/vec4 1280070992, 0, 32; draw_string_vec4
    %concat/vec4; draw_string_vec4
    %cmp/u;
    %jmp/1 T_20.1, 6;
    %dup/vec4;
    %pushi/vec4 1347767372, 0, 32; draw_string_vec4
    %pushi/vec4 1146050382, 0, 32; draw_string_vec4
    %concat/vec4; draw_string_vec4
    %cmp/u;
    %jmp/1 T_20.2, 6;
    %vpi_call/w 12 46 "$fatal", 32'sb00000000000000000000000000000001, "\012Error: I_BUF instance %m has parameter WEAK_KEEPER set to %s.  Valid values are NONE, PULLUP, PULLDOWN\012", P_0xf718c0 {0 0 0};
    %jmp T_20.4;
T_20.0 ;
    %jmp T_20.4;
T_20.1 ;
    %jmp T_20.4;
T_20.2 ;
    %jmp T_20.4;
T_20.4 ;
    %pop/vec4 1;
    %pushi/vec4 2290781314, 0, 81;
    %concati/vec4 5590100, 0, 23;
    %dup/vec4;
    %pushi/vec4 0, 0, 32; draw_string_vec4
    %pushi/vec4 17477, 0, 32; draw_string_vec4
    %concat/vec4; draw_string_vec4
    %pushi/vec4 1178686796, 0, 32; draw_string_vec4
    %concat/vec4; draw_string_vec4
    %pushi/vec4 84, 0, 8; draw_string_vec4
    %concat/vec4; draw_string_vec4
    %cmp/u;
    %jmp/1 T_20.5, 6;
    %dup/vec4;
    %pushi/vec4 0, 0, 32; draw_string_vec4
    %pushi/vec4 1280721741, 0, 32; draw_string_vec4
    %concat/vec4; draw_string_vec4
    %pushi/vec4 1330863921, 0, 32; draw_string_vec4
    %concat/vec4; draw_string_vec4
    %pushi/vec4 50, 0, 8; draw_string_vec4
    %concat/vec4; draw_string_vec4
    %cmp/u;
    %jmp/1 T_20.6, 6;
    %dup/vec4;
    %pushi/vec4 0, 0, 32; draw_string_vec4
    %pushi/vec4 1280721741, 0, 32; draw_string_vec4
    %concat/vec4; draw_string_vec4
    %pushi/vec4 1330863921, 0, 32; draw_string_vec4
    %concat/vec4; draw_string_vec4
    %pushi/vec4 53, 0, 8; draw_string_vec4
    %concat/vec4; draw_string_vec4
    %cmp/u;
    %jmp/1 T_20.7, 6;
    %dup/vec4;
    %pushi/vec4 5002819, 0, 32; draw_string_vec4
    %pushi/vec4 1297044319, 0, 32; draw_string_vec4
    %concat/vec4; draw_string_vec4
    %pushi/vec4 825777992, 0, 32; draw_string_vec4
    %concat/vec4; draw_string_vec4
    %pushi/vec4 80, 0, 8; draw_string_vec4
    %concat/vec4; draw_string_vec4
    %cmp/u;
    %jmp/1 T_20.8, 6;
    %dup/vec4;
    %pushi/vec4 5002819, 0, 32; draw_string_vec4
    %pushi/vec4 1297044319, 0, 32; draw_string_vec4
    %concat/vec4; draw_string_vec4
    %pushi/vec4 825777992, 0, 32; draw_string_vec4
    %concat/vec4; draw_string_vec4
    %pushi/vec4 82, 0, 8; draw_string_vec4
    %concat/vec4; draw_string_vec4
    %cmp/u;
    %jmp/1 T_20.9, 6;
    %dup/vec4;
    %pushi/vec4 0, 0, 32; draw_string_vec4
    %pushi/vec4 1280721741, 0, 32; draw_string_vec4
    %concat/vec4; draw_string_vec4
    %pushi/vec4 1330863922, 0, 32; draw_string_vec4
    %concat/vec4; draw_string_vec4
    %pushi/vec4 53, 0, 8; draw_string_vec4
    %concat/vec4; draw_string_vec4
    %cmp/u;
    %jmp/1 T_20.10, 6;
    %dup/vec4;
    %pushi/vec4 0, 0, 32; draw_string_vec4
    %pushi/vec4 1280721741, 0, 32; draw_string_vec4
    %concat/vec4; draw_string_vec4
    %pushi/vec4 1330863923, 0, 32; draw_string_vec4
    %concat/vec4; draw_string_vec4
    %pushi/vec4 51, 0, 8; draw_string_vec4
    %concat/vec4; draw_string_vec4
    %cmp/u;
    %jmp/1 T_20.11, 6;
    %dup/vec4;
    %pushi/vec4 0, 0, 32; draw_string_vec4
    %pushi/vec4 0, 0, 32; draw_string_vec4
    %concat/vec4; draw_string_vec4
    %pushi/vec4 1280726100, 0, 32; draw_string_vec4
    %concat/vec4; draw_string_vec4
    %pushi/vec4 76, 0, 8; draw_string_vec4
    %concat/vec4; draw_string_vec4
    %cmp/u;
    %jmp/1 T_20.12, 6;
    %dup/vec4;
    %pushi/vec4 0, 0, 32; draw_string_vec4
    %pushi/vec4 1213420620, 0, 32; draw_string_vec4
    %concat/vec4; draw_string_vec4
    %pushi/vec4 1598644017, 0, 32; draw_string_vec4
    %concat/vec4; draw_string_vec4
    %pushi/vec4 50, 0, 8; draw_string_vec4
    %concat/vec4; draw_string_vec4
    %cmp/u;
    %jmp/1 T_20.13, 6;
    %dup/vec4;
    %pushi/vec4 72, 0, 32; draw_string_vec4
    %pushi/vec4 1398033503, 0, 32; draw_string_vec4
    %concat/vec4; draw_string_vec4
    %pushi/vec4 1229545265, 0, 32; draw_string_vec4
    %concat/vec4; draw_string_vec4
    %pushi/vec4 50, 0, 8; draw_string_vec4
    %concat/vec4; draw_string_vec4
    %cmp/u;
    %jmp/1 T_20.14, 6;
    %dup/vec4;
    %pushi/vec4 0, 0, 32; draw_string_vec4
    %pushi/vec4 1213420620, 0, 32; draw_string_vec4
    %concat/vec4; draw_string_vec4
    %pushi/vec4 1598644017, 0, 32; draw_string_vec4
    %concat/vec4; draw_string_vec4
    %pushi/vec4 53, 0, 8; draw_string_vec4
    %concat/vec4; draw_string_vec4
    %cmp/u;
    %jmp/1 T_20.15, 6;
    %dup/vec4;
    %pushi/vec4 72, 0, 32; draw_string_vec4
    %pushi/vec4 1398033503, 0, 32; draw_string_vec4
    %concat/vec4; draw_string_vec4
    %pushi/vec4 1229545265, 0, 32; draw_string_vec4
    %concat/vec4; draw_string_vec4
    %pushi/vec4 53, 0, 8; draw_string_vec4
    %concat/vec4; draw_string_vec4
    %cmp/u;
    %jmp/1 T_20.16, 6;
    %dup/vec4;
    %pushi/vec4 0, 0, 32; draw_string_vec4
    %pushi/vec4 18515, 0, 32; draw_string_vec4
    %concat/vec4; draw_string_vec4
    %pushi/vec4 1431068465, 0, 32; draw_string_vec4
    %concat/vec4; draw_string_vec4
    %pushi/vec4 50, 0, 8; draw_string_vec4
    %concat/vec4; draw_string_vec4
    %cmp/u;
    %jmp/1 T_20.17, 6;
    %dup/vec4;
    %pushi/vec4 0, 0, 32; draw_string_vec4
    %pushi/vec4 0, 0, 32; draw_string_vec4
    %concat/vec4; draw_string_vec4
    %pushi/vec4 1346586934, 0, 32; draw_string_vec4
    %concat/vec4; draw_string_vec4
    %pushi/vec4 54, 0, 8; draw_string_vec4
    %concat/vec4; draw_string_vec4
    %cmp/u;
    %jmp/1 T_20.18, 6;
    %dup/vec4;
    %pushi/vec4 0, 0, 32; draw_string_vec4
    %pushi/vec4 20547, 0, 32; draw_string_vec4
    %concat/vec4; draw_string_vec4
    %pushi/vec4 1230516531, 0, 32; draw_string_vec4
    %concat/vec4; draw_string_vec4
    %pushi/vec4 51, 0, 8; draw_string_vec4
    %concat/vec4; draw_string_vec4
    %cmp/u;
    %jmp/1 T_20.19, 6;
    %dup/vec4;
    %pushi/vec4 0, 0, 32; draw_string_vec4
    %pushi/vec4 80, 0, 32; draw_string_vec4
    %concat/vec4; draw_string_vec4
    %pushi/vec4 1329880881, 0, 32; draw_string_vec4
    %concat/vec4; draw_string_vec4
    %pushi/vec4 50, 0, 8; draw_string_vec4
    %concat/vec4; draw_string_vec4
    %cmp/u;
    %jmp/1 T_20.20, 6;
    %dup/vec4;
    %pushi/vec4 0, 0, 32; draw_string_vec4
    %pushi/vec4 1397969996, 0, 32; draw_string_vec4
    %concat/vec4; draw_string_vec4
    %pushi/vec4 1598644017, 0, 32; draw_string_vec4
    %concat/vec4; draw_string_vec4
    %pushi/vec4 53, 0, 8; draw_string_vec4
    %concat/vec4; draw_string_vec4
    %cmp/u;
    %jmp/1 T_20.21, 6;
    %dup/vec4;
    %pushi/vec4 83, 0, 32; draw_string_vec4
    %pushi/vec4 1398033503, 0, 32; draw_string_vec4
    %concat/vec4; draw_string_vec4
    %pushi/vec4 1229545265, 0, 32; draw_string_vec4
    %concat/vec4; draw_string_vec4
    %pushi/vec4 53, 0, 8; draw_string_vec4
    %concat/vec4; draw_string_vec4
    %cmp/u;
    %jmp/1 T_20.22, 6;
    %dup/vec4;
    %pushi/vec4 5460820, 0, 32; draw_string_vec4
    %pushi/vec4 1281313119, 0, 32; draw_string_vec4
    %concat/vec4; draw_string_vec4
    %pushi/vec4 825777992, 0, 32; draw_string_vec4
    %concat/vec4; draw_string_vec4
    %pushi/vec4 80, 0, 8; draw_string_vec4
    %concat/vec4; draw_string_vec4
    %cmp/u;
    %jmp/1 T_20.23, 6;
    %dup/vec4;
    %pushi/vec4 1397969996, 0, 32; draw_string_vec4
    %pushi/vec4 1598638431, 0, 32; draw_string_vec4
    %concat/vec4; draw_string_vec4
    %pushi/vec4 825777992, 0, 32; draw_string_vec4
    %concat/vec4; draw_string_vec4
    %pushi/vec4 80, 0, 8; draw_string_vec4
    %concat/vec4; draw_string_vec4
    %cmp/u;
    %jmp/1 T_20.24, 6;
    %dup/vec4;
    %pushi/vec4 5460820, 0, 32; draw_string_vec4
    %pushi/vec4 1281313119, 0, 32; draw_string_vec4
    %concat/vec4; draw_string_vec4
    %pushi/vec4 825777992, 0, 32; draw_string_vec4
    %concat/vec4; draw_string_vec4
    %pushi/vec4 82, 0, 8; draw_string_vec4
    %concat/vec4; draw_string_vec4
    %cmp/u;
    %jmp/1 T_20.25, 6;
    %dup/vec4;
    %pushi/vec4 1397969996, 0, 32; draw_string_vec4
    %pushi/vec4 1598638431, 0, 32; draw_string_vec4
    %concat/vec4; draw_string_vec4
    %pushi/vec4 825777992, 0, 32; draw_string_vec4
    %concat/vec4; draw_string_vec4
    %pushi/vec4 82, 0, 8; draw_string_vec4
    %concat/vec4; draw_string_vec4
    %cmp/u;
    %jmp/1 T_20.26, 6;
    %dup/vec4;
    %pushi/vec4 0, 0, 32; draw_string_vec4
    %pushi/vec4 1397969996, 0, 32; draw_string_vec4
    %concat/vec4; draw_string_vec4
    %pushi/vec4 1598644018, 0, 32; draw_string_vec4
    %concat/vec4; draw_string_vec4
    %pushi/vec4 53, 0, 8; draw_string_vec4
    %concat/vec4; draw_string_vec4
    %cmp/u;
    %jmp/1 T_20.27, 6;
    %dup/vec4;
    %pushi/vec4 83, 0, 32; draw_string_vec4
    %pushi/vec4 1398033503, 0, 32; draw_string_vec4
    %concat/vec4; draw_string_vec4
    %pushi/vec4 1229545266, 0, 32; draw_string_vec4
    %concat/vec4; draw_string_vec4
    %pushi/vec4 53, 0, 8; draw_string_vec4
    %concat/vec4; draw_string_vec4
    %cmp/u;
    %jmp/1 T_20.28, 6;
    %dup/vec4;
    %pushi/vec4 0, 0, 32; draw_string_vec4
    %pushi/vec4 1397969996, 0, 32; draw_string_vec4
    %concat/vec4; draw_string_vec4
    %pushi/vec4 1598644019, 0, 32; draw_string_vec4
    %concat/vec4; draw_string_vec4
    %pushi/vec4 51, 0, 8; draw_string_vec4
    %concat/vec4; draw_string_vec4
    %cmp/u;
    %jmp/1 T_20.29, 6;
    %dup/vec4;
    %pushi/vec4 83, 0, 32; draw_string_vec4
    %pushi/vec4 1398033503, 0, 32; draw_string_vec4
    %concat/vec4; draw_string_vec4
    %pushi/vec4 1229545267, 0, 32; draw_string_vec4
    %concat/vec4; draw_string_vec4
    %pushi/vec4 51, 0, 8; draw_string_vec4
    %concat/vec4; draw_string_vec4
    %cmp/u;
    %jmp/1 T_20.30, 6;
    %vpi_call/w 12 78 "$fatal", 32'sb00000000000000000000000000000001, "\012Error: I_BUF instance %m has parameter IOSTANDARD set to %s.  Valid values are DEFAULT, LVCMOS_12, LVCMOS_15, LVCMOS_18_HP, LVCMOS_18_HR, LVCMOS_25, LVCMOS_33, LVTTL, HSTL_I_12, HSTL_II_12, HSTL_I_15, HSTL_II_15, HSUL_12, PCI66, PCIX133, POD_12, SSTL_I_15, SSTL_II_15, SSTL_I_18_HP, SSTL_II_18_HP, SSTL_I_18_HR, SSTL_II_18_HR, SSTL_I_25, SSTL_II_25, SSTL_I_33, SSTL_II_33\012", P_0xf71880 {0 0 0};
    %jmp T_20.32;
T_20.5 ;
    %jmp T_20.32;
T_20.6 ;
    %jmp T_20.32;
T_20.7 ;
    %jmp T_20.32;
T_20.8 ;
    %jmp T_20.32;
T_20.9 ;
    %jmp T_20.32;
T_20.10 ;
    %jmp T_20.32;
T_20.11 ;
    %jmp T_20.32;
T_20.12 ;
    %jmp T_20.32;
T_20.13 ;
    %jmp T_20.32;
T_20.14 ;
    %jmp T_20.32;
T_20.15 ;
    %jmp T_20.32;
T_20.16 ;
    %jmp T_20.32;
T_20.17 ;
    %jmp T_20.32;
T_20.18 ;
    %jmp T_20.32;
T_20.19 ;
    %jmp T_20.32;
T_20.20 ;
    %jmp T_20.32;
T_20.21 ;
    %jmp T_20.32;
T_20.22 ;
    %jmp T_20.32;
T_20.23 ;
    %jmp T_20.32;
T_20.24 ;
    %jmp T_20.32;
T_20.25 ;
    %jmp T_20.32;
T_20.26 ;
    %jmp T_20.32;
T_20.27 ;
    %jmp T_20.32;
T_20.28 ;
    %jmp T_20.32;
T_20.29 ;
    %jmp T_20.32;
T_20.30 ;
    %jmp T_20.32;
T_20.32 ;
    %pop/vec4 1;
    %end;
    .thread T_20;
    .scope S_0x132f860;
T_21 ;
    %pushi/vec4 1313820229, 0, 64;
    %dup/vec4;
    %pushi/vec4 0, 0, 32; draw_string_vec4
    %pushi/vec4 1313820229, 0, 32; draw_string_vec4
    %concat/vec4; draw_string_vec4
    %cmp/u;
    %jmp/1 T_21.0, 6;
    %dup/vec4;
    %pushi/vec4 20565, 0, 32; draw_string_vec4
    %pushi/vec4 1280070992, 0, 32; draw_string_vec4
    %concat/vec4; draw_string_vec4
    %cmp/u;
    %jmp/1 T_21.1, 6;
    %dup/vec4;
    %pushi/vec4 1347767372, 0, 32; draw_string_vec4
    %pushi/vec4 1146050382, 0, 32; draw_string_vec4
    %concat/vec4; draw_string_vec4
    %cmp/u;
    %jmp/1 T_21.2, 6;
    %vpi_call/w 12 46 "$fatal", 32'sb00000000000000000000000000000001, "\012Error: I_BUF instance %m has parameter WEAK_KEEPER set to %s.  Valid values are NONE, PULLUP, PULLDOWN\012", P_0xf729f0 {0 0 0};
    %jmp T_21.4;
T_21.0 ;
    %jmp T_21.4;
T_21.1 ;
    %jmp T_21.4;
T_21.2 ;
    %jmp T_21.4;
T_21.4 ;
    %pop/vec4 1;
    %pushi/vec4 2290781314, 0, 81;
    %concati/vec4 5590100, 0, 23;
    %dup/vec4;
    %pushi/vec4 0, 0, 32; draw_string_vec4
    %pushi/vec4 17477, 0, 32; draw_string_vec4
    %concat/vec4; draw_string_vec4
    %pushi/vec4 1178686796, 0, 32; draw_string_vec4
    %concat/vec4; draw_string_vec4
    %pushi/vec4 84, 0, 8; draw_string_vec4
    %concat/vec4; draw_string_vec4
    %cmp/u;
    %jmp/1 T_21.5, 6;
    %dup/vec4;
    %pushi/vec4 0, 0, 32; draw_string_vec4
    %pushi/vec4 1280721741, 0, 32; draw_string_vec4
    %concat/vec4; draw_string_vec4
    %pushi/vec4 1330863921, 0, 32; draw_string_vec4
    %concat/vec4; draw_string_vec4
    %pushi/vec4 50, 0, 8; draw_string_vec4
    %concat/vec4; draw_string_vec4
    %cmp/u;
    %jmp/1 T_21.6, 6;
    %dup/vec4;
    %pushi/vec4 0, 0, 32; draw_string_vec4
    %pushi/vec4 1280721741, 0, 32; draw_string_vec4
    %concat/vec4; draw_string_vec4
    %pushi/vec4 1330863921, 0, 32; draw_string_vec4
    %concat/vec4; draw_string_vec4
    %pushi/vec4 53, 0, 8; draw_string_vec4
    %concat/vec4; draw_string_vec4
    %cmp/u;
    %jmp/1 T_21.7, 6;
    %dup/vec4;
    %pushi/vec4 5002819, 0, 32; draw_string_vec4
    %pushi/vec4 1297044319, 0, 32; draw_string_vec4
    %concat/vec4; draw_string_vec4
    %pushi/vec4 825777992, 0, 32; draw_string_vec4
    %concat/vec4; draw_string_vec4
    %pushi/vec4 80, 0, 8; draw_string_vec4
    %concat/vec4; draw_string_vec4
    %cmp/u;
    %jmp/1 T_21.8, 6;
    %dup/vec4;
    %pushi/vec4 5002819, 0, 32; draw_string_vec4
    %pushi/vec4 1297044319, 0, 32; draw_string_vec4
    %concat/vec4; draw_string_vec4
    %pushi/vec4 825777992, 0, 32; draw_string_vec4
    %concat/vec4; draw_string_vec4
    %pushi/vec4 82, 0, 8; draw_string_vec4
    %concat/vec4; draw_string_vec4
    %cmp/u;
    %jmp/1 T_21.9, 6;
    %dup/vec4;
    %pushi/vec4 0, 0, 32; draw_string_vec4
    %pushi/vec4 1280721741, 0, 32; draw_string_vec4
    %concat/vec4; draw_string_vec4
    %pushi/vec4 1330863922, 0, 32; draw_string_vec4
    %concat/vec4; draw_string_vec4
    %pushi/vec4 53, 0, 8; draw_string_vec4
    %concat/vec4; draw_string_vec4
    %cmp/u;
    %jmp/1 T_21.10, 6;
    %dup/vec4;
    %pushi/vec4 0, 0, 32; draw_string_vec4
    %pushi/vec4 1280721741, 0, 32; draw_string_vec4
    %concat/vec4; draw_string_vec4
    %pushi/vec4 1330863923, 0, 32; draw_string_vec4
    %concat/vec4; draw_string_vec4
    %pushi/vec4 51, 0, 8; draw_string_vec4
    %concat/vec4; draw_string_vec4
    %cmp/u;
    %jmp/1 T_21.11, 6;
    %dup/vec4;
    %pushi/vec4 0, 0, 32; draw_string_vec4
    %pushi/vec4 0, 0, 32; draw_string_vec4
    %concat/vec4; draw_string_vec4
    %pushi/vec4 1280726100, 0, 32; draw_string_vec4
    %concat/vec4; draw_string_vec4
    %pushi/vec4 76, 0, 8; draw_string_vec4
    %concat/vec4; draw_string_vec4
    %cmp/u;
    %jmp/1 T_21.12, 6;
    %dup/vec4;
    %pushi/vec4 0, 0, 32; draw_string_vec4
    %pushi/vec4 1213420620, 0, 32; draw_string_vec4
    %concat/vec4; draw_string_vec4
    %pushi/vec4 1598644017, 0, 32; draw_string_vec4
    %concat/vec4; draw_string_vec4
    %pushi/vec4 50, 0, 8; draw_string_vec4
    %concat/vec4; draw_string_vec4
    %cmp/u;
    %jmp/1 T_21.13, 6;
    %dup/vec4;
    %pushi/vec4 72, 0, 32; draw_string_vec4
    %pushi/vec4 1398033503, 0, 32; draw_string_vec4
    %concat/vec4; draw_string_vec4
    %pushi/vec4 1229545265, 0, 32; draw_string_vec4
    %concat/vec4; draw_string_vec4
    %pushi/vec4 50, 0, 8; draw_string_vec4
    %concat/vec4; draw_string_vec4
    %cmp/u;
    %jmp/1 T_21.14, 6;
    %dup/vec4;
    %pushi/vec4 0, 0, 32; draw_string_vec4
    %pushi/vec4 1213420620, 0, 32; draw_string_vec4
    %concat/vec4; draw_string_vec4
    %pushi/vec4 1598644017, 0, 32; draw_string_vec4
    %concat/vec4; draw_string_vec4
    %pushi/vec4 53, 0, 8; draw_string_vec4
    %concat/vec4; draw_string_vec4
    %cmp/u;
    %jmp/1 T_21.15, 6;
    %dup/vec4;
    %pushi/vec4 72, 0, 32; draw_string_vec4
    %pushi/vec4 1398033503, 0, 32; draw_string_vec4
    %concat/vec4; draw_string_vec4
    %pushi/vec4 1229545265, 0, 32; draw_string_vec4
    %concat/vec4; draw_string_vec4
    %pushi/vec4 53, 0, 8; draw_string_vec4
    %concat/vec4; draw_string_vec4
    %cmp/u;
    %jmp/1 T_21.16, 6;
    %dup/vec4;
    %pushi/vec4 0, 0, 32; draw_string_vec4
    %pushi/vec4 18515, 0, 32; draw_string_vec4
    %concat/vec4; draw_string_vec4
    %pushi/vec4 1431068465, 0, 32; draw_string_vec4
    %concat/vec4; draw_string_vec4
    %pushi/vec4 50, 0, 8; draw_string_vec4
    %concat/vec4; draw_string_vec4
    %cmp/u;
    %jmp/1 T_21.17, 6;
    %dup/vec4;
    %pushi/vec4 0, 0, 32; draw_string_vec4
    %pushi/vec4 0, 0, 32; draw_string_vec4
    %concat/vec4; draw_string_vec4
    %pushi/vec4 1346586934, 0, 32; draw_string_vec4
    %concat/vec4; draw_string_vec4
    %pushi/vec4 54, 0, 8; draw_string_vec4
    %concat/vec4; draw_string_vec4
    %cmp/u;
    %jmp/1 T_21.18, 6;
    %dup/vec4;
    %pushi/vec4 0, 0, 32; draw_string_vec4
    %pushi/vec4 20547, 0, 32; draw_string_vec4
    %concat/vec4; draw_string_vec4
    %pushi/vec4 1230516531, 0, 32; draw_string_vec4
    %concat/vec4; draw_string_vec4
    %pushi/vec4 51, 0, 8; draw_string_vec4
    %concat/vec4; draw_string_vec4
    %cmp/u;
    %jmp/1 T_21.19, 6;
    %dup/vec4;
    %pushi/vec4 0, 0, 32; draw_string_vec4
    %pushi/vec4 80, 0, 32; draw_string_vec4
    %concat/vec4; draw_string_vec4
    %pushi/vec4 1329880881, 0, 32; draw_string_vec4
    %concat/vec4; draw_string_vec4
    %pushi/vec4 50, 0, 8; draw_string_vec4
    %concat/vec4; draw_string_vec4
    %cmp/u;
    %jmp/1 T_21.20, 6;
    %dup/vec4;
    %pushi/vec4 0, 0, 32; draw_string_vec4
    %pushi/vec4 1397969996, 0, 32; draw_string_vec4
    %concat/vec4; draw_string_vec4
    %pushi/vec4 1598644017, 0, 32; draw_string_vec4
    %concat/vec4; draw_string_vec4
    %pushi/vec4 53, 0, 8; draw_string_vec4
    %concat/vec4; draw_string_vec4
    %cmp/u;
    %jmp/1 T_21.21, 6;
    %dup/vec4;
    %pushi/vec4 83, 0, 32; draw_string_vec4
    %pushi/vec4 1398033503, 0, 32; draw_string_vec4
    %concat/vec4; draw_string_vec4
    %pushi/vec4 1229545265, 0, 32; draw_string_vec4
    %concat/vec4; draw_string_vec4
    %pushi/vec4 53, 0, 8; draw_string_vec4
    %concat/vec4; draw_string_vec4
    %cmp/u;
    %jmp/1 T_21.22, 6;
    %dup/vec4;
    %pushi/vec4 5460820, 0, 32; draw_string_vec4
    %pushi/vec4 1281313119, 0, 32; draw_string_vec4
    %concat/vec4; draw_string_vec4
    %pushi/vec4 825777992, 0, 32; draw_string_vec4
    %concat/vec4; draw_string_vec4
    %pushi/vec4 80, 0, 8; draw_string_vec4
    %concat/vec4; draw_string_vec4
    %cmp/u;
    %jmp/1 T_21.23, 6;
    %dup/vec4;
    %pushi/vec4 1397969996, 0, 32; draw_string_vec4
    %pushi/vec4 1598638431, 0, 32; draw_string_vec4
    %concat/vec4; draw_string_vec4
    %pushi/vec4 825777992, 0, 32; draw_string_vec4
    %concat/vec4; draw_string_vec4
    %pushi/vec4 80, 0, 8; draw_string_vec4
    %concat/vec4; draw_string_vec4
    %cmp/u;
    %jmp/1 T_21.24, 6;
    %dup/vec4;
    %pushi/vec4 5460820, 0, 32; draw_string_vec4
    %pushi/vec4 1281313119, 0, 32; draw_string_vec4
    %concat/vec4; draw_string_vec4
    %pushi/vec4 825777992, 0, 32; draw_string_vec4
    %concat/vec4; draw_string_vec4
    %pushi/vec4 82, 0, 8; draw_string_vec4
    %concat/vec4; draw_string_vec4
    %cmp/u;
    %jmp/1 T_21.25, 6;
    %dup/vec4;
    %pushi/vec4 1397969996, 0, 32; draw_string_vec4
    %pushi/vec4 1598638431, 0, 32; draw_string_vec4
    %concat/vec4; draw_string_vec4
    %pushi/vec4 825777992, 0, 32; draw_string_vec4
    %concat/vec4; draw_string_vec4
    %pushi/vec4 82, 0, 8; draw_string_vec4
    %concat/vec4; draw_string_vec4
    %cmp/u;
    %jmp/1 T_21.26, 6;
    %dup/vec4;
    %pushi/vec4 0, 0, 32; draw_string_vec4
    %pushi/vec4 1397969996, 0, 32; draw_string_vec4
    %concat/vec4; draw_string_vec4
    %pushi/vec4 1598644018, 0, 32; draw_string_vec4
    %concat/vec4; draw_string_vec4
    %pushi/vec4 53, 0, 8; draw_string_vec4
    %concat/vec4; draw_string_vec4
    %cmp/u;
    %jmp/1 T_21.27, 6;
    %dup/vec4;
    %pushi/vec4 83, 0, 32; draw_string_vec4
    %pushi/vec4 1398033503, 0, 32; draw_string_vec4
    %concat/vec4; draw_string_vec4
    %pushi/vec4 1229545266, 0, 32; draw_string_vec4
    %concat/vec4; draw_string_vec4
    %pushi/vec4 53, 0, 8; draw_string_vec4
    %concat/vec4; draw_string_vec4
    %cmp/u;
    %jmp/1 T_21.28, 6;
    %dup/vec4;
    %pushi/vec4 0, 0, 32; draw_string_vec4
    %pushi/vec4 1397969996, 0, 32; draw_string_vec4
    %concat/vec4; draw_string_vec4
    %pushi/vec4 1598644019, 0, 32; draw_string_vec4
    %concat/vec4; draw_string_vec4
    %pushi/vec4 51, 0, 8; draw_string_vec4
    %concat/vec4; draw_string_vec4
    %cmp/u;
    %jmp/1 T_21.29, 6;
    %dup/vec4;
    %pushi/vec4 83, 0, 32; draw_string_vec4
    %pushi/vec4 1398033503, 0, 32; draw_string_vec4
    %concat/vec4; draw_string_vec4
    %pushi/vec4 1229545267, 0, 32; draw_string_vec4
    %concat/vec4; draw_string_vec4
    %pushi/vec4 51, 0, 8; draw_string_vec4
    %concat/vec4; draw_string_vec4
    %cmp/u;
    %jmp/1 T_21.30, 6;
    %vpi_call/w 12 78 "$fatal", 32'sb00000000000000000000000000000001, "\012Error: I_BUF instance %m has parameter IOSTANDARD set to %s.  Valid values are DEFAULT, LVCMOS_12, LVCMOS_15, LVCMOS_18_HP, LVCMOS_18_HR, LVCMOS_25, LVCMOS_33, LVTTL, HSTL_I_12, HSTL_II_12, HSTL_I_15, HSTL_II_15, HSUL_12, PCI66, PCIX133, POD_12, SSTL_I_15, SSTL_II_15, SSTL_I_18_HP, SSTL_II_18_HP, SSTL_I_18_HR, SSTL_II_18_HR, SSTL_I_25, SSTL_II_25, SSTL_I_33, SSTL_II_33\012", P_0xf729b0 {0 0 0};
    %jmp T_21.32;
T_21.5 ;
    %jmp T_21.32;
T_21.6 ;
    %jmp T_21.32;
T_21.7 ;
    %jmp T_21.32;
T_21.8 ;
    %jmp T_21.32;
T_21.9 ;
    %jmp T_21.32;
T_21.10 ;
    %jmp T_21.32;
T_21.11 ;
    %jmp T_21.32;
T_21.12 ;
    %jmp T_21.32;
T_21.13 ;
    %jmp T_21.32;
T_21.14 ;
    %jmp T_21.32;
T_21.15 ;
    %jmp T_21.32;
T_21.16 ;
    %jmp T_21.32;
T_21.17 ;
    %jmp T_21.32;
T_21.18 ;
    %jmp T_21.32;
T_21.19 ;
    %jmp T_21.32;
T_21.20 ;
    %jmp T_21.32;
T_21.21 ;
    %jmp T_21.32;
T_21.22 ;
    %jmp T_21.32;
T_21.23 ;
    %jmp T_21.32;
T_21.24 ;
    %jmp T_21.32;
T_21.25 ;
    %jmp T_21.32;
T_21.26 ;
    %jmp T_21.32;
T_21.27 ;
    %jmp T_21.32;
T_21.28 ;
    %jmp T_21.32;
T_21.29 ;
    %jmp T_21.32;
T_21.30 ;
    %jmp T_21.32;
T_21.32 ;
    %pop/vec4 1;
    %end;
    .thread T_21;
    .scope S_0x13b51c0;
T_22 ;
    %pushi/vec4 1313820229, 0, 64;
    %dup/vec4;
    %pushi/vec4 0, 0, 32; draw_string_vec4
    %pushi/vec4 1313820229, 0, 32; draw_string_vec4
    %concat/vec4; draw_string_vec4
    %cmp/u;
    %jmp/1 T_22.0, 6;
    %dup/vec4;
    %pushi/vec4 20565, 0, 32; draw_string_vec4
    %pushi/vec4 1280070992, 0, 32; draw_string_vec4
    %concat/vec4; draw_string_vec4
    %cmp/u;
    %jmp/1 T_22.1, 6;
    %dup/vec4;
    %pushi/vec4 1347767372, 0, 32; draw_string_vec4
    %pushi/vec4 1146050382, 0, 32; draw_string_vec4
    %concat/vec4; draw_string_vec4
    %cmp/u;
    %jmp/1 T_22.2, 6;
    %vpi_call/w 12 46 "$fatal", 32'sb00000000000000000000000000000001, "\012Error: I_BUF instance %m has parameter WEAK_KEEPER set to %s.  Valid values are NONE, PULLUP, PULLDOWN\012", P_0x11de910 {0 0 0};
    %jmp T_22.4;
T_22.0 ;
    %jmp T_22.4;
T_22.1 ;
    %jmp T_22.4;
T_22.2 ;
    %jmp T_22.4;
T_22.4 ;
    %pop/vec4 1;
    %pushi/vec4 2290781314, 0, 81;
    %concati/vec4 5590100, 0, 23;
    %dup/vec4;
    %pushi/vec4 0, 0, 32; draw_string_vec4
    %pushi/vec4 17477, 0, 32; draw_string_vec4
    %concat/vec4; draw_string_vec4
    %pushi/vec4 1178686796, 0, 32; draw_string_vec4
    %concat/vec4; draw_string_vec4
    %pushi/vec4 84, 0, 8; draw_string_vec4
    %concat/vec4; draw_string_vec4
    %cmp/u;
    %jmp/1 T_22.5, 6;
    %dup/vec4;
    %pushi/vec4 0, 0, 32; draw_string_vec4
    %pushi/vec4 1280721741, 0, 32; draw_string_vec4
    %concat/vec4; draw_string_vec4
    %pushi/vec4 1330863921, 0, 32; draw_string_vec4
    %concat/vec4; draw_string_vec4
    %pushi/vec4 50, 0, 8; draw_string_vec4
    %concat/vec4; draw_string_vec4
    %cmp/u;
    %jmp/1 T_22.6, 6;
    %dup/vec4;
    %pushi/vec4 0, 0, 32; draw_string_vec4
    %pushi/vec4 1280721741, 0, 32; draw_string_vec4
    %concat/vec4; draw_string_vec4
    %pushi/vec4 1330863921, 0, 32; draw_string_vec4
    %concat/vec4; draw_string_vec4
    %pushi/vec4 53, 0, 8; draw_string_vec4
    %concat/vec4; draw_string_vec4
    %cmp/u;
    %jmp/1 T_22.7, 6;
    %dup/vec4;
    %pushi/vec4 5002819, 0, 32; draw_string_vec4
    %pushi/vec4 1297044319, 0, 32; draw_string_vec4
    %concat/vec4; draw_string_vec4
    %pushi/vec4 825777992, 0, 32; draw_string_vec4
    %concat/vec4; draw_string_vec4
    %pushi/vec4 80, 0, 8; draw_string_vec4
    %concat/vec4; draw_string_vec4
    %cmp/u;
    %jmp/1 T_22.8, 6;
    %dup/vec4;
    %pushi/vec4 5002819, 0, 32; draw_string_vec4
    %pushi/vec4 1297044319, 0, 32; draw_string_vec4
    %concat/vec4; draw_string_vec4
    %pushi/vec4 825777992, 0, 32; draw_string_vec4
    %concat/vec4; draw_string_vec4
    %pushi/vec4 82, 0, 8; draw_string_vec4
    %concat/vec4; draw_string_vec4
    %cmp/u;
    %jmp/1 T_22.9, 6;
    %dup/vec4;
    %pushi/vec4 0, 0, 32; draw_string_vec4
    %pushi/vec4 1280721741, 0, 32; draw_string_vec4
    %concat/vec4; draw_string_vec4
    %pushi/vec4 1330863922, 0, 32; draw_string_vec4
    %concat/vec4; draw_string_vec4
    %pushi/vec4 53, 0, 8; draw_string_vec4
    %concat/vec4; draw_string_vec4
    %cmp/u;
    %jmp/1 T_22.10, 6;
    %dup/vec4;
    %pushi/vec4 0, 0, 32; draw_string_vec4
    %pushi/vec4 1280721741, 0, 32; draw_string_vec4
    %concat/vec4; draw_string_vec4
    %pushi/vec4 1330863923, 0, 32; draw_string_vec4
    %concat/vec4; draw_string_vec4
    %pushi/vec4 51, 0, 8; draw_string_vec4
    %concat/vec4; draw_string_vec4
    %cmp/u;
    %jmp/1 T_22.11, 6;
    %dup/vec4;
    %pushi/vec4 0, 0, 32; draw_string_vec4
    %pushi/vec4 0, 0, 32; draw_string_vec4
    %concat/vec4; draw_string_vec4
    %pushi/vec4 1280726100, 0, 32; draw_string_vec4
    %concat/vec4; draw_string_vec4
    %pushi/vec4 76, 0, 8; draw_string_vec4
    %concat/vec4; draw_string_vec4
    %cmp/u;
    %jmp/1 T_22.12, 6;
    %dup/vec4;
    %pushi/vec4 0, 0, 32; draw_string_vec4
    %pushi/vec4 1213420620, 0, 32; draw_string_vec4
    %concat/vec4; draw_string_vec4
    %pushi/vec4 1598644017, 0, 32; draw_string_vec4
    %concat/vec4; draw_string_vec4
    %pushi/vec4 50, 0, 8; draw_string_vec4
    %concat/vec4; draw_string_vec4
    %cmp/u;
    %jmp/1 T_22.13, 6;
    %dup/vec4;
    %pushi/vec4 72, 0, 32; draw_string_vec4
    %pushi/vec4 1398033503, 0, 32; draw_string_vec4
    %concat/vec4; draw_string_vec4
    %pushi/vec4 1229545265, 0, 32; draw_string_vec4
    %concat/vec4; draw_string_vec4
    %pushi/vec4 50, 0, 8; draw_string_vec4
    %concat/vec4; draw_string_vec4
    %cmp/u;
    %jmp/1 T_22.14, 6;
    %dup/vec4;
    %pushi/vec4 0, 0, 32; draw_string_vec4
    %pushi/vec4 1213420620, 0, 32; draw_string_vec4
    %concat/vec4; draw_string_vec4
    %pushi/vec4 1598644017, 0, 32; draw_string_vec4
    %concat/vec4; draw_string_vec4
    %pushi/vec4 53, 0, 8; draw_string_vec4
    %concat/vec4; draw_string_vec4
    %cmp/u;
    %jmp/1 T_22.15, 6;
    %dup/vec4;
    %pushi/vec4 72, 0, 32; draw_string_vec4
    %pushi/vec4 1398033503, 0, 32; draw_string_vec4
    %concat/vec4; draw_string_vec4
    %pushi/vec4 1229545265, 0, 32; draw_string_vec4
    %concat/vec4; draw_string_vec4
    %pushi/vec4 53, 0, 8; draw_string_vec4
    %concat/vec4; draw_string_vec4
    %cmp/u;
    %jmp/1 T_22.16, 6;
    %dup/vec4;
    %pushi/vec4 0, 0, 32; draw_string_vec4
    %pushi/vec4 18515, 0, 32; draw_string_vec4
    %concat/vec4; draw_string_vec4
    %pushi/vec4 1431068465, 0, 32; draw_string_vec4
    %concat/vec4; draw_string_vec4
    %pushi/vec4 50, 0, 8; draw_string_vec4
    %concat/vec4; draw_string_vec4
    %cmp/u;
    %jmp/1 T_22.17, 6;
    %dup/vec4;
    %pushi/vec4 0, 0, 32; draw_string_vec4
    %pushi/vec4 0, 0, 32; draw_string_vec4
    %concat/vec4; draw_string_vec4
    %pushi/vec4 1346586934, 0, 32; draw_string_vec4
    %concat/vec4; draw_string_vec4
    %pushi/vec4 54, 0, 8; draw_string_vec4
    %concat/vec4; draw_string_vec4
    %cmp/u;
    %jmp/1 T_22.18, 6;
    %dup/vec4;
    %pushi/vec4 0, 0, 32; draw_string_vec4
    %pushi/vec4 20547, 0, 32; draw_string_vec4
    %concat/vec4; draw_string_vec4
    %pushi/vec4 1230516531, 0, 32; draw_string_vec4
    %concat/vec4; draw_string_vec4
    %pushi/vec4 51, 0, 8; draw_string_vec4
    %concat/vec4; draw_string_vec4
    %cmp/u;
    %jmp/1 T_22.19, 6;
    %dup/vec4;
    %pushi/vec4 0, 0, 32; draw_string_vec4
    %pushi/vec4 80, 0, 32; draw_string_vec4
    %concat/vec4; draw_string_vec4
    %pushi/vec4 1329880881, 0, 32; draw_string_vec4
    %concat/vec4; draw_string_vec4
    %pushi/vec4 50, 0, 8; draw_string_vec4
    %concat/vec4; draw_string_vec4
    %cmp/u;
    %jmp/1 T_22.20, 6;
    %dup/vec4;
    %pushi/vec4 0, 0, 32; draw_string_vec4
    %pushi/vec4 1397969996, 0, 32; draw_string_vec4
    %concat/vec4; draw_string_vec4
    %pushi/vec4 1598644017, 0, 32; draw_string_vec4
    %concat/vec4; draw_string_vec4
    %pushi/vec4 53, 0, 8; draw_string_vec4
    %concat/vec4; draw_string_vec4
    %cmp/u;
    %jmp/1 T_22.21, 6;
    %dup/vec4;
    %pushi/vec4 83, 0, 32; draw_string_vec4
    %pushi/vec4 1398033503, 0, 32; draw_string_vec4
    %concat/vec4; draw_string_vec4
    %pushi/vec4 1229545265, 0, 32; draw_string_vec4
    %concat/vec4; draw_string_vec4
    %pushi/vec4 53, 0, 8; draw_string_vec4
    %concat/vec4; draw_string_vec4
    %cmp/u;
    %jmp/1 T_22.22, 6;
    %dup/vec4;
    %pushi/vec4 5460820, 0, 32; draw_string_vec4
    %pushi/vec4 1281313119, 0, 32; draw_string_vec4
    %concat/vec4; draw_string_vec4
    %pushi/vec4 825777992, 0, 32; draw_string_vec4
    %concat/vec4; draw_string_vec4
    %pushi/vec4 80, 0, 8; draw_string_vec4
    %concat/vec4; draw_string_vec4
    %cmp/u;
    %jmp/1 T_22.23, 6;
    %dup/vec4;
    %pushi/vec4 1397969996, 0, 32; draw_string_vec4
    %pushi/vec4 1598638431, 0, 32; draw_string_vec4
    %concat/vec4; draw_string_vec4
    %pushi/vec4 825777992, 0, 32; draw_string_vec4
    %concat/vec4; draw_string_vec4
    %pushi/vec4 80, 0, 8; draw_string_vec4
    %concat/vec4; draw_string_vec4
    %cmp/u;
    %jmp/1 T_22.24, 6;
    %dup/vec4;
    %pushi/vec4 5460820, 0, 32; draw_string_vec4
    %pushi/vec4 1281313119, 0, 32; draw_string_vec4
    %concat/vec4; draw_string_vec4
    %pushi/vec4 825777992, 0, 32; draw_string_vec4
    %concat/vec4; draw_string_vec4
    %pushi/vec4 82, 0, 8; draw_string_vec4
    %concat/vec4; draw_string_vec4
    %cmp/u;
    %jmp/1 T_22.25, 6;
    %dup/vec4;
    %pushi/vec4 1397969996, 0, 32; draw_string_vec4
    %pushi/vec4 1598638431, 0, 32; draw_string_vec4
    %concat/vec4; draw_string_vec4
    %pushi/vec4 825777992, 0, 32; draw_string_vec4
    %concat/vec4; draw_string_vec4
    %pushi/vec4 82, 0, 8; draw_string_vec4
    %concat/vec4; draw_string_vec4
    %cmp/u;
    %jmp/1 T_22.26, 6;
    %dup/vec4;
    %pushi/vec4 0, 0, 32; draw_string_vec4
    %pushi/vec4 1397969996, 0, 32; draw_string_vec4
    %concat/vec4; draw_string_vec4
    %pushi/vec4 1598644018, 0, 32; draw_string_vec4
    %concat/vec4; draw_string_vec4
    %pushi/vec4 53, 0, 8; draw_string_vec4
    %concat/vec4; draw_string_vec4
    %cmp/u;
    %jmp/1 T_22.27, 6;
    %dup/vec4;
    %pushi/vec4 83, 0, 32; draw_string_vec4
    %pushi/vec4 1398033503, 0, 32; draw_string_vec4
    %concat/vec4; draw_string_vec4
    %pushi/vec4 1229545266, 0, 32; draw_string_vec4
    %concat/vec4; draw_string_vec4
    %pushi/vec4 53, 0, 8; draw_string_vec4
    %concat/vec4; draw_string_vec4
    %cmp/u;
    %jmp/1 T_22.28, 6;
    %dup/vec4;
    %pushi/vec4 0, 0, 32; draw_string_vec4
    %pushi/vec4 1397969996, 0, 32; draw_string_vec4
    %concat/vec4; draw_string_vec4
    %pushi/vec4 1598644019, 0, 32; draw_string_vec4
    %concat/vec4; draw_string_vec4
    %pushi/vec4 51, 0, 8; draw_string_vec4
    %concat/vec4; draw_string_vec4
    %cmp/u;
    %jmp/1 T_22.29, 6;
    %dup/vec4;
    %pushi/vec4 83, 0, 32; draw_string_vec4
    %pushi/vec4 1398033503, 0, 32; draw_string_vec4
    %concat/vec4; draw_string_vec4
    %pushi/vec4 1229545267, 0, 32; draw_string_vec4
    %concat/vec4; draw_string_vec4
    %pushi/vec4 51, 0, 8; draw_string_vec4
    %concat/vec4; draw_string_vec4
    %cmp/u;
    %jmp/1 T_22.30, 6;
    %vpi_call/w 12 78 "$fatal", 32'sb00000000000000000000000000000001, "\012Error: I_BUF instance %m has parameter IOSTANDARD set to %s.  Valid values are DEFAULT, LVCMOS_12, LVCMOS_15, LVCMOS_18_HP, LVCMOS_18_HR, LVCMOS_25, LVCMOS_33, LVTTL, HSTL_I_12, HSTL_II_12, HSTL_I_15, HSTL_II_15, HSUL_12, PCI66, PCIX133, POD_12, SSTL_I_15, SSTL_II_15, SSTL_I_18_HP, SSTL_II_18_HP, SSTL_I_18_HR, SSTL_II_18_HR, SSTL_I_25, SSTL_II_25, SSTL_I_33, SSTL_II_33\012", P_0x11de8d0 {0 0 0};
    %jmp T_22.32;
T_22.5 ;
    %jmp T_22.32;
T_22.6 ;
    %jmp T_22.32;
T_22.7 ;
    %jmp T_22.32;
T_22.8 ;
    %jmp T_22.32;
T_22.9 ;
    %jmp T_22.32;
T_22.10 ;
    %jmp T_22.32;
T_22.11 ;
    %jmp T_22.32;
T_22.12 ;
    %jmp T_22.32;
T_22.13 ;
    %jmp T_22.32;
T_22.14 ;
    %jmp T_22.32;
T_22.15 ;
    %jmp T_22.32;
T_22.16 ;
    %jmp T_22.32;
T_22.17 ;
    %jmp T_22.32;
T_22.18 ;
    %jmp T_22.32;
T_22.19 ;
    %jmp T_22.32;
T_22.20 ;
    %jmp T_22.32;
T_22.21 ;
    %jmp T_22.32;
T_22.22 ;
    %jmp T_22.32;
T_22.23 ;
    %jmp T_22.32;
T_22.24 ;
    %jmp T_22.32;
T_22.25 ;
    %jmp T_22.32;
T_22.26 ;
    %jmp T_22.32;
T_22.27 ;
    %jmp T_22.32;
T_22.28 ;
    %jmp T_22.32;
T_22.29 ;
    %jmp T_22.32;
T_22.30 ;
    %jmp T_22.32;
T_22.32 ;
    %pop/vec4 1;
    %end;
    .thread T_22;
    .scope S_0x138c480;
T_23 ;
    %pushi/vec4 1313820229, 0, 64;
    %dup/vec4;
    %pushi/vec4 0, 0, 32; draw_string_vec4
    %pushi/vec4 1313820229, 0, 32; draw_string_vec4
    %concat/vec4; draw_string_vec4
    %cmp/u;
    %jmp/1 T_23.0, 6;
    %dup/vec4;
    %pushi/vec4 20565, 0, 32; draw_string_vec4
    %pushi/vec4 1280070992, 0, 32; draw_string_vec4
    %concat/vec4; draw_string_vec4
    %cmp/u;
    %jmp/1 T_23.1, 6;
    %dup/vec4;
    %pushi/vec4 1347767372, 0, 32; draw_string_vec4
    %pushi/vec4 1146050382, 0, 32; draw_string_vec4
    %concat/vec4; draw_string_vec4
    %cmp/u;
    %jmp/1 T_23.2, 6;
    %vpi_call/w 12 46 "$fatal", 32'sb00000000000000000000000000000001, "\012Error: I_BUF instance %m has parameter WEAK_KEEPER set to %s.  Valid values are NONE, PULLUP, PULLDOWN\012", P_0x133c1d0 {0 0 0};
    %jmp T_23.4;
T_23.0 ;
    %jmp T_23.4;
T_23.1 ;
    %jmp T_23.4;
T_23.2 ;
    %jmp T_23.4;
T_23.4 ;
    %pop/vec4 1;
    %pushi/vec4 2290781314, 0, 81;
    %concati/vec4 5590100, 0, 23;
    %dup/vec4;
    %pushi/vec4 0, 0, 32; draw_string_vec4
    %pushi/vec4 17477, 0, 32; draw_string_vec4
    %concat/vec4; draw_string_vec4
    %pushi/vec4 1178686796, 0, 32; draw_string_vec4
    %concat/vec4; draw_string_vec4
    %pushi/vec4 84, 0, 8; draw_string_vec4
    %concat/vec4; draw_string_vec4
    %cmp/u;
    %jmp/1 T_23.5, 6;
    %dup/vec4;
    %pushi/vec4 0, 0, 32; draw_string_vec4
    %pushi/vec4 1280721741, 0, 32; draw_string_vec4
    %concat/vec4; draw_string_vec4
    %pushi/vec4 1330863921, 0, 32; draw_string_vec4
    %concat/vec4; draw_string_vec4
    %pushi/vec4 50, 0, 8; draw_string_vec4
    %concat/vec4; draw_string_vec4
    %cmp/u;
    %jmp/1 T_23.6, 6;
    %dup/vec4;
    %pushi/vec4 0, 0, 32; draw_string_vec4
    %pushi/vec4 1280721741, 0, 32; draw_string_vec4
    %concat/vec4; draw_string_vec4
    %pushi/vec4 1330863921, 0, 32; draw_string_vec4
    %concat/vec4; draw_string_vec4
    %pushi/vec4 53, 0, 8; draw_string_vec4
    %concat/vec4; draw_string_vec4
    %cmp/u;
    %jmp/1 T_23.7, 6;
    %dup/vec4;
    %pushi/vec4 5002819, 0, 32; draw_string_vec4
    %pushi/vec4 1297044319, 0, 32; draw_string_vec4
    %concat/vec4; draw_string_vec4
    %pushi/vec4 825777992, 0, 32; draw_string_vec4
    %concat/vec4; draw_string_vec4
    %pushi/vec4 80, 0, 8; draw_string_vec4
    %concat/vec4; draw_string_vec4
    %cmp/u;
    %jmp/1 T_23.8, 6;
    %dup/vec4;
    %pushi/vec4 5002819, 0, 32; draw_string_vec4
    %pushi/vec4 1297044319, 0, 32; draw_string_vec4
    %concat/vec4; draw_string_vec4
    %pushi/vec4 825777992, 0, 32; draw_string_vec4
    %concat/vec4; draw_string_vec4
    %pushi/vec4 82, 0, 8; draw_string_vec4
    %concat/vec4; draw_string_vec4
    %cmp/u;
    %jmp/1 T_23.9, 6;
    %dup/vec4;
    %pushi/vec4 0, 0, 32; draw_string_vec4
    %pushi/vec4 1280721741, 0, 32; draw_string_vec4
    %concat/vec4; draw_string_vec4
    %pushi/vec4 1330863922, 0, 32; draw_string_vec4
    %concat/vec4; draw_string_vec4
    %pushi/vec4 53, 0, 8; draw_string_vec4
    %concat/vec4; draw_string_vec4
    %cmp/u;
    %jmp/1 T_23.10, 6;
    %dup/vec4;
    %pushi/vec4 0, 0, 32; draw_string_vec4
    %pushi/vec4 1280721741, 0, 32; draw_string_vec4
    %concat/vec4; draw_string_vec4
    %pushi/vec4 1330863923, 0, 32; draw_string_vec4
    %concat/vec4; draw_string_vec4
    %pushi/vec4 51, 0, 8; draw_string_vec4
    %concat/vec4; draw_string_vec4
    %cmp/u;
    %jmp/1 T_23.11, 6;
    %dup/vec4;
    %pushi/vec4 0, 0, 32; draw_string_vec4
    %pushi/vec4 0, 0, 32; draw_string_vec4
    %concat/vec4; draw_string_vec4
    %pushi/vec4 1280726100, 0, 32; draw_string_vec4
    %concat/vec4; draw_string_vec4
    %pushi/vec4 76, 0, 8; draw_string_vec4
    %concat/vec4; draw_string_vec4
    %cmp/u;
    %jmp/1 T_23.12, 6;
    %dup/vec4;
    %pushi/vec4 0, 0, 32; draw_string_vec4
    %pushi/vec4 1213420620, 0, 32; draw_string_vec4
    %concat/vec4; draw_string_vec4
    %pushi/vec4 1598644017, 0, 32; draw_string_vec4
    %concat/vec4; draw_string_vec4
    %pushi/vec4 50, 0, 8; draw_string_vec4
    %concat/vec4; draw_string_vec4
    %cmp/u;
    %jmp/1 T_23.13, 6;
    %dup/vec4;
    %pushi/vec4 72, 0, 32; draw_string_vec4
    %pushi/vec4 1398033503, 0, 32; draw_string_vec4
    %concat/vec4; draw_string_vec4
    %pushi/vec4 1229545265, 0, 32; draw_string_vec4
    %concat/vec4; draw_string_vec4
    %pushi/vec4 50, 0, 8; draw_string_vec4
    %concat/vec4; draw_string_vec4
    %cmp/u;
    %jmp/1 T_23.14, 6;
    %dup/vec4;
    %pushi/vec4 0, 0, 32; draw_string_vec4
    %pushi/vec4 1213420620, 0, 32; draw_string_vec4
    %concat/vec4; draw_string_vec4
    %pushi/vec4 1598644017, 0, 32; draw_string_vec4
    %concat/vec4; draw_string_vec4
    %pushi/vec4 53, 0, 8; draw_string_vec4
    %concat/vec4; draw_string_vec4
    %cmp/u;
    %jmp/1 T_23.15, 6;
    %dup/vec4;
    %pushi/vec4 72, 0, 32; draw_string_vec4
    %pushi/vec4 1398033503, 0, 32; draw_string_vec4
    %concat/vec4; draw_string_vec4
    %pushi/vec4 1229545265, 0, 32; draw_string_vec4
    %concat/vec4; draw_string_vec4
    %pushi/vec4 53, 0, 8; draw_string_vec4
    %concat/vec4; draw_string_vec4
    %cmp/u;
    %jmp/1 T_23.16, 6;
    %dup/vec4;
    %pushi/vec4 0, 0, 32; draw_string_vec4
    %pushi/vec4 18515, 0, 32; draw_string_vec4
    %concat/vec4; draw_string_vec4
    %pushi/vec4 1431068465, 0, 32; draw_string_vec4
    %concat/vec4; draw_string_vec4
    %pushi/vec4 50, 0, 8; draw_string_vec4
    %concat/vec4; draw_string_vec4
    %cmp/u;
    %jmp/1 T_23.17, 6;
    %dup/vec4;
    %pushi/vec4 0, 0, 32; draw_string_vec4
    %pushi/vec4 0, 0, 32; draw_string_vec4
    %concat/vec4; draw_string_vec4
    %pushi/vec4 1346586934, 0, 32; draw_string_vec4
    %concat/vec4; draw_string_vec4
    %pushi/vec4 54, 0, 8; draw_string_vec4
    %concat/vec4; draw_string_vec4
    %cmp/u;
    %jmp/1 T_23.18, 6;
    %dup/vec4;
    %pushi/vec4 0, 0, 32; draw_string_vec4
    %pushi/vec4 20547, 0, 32; draw_string_vec4
    %concat/vec4; draw_string_vec4
    %pushi/vec4 1230516531, 0, 32; draw_string_vec4
    %concat/vec4; draw_string_vec4
    %pushi/vec4 51, 0, 8; draw_string_vec4
    %concat/vec4; draw_string_vec4
    %cmp/u;
    %jmp/1 T_23.19, 6;
    %dup/vec4;
    %pushi/vec4 0, 0, 32; draw_string_vec4
    %pushi/vec4 80, 0, 32; draw_string_vec4
    %concat/vec4; draw_string_vec4
    %pushi/vec4 1329880881, 0, 32; draw_string_vec4
    %concat/vec4; draw_string_vec4
    %pushi/vec4 50, 0, 8; draw_string_vec4
    %concat/vec4; draw_string_vec4
    %cmp/u;
    %jmp/1 T_23.20, 6;
    %dup/vec4;
    %pushi/vec4 0, 0, 32; draw_string_vec4
    %pushi/vec4 1397969996, 0, 32; draw_string_vec4
    %concat/vec4; draw_string_vec4
    %pushi/vec4 1598644017, 0, 32; draw_string_vec4
    %concat/vec4; draw_string_vec4
    %pushi/vec4 53, 0, 8; draw_string_vec4
    %concat/vec4; draw_string_vec4
    %cmp/u;
    %jmp/1 T_23.21, 6;
    %dup/vec4;
    %pushi/vec4 83, 0, 32; draw_string_vec4
    %pushi/vec4 1398033503, 0, 32; draw_string_vec4
    %concat/vec4; draw_string_vec4
    %pushi/vec4 1229545265, 0, 32; draw_string_vec4
    %concat/vec4; draw_string_vec4
    %pushi/vec4 53, 0, 8; draw_string_vec4
    %concat/vec4; draw_string_vec4
    %cmp/u;
    %jmp/1 T_23.22, 6;
    %dup/vec4;
    %pushi/vec4 5460820, 0, 32; draw_string_vec4
    %pushi/vec4 1281313119, 0, 32; draw_string_vec4
    %concat/vec4; draw_string_vec4
    %pushi/vec4 825777992, 0, 32; draw_string_vec4
    %concat/vec4; draw_string_vec4
    %pushi/vec4 80, 0, 8; draw_string_vec4
    %concat/vec4; draw_string_vec4
    %cmp/u;
    %jmp/1 T_23.23, 6;
    %dup/vec4;
    %pushi/vec4 1397969996, 0, 32; draw_string_vec4
    %pushi/vec4 1598638431, 0, 32; draw_string_vec4
    %concat/vec4; draw_string_vec4
    %pushi/vec4 825777992, 0, 32; draw_string_vec4
    %concat/vec4; draw_string_vec4
    %pushi/vec4 80, 0, 8; draw_string_vec4
    %concat/vec4; draw_string_vec4
    %cmp/u;
    %jmp/1 T_23.24, 6;
    %dup/vec4;
    %pushi/vec4 5460820, 0, 32; draw_string_vec4
    %pushi/vec4 1281313119, 0, 32; draw_string_vec4
    %concat/vec4; draw_string_vec4
    %pushi/vec4 825777992, 0, 32; draw_string_vec4
    %concat/vec4; draw_string_vec4
    %pushi/vec4 82, 0, 8; draw_string_vec4
    %concat/vec4; draw_string_vec4
    %cmp/u;
    %jmp/1 T_23.25, 6;
    %dup/vec4;
    %pushi/vec4 1397969996, 0, 32; draw_string_vec4
    %pushi/vec4 1598638431, 0, 32; draw_string_vec4
    %concat/vec4; draw_string_vec4
    %pushi/vec4 825777992, 0, 32; draw_string_vec4
    %concat/vec4; draw_string_vec4
    %pushi/vec4 82, 0, 8; draw_string_vec4
    %concat/vec4; draw_string_vec4
    %cmp/u;
    %jmp/1 T_23.26, 6;
    %dup/vec4;
    %pushi/vec4 0, 0, 32; draw_string_vec4
    %pushi/vec4 1397969996, 0, 32; draw_string_vec4
    %concat/vec4; draw_string_vec4
    %pushi/vec4 1598644018, 0, 32; draw_string_vec4
    %concat/vec4; draw_string_vec4
    %pushi/vec4 53, 0, 8; draw_string_vec4
    %concat/vec4; draw_string_vec4
    %cmp/u;
    %jmp/1 T_23.27, 6;
    %dup/vec4;
    %pushi/vec4 83, 0, 32; draw_string_vec4
    %pushi/vec4 1398033503, 0, 32; draw_string_vec4
    %concat/vec4; draw_string_vec4
    %pushi/vec4 1229545266, 0, 32; draw_string_vec4
    %concat/vec4; draw_string_vec4
    %pushi/vec4 53, 0, 8; draw_string_vec4
    %concat/vec4; draw_string_vec4
    %cmp/u;
    %jmp/1 T_23.28, 6;
    %dup/vec4;
    %pushi/vec4 0, 0, 32; draw_string_vec4
    %pushi/vec4 1397969996, 0, 32; draw_string_vec4
    %concat/vec4; draw_string_vec4
    %pushi/vec4 1598644019, 0, 32; draw_string_vec4
    %concat/vec4; draw_string_vec4
    %pushi/vec4 51, 0, 8; draw_string_vec4
    %concat/vec4; draw_string_vec4
    %cmp/u;
    %jmp/1 T_23.29, 6;
    %dup/vec4;
    %pushi/vec4 83, 0, 32; draw_string_vec4
    %pushi/vec4 1398033503, 0, 32; draw_string_vec4
    %concat/vec4; draw_string_vec4
    %pushi/vec4 1229545267, 0, 32; draw_string_vec4
    %concat/vec4; draw_string_vec4
    %pushi/vec4 51, 0, 8; draw_string_vec4
    %concat/vec4; draw_string_vec4
    %cmp/u;
    %jmp/1 T_23.30, 6;
    %vpi_call/w 12 78 "$fatal", 32'sb00000000000000000000000000000001, "\012Error: I_BUF instance %m has parameter IOSTANDARD set to %s.  Valid values are DEFAULT, LVCMOS_12, LVCMOS_15, LVCMOS_18_HP, LVCMOS_18_HR, LVCMOS_25, LVCMOS_33, LVTTL, HSTL_I_12, HSTL_II_12, HSTL_I_15, HSTL_II_15, HSUL_12, PCI66, PCIX133, POD_12, SSTL_I_15, SSTL_II_15, SSTL_I_18_HP, SSTL_II_18_HP, SSTL_I_18_HR, SSTL_II_18_HR, SSTL_I_25, SSTL_II_25, SSTL_I_33, SSTL_II_33\012", P_0x133c190 {0 0 0};
    %jmp T_23.32;
T_23.5 ;
    %jmp T_23.32;
T_23.6 ;
    %jmp T_23.32;
T_23.7 ;
    %jmp T_23.32;
T_23.8 ;
    %jmp T_23.32;
T_23.9 ;
    %jmp T_23.32;
T_23.10 ;
    %jmp T_23.32;
T_23.11 ;
    %jmp T_23.32;
T_23.12 ;
    %jmp T_23.32;
T_23.13 ;
    %jmp T_23.32;
T_23.14 ;
    %jmp T_23.32;
T_23.15 ;
    %jmp T_23.32;
T_23.16 ;
    %jmp T_23.32;
T_23.17 ;
    %jmp T_23.32;
T_23.18 ;
    %jmp T_23.32;
T_23.19 ;
    %jmp T_23.32;
T_23.20 ;
    %jmp T_23.32;
T_23.21 ;
    %jmp T_23.32;
T_23.22 ;
    %jmp T_23.32;
T_23.23 ;
    %jmp T_23.32;
T_23.24 ;
    %jmp T_23.32;
T_23.25 ;
    %jmp T_23.32;
T_23.26 ;
    %jmp T_23.32;
T_23.27 ;
    %jmp T_23.32;
T_23.28 ;
    %jmp T_23.32;
T_23.29 ;
    %jmp T_23.32;
T_23.30 ;
    %jmp T_23.32;
T_23.32 ;
    %pop/vec4 1;
    %end;
    .thread T_23;
    .scope S_0x1372e30;
T_24 ;
    %pushi/vec4 1313820229, 0, 64;
    %dup/vec4;
    %pushi/vec4 0, 0, 32; draw_string_vec4
    %pushi/vec4 1313820229, 0, 32; draw_string_vec4
    %concat/vec4; draw_string_vec4
    %cmp/u;
    %jmp/1 T_24.0, 6;
    %dup/vec4;
    %pushi/vec4 20565, 0, 32; draw_string_vec4
    %pushi/vec4 1280070992, 0, 32; draw_string_vec4
    %concat/vec4; draw_string_vec4
    %cmp/u;
    %jmp/1 T_24.1, 6;
    %dup/vec4;
    %pushi/vec4 1347767372, 0, 32; draw_string_vec4
    %pushi/vec4 1146050382, 0, 32; draw_string_vec4
    %concat/vec4; draw_string_vec4
    %cmp/u;
    %jmp/1 T_24.2, 6;
    %vpi_call/w 12 46 "$fatal", 32'sb00000000000000000000000000000001, "\012Error: I_BUF instance %m has parameter WEAK_KEEPER set to %s.  Valid values are NONE, PULLUP, PULLDOWN\012", P_0x10d3650 {0 0 0};
    %jmp T_24.4;
T_24.0 ;
    %jmp T_24.4;
T_24.1 ;
    %jmp T_24.4;
T_24.2 ;
    %jmp T_24.4;
T_24.4 ;
    %pop/vec4 1;
    %pushi/vec4 2290781314, 0, 81;
    %concati/vec4 5590100, 0, 23;
    %dup/vec4;
    %pushi/vec4 0, 0, 32; draw_string_vec4
    %pushi/vec4 17477, 0, 32; draw_string_vec4
    %concat/vec4; draw_string_vec4
    %pushi/vec4 1178686796, 0, 32; draw_string_vec4
    %concat/vec4; draw_string_vec4
    %pushi/vec4 84, 0, 8; draw_string_vec4
    %concat/vec4; draw_string_vec4
    %cmp/u;
    %jmp/1 T_24.5, 6;
    %dup/vec4;
    %pushi/vec4 0, 0, 32; draw_string_vec4
    %pushi/vec4 1280721741, 0, 32; draw_string_vec4
    %concat/vec4; draw_string_vec4
    %pushi/vec4 1330863921, 0, 32; draw_string_vec4
    %concat/vec4; draw_string_vec4
    %pushi/vec4 50, 0, 8; draw_string_vec4
    %concat/vec4; draw_string_vec4
    %cmp/u;
    %jmp/1 T_24.6, 6;
    %dup/vec4;
    %pushi/vec4 0, 0, 32; draw_string_vec4
    %pushi/vec4 1280721741, 0, 32; draw_string_vec4
    %concat/vec4; draw_string_vec4
    %pushi/vec4 1330863921, 0, 32; draw_string_vec4
    %concat/vec4; draw_string_vec4
    %pushi/vec4 53, 0, 8; draw_string_vec4
    %concat/vec4; draw_string_vec4
    %cmp/u;
    %jmp/1 T_24.7, 6;
    %dup/vec4;
    %pushi/vec4 5002819, 0, 32; draw_string_vec4
    %pushi/vec4 1297044319, 0, 32; draw_string_vec4
    %concat/vec4; draw_string_vec4
    %pushi/vec4 825777992, 0, 32; draw_string_vec4
    %concat/vec4; draw_string_vec4
    %pushi/vec4 80, 0, 8; draw_string_vec4
    %concat/vec4; draw_string_vec4
    %cmp/u;
    %jmp/1 T_24.8, 6;
    %dup/vec4;
    %pushi/vec4 5002819, 0, 32; draw_string_vec4
    %pushi/vec4 1297044319, 0, 32; draw_string_vec4
    %concat/vec4; draw_string_vec4
    %pushi/vec4 825777992, 0, 32; draw_string_vec4
    %concat/vec4; draw_string_vec4
    %pushi/vec4 82, 0, 8; draw_string_vec4
    %concat/vec4; draw_string_vec4
    %cmp/u;
    %jmp/1 T_24.9, 6;
    %dup/vec4;
    %pushi/vec4 0, 0, 32; draw_string_vec4
    %pushi/vec4 1280721741, 0, 32; draw_string_vec4
    %concat/vec4; draw_string_vec4
    %pushi/vec4 1330863922, 0, 32; draw_string_vec4
    %concat/vec4; draw_string_vec4
    %pushi/vec4 53, 0, 8; draw_string_vec4
    %concat/vec4; draw_string_vec4
    %cmp/u;
    %jmp/1 T_24.10, 6;
    %dup/vec4;
    %pushi/vec4 0, 0, 32; draw_string_vec4
    %pushi/vec4 1280721741, 0, 32; draw_string_vec4
    %concat/vec4; draw_string_vec4
    %pushi/vec4 1330863923, 0, 32; draw_string_vec4
    %concat/vec4; draw_string_vec4
    %pushi/vec4 51, 0, 8; draw_string_vec4
    %concat/vec4; draw_string_vec4
    %cmp/u;
    %jmp/1 T_24.11, 6;
    %dup/vec4;
    %pushi/vec4 0, 0, 32; draw_string_vec4
    %pushi/vec4 0, 0, 32; draw_string_vec4
    %concat/vec4; draw_string_vec4
    %pushi/vec4 1280726100, 0, 32; draw_string_vec4
    %concat/vec4; draw_string_vec4
    %pushi/vec4 76, 0, 8; draw_string_vec4
    %concat/vec4; draw_string_vec4
    %cmp/u;
    %jmp/1 T_24.12, 6;
    %dup/vec4;
    %pushi/vec4 0, 0, 32; draw_string_vec4
    %pushi/vec4 1213420620, 0, 32; draw_string_vec4
    %concat/vec4; draw_string_vec4
    %pushi/vec4 1598644017, 0, 32; draw_string_vec4
    %concat/vec4; draw_string_vec4
    %pushi/vec4 50, 0, 8; draw_string_vec4
    %concat/vec4; draw_string_vec4
    %cmp/u;
    %jmp/1 T_24.13, 6;
    %dup/vec4;
    %pushi/vec4 72, 0, 32; draw_string_vec4
    %pushi/vec4 1398033503, 0, 32; draw_string_vec4
    %concat/vec4; draw_string_vec4
    %pushi/vec4 1229545265, 0, 32; draw_string_vec4
    %concat/vec4; draw_string_vec4
    %pushi/vec4 50, 0, 8; draw_string_vec4
    %concat/vec4; draw_string_vec4
    %cmp/u;
    %jmp/1 T_24.14, 6;
    %dup/vec4;
    %pushi/vec4 0, 0, 32; draw_string_vec4
    %pushi/vec4 1213420620, 0, 32; draw_string_vec4
    %concat/vec4; draw_string_vec4
    %pushi/vec4 1598644017, 0, 32; draw_string_vec4
    %concat/vec4; draw_string_vec4
    %pushi/vec4 53, 0, 8; draw_string_vec4
    %concat/vec4; draw_string_vec4
    %cmp/u;
    %jmp/1 T_24.15, 6;
    %dup/vec4;
    %pushi/vec4 72, 0, 32; draw_string_vec4
    %pushi/vec4 1398033503, 0, 32; draw_string_vec4
    %concat/vec4; draw_string_vec4
    %pushi/vec4 1229545265, 0, 32; draw_string_vec4
    %concat/vec4; draw_string_vec4
    %pushi/vec4 53, 0, 8; draw_string_vec4
    %concat/vec4; draw_string_vec4
    %cmp/u;
    %jmp/1 T_24.16, 6;
    %dup/vec4;
    %pushi/vec4 0, 0, 32; draw_string_vec4
    %pushi/vec4 18515, 0, 32; draw_string_vec4
    %concat/vec4; draw_string_vec4
    %pushi/vec4 1431068465, 0, 32; draw_string_vec4
    %concat/vec4; draw_string_vec4
    %pushi/vec4 50, 0, 8; draw_string_vec4
    %concat/vec4; draw_string_vec4
    %cmp/u;
    %jmp/1 T_24.17, 6;
    %dup/vec4;
    %pushi/vec4 0, 0, 32; draw_string_vec4
    %pushi/vec4 0, 0, 32; draw_string_vec4
    %concat/vec4; draw_string_vec4
    %pushi/vec4 1346586934, 0, 32; draw_string_vec4
    %concat/vec4; draw_string_vec4
    %pushi/vec4 54, 0, 8; draw_string_vec4
    %concat/vec4; draw_string_vec4
    %cmp/u;
    %jmp/1 T_24.18, 6;
    %dup/vec4;
    %pushi/vec4 0, 0, 32; draw_string_vec4
    %pushi/vec4 20547, 0, 32; draw_string_vec4
    %concat/vec4; draw_string_vec4
    %pushi/vec4 1230516531, 0, 32; draw_string_vec4
    %concat/vec4; draw_string_vec4
    %pushi/vec4 51, 0, 8; draw_string_vec4
    %concat/vec4; draw_string_vec4
    %cmp/u;
    %jmp/1 T_24.19, 6;
    %dup/vec4;
    %pushi/vec4 0, 0, 32; draw_string_vec4
    %pushi/vec4 80, 0, 32; draw_string_vec4
    %concat/vec4; draw_string_vec4
    %pushi/vec4 1329880881, 0, 32; draw_string_vec4
    %concat/vec4; draw_string_vec4
    %pushi/vec4 50, 0, 8; draw_string_vec4
    %concat/vec4; draw_string_vec4
    %cmp/u;
    %jmp/1 T_24.20, 6;
    %dup/vec4;
    %pushi/vec4 0, 0, 32; draw_string_vec4
    %pushi/vec4 1397969996, 0, 32; draw_string_vec4
    %concat/vec4; draw_string_vec4
    %pushi/vec4 1598644017, 0, 32; draw_string_vec4
    %concat/vec4; draw_string_vec4
    %pushi/vec4 53, 0, 8; draw_string_vec4
    %concat/vec4; draw_string_vec4
    %cmp/u;
    %jmp/1 T_24.21, 6;
    %dup/vec4;
    %pushi/vec4 83, 0, 32; draw_string_vec4
    %pushi/vec4 1398033503, 0, 32; draw_string_vec4
    %concat/vec4; draw_string_vec4
    %pushi/vec4 1229545265, 0, 32; draw_string_vec4
    %concat/vec4; draw_string_vec4
    %pushi/vec4 53, 0, 8; draw_string_vec4
    %concat/vec4; draw_string_vec4
    %cmp/u;
    %jmp/1 T_24.22, 6;
    %dup/vec4;
    %pushi/vec4 5460820, 0, 32; draw_string_vec4
    %pushi/vec4 1281313119, 0, 32; draw_string_vec4
    %concat/vec4; draw_string_vec4
    %pushi/vec4 825777992, 0, 32; draw_string_vec4
    %concat/vec4; draw_string_vec4
    %pushi/vec4 80, 0, 8; draw_string_vec4
    %concat/vec4; draw_string_vec4
    %cmp/u;
    %jmp/1 T_24.23, 6;
    %dup/vec4;
    %pushi/vec4 1397969996, 0, 32; draw_string_vec4
    %pushi/vec4 1598638431, 0, 32; draw_string_vec4
    %concat/vec4; draw_string_vec4
    %pushi/vec4 825777992, 0, 32; draw_string_vec4
    %concat/vec4; draw_string_vec4
    %pushi/vec4 80, 0, 8; draw_string_vec4
    %concat/vec4; draw_string_vec4
    %cmp/u;
    %jmp/1 T_24.24, 6;
    %dup/vec4;
    %pushi/vec4 5460820, 0, 32; draw_string_vec4
    %pushi/vec4 1281313119, 0, 32; draw_string_vec4
    %concat/vec4; draw_string_vec4
    %pushi/vec4 825777992, 0, 32; draw_string_vec4
    %concat/vec4; draw_string_vec4
    %pushi/vec4 82, 0, 8; draw_string_vec4
    %concat/vec4; draw_string_vec4
    %cmp/u;
    %jmp/1 T_24.25, 6;
    %dup/vec4;
    %pushi/vec4 1397969996, 0, 32; draw_string_vec4
    %pushi/vec4 1598638431, 0, 32; draw_string_vec4
    %concat/vec4; draw_string_vec4
    %pushi/vec4 825777992, 0, 32; draw_string_vec4
    %concat/vec4; draw_string_vec4
    %pushi/vec4 82, 0, 8; draw_string_vec4
    %concat/vec4; draw_string_vec4
    %cmp/u;
    %jmp/1 T_24.26, 6;
    %dup/vec4;
    %pushi/vec4 0, 0, 32; draw_string_vec4
    %pushi/vec4 1397969996, 0, 32; draw_string_vec4
    %concat/vec4; draw_string_vec4
    %pushi/vec4 1598644018, 0, 32; draw_string_vec4
    %concat/vec4; draw_string_vec4
    %pushi/vec4 53, 0, 8; draw_string_vec4
    %concat/vec4; draw_string_vec4
    %cmp/u;
    %jmp/1 T_24.27, 6;
    %dup/vec4;
    %pushi/vec4 83, 0, 32; draw_string_vec4
    %pushi/vec4 1398033503, 0, 32; draw_string_vec4
    %concat/vec4; draw_string_vec4
    %pushi/vec4 1229545266, 0, 32; draw_string_vec4
    %concat/vec4; draw_string_vec4
    %pushi/vec4 53, 0, 8; draw_string_vec4
    %concat/vec4; draw_string_vec4
    %cmp/u;
    %jmp/1 T_24.28, 6;
    %dup/vec4;
    %pushi/vec4 0, 0, 32; draw_string_vec4
    %pushi/vec4 1397969996, 0, 32; draw_string_vec4
    %concat/vec4; draw_string_vec4
    %pushi/vec4 1598644019, 0, 32; draw_string_vec4
    %concat/vec4; draw_string_vec4
    %pushi/vec4 51, 0, 8; draw_string_vec4
    %concat/vec4; draw_string_vec4
    %cmp/u;
    %jmp/1 T_24.29, 6;
    %dup/vec4;
    %pushi/vec4 83, 0, 32; draw_string_vec4
    %pushi/vec4 1398033503, 0, 32; draw_string_vec4
    %concat/vec4; draw_string_vec4
    %pushi/vec4 1229545267, 0, 32; draw_string_vec4
    %concat/vec4; draw_string_vec4
    %pushi/vec4 51, 0, 8; draw_string_vec4
    %concat/vec4; draw_string_vec4
    %cmp/u;
    %jmp/1 T_24.30, 6;
    %vpi_call/w 12 78 "$fatal", 32'sb00000000000000000000000000000001, "\012Error: I_BUF instance %m has parameter IOSTANDARD set to %s.  Valid values are DEFAULT, LVCMOS_12, LVCMOS_15, LVCMOS_18_HP, LVCMOS_18_HR, LVCMOS_25, LVCMOS_33, LVTTL, HSTL_I_12, HSTL_II_12, HSTL_I_15, HSTL_II_15, HSUL_12, PCI66, PCIX133, POD_12, SSTL_I_15, SSTL_II_15, SSTL_I_18_HP, SSTL_II_18_HP, SSTL_I_18_HR, SSTL_II_18_HR, SSTL_I_25, SSTL_II_25, SSTL_I_33, SSTL_II_33\012", P_0x10d3610 {0 0 0};
    %jmp T_24.32;
T_24.5 ;
    %jmp T_24.32;
T_24.6 ;
    %jmp T_24.32;
T_24.7 ;
    %jmp T_24.32;
T_24.8 ;
    %jmp T_24.32;
T_24.9 ;
    %jmp T_24.32;
T_24.10 ;
    %jmp T_24.32;
T_24.11 ;
    %jmp T_24.32;
T_24.12 ;
    %jmp T_24.32;
T_24.13 ;
    %jmp T_24.32;
T_24.14 ;
    %jmp T_24.32;
T_24.15 ;
    %jmp T_24.32;
T_24.16 ;
    %jmp T_24.32;
T_24.17 ;
    %jmp T_24.32;
T_24.18 ;
    %jmp T_24.32;
T_24.19 ;
    %jmp T_24.32;
T_24.20 ;
    %jmp T_24.32;
T_24.21 ;
    %jmp T_24.32;
T_24.22 ;
    %jmp T_24.32;
T_24.23 ;
    %jmp T_24.32;
T_24.24 ;
    %jmp T_24.32;
T_24.25 ;
    %jmp T_24.32;
T_24.26 ;
    %jmp T_24.32;
T_24.27 ;
    %jmp T_24.32;
T_24.28 ;
    %jmp T_24.32;
T_24.29 ;
    %jmp T_24.32;
T_24.30 ;
    %jmp T_24.32;
T_24.32 ;
    %pop/vec4 1;
    %end;
    .thread T_24;
    .scope S_0x136ed80;
T_25 ;
    %pushi/vec4 1313820229, 0, 64;
    %dup/vec4;
    %pushi/vec4 0, 0, 32; draw_string_vec4
    %pushi/vec4 1313820229, 0, 32; draw_string_vec4
    %concat/vec4; draw_string_vec4
    %cmp/u;
    %jmp/1 T_25.0, 6;
    %dup/vec4;
    %pushi/vec4 20565, 0, 32; draw_string_vec4
    %pushi/vec4 1280070992, 0, 32; draw_string_vec4
    %concat/vec4; draw_string_vec4
    %cmp/u;
    %jmp/1 T_25.1, 6;
    %dup/vec4;
    %pushi/vec4 1347767372, 0, 32; draw_string_vec4
    %pushi/vec4 1146050382, 0, 32; draw_string_vec4
    %concat/vec4; draw_string_vec4
    %cmp/u;
    %jmp/1 T_25.2, 6;
    %vpi_call/w 13 48 "$fatal", 32'sb00000000000000000000000000000001, "\012Error: O_BUFT instance %m has parameter WEAK_KEEPER set to %s.  Valid values are NONE, PULLUP, PULLDOWN\012", P_0x1307e50 {0 0 0};
    %jmp T_25.4;
T_25.0 ;
    %jmp T_25.4;
T_25.1 ;
    %jmp T_25.4;
T_25.2 ;
    %jmp T_25.4;
T_25.4 ;
    %pop/vec4 1;
    %pushi/vec4 2290781314, 0, 81;
    %concati/vec4 5590100, 0, 23;
    %dup/vec4;
    %pushi/vec4 0, 0, 32; draw_string_vec4
    %pushi/vec4 17477, 0, 32; draw_string_vec4
    %concat/vec4; draw_string_vec4
    %pushi/vec4 1178686796, 0, 32; draw_string_vec4
    %concat/vec4; draw_string_vec4
    %pushi/vec4 84, 0, 8; draw_string_vec4
    %concat/vec4; draw_string_vec4
    %cmp/u;
    %jmp/1 T_25.5, 6;
    %dup/vec4;
    %pushi/vec4 0, 0, 32; draw_string_vec4
    %pushi/vec4 1280721741, 0, 32; draw_string_vec4
    %concat/vec4; draw_string_vec4
    %pushi/vec4 1330863921, 0, 32; draw_string_vec4
    %concat/vec4; draw_string_vec4
    %pushi/vec4 50, 0, 8; draw_string_vec4
    %concat/vec4; draw_string_vec4
    %cmp/u;
    %jmp/1 T_25.6, 6;
    %dup/vec4;
    %pushi/vec4 0, 0, 32; draw_string_vec4
    %pushi/vec4 1280721741, 0, 32; draw_string_vec4
    %concat/vec4; draw_string_vec4
    %pushi/vec4 1330863921, 0, 32; draw_string_vec4
    %concat/vec4; draw_string_vec4
    %pushi/vec4 53, 0, 8; draw_string_vec4
    %concat/vec4; draw_string_vec4
    %cmp/u;
    %jmp/1 T_25.7, 6;
    %dup/vec4;
    %pushi/vec4 5002819, 0, 32; draw_string_vec4
    %pushi/vec4 1297044319, 0, 32; draw_string_vec4
    %concat/vec4; draw_string_vec4
    %pushi/vec4 825777992, 0, 32; draw_string_vec4
    %concat/vec4; draw_string_vec4
    %pushi/vec4 80, 0, 8; draw_string_vec4
    %concat/vec4; draw_string_vec4
    %cmp/u;
    %jmp/1 T_25.8, 6;
    %dup/vec4;
    %pushi/vec4 5002819, 0, 32; draw_string_vec4
    %pushi/vec4 1297044319, 0, 32; draw_string_vec4
    %concat/vec4; draw_string_vec4
    %pushi/vec4 825777992, 0, 32; draw_string_vec4
    %concat/vec4; draw_string_vec4
    %pushi/vec4 82, 0, 8; draw_string_vec4
    %concat/vec4; draw_string_vec4
    %cmp/u;
    %jmp/1 T_25.9, 6;
    %dup/vec4;
    %pushi/vec4 0, 0, 32; draw_string_vec4
    %pushi/vec4 1280721741, 0, 32; draw_string_vec4
    %concat/vec4; draw_string_vec4
    %pushi/vec4 1330863922, 0, 32; draw_string_vec4
    %concat/vec4; draw_string_vec4
    %pushi/vec4 53, 0, 8; draw_string_vec4
    %concat/vec4; draw_string_vec4
    %cmp/u;
    %jmp/1 T_25.10, 6;
    %dup/vec4;
    %pushi/vec4 0, 0, 32; draw_string_vec4
    %pushi/vec4 1280721741, 0, 32; draw_string_vec4
    %concat/vec4; draw_string_vec4
    %pushi/vec4 1330863923, 0, 32; draw_string_vec4
    %concat/vec4; draw_string_vec4
    %pushi/vec4 51, 0, 8; draw_string_vec4
    %concat/vec4; draw_string_vec4
    %cmp/u;
    %jmp/1 T_25.11, 6;
    %dup/vec4;
    %pushi/vec4 0, 0, 32; draw_string_vec4
    %pushi/vec4 0, 0, 32; draw_string_vec4
    %concat/vec4; draw_string_vec4
    %pushi/vec4 1280726100, 0, 32; draw_string_vec4
    %concat/vec4; draw_string_vec4
    %pushi/vec4 76, 0, 8; draw_string_vec4
    %concat/vec4; draw_string_vec4
    %cmp/u;
    %jmp/1 T_25.12, 6;
    %dup/vec4;
    %pushi/vec4 0, 0, 32; draw_string_vec4
    %pushi/vec4 1213420620, 0, 32; draw_string_vec4
    %concat/vec4; draw_string_vec4
    %pushi/vec4 1598644017, 0, 32; draw_string_vec4
    %concat/vec4; draw_string_vec4
    %pushi/vec4 50, 0, 8; draw_string_vec4
    %concat/vec4; draw_string_vec4
    %cmp/u;
    %jmp/1 T_25.13, 6;
    %dup/vec4;
    %pushi/vec4 72, 0, 32; draw_string_vec4
    %pushi/vec4 1398033503, 0, 32; draw_string_vec4
    %concat/vec4; draw_string_vec4
    %pushi/vec4 1229545265, 0, 32; draw_string_vec4
    %concat/vec4; draw_string_vec4
    %pushi/vec4 50, 0, 8; draw_string_vec4
    %concat/vec4; draw_string_vec4
    %cmp/u;
    %jmp/1 T_25.14, 6;
    %dup/vec4;
    %pushi/vec4 0, 0, 32; draw_string_vec4
    %pushi/vec4 1213420620, 0, 32; draw_string_vec4
    %concat/vec4; draw_string_vec4
    %pushi/vec4 1598644017, 0, 32; draw_string_vec4
    %concat/vec4; draw_string_vec4
    %pushi/vec4 53, 0, 8; draw_string_vec4
    %concat/vec4; draw_string_vec4
    %cmp/u;
    %jmp/1 T_25.15, 6;
    %dup/vec4;
    %pushi/vec4 72, 0, 32; draw_string_vec4
    %pushi/vec4 1398033503, 0, 32; draw_string_vec4
    %concat/vec4; draw_string_vec4
    %pushi/vec4 1229545265, 0, 32; draw_string_vec4
    %concat/vec4; draw_string_vec4
    %pushi/vec4 53, 0, 8; draw_string_vec4
    %concat/vec4; draw_string_vec4
    %cmp/u;
    %jmp/1 T_25.16, 6;
    %dup/vec4;
    %pushi/vec4 0, 0, 32; draw_string_vec4
    %pushi/vec4 18515, 0, 32; draw_string_vec4
    %concat/vec4; draw_string_vec4
    %pushi/vec4 1431068465, 0, 32; draw_string_vec4
    %concat/vec4; draw_string_vec4
    %pushi/vec4 50, 0, 8; draw_string_vec4
    %concat/vec4; draw_string_vec4
    %cmp/u;
    %jmp/1 T_25.17, 6;
    %dup/vec4;
    %pushi/vec4 0, 0, 32; draw_string_vec4
    %pushi/vec4 0, 0, 32; draw_string_vec4
    %concat/vec4; draw_string_vec4
    %pushi/vec4 1346586934, 0, 32; draw_string_vec4
    %concat/vec4; draw_string_vec4
    %pushi/vec4 54, 0, 8; draw_string_vec4
    %concat/vec4; draw_string_vec4
    %cmp/u;
    %jmp/1 T_25.18, 6;
    %dup/vec4;
    %pushi/vec4 0, 0, 32; draw_string_vec4
    %pushi/vec4 20547, 0, 32; draw_string_vec4
    %concat/vec4; draw_string_vec4
    %pushi/vec4 1230516531, 0, 32; draw_string_vec4
    %concat/vec4; draw_string_vec4
    %pushi/vec4 51, 0, 8; draw_string_vec4
    %concat/vec4; draw_string_vec4
    %cmp/u;
    %jmp/1 T_25.19, 6;
    %dup/vec4;
    %pushi/vec4 0, 0, 32; draw_string_vec4
    %pushi/vec4 80, 0, 32; draw_string_vec4
    %concat/vec4; draw_string_vec4
    %pushi/vec4 1329880881, 0, 32; draw_string_vec4
    %concat/vec4; draw_string_vec4
    %pushi/vec4 50, 0, 8; draw_string_vec4
    %concat/vec4; draw_string_vec4
    %cmp/u;
    %jmp/1 T_25.20, 6;
    %dup/vec4;
    %pushi/vec4 0, 0, 32; draw_string_vec4
    %pushi/vec4 1397969996, 0, 32; draw_string_vec4
    %concat/vec4; draw_string_vec4
    %pushi/vec4 1598644017, 0, 32; draw_string_vec4
    %concat/vec4; draw_string_vec4
    %pushi/vec4 53, 0, 8; draw_string_vec4
    %concat/vec4; draw_string_vec4
    %cmp/u;
    %jmp/1 T_25.21, 6;
    %dup/vec4;
    %pushi/vec4 83, 0, 32; draw_string_vec4
    %pushi/vec4 1398033503, 0, 32; draw_string_vec4
    %concat/vec4; draw_string_vec4
    %pushi/vec4 1229545265, 0, 32; draw_string_vec4
    %concat/vec4; draw_string_vec4
    %pushi/vec4 53, 0, 8; draw_string_vec4
    %concat/vec4; draw_string_vec4
    %cmp/u;
    %jmp/1 T_25.22, 6;
    %dup/vec4;
    %pushi/vec4 5460820, 0, 32; draw_string_vec4
    %pushi/vec4 1281313119, 0, 32; draw_string_vec4
    %concat/vec4; draw_string_vec4
    %pushi/vec4 825777992, 0, 32; draw_string_vec4
    %concat/vec4; draw_string_vec4
    %pushi/vec4 80, 0, 8; draw_string_vec4
    %concat/vec4; draw_string_vec4
    %cmp/u;
    %jmp/1 T_25.23, 6;
    %dup/vec4;
    %pushi/vec4 1397969996, 0, 32; draw_string_vec4
    %pushi/vec4 1598638431, 0, 32; draw_string_vec4
    %concat/vec4; draw_string_vec4
    %pushi/vec4 825777992, 0, 32; draw_string_vec4
    %concat/vec4; draw_string_vec4
    %pushi/vec4 80, 0, 8; draw_string_vec4
    %concat/vec4; draw_string_vec4
    %cmp/u;
    %jmp/1 T_25.24, 6;
    %dup/vec4;
    %pushi/vec4 5460820, 0, 32; draw_string_vec4
    %pushi/vec4 1281313119, 0, 32; draw_string_vec4
    %concat/vec4; draw_string_vec4
    %pushi/vec4 825777992, 0, 32; draw_string_vec4
    %concat/vec4; draw_string_vec4
    %pushi/vec4 82, 0, 8; draw_string_vec4
    %concat/vec4; draw_string_vec4
    %cmp/u;
    %jmp/1 T_25.25, 6;
    %dup/vec4;
    %pushi/vec4 1397969996, 0, 32; draw_string_vec4
    %pushi/vec4 1598638431, 0, 32; draw_string_vec4
    %concat/vec4; draw_string_vec4
    %pushi/vec4 825777992, 0, 32; draw_string_vec4
    %concat/vec4; draw_string_vec4
    %pushi/vec4 82, 0, 8; draw_string_vec4
    %concat/vec4; draw_string_vec4
    %cmp/u;
    %jmp/1 T_25.26, 6;
    %dup/vec4;
    %pushi/vec4 0, 0, 32; draw_string_vec4
    %pushi/vec4 1397969996, 0, 32; draw_string_vec4
    %concat/vec4; draw_string_vec4
    %pushi/vec4 1598644018, 0, 32; draw_string_vec4
    %concat/vec4; draw_string_vec4
    %pushi/vec4 53, 0, 8; draw_string_vec4
    %concat/vec4; draw_string_vec4
    %cmp/u;
    %jmp/1 T_25.27, 6;
    %dup/vec4;
    %pushi/vec4 83, 0, 32; draw_string_vec4
    %pushi/vec4 1398033503, 0, 32; draw_string_vec4
    %concat/vec4; draw_string_vec4
    %pushi/vec4 1229545266, 0, 32; draw_string_vec4
    %concat/vec4; draw_string_vec4
    %pushi/vec4 53, 0, 8; draw_string_vec4
    %concat/vec4; draw_string_vec4
    %cmp/u;
    %jmp/1 T_25.28, 6;
    %dup/vec4;
    %pushi/vec4 0, 0, 32; draw_string_vec4
    %pushi/vec4 1397969996, 0, 32; draw_string_vec4
    %concat/vec4; draw_string_vec4
    %pushi/vec4 1598644019, 0, 32; draw_string_vec4
    %concat/vec4; draw_string_vec4
    %pushi/vec4 51, 0, 8; draw_string_vec4
    %concat/vec4; draw_string_vec4
    %cmp/u;
    %jmp/1 T_25.29, 6;
    %dup/vec4;
    %pushi/vec4 83, 0, 32; draw_string_vec4
    %pushi/vec4 1398033503, 0, 32; draw_string_vec4
    %concat/vec4; draw_string_vec4
    %pushi/vec4 1229545267, 0, 32; draw_string_vec4
    %concat/vec4; draw_string_vec4
    %pushi/vec4 51, 0, 8; draw_string_vec4
    %concat/vec4; draw_string_vec4
    %cmp/u;
    %jmp/1 T_25.30, 6;
    %vpi_call/w 13 80 "$fatal", 32'sb00000000000000000000000000000001, "\012Error: O_BUFT instance %m has parameter IOSTANDARD set to %s.  Valid values are DEFAULT, LVCMOS_12, LVCMOS_15, LVCMOS_18_HP, LVCMOS_18_HR, LVCMOS_25, LVCMOS_33, LVTTL, HSTL_I_12, HSTL_II_12, HSTL_I_15, HSTL_II_15, HSUL_12, PCI66, PCIX133, POD_12, SSTL_I_15, SSTL_II_15, SSTL_I_18_HP, SSTL_II_18_HP, SSTL_I_18_HR, SSTL_II_18_HR, SSTL_I_25, SSTL_II_25, SSTL_I_33, SSTL_II_33\012", P_0x1307dd0 {0 0 0};
    %jmp T_25.32;
T_25.5 ;
    %jmp T_25.32;
T_25.6 ;
    %jmp T_25.32;
T_25.7 ;
    %jmp T_25.32;
T_25.8 ;
    %jmp T_25.32;
T_25.9 ;
    %jmp T_25.32;
T_25.10 ;
    %jmp T_25.32;
T_25.11 ;
    %jmp T_25.32;
T_25.12 ;
    %jmp T_25.32;
T_25.13 ;
    %jmp T_25.32;
T_25.14 ;
    %jmp T_25.32;
T_25.15 ;
    %jmp T_25.32;
T_25.16 ;
    %jmp T_25.32;
T_25.17 ;
    %jmp T_25.32;
T_25.18 ;
    %jmp T_25.32;
T_25.19 ;
    %jmp T_25.32;
T_25.20 ;
    %jmp T_25.32;
T_25.21 ;
    %jmp T_25.32;
T_25.22 ;
    %jmp T_25.32;
T_25.23 ;
    %jmp T_25.32;
T_25.24 ;
    %jmp T_25.32;
T_25.25 ;
    %jmp T_25.32;
T_25.26 ;
    %jmp T_25.32;
T_25.27 ;
    %jmp T_25.32;
T_25.28 ;
    %jmp T_25.32;
T_25.29 ;
    %jmp T_25.32;
T_25.30 ;
    %jmp T_25.32;
T_25.32 ;
    %pop/vec4 1;
    %pushi/vec4 2, 0, 32;
    %dup/vec4;
    %pushi/vec4 2, 0, 32;
    %cmp/u;
    %jmp/1 T_25.33, 6;
    %dup/vec4;
    %pushi/vec4 4, 0, 32;
    %cmp/u;
    %jmp/1 T_25.34, 6;
    %dup/vec4;
    %pushi/vec4 6, 0, 32;
    %cmp/u;
    %jmp/1 T_25.35, 6;
    %dup/vec4;
    %pushi/vec4 8, 0, 32;
    %cmp/u;
    %jmp/1 T_25.36, 6;
    %dup/vec4;
    %pushi/vec4 12, 0, 32;
    %cmp/u;
    %jmp/1 T_25.37, 6;
    %dup/vec4;
    %pushi/vec4 16, 0, 32;
    %cmp/u;
    %jmp/1 T_25.38, 6;
    %vpi_call/w 13 92 "$fatal", 32'sb00000000000000000000000000000001, "\012Error: O_BUFT instance %m has parameter DRIVE_STRENGTH set to %s.  Valid values are 2, 4, 6, 8, 12, 16\012", P_0x1307d90 {0 0 0};
    %jmp T_25.40;
T_25.33 ;
    %jmp T_25.40;
T_25.34 ;
    %jmp T_25.40;
T_25.35 ;
    %jmp T_25.40;
T_25.36 ;
    %jmp T_25.40;
T_25.37 ;
    %jmp T_25.40;
T_25.38 ;
    %jmp T_25.40;
T_25.40 ;
    %pop/vec4 1;
    %pushi/vec4 1397509975, 0, 32; draw_string_vec4
    %dup/vec4;
    %pushi/vec4 1397509975, 0, 32; draw_string_vec4
    %cmp/u;
    %jmp/1 T_25.41, 6;
    %dup/vec4;
    %pushi/vec4 1178686292, 0, 32; draw_string_vec4
    %cmp/u;
    %jmp/1 T_25.42, 6;
    %vpi_call/w 13 100 "$fatal", 32'sb00000000000000000000000000000001, "\012Error: O_BUFT instance %m has parameter SLEW_RATE set to %s.  Valid values are SLOW, FAST\012", P_0x1307e10 {0 0 0};
    %jmp T_25.44;
T_25.41 ;
    %jmp T_25.44;
T_25.42 ;
    %jmp T_25.44;
T_25.44 ;
    %pop/vec4 1;
    %end;
    .thread T_25;
    .scope S_0x136a9c0;
T_26 ;
    %pushi/vec4 0, 0, 32;
    %store/vec4 v0x130cfb0_0, 0, 32;
    %end;
    .thread T_26, $init;
    .scope S_0x136a9c0;
T_27 ;
    %pushi/vec4 0, 0, 1;
    %store/vec4 v0x1354620_0, 0, 1;
T_27.0 ;
    %delay 2000, 0;
    %load/vec4 v0x1354620_0;
    %inv;
    %store/vec4 v0x1354620_0, 0, 1;
    %jmp T_27.0;
T_27.1 ;
    %end;
    .thread T_27;
    .scope S_0x136a9c0;
T_28 ;
    %pushi/vec4 0, 0, 5;
    %split/vec4 1;
    %assign/vec4 v0x1358660_0, 0;
    %split/vec4 1;
    %assign/vec4 v0x135d3c0_0, 0;
    %assign/vec4 v0x130dd30_0, 0;
    %pushi/vec4 2, 0, 32;
T_28.0 %dup/vec4;
    %pushi/vec4 0, 0, 32;
    %cmp/s;
    %jmp/1xz T_28.1, 5;
    %jmp/1 T_28.1, 4;
    %pushi/vec4 1, 0, 32;
    %sub;
    %wait E_0x1366820;
    %jmp T_28.0;
T_28.1 ;
    %pop/vec4 1;
    %fork TD_co_sim_and2.compare, S_0x13261a0;
    %join;
    %pushi/vec4 2000, 0, 32;
T_28.2 %dup/vec4;
    %pushi/vec4 0, 0, 32;
    %cmp/s;
    %jmp/1xz T_28.3, 5;
    %jmp/1 T_28.3, 4;
    %pushi/vec4 1, 0, 32;
    %sub;
    %wait E_0x1366820;
    %vpi_func 3 39 "$urandom" 32 {0 0 0};
    %pad/u 3;
    %assign/vec4 v0x130dd30_0, 0;
    %vpi_func 3 40 "$urandom" 32 {0 0 0};
    %pad/u 1;
    %assign/vec4 v0x135d3c0_0, 0;
    %vpi_func 3 41 "$urandom" 32 {0 0 0};
    %pad/u 1;
    %assign/vec4 v0x1358660_0, 0;
    %fork TD_co_sim_and2.compare, S_0x13261a0;
    %join;
    %jmp T_28.2;
T_28.3 ;
    %pop/vec4 1;
    %pushi/vec4 2, 0, 32;
T_28.4 %dup/vec4;
    %pushi/vec4 0, 0, 32;
    %cmp/s;
    %jmp/1xz T_28.5, 5;
    %jmp/1 T_28.5, 4;
    %pushi/vec4 1, 0, 32;
    %sub;
    %wait E_0x1366820;
    %jmp T_28.4;
T_28.5 ;
    %pop/vec4 1;
    %pushi/vec4 7, 0, 3;
    %assign/vec4 v0x130dd30_0, 0;
    %pushi/vec4 1, 0, 1;
    %assign/vec4 v0x135d3c0_0, 0;
    %pushi/vec4 1, 0, 1;
    %assign/vec4 v0x1358660_0, 0;
    %pushi/vec4 2, 0, 32;
T_28.6 %dup/vec4;
    %pushi/vec4 0, 0, 32;
    %cmp/s;
    %jmp/1xz T_28.7, 5;
    %jmp/1 T_28.7, 4;
    %pushi/vec4 1, 0, 32;
    %sub;
    %wait E_0x1366820;
    %jmp T_28.6;
T_28.7 ;
    %pop/vec4 1;
    %fork TD_co_sim_and2.compare, S_0x13261a0;
    %join;
    %load/vec4 v0x130cfb0_0;
    %cmpi/e 0, 0, 32;
    %jmp/0xz  T_28.8, 4;
    %vpi_call/w 3 54 "$display", "**** All Comparison Matched *** \012\011\011Simulation Passed\012" {0 0 0};
    %jmp T_28.9;
T_28.8 ;
    %vpi_call/w 3 57 "$display", "%0d comparison(s) mismatched\012ERROR: SIM: Simulation Failed", v0x130cfb0_0 {0 0 0};
    %vpi_call/w 3 58 "$fatal", 32'sb00000000000000000000000000000001 {0 0 0};
T_28.9 ;
    %delay 200000, 0;
    %vpi_call/w 3 61 "$finish" {0 0 0};
    %end;
    .thread T_28;
    .scope S_0x136a9c0;
T_29 ;
    %vpi_call/w 3 74 "$dumpfile", "tb.vcd" {0 0 0};
    %vpi_call/w 3 75 "$dumpvars" {0 0 0};
    %end;
    .thread T_29;
# The file index is used to find the file name in the following table.
:file_names 14;
    "N/A";
    "<interactive>";
    "-";
    "/nfs_scratch/scratch/CompilerValidation/abdul_hameed/Validation/RTL_testcases/io_constraint_testcases/and2/results_dir/./sim/co_sim_tb/co_sim_and2.v";
    "/nfs_scratch/scratch/CompilerValidation/abdul_hameed/Validation/RTL_testcases/io_constraint_testcases/and2/results_dir/.././rtl/and2.v";
    "/nfs_scratch/scratch/CompilerValidation/abdul_hameed/Validation/RTL_testcases/io_constraint_testcases/and2/results_dir/and2/run_1/synth_1_1/synthesis/and2_post_synth.v";
    "/nfs_eda_sw/softwares/Raptor/instl_dir/11_15_2024_09_15_02/share/raptor/sim_models/rapidsilicon/genesis3/FPGA_PRIMITIVES_MODELS/sim_models/verilog/LUT5.v";
    "/nfs_eda_sw/softwares/Raptor/instl_dir/11_15_2024_09_15_02/share/raptor/sim_models/rapidsilicon/genesis3/FPGA_PRIMITIVES_MODELS/sim_models/verilog/LUT6.v";
    "/nfs_eda_sw/softwares/Raptor/instl_dir/11_15_2024_09_15_02/share/raptor/sim_models/rapidsilicon/genesis3/FPGA_PRIMITIVES_MODELS/sim_models/verilog/LUT3.v";
    "/nfs_eda_sw/softwares/Raptor/instl_dir/11_15_2024_09_15_02/share/raptor/sim_models/rapidsilicon/genesis3/FPGA_PRIMITIVES_MODELS/sim_models/verilog/DFFRE.v";
    "/nfs_eda_sw/softwares/Raptor/instl_dir/11_15_2024_09_15_02/share/raptor/sim_models/rapidsilicon/genesis3/FPGA_PRIMITIVES_MODELS/sim_models/verilog/CLK_BUF.v";
    "/nfs_eda_sw/softwares/Raptor/instl_dir/11_15_2024_09_15_02/share/raptor/sim_models/rapidsilicon/genesis3/FPGA_PRIMITIVES_MODELS/sim_models/verilog/O_FAB.v";
    "/nfs_eda_sw/softwares/Raptor/instl_dir/11_15_2024_09_15_02/share/raptor/sim_models/rapidsilicon/genesis3/FPGA_PRIMITIVES_MODELS/sim_models/verilog/I_BUF.v";
    "/nfs_eda_sw/softwares/Raptor/instl_dir/11_15_2024_09_15_02/share/raptor/sim_models/rapidsilicon/genesis3/FPGA_PRIMITIVES_MODELS/sim_models/verilog/O_BUFT.v";
