/*******************************************************************************
Copyright (c) 2022-2024 Rapid Silicon
This source code contains proprietary information belonging to Rapid Silicon
(the "licensor") released under license and non-disclosure agreement to the
recipient (the "licensee").

The information shared and protected by the license and non-disclosure agreement
includes but is not limited to the following:
* operational algorithms of the product
* logos, graphics, source code, and visual presentation of the product
* confidential operational information of the licensor

The recipient of this source code is NOT permitted to publicly disclose,
re-use, archive beyond the period of the license agreement, transfer to a
sub-licensee, or re-implement any portion of the content covered by the license
and non-disclosure agreement without the prior written consent of the licensor.
*********************************************************************************/

Version  : 2024.11
Build    : 1.2.29
Hash     : 7d8208b
Date     : Nov 15 2024
Type     : Engineering
Log Time   : Fri Nov 15 13:16:17 2024 GMT
Icarus Verilog Preprocessor version 13.0 (devel) (s20221226-498-g52d049b51)

Copyright (c) 1999-2024 Stephen Williams (steve@icarus.com)

  This program is free software; you can redistribute it and/or modify
  it under the terms of the GNU General Public License as published by
  the Free Software Foundation; either version 2 of the License, or
  (at your option) any later version.

  This program is distributed in the hope that it will be useful,
  but WITHOUT ANY WARRANTY; without even the implied warranty of
  MERCHANTABILITY or FITNESS FOR A PARTICULAR PURPOSE.  See the
  GNU General Public License for more details.

  You should have received a copy of the GNU General Public License along
  with this program; if not, write to the Free Software Foundation, Inc.,
  51 Franklin Street, Fifth Floor, Boston, MA 02110-1301, USA.
Indexing library: ../../../../.././rtl
Using language generation: IEEE1800-2012,no-specify,no-interconnect,xtypes,icarus-misc
PARSING INPUT
 ... done, ELABORATING DESIGN
0.04 seconds.
RUNNING FUNCTORS
 ... done, 0.01 seconds.
 -F cprop ...
 ... Iteration detected 7 optimizations.
 ... Iteration detected 0 optimizations.
 ... Look for dangling constants
 ... done
 -F nodangle ...
 ... scan for dangling signal and event nodes. (scomplete=F, ecomplete=F)
 ... 1 iterations deleted 213 dangling signals and 0 events.
 ... scan for dangling signal and event nodes. (scomplete=T, ecomplete=F)
 ... 2 iterations deleted 213 dangling signals and 3 events.
 ... done
CALCULATING ISLANDS
 ... done, 0 seconds.
CODE GENERATION
 ... invoking target_design
STATISTICS
lex_string: add_count=5711 hit_count=36058
 ... done, 0 seconds.
Icarus Verilog version 13.0 (devel) (s20221226-498-g52d049b51)

Copyright (c) 2000-2024 Stephen Williams (steve@icarus.com)

  This program is free software; you can redistribute it and/or modify
  it under the terms of the GNU General Public License as published by
  the Free Software Foundation; either version 2 of the License, or
  (at your option) any later version.

  This program is distributed in the hope that it will be useful,
  but WITHOUT ANY WARRANTY; without even the implied warranty of
  MERCHANTABILITY or FITNESS FOR A PARTICULAR PURPOSE.  See the
  GNU General Public License for more details.

  You should have received a copy of the GNU General Public License along
  with this program; if not, write to the Free Software Foundation, Inc.,
  51 Franklin Street, Fifth Floor, Boston, MA 02110-1301, USA.

translate: /nfs_eda_sw/softwares/Raptor/instl_dir/11_15_2024_09_15_02/bin/HDL_simulator/iverilog/lib/ivl/ivlpp -v -L -F"/tmp/ivrlg252007c5c" -f"/tmp/ivrlg52007c5c" -p"/tmp/ivrli52007c5c" |/nfs_eda_sw/softwares/Raptor/instl_dir/11_15_2024_09_15_02/bin/HDL_simulator/iverilog/lib/ivl/ivl -v -C"/tmp/ivrlh52007c5c" -C"/nfs_eda_sw/softwares/Raptor/instl_dir/11_15_2024_09_15_02/bin/HDL_simulator/iverilog/lib/ivl/vvp.conf" -- -
FST info: dumpfile tb.vcd opened for output.
Data Matched: Actual output: 0, Netlist Output 0, Time: 8000 
Data Matched: Actual output: 0, Netlist Output 0, Time: 12000 
Data Matched: Actual output: 1, Netlist Output 1, Time: 16000 
Data Matched: Actual output: 1, Netlist Output 1, Time: 20000 
Data Matched: Actual output: 0, Netlist Output 0, Time: 24000 
Data Matched: Actual output: 0, Netlist Output 0, Time: 28000 
Data Matched: Actual output: 0, Netlist Output 0, Time: 32000 
Data Matched: Actual output: 0, Netlist Output 0, Time: 36000 
Data Matched: Actual output: 0, Netlist Output 0, Time: 40000 
Data Matched: Actual output: 0, Netlist Output 0, Time: 44000 
Data Matched: Actual output: 0, Netlist Output 0, Time: 48000 
Data Matched: Actual output: 1, Netlist Output 1, Time: 52000 
Data Matched: Actual output: 0, Netlist Output 0, Time: 56000 
Data Matched: Actual output: 0, Netlist Output 0, Time: 60000 
Data Matched: Actual output: 1, Netlist Output 1, Time: 64000 
Data Matched: Actual output: 1, Netlist Output 1, Time: 68000 
Data Matched: Actual output: 0, Netlist Output 0, Time: 72000 
Data Matched: Actual output: 0, Netlist Output 0, Time: 76000 
Data Matched: Actual output: 0, Netlist Output 0, Time: 80000 
Data Matched: Actual output: 0, Netlist Output 0, Time: 84000 
Data Matched: Actual output: 1, Netlist Output 1, Time: 88000 
Data Matched: Actual output: 0, Netlist Output 0, Time: 92000 
Data Matched: Actual output: 0, Netlist Output 0, Time: 96000 
Data Matched: Actual output: 1, Netlist Output 1, Time: 100000 
Data Matched: Actual output: 0, Netlist Output 0, Time: 104000 
Data Matched: Actual output: 1, Netlist Output 1, Time: 108000 
Data Matched: Actual output: 0, Netlist Output 0, Time: 112000 
Data Matched: Actual output: 0, Netlist Output 0, Time: 116000 
Data Matched: Actual output: 0, Netlist Output 0, Time: 120000 
Data Matched: Actual output: 0, Netlist Output 0, Time: 124000 
Data Matched: Actual output: 0, Netlist Output 0, Time: 128000 
Data Matched: Actual output: 0, Netlist Output 0, Time: 132000 
Data Matched: Actual output: 0, Netlist Output 0, Time: 136000 
Data Matched: Actual output: 1, Netlist Output 1, Time: 140000 
Data Matched: Actual output: 1, Netlist Output 1, Time: 144000 
Data Matched: Actual output: 1, Netlist Output 1, Time: 148000 
Data Matched: Actual output: 0, Netlist Output 0, Time: 152000 
Data Matched: Actual output: 0, Netlist Output 0, Time: 156000 
Data Matched: Actual output: 0, Netlist Output 0, Time: 160000 
Data Matched: Actual output: 1, Netlist Output 1, Time: 164000 
Data Matched: Actual output: 0, Netlist Output 0, Time: 168000 
Data Matched: Actual output: 0, Netlist Output 0, Time: 172000 
Data Matched: Actual output: 0, Netlist Output 0, Time: 176000 
Data Matched: Actual output: 1, Netlist Output 1, Time: 180000 
Data Matched: Actual output: 0, Netlist Output 0, Time: 184000 
Data Matched: Actual output: 0, Netlist Output 0, Time: 188000 
Data Matched: Actual output: 0, Netlist Output 0, Time: 192000 
Data Matched: Actual output: 0, Netlist Output 0, Time: 196000 
Data Matched: Actual output: 0, Netlist Output 0, Time: 200000 
Data Matched: Actual output: 0, Netlist Output 0, Time: 204000 
Data Matched: Actual output: 0, Netlist Output 0, Time: 208000 
Data Matched: Actual output: 1, Netlist Output 1, Time: 212000 
Data Matched: Actual output: 0, Netlist Output 0, Time: 216000 
Data Matched: Actual output: 0, Netlist Output 0, Time: 220000 
Data Matched: Actual output: 0, Netlist Output 0, Time: 224000 
Data Matched: Actual output: 0, Netlist Output 0, Time: 228000 
Data Matched: Actual output: 1, Netlist Output 1, Time: 232000 
Data Matched: Actual output: 0, Netlist Output 0, Time: 236000 
Data Matched: Actual output: 0, Netlist Output 0, Time: 240000 
Data Matched: Actual output: 0, Netlist Output 0, Time: 244000 
Data Matched: Actual output: 0, Netlist Output 0, Time: 248000 
Data Matched: Actual output: 0, Netlist Output 0, Time: 252000 
Data Matched: Actual output: 0, Netlist Output 0, Time: 256000 
Data Matched: Actual output: 0, Netlist Output 0, Time: 260000 
Data Matched: Actual output: 0, Netlist Output 0, Time: 264000 
Data Matched: Actual output: 0, Netlist Output 0, Time: 268000 
Data Matched: Actual output: 1, Netlist Output 1, Time: 272000 
Data Matched: Actual output: 0, Netlist Output 0, Time: 276000 
Data Matched: Actual output: 0, Netlist Output 0, Time: 280000 
Data Matched: Actual output: 1, Netlist Output 1, Time: 284000 
Data Matched: Actual output: 1, Netlist Output 1, Time: 288000 
Data Matched: Actual output: 1, Netlist Output 1, Time: 292000 
Data Matched: Actual output: 0, Netlist Output 0, Time: 296000 
Data Matched: Actual output: 1, Netlist Output 1, Time: 300000 
Data Matched: Actual output: 0, Netlist Output 0, Time: 304000 
Data Matched: Actual output: 0, Netlist Output 0, Time: 308000 
Data Matched: Actual output: 0, Netlist Output 0, Time: 312000 
Data Matched: Actual output: 0, Netlist Output 0, Time: 316000 
Data Matched: Actual output: 0, Netlist Output 0, Time: 320000 
Data Matched: Actual output: 0, Netlist Output 0, Time: 324000 
Data Matched: Actual output: 0, Netlist Output 0, Time: 328000 
Data Matched: Actual output: 0, Netlist Output 0, Time: 332000 
Data Matched: Actual output: 0, Netlist Output 0, Time: 336000 
Data Matched: Actual output: 0, Netlist Output 0, Time: 340000 
Data Matched: Actual output: 0, Netlist Output 0, Time: 344000 
Data Matched: Actual output: 1, Netlist Output 1, Time: 348000 
Data Matched: Actual output: 1, Netlist Output 1, Time: 352000 
Data Matched: Actual output: 0, Netlist Output 0, Time: 356000 
Data Matched: Actual output: 0, Netlist Output 0, Time: 360000 
Data Matched: Actual output: 0, Netlist Output 0, Time: 364000 
Data Matched: Actual output: 0, Netlist Output 0, Time: 368000 
Data Matched: Actual output: 0, Netlist Output 0, Time: 372000 
Data Matched: Actual output: 0, Netlist Output 0, Time: 376000 
Data Matched: Actual output: 0, Netlist Output 0, Time: 380000 
Data Matched: Actual output: 0, Netlist Output 0, Time: 384000 
Data Matched: Actual output: 0, Netlist Output 0, Time: 388000 
Data Matched: Actual output: 1, Netlist Output 1, Time: 392000 
Data Matched: Actual output: 0, Netlist Output 0, Time: 396000 
Data Matched: Actual output: 1, Netlist Output 1, Time: 400000 
Data Matched: Actual output: 0, Netlist Output 0, Time: 404000 
Data Matched: Actual output: 0, Netlist Output 0, Time: 408000 
Data Matched: Actual output: 1, Netlist Output 1, Time: 412000 
Data Matched: Actual output: 1, Netlist Output 1, Time: 416000 
Data Matched: Actual output: 0, Netlist Output 0, Time: 420000 
Data Matched: Actual output: 1, Netlist Output 1, Time: 424000 
Data Matched: Actual output: 1, Netlist Output 1, Time: 428000 
Data Matched: Actual output: 0, Netlist Output 0, Time: 432000 
Data Matched: Actual output: 0, Netlist Output 0, Time: 436000 
Data Matched: Actual output: 0, Netlist Output 0, Time: 440000 
Data Matched: Actual output: 0, Netlist Output 0, Time: 444000 
Data Matched: Actual output: 0, Netlist Output 0, Time: 448000 
Data Matched: Actual output: 0, Netlist Output 0, Time: 452000 
Data Matched: Actual output: 0, Netlist Output 0, Time: 456000 
Data Matched: Actual output: 0, Netlist Output 0, Time: 460000 
Data Matched: Actual output: 1, Netlist Output 1, Time: 464000 
Data Matched: Actual output: 0, Netlist Output 0, Time: 468000 
Data Matched: Actual output: 1, Netlist Output 1, Time: 472000 
Data Matched: Actual output: 0, Netlist Output 0, Time: 476000 
Data Matched: Actual output: 1, Netlist Output 1, Time: 480000 
Data Matched: Actual output: 0, Netlist Output 0, Time: 484000 
Data Matched: Actual output: 0, Netlist Output 0, Time: 488000 
Data Matched: Actual output: 0, Netlist Output 0, Time: 492000 
Data Matched: Actual output: 1, Netlist Output 1, Time: 496000 
Data Matched: Actual output: 0, Netlist Output 0, Time: 500000 
Data Matched: Actual output: 1, Netlist Output 1, Time: 504000 
Data Matched: Actual output: 1, Netlist Output 1, Time: 508000 
Data Matched: Actual output: 0, Netlist Output 0, Time: 512000 
Data Matched: Actual output: 0, Netlist Output 0, Time: 516000 
Data Matched: Actual output: 0, Netlist Output 0, Time: 520000 
Data Matched: Actual output: 0, Netlist Output 0, Time: 524000 
Data Matched: Actual output: 0, Netlist Output 0, Time: 528000 
Data Matched: Actual output: 0, Netlist Output 0, Time: 532000 
Data Matched: Actual output: 0, Netlist Output 0, Time: 536000 
Data Matched: Actual output: 0, Netlist Output 0, Time: 540000 
Data Matched: Actual output: 0, Netlist Output 0, Time: 544000 
Data Matched: Actual output: 0, Netlist Output 0, Time: 548000 
Data Matched: Actual output: 0, Netlist Output 0, Time: 552000 
Data Matched: Actual output: 0, Netlist Output 0, Time: 556000 
Data Matched: Actual output: 0, Netlist Output 0, Time: 560000 
Data Matched: Actual output: 1, Netlist Output 1, Time: 564000 
Data Matched: Actual output: 0, Netlist Output 0, Time: 568000 
Data Matched: Actual output: 1, Netlist Output 1, Time: 572000 
Data Matched: Actual output: 1, Netlist Output 1, Time: 576000 
Data Matched: Actual output: 0, Netlist Output 0, Time: 580000 
Data Matched: Actual output: 0, Netlist Output 0, Time: 584000 
Data Matched: Actual output: 0, Netlist Output 0, Time: 588000 
Data Matched: Actual output: 0, Netlist Output 0, Time: 592000 
Data Matched: Actual output: 1, Netlist Output 1, Time: 596000 
Data Matched: Actual output: 0, Netlist Output 0, Time: 600000 
Data Matched: Actual output: 0, Netlist Output 0, Time: 604000 
Data Matched: Actual output: 0, Netlist Output 0, Time: 608000 
Data Matched: Actual output: 1, Netlist Output 1, Time: 612000 
Data Matched: Actual output: 1, Netlist Output 1, Time: 616000 
Data Matched: Actual output: 0, Netlist Output 0, Time: 620000 
Data Matched: Actual output: 0, Netlist Output 0, Time: 624000 
Data Matched: Actual output: 0, Netlist Output 0, Time: 628000 
Data Matched: Actual output: 0, Netlist Output 0, Time: 632000 
Data Matched: Actual output: 1, Netlist Output 1, Time: 636000 
Data Matched: Actual output: 0, Netlist Output 0, Time: 640000 
Data Matched: Actual output: 1, Netlist Output 1, Time: 644000 
Data Matched: Actual output: 0, Netlist Output 0, Time: 648000 
Data Matched: Actual output: 0, Netlist Output 0, Time: 652000 
Data Matched: Actual output: 1, Netlist Output 1, Time: 656000 
Data Matched: Actual output: 0, Netlist Output 0, Time: 660000 
Data Matched: Actual output: 0, Netlist Output 0, Time: 664000 
Data Matched: Actual output: 0, Netlist Output 0, Time: 668000 
Data Matched: Actual output: 1, Netlist Output 1, Time: 672000 
Data Matched: Actual output: 0, Netlist Output 0, Time: 676000 
Data Matched: Actual output: 0, Netlist Output 0, Time: 680000 
Data Matched: Actual output: 1, Netlist Output 1, Time: 684000 
Data Matched: Actual output: 0, Netlist Output 0, Time: 688000 
Data Matched: Actual output: 1, Netlist Output 1, Time: 692000 
Data Matched: Actual output: 0, Netlist Output 0, Time: 696000 
Data Matched: Actual output: 1, Netlist Output 1, Time: 700000 
Data Matched: Actual output: 1, Netlist Output 1, Time: 704000 
Data Matched: Actual output: 0, Netlist Output 0, Time: 708000 
Data Matched: Actual output: 0, Netlist Output 0, Time: 712000 
Data Matched: Actual output: 1, Netlist Output 1, Time: 716000 
Data Matched: Actual output: 1, Netlist Output 1, Time: 720000 
Data Matched: Actual output: 1, Netlist Output 1, Time: 724000 
Data Matched: Actual output: 0, Netlist Output 0, Time: 728000 
Data Matched: Actual output: 0, Netlist Output 0, Time: 732000 
Data Matched: Actual output: 1, Netlist Output 1, Time: 736000 
Data Matched: Actual output: 0, Netlist Output 0, Time: 740000 
Data Matched: Actual output: 0, Netlist Output 0, Time: 744000 
Data Matched: Actual output: 0, Netlist Output 0, Time: 748000 
Data Matched: Actual output: 0, Netlist Output 0, Time: 752000 
Data Matched: Actual output: 1, Netlist Output 1, Time: 756000 
Data Matched: Actual output: 0, Netlist Output 0, Time: 760000 
Data Matched: Actual output: 0, Netlist Output 0, Time: 764000 
Data Matched: Actual output: 0, Netlist Output 0, Time: 768000 
Data Matched: Actual output: 0, Netlist Output 0, Time: 772000 
Data Matched: Actual output: 0, Netlist Output 0, Time: 776000 
Data Matched: Actual output: 0, Netlist Output 0, Time: 780000 
Data Matched: Actual output: 1, Netlist Output 1, Time: 784000 
Data Matched: Actual output: 1, Netlist Output 1, Time: 788000 
Data Matched: Actual output: 0, Netlist Output 0, Time: 792000 
Data Matched: Actual output: 1, Netlist Output 1, Time: 796000 
Data Matched: Actual output: 1, Netlist Output 1, Time: 800000 
Data Matched: Actual output: 0, Netlist Output 0, Time: 804000 
Data Matched: Actual output: 0, Netlist Output 0, Time: 808000 
Data Matched: Actual output: 1, Netlist Output 1, Time: 812000 
Data Matched: Actual output: 1, Netlist Output 1, Time: 816000 
Data Matched: Actual output: 0, Netlist Output 0, Time: 820000 
Data Matched: Actual output: 0, Netlist Output 0, Time: 824000 
Data Matched: Actual output: 0, Netlist Output 0, Time: 828000 
Data Matched: Actual output: 0, Netlist Output 0, Time: 832000 
Data Matched: Actual output: 1, Netlist Output 1, Time: 836000 
Data Matched: Actual output: 0, Netlist Output 0, Time: 840000 
Data Matched: Actual output: 1, Netlist Output 1, Time: 844000 
Data Matched: Actual output: 0, Netlist Output 0, Time: 848000 
Data Matched: Actual output: 0, Netlist Output 0, Time: 852000 
Data Matched: Actual output: 0, Netlist Output 0, Time: 856000 
Data Matched: Actual output: 0, Netlist Output 0, Time: 860000 
Data Matched: Actual output: 0, Netlist Output 0, Time: 864000 
Data Matched: Actual output: 0, Netlist Output 0, Time: 868000 
Data Matched: Actual output: 1, Netlist Output 1, Time: 872000 
Data Matched: Actual output: 0, Netlist Output 0, Time: 876000 
Data Matched: Actual output: 1, Netlist Output 1, Time: 880000 
Data Matched: Actual output: 0, Netlist Output 0, Time: 884000 
Data Matched: Actual output: 0, Netlist Output 0, Time: 888000 
Data Matched: Actual output: 0, Netlist Output 0, Time: 892000 
Data Matched: Actual output: 0, Netlist Output 0, Time: 896000 
Data Matched: Actual output: 0, Netlist Output 0, Time: 900000 
Data Matched: Actual output: 0, Netlist Output 0, Time: 904000 
Data Matched: Actual output: 1, Netlist Output 1, Time: 908000 
Data Matched: Actual output: 1, Netlist Output 1, Time: 912000 
Data Matched: Actual output: 0, Netlist Output 0, Time: 916000 
Data Matched: Actual output: 0, Netlist Output 0, Time: 920000 
Data Matched: Actual output: 1, Netlist Output 1, Time: 924000 
Data Matched: Actual output: 1, Netlist Output 1, Time: 928000 
Data Matched: Actual output: 0, Netlist Output 0, Time: 932000 
Data Matched: Actual output: 0, Netlist Output 0, Time: 936000 
Data Matched: Actual output: 0, Netlist Output 0, Time: 940000 
Data Matched: Actual output: 0, Netlist Output 0, Time: 944000 
Data Matched: Actual output: 0, Netlist Output 0, Time: 948000 
Data Matched: Actual output: 0, Netlist Output 0, Time: 952000 
Data Matched: Actual output: 0, Netlist Output 0, Time: 956000 
Data Matched: Actual output: 1, Netlist Output 1, Time: 960000 
Data Matched: Actual output: 0, Netlist Output 0, Time: 964000 
Data Matched: Actual output: 0, Netlist Output 0, Time: 968000 
Data Matched: Actual output: 0, Netlist Output 0, Time: 972000 
Data Matched: Actual output: 1, Netlist Output 1, Time: 976000 
Data Matched: Actual output: 0, Netlist Output 0, Time: 980000 
Data Matched: Actual output: 0, Netlist Output 0, Time: 984000 
Data Matched: Actual output: 0, Netlist Output 0, Time: 988000 
Data Matched: Actual output: 0, Netlist Output 0, Time: 992000 
Data Matched: Actual output: 0, Netlist Output 0, Time: 996000 
Data Matched: Actual output: 0, Netlist Output 0, Time: 1000000 
Data Matched: Actual output: 0, Netlist Output 0, Time: 1004000 
Data Matched: Actual output: 0, Netlist Output 0, Time: 1008000 
Data Matched: Actual output: 0, Netlist Output 0, Time: 1012000 
Data Matched: Actual output: 0, Netlist Output 0, Time: 1016000 
Data Matched: Actual output: 0, Netlist Output 0, Time: 1020000 
Data Matched: Actual output: 1, Netlist Output 1, Time: 1024000 
Data Matched: Actual output: 0, Netlist Output 0, Time: 1028000 
Data Matched: Actual output: 1, Netlist Output 1, Time: 1032000 
Data Matched: Actual output: 0, Netlist Output 0, Time: 1036000 
Data Matched: Actual output: 0, Netlist Output 0, Time: 1040000 
Data Matched: Actual output: 0, Netlist Output 0, Time: 1044000 
Data Matched: Actual output: 1, Netlist Output 1, Time: 1048000 
Data Matched: Actual output: 0, Netlist Output 0, Time: 1052000 
Data Matched: Actual output: 0, Netlist Output 0, Time: 1056000 
Data Matched: Actual output: 0, Netlist Output 0, Time: 1060000 
Data Matched: Actual output: 0, Netlist Output 0, Time: 1064000 
Data Matched: Actual output: 0, Netlist Output 0, Time: 1068000 
Data Matched: Actual output: 1, Netlist Output 1, Time: 1072000 
Data Matched: Actual output: 1, Netlist Output 1, Time: 1076000 
Data Matched: Actual output: 1, Netlist Output 1, Time: 1080000 
Data Matched: Actual output: 0, Netlist Output 0, Time: 1084000 
Data Matched: Actual output: 1, Netlist Output 1, Time: 1088000 
Data Matched: Actual output: 1, Netlist Output 1, Time: 1092000 
Data Matched: Actual output: 0, Netlist Output 0, Time: 1096000 
Data Matched: Actual output: 0, Netlist Output 0, Time: 1100000 
Data Matched: Actual output: 0, Netlist Output 0, Time: 1104000 
Data Matched: Actual output: 0, Netlist Output 0, Time: 1108000 
Data Matched: Actual output: 0, Netlist Output 0, Time: 1112000 
Data Matched: Actual output: 1, Netlist Output 1, Time: 1116000 
Data Matched: Actual output: 0, Netlist Output 0, Time: 1120000 
Data Matched: Actual output: 0, Netlist Output 0, Time: 1124000 
Data Matched: Actual output: 0, Netlist Output 0, Time: 1128000 
Data Matched: Actual output: 0, Netlist Output 0, Time: 1132000 
Data Matched: Actual output: 0, Netlist Output 0, Time: 1136000 
Data Matched: Actual output: 0, Netlist Output 0, Time: 1140000 
Data Matched: Actual output: 0, Netlist Output 0, Time: 1144000 
Data Matched: Actual output: 0, Netlist Output 0, Time: 1148000 
Data Matched: Actual output: 0, Netlist Output 0, Time: 1152000 
Data Matched: Actual output: 1, Netlist Output 1, Time: 1156000 
Data Matched: Actual output: 0, Netlist Output 0, Time: 1160000 
Data Matched: Actual output: 0, Netlist Output 0, Time: 1164000 
Data Matched: Actual output: 0, Netlist Output 0, Time: 1168000 
Data Matched: Actual output: 1, Netlist Output 1, Time: 1172000 
Data Matched: Actual output: 1, Netlist Output 1, Time: 1176000 
Data Matched: Actual output: 0, Netlist Output 0, Time: 1180000 
Data Matched: Actual output: 0, Netlist Output 0, Time: 1184000 
Data Matched: Actual output: 0, Netlist Output 0, Time: 1188000 
Data Matched: Actual output: 0, Netlist Output 0, Time: 1192000 
Data Matched: Actual output: 0, Netlist Output 0, Time: 1196000 
Data Matched: Actual output: 0, Netlist Output 0, Time: 1200000 
Data Matched: Actual output: 0, Netlist Output 0, Time: 1204000 
Data Matched: Actual output: 1, Netlist Output 1, Time: 1208000 
Data Matched: Actual output: 0, Netlist Output 0, Time: 1212000 
Data Matched: Actual output: 0, Netlist Output 0, Time: 1216000 
Data Matched: Actual output: 1, Netlist Output 1, Time: 1220000 
Data Matched: Actual output: 0, Netlist Output 0, Time: 1224000 
Data Matched: Actual output: 1, Netlist Output 1, Time: 1228000 
Data Matched: Actual output: 1, Netlist Output 1, Time: 1232000 
Data Matched: Actual output: 1, Netlist Output 1, Time: 1236000 
Data Matched: Actual output: 0, Netlist Output 0, Time: 1240000 
Data Matched: Actual output: 0, Netlist Output 0, Time: 1244000 
Data Matched: Actual output: 0, Netlist Output 0, Time: 1248000 
Data Matched: Actual output: 0, Netlist Output 0, Time: 1252000 
Data Matched: Actual output: 0, Netlist Output 0, Time: 1256000 
Data Matched: Actual output: 0, Netlist Output 0, Time: 1260000 
Data Matched: Actual output: 0, Netlist Output 0, Time: 1264000 
Data Matched: Actual output: 0, Netlist Output 0, Time: 1268000 
Data Matched: Actual output: 0, Netlist Output 0, Time: 1272000 
Data Matched: Actual output: 1, Netlist Output 1, Time: 1276000 
Data Matched: Actual output: 0, Netlist Output 0, Time: 1280000 
Data Matched: Actual output: 0, Netlist Output 0, Time: 1284000 
Data Matched: Actual output: 0, Netlist Output 0, Time: 1288000 
Data Matched: Actual output: 0, Netlist Output 0, Time: 1292000 
Data Matched: Actual output: 0, Netlist Output 0, Time: 1296000 
Data Matched: Actual output: 1, Netlist Output 1, Time: 1300000 
Data Matched: Actual output: 0, Netlist Output 0, Time: 1304000 
Data Matched: Actual output: 0, Netlist Output 0, Time: 1308000 
Data Matched: Actual output: 0, Netlist Output 0, Time: 1312000 
Data Matched: Actual output: 0, Netlist Output 0, Time: 1316000 
Data Matched: Actual output: 1, Netlist Output 1, Time: 1320000 
Data Matched: Actual output: 0, Netlist Output 0, Time: 1324000 
Data Matched: Actual output: 1, Netlist Output 1, Time: 1328000 
Data Matched: Actual output: 0, Netlist Output 0, Time: 1332000 
Data Matched: Actual output: 0, Netlist Output 0, Time: 1336000 
Data Matched: Actual output: 0, Netlist Output 0, Time: 1340000 
Data Matched: Actual output: 0, Netlist Output 0, Time: 1344000 
Data Matched: Actual output: 1, Netlist Output 1, Time: 1348000 
Data Matched: Actual output: 0, Netlist Output 0, Time: 1352000 
Data Matched: Actual output: 0, Netlist Output 0, Time: 1356000 
Data Matched: Actual output: 1, Netlist Output 1, Time: 1360000 
Data Matched: Actual output: 1, Netlist Output 1, Time: 1364000 
Data Matched: Actual output: 0, Netlist Output 0, Time: 1368000 
Data Matched: Actual output: 0, Netlist Output 0, Time: 1372000 
Data Matched: Actual output: 0, Netlist Output 0, Time: 1376000 
Data Matched: Actual output: 0, Netlist Output 0, Time: 1380000 
Data Matched: Actual output: 0, Netlist Output 0, Time: 1384000 
Data Matched: Actual output: 0, Netlist Output 0, Time: 1388000 
Data Matched: Actual output: 0, Netlist Output 0, Time: 1392000 
Data Matched: Actual output: 1, Netlist Output 1, Time: 1396000 
Data Matched: Actual output: 0, Netlist Output 0, Time: 1400000 
Data Matched: Actual output: 0, Netlist Output 0, Time: 1404000 
Data Matched: Actual output: 1, Netlist Output 1, Time: 1408000 
Data Matched: Actual output: 1, Netlist Output 1, Time: 1412000 
Data Matched: Actual output: 0, Netlist Output 0, Time: 1416000 
Data Matched: Actual output: 1, Netlist Output 1, Time: 1420000 
Data Matched: Actual output: 0, Netlist Output 0, Time: 1424000 
Data Matched: Actual output: 1, Netlist Output 1, Time: 1428000 
Data Matched: Actual output: 0, Netlist Output 0, Time: 1432000 
Data Matched: Actual output: 0, Netlist Output 0, Time: 1436000 
Data Matched: Actual output: 0, Netlist Output 0, Time: 1440000 
Data Matched: Actual output: 0, Netlist Output 0, Time: 1444000 
Data Matched: Actual output: 0, Netlist Output 0, Time: 1448000 
Data Matched: Actual output: 0, Netlist Output 0, Time: 1452000 
Data Matched: Actual output: 0, Netlist Output 0, Time: 1456000 
Data Matched: Actual output: 0, Netlist Output 0, Time: 1460000 
Data Matched: Actual output: 0, Netlist Output 0, Time: 1464000 
Data Matched: Actual output: 1, Netlist Output 1, Time: 1468000 
Data Matched: Actual output: 0, Netlist Output 0, Time: 1472000 
Data Matched: Actual output: 0, Netlist Output 0, Time: 1476000 
Data Matched: Actual output: 1, Netlist Output 1, Time: 1480000 
Data Matched: Actual output: 0, Netlist Output 0, Time: 1484000 
Data Matched: Actual output: 0, Netlist Output 0, Time: 1488000 
Data Matched: Actual output: 0, Netlist Output 0, Time: 1492000 
Data Matched: Actual output: 0, Netlist Output 0, Time: 1496000 
Data Matched: Actual output: 1, Netlist Output 1, Time: 1500000 
Data Matched: Actual output: 0, Netlist Output 0, Time: 1504000 
Data Matched: Actual output: 1, Netlist Output 1, Time: 1508000 
Data Matched: Actual output: 0, Netlist Output 0, Time: 1512000 
Data Matched: Actual output: 0, Netlist Output 0, Time: 1516000 
Data Matched: Actual output: 0, Netlist Output 0, Time: 1520000 
Data Matched: Actual output: 0, Netlist Output 0, Time: 1524000 
Data Matched: Actual output: 0, Netlist Output 0, Time: 1528000 
Data Matched: Actual output: 1, Netlist Output 1, Time: 1532000 
Data Matched: Actual output: 0, Netlist Output 0, Time: 1536000 
Data Matched: Actual output: 0, Netlist Output 0, Time: 1540000 
Data Matched: Actual output: 0, Netlist Output 0, Time: 1544000 
Data Matched: Actual output: 0, Netlist Output 0, Time: 1548000 
Data Matched: Actual output: 0, Netlist Output 0, Time: 1552000 
Data Matched: Actual output: 1, Netlist Output 1, Time: 1556000 
Data Matched: Actual output: 0, Netlist Output 0, Time: 1560000 
Data Matched: Actual output: 1, Netlist Output 1, Time: 1564000 
Data Matched: Actual output: 0, Netlist Output 0, Time: 1568000 
Data Matched: Actual output: 0, Netlist Output 0, Time: 1572000 
Data Matched: Actual output: 1, Netlist Output 1, Time: 1576000 
Data Matched: Actual output: 1, Netlist Output 1, Time: 1580000 
Data Matched: Actual output: 0, Netlist Output 0, Time: 1584000 
Data Matched: Actual output: 1, Netlist Output 1, Time: 1588000 
Data Matched: Actual output: 0, Netlist Output 0, Time: 1592000 
Data Matched: Actual output: 0, Netlist Output 0, Time: 1596000 
Data Matched: Actual output: 1, Netlist Output 1, Time: 1600000 
Data Matched: Actual output: 0, Netlist Output 0, Time: 1604000 
Data Matched: Actual output: 1, Netlist Output 1, Time: 1608000 
Data Matched: Actual output: 0, Netlist Output 0, Time: 1612000 
Data Matched: Actual output: 0, Netlist Output 0, Time: 1616000 
Data Matched: Actual output: 0, Netlist Output 0, Time: 1620000 
Data Matched: Actual output: 0, Netlist Output 0, Time: 1624000 
Data Matched: Actual output: 0, Netlist Output 0, Time: 1628000 
Data Matched: Actual output: 0, Netlist Output 0, Time: 1632000 
Data Matched: Actual output: 0, Netlist Output 0, Time: 1636000 
Data Matched: Actual output: 0, Netlist Output 0, Time: 1640000 
Data Matched: Actual output: 1, Netlist Output 1, Time: 1644000 
Data Matched: Actual output: 0, Netlist Output 0, Time: 1648000 
Data Matched: Actual output: 1, Netlist Output 1, Time: 1652000 
Data Matched: Actual output: 0, Netlist Output 0, Time: 1656000 
Data Matched: Actual output: 0, Netlist Output 0, Time: 1660000 
Data Matched: Actual output: 1, Netlist Output 1, Time: 1664000 
Data Matched: Actual output: 0, Netlist Output 0, Time: 1668000 
Data Matched: Actual output: 1, Netlist Output 1, Time: 1672000 
Data Matched: Actual output: 0, Netlist Output 0, Time: 1676000 
Data Matched: Actual output: 1, Netlist Output 1, Time: 1680000 
Data Matched: Actual output: 0, Netlist Output 0, Time: 1684000 
Data Matched: Actual output: 0, Netlist Output 0, Time: 1688000 
Data Matched: Actual output: 0, Netlist Output 0, Time: 1692000 
Data Matched: Actual output: 1, Netlist Output 1, Time: 1696000 
Data Matched: Actual output: 0, Netlist Output 0, Time: 1700000 
Data Matched: Actual output: 0, Netlist Output 0, Time: 1704000 
Data Matched: Actual output: 0, Netlist Output 0, Time: 1708000 
Data Matched: Actual output: 0, Netlist Output 0, Time: 1712000 
Data Matched: Actual output: 0, Netlist Output 0, Time: 1716000 
Data Matched: Actual output: 0, Netlist Output 0, Time: 1720000 
Data Matched: Actual output: 0, Netlist Output 0, Time: 1724000 
Data Matched: Actual output: 0, Netlist Output 0, Time: 1728000 
Data Matched: Actual output: 1, Netlist Output 1, Time: 1732000 
Data Matched: Actual output: 0, Netlist Output 0, Time: 1736000 
Data Matched: Actual output: 0, Netlist Output 0, Time: 1740000 
Data Matched: Actual output: 0, Netlist Output 0, Time: 1744000 
Data Matched: Actual output: 1, Netlist Output 1, Time: 1748000 
Data Matched: Actual output: 0, Netlist Output 0, Time: 1752000 
Data Matched: Actual output: 1, Netlist Output 1, Time: 1756000 
Data Matched: Actual output: 0, Netlist Output 0, Time: 1760000 
Data Matched: Actual output: 0, Netlist Output 0, Time: 1764000 
Data Matched: Actual output: 1, Netlist Output 1, Time: 1768000 
Data Matched: Actual output: 0, Netlist Output 0, Time: 1772000 
Data Matched: Actual output: 0, Netlist Output 0, Time: 1776000 
Data Matched: Actual output: 0, Netlist Output 0, Time: 1780000 
Data Matched: Actual output: 0, Netlist Output 0, Time: 1784000 
Data Matched: Actual output: 0, Netlist Output 0, Time: 1788000 
Data Matched: Actual output: 0, Netlist Output 0, Time: 1792000 
Data Matched: Actual output: 1, Netlist Output 1, Time: 1796000 
Data Matched: Actual output: 1, Netlist Output 1, Time: 1800000 
Data Matched: Actual output: 0, Netlist Output 0, Time: 1804000 
Data Matched: Actual output: 0, Netlist Output 0, Time: 1808000 
Data Matched: Actual output: 0, Netlist Output 0, Time: 1812000 
Data Matched: Actual output: 0, Netlist Output 0, Time: 1816000 
Data Matched: Actual output: 0, Netlist Output 0, Time: 1820000 
Data Matched: Actual output: 0, Netlist Output 0, Time: 1824000 
Data Matched: Actual output: 0, Netlist Output 0, Time: 1828000 
Data Matched: Actual output: 0, Netlist Output 0, Time: 1832000 
Data Matched: Actual output: 0, Netlist Output 0, Time: 1836000 
Data Matched: Actual output: 0, Netlist Output 0, Time: 1840000 
Data Matched: Actual output: 0, Netlist Output 0, Time: 1844000 
Data Matched: Actual output: 0, Netlist Output 0, Time: 1848000 
Data Matched: Actual output: 1, Netlist Output 1, Time: 1852000 
Data Matched: Actual output: 0, Netlist Output 0, Time: 1856000 
Data Matched: Actual output: 0, Netlist Output 0, Time: 1860000 
Data Matched: Actual output: 1, Netlist Output 1, Time: 1864000 
Data Matched: Actual output: 0, Netlist Output 0, Time: 1868000 
Data Matched: Actual output: 0, Netlist Output 0, Time: 1872000 
Data Matched: Actual output: 1, Netlist Output 1, Time: 1876000 
Data Matched: Actual output: 0, Netlist Output 0, Time: 1880000 
Data Matched: Actual output: 1, Netlist Output 1, Time: 1884000 
Data Matched: Actual output: 0, Netlist Output 0, Time: 1888000 
Data Matched: Actual output: 0, Netlist Output 0, Time: 1892000 
Data Matched: Actual output: 0, Netlist Output 0, Time: 1896000 
Data Matched: Actual output: 0, Netlist Output 0, Time: 1900000 
Data Matched: Actual output: 0, Netlist Output 0, Time: 1904000 
Data Matched: Actual output: 1, Netlist Output 1, Time: 1908000 
Data Matched: Actual output: 0, Netlist Output 0, Time: 1912000 
Data Matched: Actual output: 1, Netlist Output 1, Time: 1916000 
Data Matched: Actual output: 0, Netlist Output 0, Time: 1920000 
Data Matched: Actual output: 0, Netlist Output 0, Time: 1924000 
Data Matched: Actual output: 0, Netlist Output 0, Time: 1928000 
Data Matched: Actual output: 0, Netlist Output 0, Time: 1932000 
Data Matched: Actual output: 0, Netlist Output 0, Time: 1936000 
Data Matched: Actual output: 0, Netlist Output 0, Time: 1940000 
Data Matched: Actual output: 1, Netlist Output 1, Time: 1944000 
Data Matched: Actual output: 0, Netlist Output 0, Time: 1948000 
Data Matched: Actual output: 1, Netlist Output 1, Time: 1952000 
Data Matched: Actual output: 0, Netlist Output 0, Time: 1956000 
Data Matched: Actual output: 1, Netlist Output 1, Time: 1960000 
Data Matched: Actual output: 0, Netlist Output 0, Time: 1964000 
Data Matched: Actual output: 1, Netlist Output 1, Time: 1968000 
Data Matched: Actual output: 0, Netlist Output 0, Time: 1972000 
Data Matched: Actual output: 0, Netlist Output 0, Time: 1976000 
Data Matched: Actual output: 0, Netlist Output 0, Time: 1980000 
Data Matched: Actual output: 0, Netlist Output 0, Time: 1984000 
Data Matched: Actual output: 1, Netlist Output 1, Time: 1988000 
Data Matched: Actual output: 0, Netlist Output 0, Time: 1992000 
Data Matched: Actual output: 0, Netlist Output 0, Time: 1996000 
Data Matched: Actual output: 1, Netlist Output 1, Time: 2000000 
Data Matched: Actual output: 1, Netlist Output 1, Time: 2004000 
Data Matched: Actual output: 0, Netlist Output 0, Time: 2008000 
Data Matched: Actual output: 1, Netlist Output 1, Time: 2012000 
Data Matched: Actual output: 0, Netlist Output 0, Time: 2016000 
Data Matched: Actual output: 1, Netlist Output 1, Time: 2020000 
Data Matched: Actual output: 0, Netlist Output 0, Time: 2024000 
Data Matched: Actual output: 0, Netlist Output 0, Time: 2028000 
Data Matched: Actual output: 0, Netlist Output 0, Time: 2032000 
Data Matched: Actual output: 0, Netlist Output 0, Time: 2036000 
Data Matched: Actual output: 0, Netlist Output 0, Time: 2040000 
Data Matched: Actual output: 0, Netlist Output 0, Time: 2044000 
Data Matched: Actual output: 0, Netlist Output 0, Time: 2048000 
Data Matched: Actual output: 1, Netlist Output 1, Time: 2052000 
Data Matched: Actual output: 0, Netlist Output 0, Time: 2056000 
Data Matched: Actual output: 0, Netlist Output 0, Time: 2060000 
Data Matched: Actual output: 1, Netlist Output 1, Time: 2064000 
Data Matched: Actual output: 1, Netlist Output 1, Time: 2068000 
Data Matched: Actual output: 0, Netlist Output 0, Time: 2072000 
Data Matched: Actual output: 0, Netlist Output 0, Time: 2076000 
Data Matched: Actual output: 1, Netlist Output 1, Time: 2080000 
Data Matched: Actual output: 0, Netlist Output 0, Time: 2084000 
Data Matched: Actual output: 0, Netlist Output 0, Time: 2088000 
Data Matched: Actual output: 0, Netlist Output 0, Time: 2092000 
Data Matched: Actual output: 0, Netlist Output 0, Time: 2096000 
Data Matched: Actual output: 0, Netlist Output 0, Time: 2100000 
Data Matched: Actual output: 1, Netlist Output 1, Time: 2104000 
Data Matched: Actual output: 0, Netlist Output 0, Time: 2108000 
Data Matched: Actual output: 1, Netlist Output 1, Time: 2112000 
Data Matched: Actual output: 0, Netlist Output 0, Time: 2116000 
Data Matched: Actual output: 0, Netlist Output 0, Time: 2120000 
Data Matched: Actual output: 1, Netlist Output 1, Time: 2124000 
Data Matched: Actual output: 1, Netlist Output 1, Time: 2128000 
Data Matched: Actual output: 0, Netlist Output 0, Time: 2132000 
Data Matched: Actual output: 0, Netlist Output 0, Time: 2136000 
Data Matched: Actual output: 1, Netlist Output 1, Time: 2140000 
Data Matched: Actual output: 0, Netlist Output 0, Time: 2144000 
Data Matched: Actual output: 0, Netlist Output 0, Time: 2148000 
Data Matched: Actual output: 0, Netlist Output 0, Time: 2152000 
Data Matched: Actual output: 0, Netlist Output 0, Time: 2156000 
Data Matched: Actual output: 0, Netlist Output 0, Time: 2160000 
Data Matched: Actual output: 0, Netlist Output 0, Time: 2164000 
Data Matched: Actual output: 0, Netlist Output 0, Time: 2168000 
Data Matched: Actual output: 0, Netlist Output 0, Time: 2172000 
Data Matched: Actual output: 1, Netlist Output 1, Time: 2176000 
Data Matched: Actual output: 0, Netlist Output 0, Time: 2180000 
Data Matched: Actual output: 0, Netlist Output 0, Time: 2184000 
Data Matched: Actual output: 0, Netlist Output 0, Time: 2188000 
Data Matched: Actual output: 0, Netlist Output 0, Time: 2192000 
Data Matched: Actual output: 0, Netlist Output 0, Time: 2196000 
Data Matched: Actual output: 1, Netlist Output 1, Time: 2200000 
Data Matched: Actual output: 1, Netlist Output 1, Time: 2204000 
Data Matched: Actual output: 1, Netlist Output 1, Time: 2208000 
Data Matched: Actual output: 0, Netlist Output 0, Time: 2212000 
Data Matched: Actual output: 0, Netlist Output 0, Time: 2216000 
Data Matched: Actual output: 0, Netlist Output 0, Time: 2220000 
Data Matched: Actual output: 1, Netlist Output 1, Time: 2224000 
Data Matched: Actual output: 0, Netlist Output 0, Time: 2228000 
Data Matched: Actual output: 1, Netlist Output 1, Time: 2232000 
Data Matched: Actual output: 0, Netlist Output 0, Time: 2236000 
Data Matched: Actual output: 0, Netlist Output 0, Time: 2240000 
Data Matched: Actual output: 0, Netlist Output 0, Time: 2244000 
Data Matched: Actual output: 0, Netlist Output 0, Time: 2248000 
Data Matched: Actual output: 0, Netlist Output 0, Time: 2252000 
Data Matched: Actual output: 0, Netlist Output 0, Time: 2256000 
Data Matched: Actual output: 0, Netlist Output 0, Time: 2260000 
Data Matched: Actual output: 0, Netlist Output 0, Time: 2264000 
Data Matched: Actual output: 0, Netlist Output 0, Time: 2268000 
Data Matched: Actual output: 0, Netlist Output 0, Time: 2272000 
Data Matched: Actual output: 0, Netlist Output 0, Time: 2276000 
Data Matched: Actual output: 1, Netlist Output 1, Time: 2280000 
Data Matched: Actual output: 0, Netlist Output 0, Time: 2284000 
Data Matched: Actual output: 0, Netlist Output 0, Time: 2288000 
Data Matched: Actual output: 0, Netlist Output 0, Time: 2292000 
Data Matched: Actual output: 0, Netlist Output 0, Time: 2296000 
Data Matched: Actual output: 0, Netlist Output 0, Time: 2300000 
Data Matched: Actual output: 0, Netlist Output 0, Time: 2304000 
Data Matched: Actual output: 0, Netlist Output 0, Time: 2308000 
Data Matched: Actual output: 0, Netlist Output 0, Time: 2312000 
Data Matched: Actual output: 0, Netlist Output 0, Time: 2316000 
Data Matched: Actual output: 1, Netlist Output 1, Time: 2320000 
Data Matched: Actual output: 0, Netlist Output 0, Time: 2324000 
Data Matched: Actual output: 0, Netlist Output 0, Time: 2328000 
Data Matched: Actual output: 0, Netlist Output 0, Time: 2332000 
Data Matched: Actual output: 1, Netlist Output 1, Time: 2336000 
Data Matched: Actual output: 1, Netlist Output 1, Time: 2340000 
Data Matched: Actual output: 0, Netlist Output 0, Time: 2344000 
Data Matched: Actual output: 1, Netlist Output 1, Time: 2348000 
Data Matched: Actual output: 0, Netlist Output 0, Time: 2352000 
Data Matched: Actual output: 0, Netlist Output 0, Time: 2356000 
Data Matched: Actual output: 0, Netlist Output 0, Time: 2360000 
Data Matched: Actual output: 0, Netlist Output 0, Time: 2364000 
Data Matched: Actual output: 0, Netlist Output 0, Time: 2368000 
Data Matched: Actual output: 0, Netlist Output 0, Time: 2372000 
Data Matched: Actual output: 0, Netlist Output 0, Time: 2376000 
Data Matched: Actual output: 1, Netlist Output 1, Time: 2380000 
Data Matched: Actual output: 1, Netlist Output 1, Time: 2384000 
Data Matched: Actual output: 1, Netlist Output 1, Time: 2388000 
Data Matched: Actual output: 1, Netlist Output 1, Time: 2392000 
Data Matched: Actual output: 1, Netlist Output 1, Time: 2396000 
Data Matched: Actual output: 0, Netlist Output 0, Time: 2400000 
Data Matched: Actual output: 1, Netlist Output 1, Time: 2404000 
Data Matched: Actual output: 1, Netlist Output 1, Time: 2408000 
Data Matched: Actual output: 0, Netlist Output 0, Time: 2412000 
Data Matched: Actual output: 0, Netlist Output 0, Time: 2416000 
Data Matched: Actual output: 0, Netlist Output 0, Time: 2420000 
Data Matched: Actual output: 0, Netlist Output 0, Time: 2424000 
Data Matched: Actual output: 0, Netlist Output 0, Time: 2428000 
Data Matched: Actual output: 0, Netlist Output 0, Time: 2432000 
Data Matched: Actual output: 0, Netlist Output 0, Time: 2436000 
Data Matched: Actual output: 1, Netlist Output 1, Time: 2440000 
Data Matched: Actual output: 0, Netlist Output 0, Time: 2444000 
Data Matched: Actual output: 1, Netlist Output 1, Time: 2448000 
Data Matched: Actual output: 0, Netlist Output 0, Time: 2452000 
Data Matched: Actual output: 0, Netlist Output 0, Time: 2456000 
Data Matched: Actual output: 1, Netlist Output 1, Time: 2460000 
Data Matched: Actual output: 1, Netlist Output 1, Time: 2464000 
Data Matched: Actual output: 1, Netlist Output 1, Time: 2468000 
Data Matched: Actual output: 0, Netlist Output 0, Time: 2472000 
Data Matched: Actual output: 0, Netlist Output 0, Time: 2476000 
Data Matched: Actual output: 0, Netlist Output 0, Time: 2480000 
Data Matched: Actual output: 0, Netlist Output 0, Time: 2484000 
Data Matched: Actual output: 1, Netlist Output 1, Time: 2488000 
Data Matched: Actual output: 1, Netlist Output 1, Time: 2492000 
Data Matched: Actual output: 0, Netlist Output 0, Time: 2496000 
Data Matched: Actual output: 0, Netlist Output 0, Time: 2500000 
Data Matched: Actual output: 0, Netlist Output 0, Time: 2504000 
Data Matched: Actual output: 0, Netlist Output 0, Time: 2508000 
Data Matched: Actual output: 1, Netlist Output 1, Time: 2512000 
Data Matched: Actual output: 1, Netlist Output 1, Time: 2516000 
Data Matched: Actual output: 1, Netlist Output 1, Time: 2520000 
Data Matched: Actual output: 0, Netlist Output 0, Time: 2524000 
Data Matched: Actual output: 1, Netlist Output 1, Time: 2528000 
Data Matched: Actual output: 0, Netlist Output 0, Time: 2532000 
Data Matched: Actual output: 0, Netlist Output 0, Time: 2536000 
Data Matched: Actual output: 0, Netlist Output 0, Time: 2540000 
Data Matched: Actual output: 0, Netlist Output 0, Time: 2544000 
Data Matched: Actual output: 1, Netlist Output 1, Time: 2548000 
Data Matched: Actual output: 0, Netlist Output 0, Time: 2552000 
Data Matched: Actual output: 1, Netlist Output 1, Time: 2556000 
Data Matched: Actual output: 0, Netlist Output 0, Time: 2560000 
Data Matched: Actual output: 0, Netlist Output 0, Time: 2564000 
Data Matched: Actual output: 0, Netlist Output 0, Time: 2568000 
Data Matched: Actual output: 1, Netlist Output 1, Time: 2572000 
Data Matched: Actual output: 0, Netlist Output 0, Time: 2576000 
Data Matched: Actual output: 1, Netlist Output 1, Time: 2580000 
Data Matched: Actual output: 0, Netlist Output 0, Time: 2584000 
Data Matched: Actual output: 0, Netlist Output 0, Time: 2588000 
Data Matched: Actual output: 0, Netlist Output 0, Time: 2592000 
Data Matched: Actual output: 0, Netlist Output 0, Time: 2596000 
Data Matched: Actual output: 0, Netlist Output 0, Time: 2600000 
Data Matched: Actual output: 0, Netlist Output 0, Time: 2604000 
Data Matched: Actual output: 0, Netlist Output 0, Time: 2608000 
Data Matched: Actual output: 1, Netlist Output 1, Time: 2612000 
Data Matched: Actual output: 0, Netlist Output 0, Time: 2616000 
Data Matched: Actual output: 0, Netlist Output 0, Time: 2620000 
Data Matched: Actual output: 0, Netlist Output 0, Time: 2624000 
Data Matched: Actual output: 0, Netlist Output 0, Time: 2628000 
Data Matched: Actual output: 0, Netlist Output 0, Time: 2632000 
Data Matched: Actual output: 0, Netlist Output 0, Time: 2636000 
Data Matched: Actual output: 0, Netlist Output 0, Time: 2640000 
Data Matched: Actual output: 0, Netlist Output 0, Time: 2644000 
Data Matched: Actual output: 0, Netlist Output 0, Time: 2648000 
Data Matched: Actual output: 0, Netlist Output 0, Time: 2652000 
Data Matched: Actual output: 0, Netlist Output 0, Time: 2656000 
Data Matched: Actual output: 0, Netlist Output 0, Time: 2660000 
Data Matched: Actual output: 1, Netlist Output 1, Time: 2664000 
Data Matched: Actual output: 0, Netlist Output 0, Time: 2668000 
Data Matched: Actual output: 1, Netlist Output 1, Time: 2672000 
Data Matched: Actual output: 1, Netlist Output 1, Time: 2676000 
Data Matched: Actual output: 0, Netlist Output 0, Time: 2680000 
Data Matched: Actual output: 0, Netlist Output 0, Time: 2684000 
Data Matched: Actual output: 1, Netlist Output 1, Time: 2688000 
Data Matched: Actual output: 1, Netlist Output 1, Time: 2692000 
Data Matched: Actual output: 0, Netlist Output 0, Time: 2696000 
Data Matched: Actual output: 0, Netlist Output 0, Time: 2700000 
Data Matched: Actual output: 1, Netlist Output 1, Time: 2704000 
Data Matched: Actual output: 0, Netlist Output 0, Time: 2708000 
Data Matched: Actual output: 0, Netlist Output 0, Time: 2712000 
Data Matched: Actual output: 0, Netlist Output 0, Time: 2716000 
Data Matched: Actual output: 0, Netlist Output 0, Time: 2720000 
Data Matched: Actual output: 0, Netlist Output 0, Time: 2724000 
Data Matched: Actual output: 0, Netlist Output 0, Time: 2728000 
Data Matched: Actual output: 0, Netlist Output 0, Time: 2732000 
Data Matched: Actual output: 0, Netlist Output 0, Time: 2736000 
Data Matched: Actual output: 0, Netlist Output 0, Time: 2740000 
Data Matched: Actual output: 1, Netlist Output 1, Time: 2744000 
Data Matched: Actual output: 1, Netlist Output 1, Time: 2748000 
Data Matched: Actual output: 0, Netlist Output 0, Time: 2752000 
Data Matched: Actual output: 1, Netlist Output 1, Time: 2756000 
Data Matched: Actual output: 1, Netlist Output 1, Time: 2760000 
Data Matched: Actual output: 0, Netlist Output 0, Time: 2764000 
Data Matched: Actual output: 0, Netlist Output 0, Time: 2768000 
Data Matched: Actual output: 0, Netlist Output 0, Time: 2772000 
Data Matched: Actual output: 0, Netlist Output 0, Time: 2776000 
Data Matched: Actual output: 0, Netlist Output 0, Time: 2780000 
Data Matched: Actual output: 1, Netlist Output 1, Time: 2784000 
Data Matched: Actual output: 0, Netlist Output 0, Time: 2788000 
Data Matched: Actual output: 0, Netlist Output 0, Time: 2792000 
Data Matched: Actual output: 0, Netlist Output 0, Time: 2796000 
Data Matched: Actual output: 0, Netlist Output 0, Time: 2800000 
Data Matched: Actual output: 0, Netlist Output 0, Time: 2804000 
Data Matched: Actual output: 0, Netlist Output 0, Time: 2808000 
Data Matched: Actual output: 1, Netlist Output 1, Time: 2812000 
Data Matched: Actual output: 0, Netlist Output 0, Time: 2816000 
Data Matched: Actual output: 0, Netlist Output 0, Time: 2820000 
Data Matched: Actual output: 0, Netlist Output 0, Time: 2824000 
Data Matched: Actual output: 0, Netlist Output 0, Time: 2828000 
Data Matched: Actual output: 0, Netlist Output 0, Time: 2832000 
Data Matched: Actual output: 0, Netlist Output 0, Time: 2836000 
Data Matched: Actual output: 0, Netlist Output 0, Time: 2840000 
Data Matched: Actual output: 0, Netlist Output 0, Time: 2844000 
Data Matched: Actual output: 0, Netlist Output 0, Time: 2848000 
Data Matched: Actual output: 0, Netlist Output 0, Time: 2852000 
Data Matched: Actual output: 0, Netlist Output 0, Time: 2856000 
Data Matched: Actual output: 0, Netlist Output 0, Time: 2860000 
Data Matched: Actual output: 1, Netlist Output 1, Time: 2864000 
Data Matched: Actual output: 0, Netlist Output 0, Time: 2868000 
Data Matched: Actual output: 1, Netlist Output 1, Time: 2872000 
Data Matched: Actual output: 1, Netlist Output 1, Time: 2876000 
Data Matched: Actual output: 0, Netlist Output 0, Time: 2880000 
Data Matched: Actual output: 0, Netlist Output 0, Time: 2884000 
Data Matched: Actual output: 1, Netlist Output 1, Time: 2888000 
Data Matched: Actual output: 1, Netlist Output 1, Time: 2892000 
Data Matched: Actual output: 0, Netlist Output 0, Time: 2896000 
Data Matched: Actual output: 0, Netlist Output 0, Time: 2900000 
Data Matched: Actual output: 0, Netlist Output 0, Time: 2904000 
Data Matched: Actual output: 0, Netlist Output 0, Time: 2908000 
Data Matched: Actual output: 0, Netlist Output 0, Time: 2912000 
Data Matched: Actual output: 0, Netlist Output 0, Time: 2916000 
Data Matched: Actual output: 0, Netlist Output 0, Time: 2920000 
Data Matched: Actual output: 0, Netlist Output 0, Time: 2924000 
Data Matched: Actual output: 0, Netlist Output 0, Time: 2928000 
Data Matched: Actual output: 1, Netlist Output 1, Time: 2932000 
Data Matched: Actual output: 0, Netlist Output 0, Time: 2936000 
Data Matched: Actual output: 0, Netlist Output 0, Time: 2940000 
Data Matched: Actual output: 0, Netlist Output 0, Time: 2944000 
Data Matched: Actual output: 1, Netlist Output 1, Time: 2948000 
Data Matched: Actual output: 0, Netlist Output 0, Time: 2952000 
Data Matched: Actual output: 0, Netlist Output 0, Time: 2956000 
Data Matched: Actual output: 0, Netlist Output 0, Time: 2960000 
Data Matched: Actual output: 1, Netlist Output 1, Time: 2964000 
Data Matched: Actual output: 0, Netlist Output 0, Time: 2968000 
Data Matched: Actual output: 0, Netlist Output 0, Time: 2972000 
Data Matched: Actual output: 0, Netlist Output 0, Time: 2976000 
Data Matched: Actual output: 0, Netlist Output 0, Time: 2980000 
Data Matched: Actual output: 1, Netlist Output 1, Time: 2984000 
Data Matched: Actual output: 0, Netlist Output 0, Time: 2988000 
Data Matched: Actual output: 1, Netlist Output 1, Time: 2992000 
Data Matched: Actual output: 0, Netlist Output 0, Time: 2996000 
Data Matched: Actual output: 0, Netlist Output 0, Time: 3000000 
Data Matched: Actual output: 0, Netlist Output 0, Time: 3004000 
Data Matched: Actual output: 1, Netlist Output 1, Time: 3008000 
Data Matched: Actual output: 0, Netlist Output 0, Time: 3012000 
Data Matched: Actual output: 0, Netlist Output 0, Time: 3016000 
Data Matched: Actual output: 0, Netlist Output 0, Time: 3020000 
Data Matched: Actual output: 0, Netlist Output 0, Time: 3024000 
Data Matched: Actual output: 0, Netlist Output 0, Time: 3028000 
Data Matched: Actual output: 0, Netlist Output 0, Time: 3032000 
Data Matched: Actual output: 1, Netlist Output 1, Time: 3036000 
Data Matched: Actual output: 0, Netlist Output 0, Time: 3040000 
Data Matched: Actual output: 0, Netlist Output 0, Time: 3044000 
Data Matched: Actual output: 1, Netlist Output 1, Time: 3048000 
Data Matched: Actual output: 0, Netlist Output 0, Time: 3052000 
Data Matched: Actual output: 0, Netlist Output 0, Time: 3056000 
Data Matched: Actual output: 0, Netlist Output 0, Time: 3060000 
Data Matched: Actual output: 0, Netlist Output 0, Time: 3064000 
Data Matched: Actual output: 0, Netlist Output 0, Time: 3068000 
Data Matched: Actual output: 0, Netlist Output 0, Time: 3072000 
Data Matched: Actual output: 0, Netlist Output 0, Time: 3076000 
Data Matched: Actual output: 0, Netlist Output 0, Time: 3080000 
Data Matched: Actual output: 0, Netlist Output 0, Time: 3084000 
Data Matched: Actual output: 1, Netlist Output 1, Time: 3088000 
Data Matched: Actual output: 0, Netlist Output 0, Time: 3092000 
Data Matched: Actual output: 0, Netlist Output 0, Time: 3096000 
Data Matched: Actual output: 0, Netlist Output 0, Time: 3100000 
Data Matched: Actual output: 0, Netlist Output 0, Time: 3104000 
Data Matched: Actual output: 0, Netlist Output 0, Time: 3108000 
Data Matched: Actual output: 1, Netlist Output 1, Time: 3112000 
Data Matched: Actual output: 1, Netlist Output 1, Time: 3116000 
Data Matched: Actual output: 1, Netlist Output 1, Time: 3120000 
Data Matched: Actual output: 0, Netlist Output 0, Time: 3124000 
Data Matched: Actual output: 0, Netlist Output 0, Time: 3128000 
Data Matched: Actual output: 0, Netlist Output 0, Time: 3132000 
Data Matched: Actual output: 0, Netlist Output 0, Time: 3136000 
Data Matched: Actual output: 1, Netlist Output 1, Time: 3140000 
Data Matched: Actual output: 1, Netlist Output 1, Time: 3144000 
Data Matched: Actual output: 0, Netlist Output 0, Time: 3148000 
Data Matched: Actual output: 0, Netlist Output 0, Time: 3152000 
Data Matched: Actual output: 0, Netlist Output 0, Time: 3156000 
Data Matched: Actual output: 0, Netlist Output 0, Time: 3160000 
Data Matched: Actual output: 0, Netlist Output 0, Time: 3164000 
Data Matched: Actual output: 1, Netlist Output 1, Time: 3168000 
Data Matched: Actual output: 0, Netlist Output 0, Time: 3172000 
Data Matched: Actual output: 0, Netlist Output 0, Time: 3176000 
Data Matched: Actual output: 0, Netlist Output 0, Time: 3180000 
Data Matched: Actual output: 1, Netlist Output 1, Time: 3184000 
Data Matched: Actual output: 0, Netlist Output 0, Time: 3188000 
Data Matched: Actual output: 1, Netlist Output 1, Time: 3192000 
Data Matched: Actual output: 0, Netlist Output 0, Time: 3196000 
Data Matched: Actual output: 0, Netlist Output 0, Time: 3200000 
Data Matched: Actual output: 1, Netlist Output 1, Time: 3204000 
Data Matched: Actual output: 0, Netlist Output 0, Time: 3208000 
Data Matched: Actual output: 0, Netlist Output 0, Time: 3212000 
Data Matched: Actual output: 0, Netlist Output 0, Time: 3216000 
Data Matched: Actual output: 0, Netlist Output 0, Time: 3220000 
Data Matched: Actual output: 0, Netlist Output 0, Time: 3224000 
Data Matched: Actual output: 0, Netlist Output 0, Time: 3228000 
Data Matched: Actual output: 0, Netlist Output 0, Time: 3232000 
Data Matched: Actual output: 0, Netlist Output 0, Time: 3236000 
Data Matched: Actual output: 1, Netlist Output 1, Time: 3240000 
Data Matched: Actual output: 1, Netlist Output 1, Time: 3244000 
Data Matched: Actual output: 0, Netlist Output 0, Time: 3248000 
Data Matched: Actual output: 0, Netlist Output 0, Time: 3252000 
Data Matched: Actual output: 0, Netlist Output 0, Time: 3256000 
Data Matched: Actual output: 0, Netlist Output 0, Time: 3260000 
Data Matched: Actual output: 1, Netlist Output 1, Time: 3264000 
Data Matched: Actual output: 0, Netlist Output 0, Time: 3268000 
Data Matched: Actual output: 0, Netlist Output 0, Time: 3272000 
Data Matched: Actual output: 1, Netlist Output 1, Time: 3276000 
Data Matched: Actual output: 0, Netlist Output 0, Time: 3280000 
Data Matched: Actual output: 1, Netlist Output 1, Time: 3284000 
Data Matched: Actual output: 1, Netlist Output 1, Time: 3288000 
Data Matched: Actual output: 1, Netlist Output 1, Time: 3292000 
Data Matched: Actual output: 0, Netlist Output 0, Time: 3296000 
Data Matched: Actual output: 1, Netlist Output 1, Time: 3300000 
Data Matched: Actual output: 1, Netlist Output 1, Time: 3304000 
Data Matched: Actual output: 0, Netlist Output 0, Time: 3308000 
Data Matched: Actual output: 0, Netlist Output 0, Time: 3312000 
Data Matched: Actual output: 0, Netlist Output 0, Time: 3316000 
Data Matched: Actual output: 0, Netlist Output 0, Time: 3320000 
Data Matched: Actual output: 1, Netlist Output 1, Time: 3324000 
Data Matched: Actual output: 0, Netlist Output 0, Time: 3328000 
Data Matched: Actual output: 0, Netlist Output 0, Time: 3332000 
Data Matched: Actual output: 1, Netlist Output 1, Time: 3336000 
Data Matched: Actual output: 1, Netlist Output 1, Time: 3340000 
Data Matched: Actual output: 0, Netlist Output 0, Time: 3344000 
Data Matched: Actual output: 0, Netlist Output 0, Time: 3348000 
Data Matched: Actual output: 1, Netlist Output 1, Time: 3352000 
Data Matched: Actual output: 0, Netlist Output 0, Time: 3356000 
Data Matched: Actual output: 0, Netlist Output 0, Time: 3360000 
Data Matched: Actual output: 0, Netlist Output 0, Time: 3364000 
Data Matched: Actual output: 0, Netlist Output 0, Time: 3368000 
Data Matched: Actual output: 1, Netlist Output 1, Time: 3372000 
Data Matched: Actual output: 1, Netlist Output 1, Time: 3376000 
Data Matched: Actual output: 1, Netlist Output 1, Time: 3380000 
Data Matched: Actual output: 0, Netlist Output 0, Time: 3384000 
Data Matched: Actual output: 1, Netlist Output 1, Time: 3388000 
Data Matched: Actual output: 0, Netlist Output 0, Time: 3392000 
Data Matched: Actual output: 1, Netlist Output 1, Time: 3396000 
Data Matched: Actual output: 0, Netlist Output 0, Time: 3400000 
Data Matched: Actual output: 0, Netlist Output 0, Time: 3404000 
Data Matched: Actual output: 0, Netlist Output 0, Time: 3408000 
Data Matched: Actual output: 0, Netlist Output 0, Time: 3412000 
Data Matched: Actual output: 0, Netlist Output 0, Time: 3416000 
Data Matched: Actual output: 1, Netlist Output 1, Time: 3420000 
Data Matched: Actual output: 0, Netlist Output 0, Time: 3424000 
Data Matched: Actual output: 0, Netlist Output 0, Time: 3428000 
Data Matched: Actual output: 0, Netlist Output 0, Time: 3432000 
Data Matched: Actual output: 0, Netlist Output 0, Time: 3436000 
Data Matched: Actual output: 1, Netlist Output 1, Time: 3440000 
Data Matched: Actual output: 1, Netlist Output 1, Time: 3444000 
Data Matched: Actual output: 0, Netlist Output 0, Time: 3448000 
Data Matched: Actual output: 1, Netlist Output 1, Time: 3452000 
Data Matched: Actual output: 1, Netlist Output 1, Time: 3456000 
Data Matched: Actual output: 0, Netlist Output 0, Time: 3460000 
Data Matched: Actual output: 0, Netlist Output 0, Time: 3464000 
Data Matched: Actual output: 0, Netlist Output 0, Time: 3468000 
Data Matched: Actual output: 1, Netlist Output 1, Time: 3472000 
Data Matched: Actual output: 0, Netlist Output 0, Time: 3476000 
Data Matched: Actual output: 0, Netlist Output 0, Time: 3480000 
Data Matched: Actual output: 0, Netlist Output 0, Time: 3484000 
Data Matched: Actual output: 0, Netlist Output 0, Time: 3488000 
Data Matched: Actual output: 0, Netlist Output 0, Time: 3492000 
Data Matched: Actual output: 0, Netlist Output 0, Time: 3496000 
Data Matched: Actual output: 1, Netlist Output 1, Time: 3500000 
Data Matched: Actual output: 0, Netlist Output 0, Time: 3504000 
Data Matched: Actual output: 1, Netlist Output 1, Time: 3508000 
Data Matched: Actual output: 0, Netlist Output 0, Time: 3512000 
Data Matched: Actual output: 0, Netlist Output 0, Time: 3516000 
Data Matched: Actual output: 0, Netlist Output 0, Time: 3520000 
Data Matched: Actual output: 0, Netlist Output 0, Time: 3524000 
Data Matched: Actual output: 0, Netlist Output 0, Time: 3528000 
Data Matched: Actual output: 0, Netlist Output 0, Time: 3532000 
Data Matched: Actual output: 0, Netlist Output 0, Time: 3536000 
Data Matched: Actual output: 0, Netlist Output 0, Time: 3540000 
Data Matched: Actual output: 0, Netlist Output 0, Time: 3544000 
Data Matched: Actual output: 0, Netlist Output 0, Time: 3548000 
Data Matched: Actual output: 1, Netlist Output 1, Time: 3552000 
Data Matched: Actual output: 0, Netlist Output 0, Time: 3556000 
Data Matched: Actual output: 0, Netlist Output 0, Time: 3560000 
Data Matched: Actual output: 0, Netlist Output 0, Time: 3564000 
Data Matched: Actual output: 0, Netlist Output 0, Time: 3568000 
Data Matched: Actual output: 1, Netlist Output 1, Time: 3572000 
Data Matched: Actual output: 1, Netlist Output 1, Time: 3576000 
Data Matched: Actual output: 1, Netlist Output 1, Time: 3580000 
Data Matched: Actual output: 0, Netlist Output 0, Time: 3584000 
Data Matched: Actual output: 0, Netlist Output 0, Time: 3588000 
Data Matched: Actual output: 0, Netlist Output 0, Time: 3592000 
Data Matched: Actual output: 1, Netlist Output 1, Time: 3596000 
Data Matched: Actual output: 0, Netlist Output 0, Time: 3600000 
Data Matched: Actual output: 0, Netlist Output 0, Time: 3604000 
Data Matched: Actual output: 0, Netlist Output 0, Time: 3608000 
Data Matched: Actual output: 1, Netlist Output 1, Time: 3612000 
Data Matched: Actual output: 0, Netlist Output 0, Time: 3616000 
Data Matched: Actual output: 0, Netlist Output 0, Time: 3620000 
Data Matched: Actual output: 0, Netlist Output 0, Time: 3624000 
Data Matched: Actual output: 0, Netlist Output 0, Time: 3628000 
Data Matched: Actual output: 0, Netlist Output 0, Time: 3632000 
Data Matched: Actual output: 0, Netlist Output 0, Time: 3636000 
Data Matched: Actual output: 0, Netlist Output 0, Time: 3640000 
Data Matched: Actual output: 1, Netlist Output 1, Time: 3644000 
Data Matched: Actual output: 0, Netlist Output 0, Time: 3648000 
Data Matched: Actual output: 1, Netlist Output 1, Time: 3652000 
Data Matched: Actual output: 0, Netlist Output 0, Time: 3656000 
Data Matched: Actual output: 0, Netlist Output 0, Time: 3660000 
Data Matched: Actual output: 0, Netlist Output 0, Time: 3664000 
Data Matched: Actual output: 1, Netlist Output 1, Time: 3668000 
Data Matched: Actual output: 0, Netlist Output 0, Time: 3672000 
Data Matched: Actual output: 0, Netlist Output 0, Time: 3676000 
Data Matched: Actual output: 1, Netlist Output 1, Time: 3680000 
Data Matched: Actual output: 0, Netlist Output 0, Time: 3684000 
Data Matched: Actual output: 1, Netlist Output 1, Time: 3688000 
Data Matched: Actual output: 1, Netlist Output 1, Time: 3692000 
Data Matched: Actual output: 1, Netlist Output 1, Time: 3696000 
Data Matched: Actual output: 0, Netlist Output 0, Time: 3700000 
Data Matched: Actual output: 1, Netlist Output 1, Time: 3704000 
Data Matched: Actual output: 0, Netlist Output 0, Time: 3708000 
Data Matched: Actual output: 0, Netlist Output 0, Time: 3712000 
Data Matched: Actual output: 0, Netlist Output 0, Time: 3716000 
Data Matched: Actual output: 1, Netlist Output 1, Time: 3720000 
Data Matched: Actual output: 0, Netlist Output 0, Time: 3724000 
Data Matched: Actual output: 1, Netlist Output 1, Time: 3728000 
Data Matched: Actual output: 0, Netlist Output 0, Time: 3732000 
Data Matched: Actual output: 0, Netlist Output 0, Time: 3736000 
Data Matched: Actual output: 1, Netlist Output 1, Time: 3740000 
Data Matched: Actual output: 0, Netlist Output 0, Time: 3744000 
Data Matched: Actual output: 0, Netlist Output 0, Time: 3748000 
Data Matched: Actual output: 0, Netlist Output 0, Time: 3752000 
Data Matched: Actual output: 0, Netlist Output 0, Time: 3756000 
Data Matched: Actual output: 0, Netlist Output 0, Time: 3760000 
Data Matched: Actual output: 0, Netlist Output 0, Time: 3764000 
Data Matched: Actual output: 1, Netlist Output 1, Time: 3768000 
Data Matched: Actual output: 0, Netlist Output 0, Time: 3772000 
Data Matched: Actual output: 0, Netlist Output 0, Time: 3776000 
Data Matched: Actual output: 0, Netlist Output 0, Time: 3780000 
Data Matched: Actual output: 0, Netlist Output 0, Time: 3784000 
Data Matched: Actual output: 1, Netlist Output 1, Time: 3788000 
Data Matched: Actual output: 1, Netlist Output 1, Time: 3792000 
Data Matched: Actual output: 0, Netlist Output 0, Time: 3796000 
Data Matched: Actual output: 0, Netlist Output 0, Time: 3800000 
Data Matched: Actual output: 0, Netlist Output 0, Time: 3804000 
Data Matched: Actual output: 0, Netlist Output 0, Time: 3808000 
Data Matched: Actual output: 1, Netlist Output 1, Time: 3812000 
Data Matched: Actual output: 0, Netlist Output 0, Time: 3816000 
Data Matched: Actual output: 0, Netlist Output 0, Time: 3820000 
Data Matched: Actual output: 0, Netlist Output 0, Time: 3824000 
Data Matched: Actual output: 0, Netlist Output 0, Time: 3828000 
Data Matched: Actual output: 0, Netlist Output 0, Time: 3832000 
Data Matched: Actual output: 0, Netlist Output 0, Time: 3836000 
Data Matched: Actual output: 0, Netlist Output 0, Time: 3840000 
Data Matched: Actual output: 0, Netlist Output 0, Time: 3844000 
Data Matched: Actual output: 0, Netlist Output 0, Time: 3848000 
Data Matched: Actual output: 0, Netlist Output 0, Time: 3852000 
Data Matched: Actual output: 0, Netlist Output 0, Time: 3856000 
Data Matched: Actual output: 0, Netlist Output 0, Time: 3860000 
Data Matched: Actual output: 1, Netlist Output 1, Time: 3864000 
Data Matched: Actual output: 1, Netlist Output 1, Time: 3868000 
Data Matched: Actual output: 0, Netlist Output 0, Time: 3872000 
Data Matched: Actual output: 0, Netlist Output 0, Time: 3876000 
Data Matched: Actual output: 0, Netlist Output 0, Time: 3880000 
Data Matched: Actual output: 1, Netlist Output 1, Time: 3884000 
Data Matched: Actual output: 0, Netlist Output 0, Time: 3888000 
Data Matched: Actual output: 0, Netlist Output 0, Time: 3892000 
Data Matched: Actual output: 0, Netlist Output 0, Time: 3896000 
Data Matched: Actual output: 0, Netlist Output 0, Time: 3900000 
Data Matched: Actual output: 0, Netlist Output 0, Time: 3904000 
Data Matched: Actual output: 1, Netlist Output 1, Time: 3908000 
Data Matched: Actual output: 0, Netlist Output 0, Time: 3912000 
Data Matched: Actual output: 0, Netlist Output 0, Time: 3916000 
Data Matched: Actual output: 0, Netlist Output 0, Time: 3920000 
Data Matched: Actual output: 0, Netlist Output 0, Time: 3924000 
Data Matched: Actual output: 0, Netlist Output 0, Time: 3928000 
Data Matched: Actual output: 0, Netlist Output 0, Time: 3932000 
Data Matched: Actual output: 0, Netlist Output 0, Time: 3936000 
Data Matched: Actual output: 1, Netlist Output 1, Time: 3940000 
Data Matched: Actual output: 0, Netlist Output 0, Time: 3944000 
Data Matched: Actual output: 0, Netlist Output 0, Time: 3948000 
Data Matched: Actual output: 1, Netlist Output 1, Time: 3952000 
Data Matched: Actual output: 1, Netlist Output 1, Time: 3956000 
Data Matched: Actual output: 0, Netlist Output 0, Time: 3960000 
Data Matched: Actual output: 0, Netlist Output 0, Time: 3964000 
Data Matched: Actual output: 0, Netlist Output 0, Time: 3968000 
Data Matched: Actual output: 0, Netlist Output 0, Time: 3972000 
Data Matched: Actual output: 0, Netlist Output 0, Time: 3976000 
Data Matched: Actual output: 1, Netlist Output 1, Time: 3980000 
Data Matched: Actual output: 1, Netlist Output 1, Time: 3984000 
Data Matched: Actual output: 1, Netlist Output 1, Time: 3988000 
Data Matched: Actual output: 1, Netlist Output 1, Time: 3992000 
Data Matched: Actual output: 0, Netlist Output 0, Time: 3996000 
Data Matched: Actual output: 0, Netlist Output 0, Time: 4000000 
Data Matched: Actual output: 0, Netlist Output 0, Time: 4004000 
Data Matched: Actual output: 0, Netlist Output 0, Time: 4008000 
Data Matched: Actual output: 0, Netlist Output 0, Time: 4012000 
Data Matched: Actual output: 0, Netlist Output 0, Time: 4016000 
Data Matched: Actual output: 0, Netlist Output 0, Time: 4020000 
Data Matched: Actual output: 1, Netlist Output 1, Time: 4024000 
Data Matched: Actual output: 0, Netlist Output 0, Time: 4028000 
Data Matched: Actual output: 0, Netlist Output 0, Time: 4032000 
Data Matched: Actual output: 1, Netlist Output 1, Time: 4036000 
Data Matched: Actual output: 1, Netlist Output 1, Time: 4040000 
Data Matched: Actual output: 0, Netlist Output 0, Time: 4044000 
Data Matched: Actual output: 0, Netlist Output 0, Time: 4048000 
Data Matched: Actual output: 0, Netlist Output 0, Time: 4052000 
Data Matched: Actual output: 0, Netlist Output 0, Time: 4056000 
Data Matched: Actual output: 0, Netlist Output 0, Time: 4060000 
Data Matched: Actual output: 0, Netlist Output 0, Time: 4064000 
Data Matched: Actual output: 0, Netlist Output 0, Time: 4068000 
Data Matched: Actual output: 0, Netlist Output 0, Time: 4072000 
Data Matched: Actual output: 1, Netlist Output 1, Time: 4076000 
Data Matched: Actual output: 0, Netlist Output 0, Time: 4080000 
Data Matched: Actual output: 1, Netlist Output 1, Time: 4084000 
Data Matched: Actual output: 0, Netlist Output 0, Time: 4088000 
Data Matched: Actual output: 0, Netlist Output 0, Time: 4092000 
Data Matched: Actual output: 0, Netlist Output 0, Time: 4096000 
Data Matched: Actual output: 0, Netlist Output 0, Time: 4100000 
Data Matched: Actual output: 0, Netlist Output 0, Time: 4104000 
Data Matched: Actual output: 0, Netlist Output 0, Time: 4108000 
Data Matched: Actual output: 0, Netlist Output 0, Time: 4112000 
Data Matched: Actual output: 0, Netlist Output 0, Time: 4116000 
Data Matched: Actual output: 0, Netlist Output 0, Time: 4120000 
Data Matched: Actual output: 1, Netlist Output 1, Time: 4124000 
Data Matched: Actual output: 1, Netlist Output 1, Time: 4128000 
Data Matched: Actual output: 0, Netlist Output 0, Time: 4132000 
Data Matched: Actual output: 0, Netlist Output 0, Time: 4136000 
Data Matched: Actual output: 1, Netlist Output 1, Time: 4140000 
Data Matched: Actual output: 0, Netlist Output 0, Time: 4144000 
Data Matched: Actual output: 0, Netlist Output 0, Time: 4148000 
Data Matched: Actual output: 0, Netlist Output 0, Time: 4152000 
Data Matched: Actual output: 0, Netlist Output 0, Time: 4156000 
Data Matched: Actual output: 1, Netlist Output 1, Time: 4160000 
Data Matched: Actual output: 0, Netlist Output 0, Time: 4164000 
Data Matched: Actual output: 1, Netlist Output 1, Time: 4168000 
Data Matched: Actual output: 1, Netlist Output 1, Time: 4172000 
Data Matched: Actual output: 1, Netlist Output 1, Time: 4176000 
Data Matched: Actual output: 1, Netlist Output 1, Time: 4180000 
Data Matched: Actual output: 0, Netlist Output 0, Time: 4184000 
Data Matched: Actual output: 0, Netlist Output 0, Time: 4188000 
Data Matched: Actual output: 0, Netlist Output 0, Time: 4192000 
Data Matched: Actual output: 0, Netlist Output 0, Time: 4196000 
Data Matched: Actual output: 1, Netlist Output 1, Time: 4200000 
Data Matched: Actual output: 1, Netlist Output 1, Time: 4204000 
Data Matched: Actual output: 0, Netlist Output 0, Time: 4208000 
Data Matched: Actual output: 0, Netlist Output 0, Time: 4212000 
Data Matched: Actual output: 0, Netlist Output 0, Time: 4216000 
Data Matched: Actual output: 0, Netlist Output 0, Time: 4220000 
Data Matched: Actual output: 0, Netlist Output 0, Time: 4224000 
Data Matched: Actual output: 0, Netlist Output 0, Time: 4228000 
Data Matched: Actual output: 0, Netlist Output 0, Time: 4232000 
Data Matched: Actual output: 0, Netlist Output 0, Time: 4236000 
Data Matched: Actual output: 1, Netlist Output 1, Time: 4240000 
Data Matched: Actual output: 1, Netlist Output 1, Time: 4244000 
Data Matched: Actual output: 0, Netlist Output 0, Time: 4248000 
Data Matched: Actual output: 1, Netlist Output 1, Time: 4252000 
Data Matched: Actual output: 0, Netlist Output 0, Time: 4256000 
Data Matched: Actual output: 0, Netlist Output 0, Time: 4260000 
Data Matched: Actual output: 0, Netlist Output 0, Time: 4264000 
Data Matched: Actual output: 1, Netlist Output 1, Time: 4268000 
Data Matched: Actual output: 0, Netlist Output 0, Time: 4272000 
Data Matched: Actual output: 0, Netlist Output 0, Time: 4276000 
Data Matched: Actual output: 0, Netlist Output 0, Time: 4280000 
Data Matched: Actual output: 1, Netlist Output 1, Time: 4284000 
Data Matched: Actual output: 1, Netlist Output 1, Time: 4288000 
Data Matched: Actual output: 0, Netlist Output 0, Time: 4292000 
Data Matched: Actual output: 0, Netlist Output 0, Time: 4296000 
Data Matched: Actual output: 0, Netlist Output 0, Time: 4300000 
Data Matched: Actual output: 1, Netlist Output 1, Time: 4304000 
Data Matched: Actual output: 0, Netlist Output 0, Time: 4308000 
Data Matched: Actual output: 1, Netlist Output 1, Time: 4312000 
Data Matched: Actual output: 0, Netlist Output 0, Time: 4316000 
Data Matched: Actual output: 1, Netlist Output 1, Time: 4320000 
Data Matched: Actual output: 0, Netlist Output 0, Time: 4324000 
Data Matched: Actual output: 0, Netlist Output 0, Time: 4328000 
Data Matched: Actual output: 0, Netlist Output 0, Time: 4332000 
Data Matched: Actual output: 1, Netlist Output 1, Time: 4336000 
Data Matched: Actual output: 0, Netlist Output 0, Time: 4340000 
Data Matched: Actual output: 0, Netlist Output 0, Time: 4344000 
Data Matched: Actual output: 0, Netlist Output 0, Time: 4348000 
Data Matched: Actual output: 0, Netlist Output 0, Time: 4352000 
Data Matched: Actual output: 0, Netlist Output 0, Time: 4356000 
Data Matched: Actual output: 0, Netlist Output 0, Time: 4360000 
Data Matched: Actual output: 0, Netlist Output 0, Time: 4364000 
Data Matched: Actual output: 1, Netlist Output 1, Time: 4368000 
Data Matched: Actual output: 0, Netlist Output 0, Time: 4372000 
Data Matched: Actual output: 0, Netlist Output 0, Time: 4376000 
Data Matched: Actual output: 0, Netlist Output 0, Time: 4380000 
Data Matched: Actual output: 0, Netlist Output 0, Time: 4384000 
Data Matched: Actual output: 0, Netlist Output 0, Time: 4388000 
Data Matched: Actual output: 0, Netlist Output 0, Time: 4392000 
Data Matched: Actual output: 1, Netlist Output 1, Time: 4396000 
Data Matched: Actual output: 0, Netlist Output 0, Time: 4400000 
Data Matched: Actual output: 1, Netlist Output 1, Time: 4404000 
Data Matched: Actual output: 1, Netlist Output 1, Time: 4408000 
Data Matched: Actual output: 1, Netlist Output 1, Time: 4412000 
Data Matched: Actual output: 1, Netlist Output 1, Time: 4416000 
Data Matched: Actual output: 1, Netlist Output 1, Time: 4420000 
Data Matched: Actual output: 0, Netlist Output 0, Time: 4424000 
Data Matched: Actual output: 0, Netlist Output 0, Time: 4428000 
Data Matched: Actual output: 0, Netlist Output 0, Time: 4432000 
Data Matched: Actual output: 1, Netlist Output 1, Time: 4436000 
Data Matched: Actual output: 1, Netlist Output 1, Time: 4440000 
Data Matched: Actual output: 0, Netlist Output 0, Time: 4444000 
Data Matched: Actual output: 1, Netlist Output 1, Time: 4448000 
Data Matched: Actual output: 0, Netlist Output 0, Time: 4452000 
Data Matched: Actual output: 0, Netlist Output 0, Time: 4456000 
Data Matched: Actual output: 0, Netlist Output 0, Time: 4460000 
Data Matched: Actual output: 0, Netlist Output 0, Time: 4464000 
Data Matched: Actual output: 0, Netlist Output 0, Time: 4468000 
Data Matched: Actual output: 0, Netlist Output 0, Time: 4472000 
Data Matched: Actual output: 0, Netlist Output 0, Time: 4476000 
Data Matched: Actual output: 0, Netlist Output 0, Time: 4480000 
Data Matched: Actual output: 0, Netlist Output 0, Time: 4484000 
Data Matched: Actual output: 1, Netlist Output 1, Time: 4488000 
Data Matched: Actual output: 0, Netlist Output 0, Time: 4492000 
Data Matched: Actual output: 0, Netlist Output 0, Time: 4496000 
Data Matched: Actual output: 0, Netlist Output 0, Time: 4500000 
Data Matched: Actual output: 0, Netlist Output 0, Time: 4504000 
Data Matched: Actual output: 0, Netlist Output 0, Time: 4508000 
Data Matched: Actual output: 0, Netlist Output 0, Time: 4512000 
Data Matched: Actual output: 0, Netlist Output 0, Time: 4516000 
Data Matched: Actual output: 0, Netlist Output 0, Time: 4520000 
Data Matched: Actual output: 1, Netlist Output 1, Time: 4524000 
Data Matched: Actual output: 1, Netlist Output 1, Time: 4528000 
Data Matched: Actual output: 0, Netlist Output 0, Time: 4532000 
Data Matched: Actual output: 0, Netlist Output 0, Time: 4536000 
Data Matched: Actual output: 0, Netlist Output 0, Time: 4540000 
Data Matched: Actual output: 0, Netlist Output 0, Time: 4544000 
Data Matched: Actual output: 0, Netlist Output 0, Time: 4548000 
Data Matched: Actual output: 1, Netlist Output 1, Time: 4552000 
Data Matched: Actual output: 0, Netlist Output 0, Time: 4556000 
Data Matched: Actual output: 1, Netlist Output 1, Time: 4560000 
Data Matched: Actual output: 1, Netlist Output 1, Time: 4564000 
Data Matched: Actual output: 0, Netlist Output 0, Time: 4568000 
Data Matched: Actual output: 0, Netlist Output 0, Time: 4572000 
Data Matched: Actual output: 0, Netlist Output 0, Time: 4576000 
Data Matched: Actual output: 0, Netlist Output 0, Time: 4580000 
Data Matched: Actual output: 1, Netlist Output 1, Time: 4584000 
Data Matched: Actual output: 0, Netlist Output 0, Time: 4588000 
Data Matched: Actual output: 0, Netlist Output 0, Time: 4592000 
Data Matched: Actual output: 0, Netlist Output 0, Time: 4596000 
Data Matched: Actual output: 1, Netlist Output 1, Time: 4600000 
Data Matched: Actual output: 0, Netlist Output 0, Time: 4604000 
Data Matched: Actual output: 0, Netlist Output 0, Time: 4608000 
Data Matched: Actual output: 0, Netlist Output 0, Time: 4612000 
Data Matched: Actual output: 0, Netlist Output 0, Time: 4616000 
Data Matched: Actual output: 0, Netlist Output 0, Time: 4620000 
Data Matched: Actual output: 0, Netlist Output 0, Time: 4624000 
Data Matched: Actual output: 0, Netlist Output 0, Time: 4628000 
Data Matched: Actual output: 1, Netlist Output 1, Time: 4632000 
Data Matched: Actual output: 0, Netlist Output 0, Time: 4636000 
Data Matched: Actual output: 0, Netlist Output 0, Time: 4640000 
Data Matched: Actual output: 0, Netlist Output 0, Time: 4644000 
Data Matched: Actual output: 0, Netlist Output 0, Time: 4648000 
Data Matched: Actual output: 0, Netlist Output 0, Time: 4652000 
Data Matched: Actual output: 1, Netlist Output 1, Time: 4656000 
Data Matched: Actual output: 0, Netlist Output 0, Time: 4660000 
Data Matched: Actual output: 1, Netlist Output 1, Time: 4664000 
Data Matched: Actual output: 0, Netlist Output 0, Time: 4668000 
Data Matched: Actual output: 0, Netlist Output 0, Time: 4672000 
Data Matched: Actual output: 0, Netlist Output 0, Time: 4676000 
Data Matched: Actual output: 0, Netlist Output 0, Time: 4680000 
Data Matched: Actual output: 0, Netlist Output 0, Time: 4684000 
Data Matched: Actual output: 1, Netlist Output 1, Time: 4688000 
Data Matched: Actual output: 1, Netlist Output 1, Time: 4692000 
Data Matched: Actual output: 0, Netlist Output 0, Time: 4696000 
Data Matched: Actual output: 0, Netlist Output 0, Time: 4700000 
Data Matched: Actual output: 0, Netlist Output 0, Time: 4704000 
Data Matched: Actual output: 0, Netlist Output 0, Time: 4708000 
Data Matched: Actual output: 1, Netlist Output 1, Time: 4712000 
Data Matched: Actual output: 1, Netlist Output 1, Time: 4716000 
Data Matched: Actual output: 0, Netlist Output 0, Time: 4720000 
Data Matched: Actual output: 1, Netlist Output 1, Time: 4724000 
Data Matched: Actual output: 0, Netlist Output 0, Time: 4728000 
Data Matched: Actual output: 0, Netlist Output 0, Time: 4732000 
Data Matched: Actual output: 0, Netlist Output 0, Time: 4736000 
Data Matched: Actual output: 0, Netlist Output 0, Time: 4740000 
Data Matched: Actual output: 0, Netlist Output 0, Time: 4744000 
Data Matched: Actual output: 0, Netlist Output 0, Time: 4748000 
Data Matched: Actual output: 0, Netlist Output 0, Time: 4752000 
Data Matched: Actual output: 0, Netlist Output 0, Time: 4756000 
Data Matched: Actual output: 1, Netlist Output 1, Time: 4760000 
Data Matched: Actual output: 0, Netlist Output 0, Time: 4764000 
Data Matched: Actual output: 0, Netlist Output 0, Time: 4768000 
Data Matched: Actual output: 0, Netlist Output 0, Time: 4772000 
Data Matched: Actual output: 0, Netlist Output 0, Time: 4776000 
Data Matched: Actual output: 0, Netlist Output 0, Time: 4780000 
Data Matched: Actual output: 0, Netlist Output 0, Time: 4784000 
Data Matched: Actual output: 0, Netlist Output 0, Time: 4788000 
Data Matched: Actual output: 0, Netlist Output 0, Time: 4792000 
Data Matched: Actual output: 0, Netlist Output 0, Time: 4796000 
Data Matched: Actual output: 0, Netlist Output 0, Time: 4800000 
Data Matched: Actual output: 1, Netlist Output 1, Time: 4804000 
Data Matched: Actual output: 1, Netlist Output 1, Time: 4808000 
Data Matched: Actual output: 0, Netlist Output 0, Time: 4812000 
Data Matched: Actual output: 0, Netlist Output 0, Time: 4816000 
Data Matched: Actual output: 0, Netlist Output 0, Time: 4820000 
Data Matched: Actual output: 1, Netlist Output 1, Time: 4824000 
Data Matched: Actual output: 0, Netlist Output 0, Time: 4828000 
Data Matched: Actual output: 0, Netlist Output 0, Time: 4832000 
Data Matched: Actual output: 1, Netlist Output 1, Time: 4836000 
Data Matched: Actual output: 0, Netlist Output 0, Time: 4840000 
Data Matched: Actual output: 0, Netlist Output 0, Time: 4844000 
Data Matched: Actual output: 1, Netlist Output 1, Time: 4848000 
Data Matched: Actual output: 0, Netlist Output 0, Time: 4852000 
Data Matched: Actual output: 0, Netlist Output 0, Time: 4856000 
Data Matched: Actual output: 0, Netlist Output 0, Time: 4860000 
Data Matched: Actual output: 0, Netlist Output 0, Time: 4864000 
Data Matched: Actual output: 0, Netlist Output 0, Time: 4868000 
Data Matched: Actual output: 0, Netlist Output 0, Time: 4872000 
Data Matched: Actual output: 0, Netlist Output 0, Time: 4876000 
Data Matched: Actual output: 0, Netlist Output 0, Time: 4880000 
Data Matched: Actual output: 0, Netlist Output 0, Time: 4884000 
Data Matched: Actual output: 0, Netlist Output 0, Time: 4888000 
Data Matched: Actual output: 0, Netlist Output 0, Time: 4892000 
Data Matched: Actual output: 0, Netlist Output 0, Time: 4896000 
Data Matched: Actual output: 1, Netlist Output 1, Time: 4900000 
Data Matched: Actual output: 0, Netlist Output 0, Time: 4904000 
Data Matched: Actual output: 1, Netlist Output 1, Time: 4908000 
Data Matched: Actual output: 0, Netlist Output 0, Time: 4912000 
Data Matched: Actual output: 0, Netlist Output 0, Time: 4916000 
Data Matched: Actual output: 0, Netlist Output 0, Time: 4920000 
Data Matched: Actual output: 0, Netlist Output 0, Time: 4924000 
Data Matched: Actual output: 1, Netlist Output 1, Time: 4928000 
Data Matched: Actual output: 0, Netlist Output 0, Time: 4932000 
Data Matched: Actual output: 1, Netlist Output 1, Time: 4936000 
Data Matched: Actual output: 0, Netlist Output 0, Time: 4940000 
Data Matched: Actual output: 0, Netlist Output 0, Time: 4944000 
Data Matched: Actual output: 0, Netlist Output 0, Time: 4948000 
Data Matched: Actual output: 0, Netlist Output 0, Time: 4952000 
Data Matched: Actual output: 1, Netlist Output 1, Time: 4956000 
Data Matched: Actual output: 0, Netlist Output 0, Time: 4960000 
Data Matched: Actual output: 0, Netlist Output 0, Time: 4964000 
Data Matched: Actual output: 1, Netlist Output 1, Time: 4968000 
Data Matched: Actual output: 0, Netlist Output 0, Time: 4972000 
Data Matched: Actual output: 0, Netlist Output 0, Time: 4976000 
Data Matched: Actual output: 1, Netlist Output 1, Time: 4980000 
Data Matched: Actual output: 0, Netlist Output 0, Time: 4984000 
Data Matched: Actual output: 1, Netlist Output 1, Time: 4988000 
Data Matched: Actual output: 0, Netlist Output 0, Time: 4992000 
Data Matched: Actual output: 1, Netlist Output 1, Time: 4996000 
Data Matched: Actual output: 0, Netlist Output 0, Time: 5000000 
Data Matched: Actual output: 0, Netlist Output 0, Time: 5004000 
Data Matched: Actual output: 0, Netlist Output 0, Time: 5008000 
Data Matched: Actual output: 0, Netlist Output 0, Time: 5012000 
Data Matched: Actual output: 1, Netlist Output 1, Time: 5016000 
Data Matched: Actual output: 0, Netlist Output 0, Time: 5020000 
Data Matched: Actual output: 0, Netlist Output 0, Time: 5024000 
Data Matched: Actual output: 0, Netlist Output 0, Time: 5028000 
Data Matched: Actual output: 0, Netlist Output 0, Time: 5032000 
Data Matched: Actual output: 1, Netlist Output 1, Time: 5036000 
Data Matched: Actual output: 0, Netlist Output 0, Time: 5040000 
Data Matched: Actual output: 1, Netlist Output 1, Time: 5044000 
Data Matched: Actual output: 1, Netlist Output 1, Time: 5048000 
Data Matched: Actual output: 0, Netlist Output 0, Time: 5052000 
Data Matched: Actual output: 1, Netlist Output 1, Time: 5056000 
Data Matched: Actual output: 0, Netlist Output 0, Time: 5060000 
Data Matched: Actual output: 0, Netlist Output 0, Time: 5064000 
Data Matched: Actual output: 0, Netlist Output 0, Time: 5068000 
Data Matched: Actual output: 0, Netlist Output 0, Time: 5072000 
Data Matched: Actual output: 0, Netlist Output 0, Time: 5076000 
Data Matched: Actual output: 0, Netlist Output 0, Time: 5080000 
Data Matched: Actual output: 0, Netlist Output 0, Time: 5084000 
Data Matched: Actual output: 1, Netlist Output 1, Time: 5088000 
Data Matched: Actual output: 1, Netlist Output 1, Time: 5092000 
Data Matched: Actual output: 1, Netlist Output 1, Time: 5096000 
Data Matched: Actual output: 0, Netlist Output 0, Time: 5100000 
Data Matched: Actual output: 0, Netlist Output 0, Time: 5104000 
Data Matched: Actual output: 0, Netlist Output 0, Time: 5108000 
Data Matched: Actual output: 0, Netlist Output 0, Time: 5112000 
Data Matched: Actual output: 0, Netlist Output 0, Time: 5116000 
Data Matched: Actual output: 0, Netlist Output 0, Time: 5120000 
Data Matched: Actual output: 1, Netlist Output 1, Time: 5124000 
Data Matched: Actual output: 0, Netlist Output 0, Time: 5128000 
Data Matched: Actual output: 0, Netlist Output 0, Time: 5132000 
Data Matched: Actual output: 0, Netlist Output 0, Time: 5136000 
Data Matched: Actual output: 1, Netlist Output 1, Time: 5140000 
Data Matched: Actual output: 0, Netlist Output 0, Time: 5144000 
Data Matched: Actual output: 1, Netlist Output 1, Time: 5148000 
Data Matched: Actual output: 1, Netlist Output 1, Time: 5152000 
Data Matched: Actual output: 0, Netlist Output 0, Time: 5156000 
Data Matched: Actual output: 0, Netlist Output 0, Time: 5160000 
Data Matched: Actual output: 0, Netlist Output 0, Time: 5164000 
Data Matched: Actual output: 0, Netlist Output 0, Time: 5168000 
Data Matched: Actual output: 0, Netlist Output 0, Time: 5172000 
Data Matched: Actual output: 0, Netlist Output 0, Time: 5176000 
Data Matched: Actual output: 0, Netlist Output 0, Time: 5180000 
Data Matched: Actual output: 0, Netlist Output 0, Time: 5184000 
Data Matched: Actual output: 1, Netlist Output 1, Time: 5188000 
Data Matched: Actual output: 1, Netlist Output 1, Time: 5192000 
Data Matched: Actual output: 1, Netlist Output 1, Time: 5196000 
Data Matched: Actual output: 0, Netlist Output 0, Time: 5200000 
Data Matched: Actual output: 0, Netlist Output 0, Time: 5204000 
Data Matched: Actual output: 1, Netlist Output 1, Time: 5208000 
Data Matched: Actual output: 0, Netlist Output 0, Time: 5212000 
Data Matched: Actual output: 0, Netlist Output 0, Time: 5216000 
Data Matched: Actual output: 0, Netlist Output 0, Time: 5220000 
Data Matched: Actual output: 0, Netlist Output 0, Time: 5224000 
Data Matched: Actual output: 0, Netlist Output 0, Time: 5228000 
Data Matched: Actual output: 0, Netlist Output 0, Time: 5232000 
Data Matched: Actual output: 1, Netlist Output 1, Time: 5236000 
Data Matched: Actual output: 0, Netlist Output 0, Time: 5240000 
Data Matched: Actual output: 1, Netlist Output 1, Time: 5244000 
Data Matched: Actual output: 0, Netlist Output 0, Time: 5248000 
Data Matched: Actual output: 0, Netlist Output 0, Time: 5252000 
Data Matched: Actual output: 0, Netlist Output 0, Time: 5256000 
Data Matched: Actual output: 1, Netlist Output 1, Time: 5260000 
Data Matched: Actual output: 0, Netlist Output 0, Time: 5264000 
Data Matched: Actual output: 0, Netlist Output 0, Time: 5268000 
Data Matched: Actual output: 0, Netlist Output 0, Time: 5272000 
Data Matched: Actual output: 0, Netlist Output 0, Time: 5276000 
Data Matched: Actual output: 0, Netlist Output 0, Time: 5280000 
Data Matched: Actual output: 0, Netlist Output 0, Time: 5284000 
Data Matched: Actual output: 0, Netlist Output 0, Time: 5288000 
Data Matched: Actual output: 0, Netlist Output 0, Time: 5292000 
Data Matched: Actual output: 0, Netlist Output 0, Time: 5296000 
Data Matched: Actual output: 0, Netlist Output 0, Time: 5300000 
Data Matched: Actual output: 0, Netlist Output 0, Time: 5304000 
Data Matched: Actual output: 1, Netlist Output 1, Time: 5308000 
Data Matched: Actual output: 1, Netlist Output 1, Time: 5312000 
Data Matched: Actual output: 1, Netlist Output 1, Time: 5316000 
Data Matched: Actual output: 1, Netlist Output 1, Time: 5320000 
Data Matched: Actual output: 1, Netlist Output 1, Time: 5324000 
Data Matched: Actual output: 0, Netlist Output 0, Time: 5328000 
Data Matched: Actual output: 0, Netlist Output 0, Time: 5332000 
Data Matched: Actual output: 1, Netlist Output 1, Time: 5336000 
Data Matched: Actual output: 0, Netlist Output 0, Time: 5340000 
Data Matched: Actual output: 0, Netlist Output 0, Time: 5344000 
Data Matched: Actual output: 0, Netlist Output 0, Time: 5348000 
Data Matched: Actual output: 0, Netlist Output 0, Time: 5352000 
Data Matched: Actual output: 1, Netlist Output 1, Time: 5356000 
Data Matched: Actual output: 0, Netlist Output 0, Time: 5360000 
Data Matched: Actual output: 1, Netlist Output 1, Time: 5364000 
Data Matched: Actual output: 0, Netlist Output 0, Time: 5368000 
Data Matched: Actual output: 1, Netlist Output 1, Time: 5372000 
Data Matched: Actual output: 0, Netlist Output 0, Time: 5376000 
Data Matched: Actual output: 0, Netlist Output 0, Time: 5380000 
Data Matched: Actual output: 0, Netlist Output 0, Time: 5384000 
Data Matched: Actual output: 1, Netlist Output 1, Time: 5388000 
Data Matched: Actual output: 0, Netlist Output 0, Time: 5392000 
Data Matched: Actual output: 0, Netlist Output 0, Time: 5396000 
Data Matched: Actual output: 0, Netlist Output 0, Time: 5400000 
Data Matched: Actual output: 0, Netlist Output 0, Time: 5404000 
Data Matched: Actual output: 1, Netlist Output 1, Time: 5408000 
Data Matched: Actual output: 0, Netlist Output 0, Time: 5412000 
Data Matched: Actual output: 0, Netlist Output 0, Time: 5416000 
Data Matched: Actual output: 1, Netlist Output 1, Time: 5420000 
Data Matched: Actual output: 0, Netlist Output 0, Time: 5424000 
Data Matched: Actual output: 0, Netlist Output 0, Time: 5428000 
Data Matched: Actual output: 0, Netlist Output 0, Time: 5432000 
Data Matched: Actual output: 0, Netlist Output 0, Time: 5436000 
Data Matched: Actual output: 0, Netlist Output 0, Time: 5440000 
Data Matched: Actual output: 0, Netlist Output 0, Time: 5444000 
Data Matched: Actual output: 1, Netlist Output 1, Time: 5448000 
Data Matched: Actual output: 0, Netlist Output 0, Time: 5452000 
Data Matched: Actual output: 0, Netlist Output 0, Time: 5456000 
Data Matched: Actual output: 1, Netlist Output 1, Time: 5460000 
Data Matched: Actual output: 0, Netlist Output 0, Time: 5464000 
Data Matched: Actual output: 0, Netlist Output 0, Time: 5468000 
Data Matched: Actual output: 0, Netlist Output 0, Time: 5472000 
Data Matched: Actual output: 0, Netlist Output 0, Time: 5476000 
Data Matched: Actual output: 0, Netlist Output 0, Time: 5480000 
Data Matched: Actual output: 0, Netlist Output 0, Time: 5484000 
Data Matched: Actual output: 0, Netlist Output 0, Time: 5488000 
Data Matched: Actual output: 0, Netlist Output 0, Time: 5492000 
Data Matched: Actual output: 0, Netlist Output 0, Time: 5496000 
Data Matched: Actual output: 1, Netlist Output 1, Time: 5500000 
Data Matched: Actual output: 0, Netlist Output 0, Time: 5504000 
Data Matched: Actual output: 0, Netlist Output 0, Time: 5508000 
Data Matched: Actual output: 0, Netlist Output 0, Time: 5512000 
Data Matched: Actual output: 0, Netlist Output 0, Time: 5516000 
Data Matched: Actual output: 0, Netlist Output 0, Time: 5520000 
Data Matched: Actual output: 0, Netlist Output 0, Time: 5524000 
Data Matched: Actual output: 0, Netlist Output 0, Time: 5528000 
Data Matched: Actual output: 0, Netlist Output 0, Time: 5532000 
Data Matched: Actual output: 0, Netlist Output 0, Time: 5536000 
Data Matched: Actual output: 1, Netlist Output 1, Time: 5540000 
Data Matched: Actual output: 0, Netlist Output 0, Time: 5544000 
Data Matched: Actual output: 0, Netlist Output 0, Time: 5548000 
Data Matched: Actual output: 0, Netlist Output 0, Time: 5552000 
Data Matched: Actual output: 1, Netlist Output 1, Time: 5556000 
Data Matched: Actual output: 0, Netlist Output 0, Time: 5560000 
Data Matched: Actual output: 0, Netlist Output 0, Time: 5564000 
Data Matched: Actual output: 0, Netlist Output 0, Time: 5568000 
Data Matched: Actual output: 0, Netlist Output 0, Time: 5572000 
Data Matched: Actual output: 0, Netlist Output 0, Time: 5576000 
Data Matched: Actual output: 0, Netlist Output 0, Time: 5580000 
Data Matched: Actual output: 0, Netlist Output 0, Time: 5584000 
Data Matched: Actual output: 0, Netlist Output 0, Time: 5588000 
Data Matched: Actual output: 1, Netlist Output 1, Time: 5592000 
Data Matched: Actual output: 0, Netlist Output 0, Time: 5596000 
Data Matched: Actual output: 0, Netlist Output 0, Time: 5600000 
Data Matched: Actual output: 0, Netlist Output 0, Time: 5604000 
Data Matched: Actual output: 0, Netlist Output 0, Time: 5608000 
Data Matched: Actual output: 0, Netlist Output 0, Time: 5612000 
Data Matched: Actual output: 0, Netlist Output 0, Time: 5616000 
Data Matched: Actual output: 1, Netlist Output 1, Time: 5620000 
Data Matched: Actual output: 0, Netlist Output 0, Time: 5624000 
Data Matched: Actual output: 0, Netlist Output 0, Time: 5628000 
Data Matched: Actual output: 1, Netlist Output 1, Time: 5632000 
Data Matched: Actual output: 0, Netlist Output 0, Time: 5636000 
Data Matched: Actual output: 0, Netlist Output 0, Time: 5640000 
Data Matched: Actual output: 0, Netlist Output 0, Time: 5644000 
Data Matched: Actual output: 0, Netlist Output 0, Time: 5648000 
Data Matched: Actual output: 0, Netlist Output 0, Time: 5652000 
Data Matched: Actual output: 0, Netlist Output 0, Time: 5656000 
Data Matched: Actual output: 0, Netlist Output 0, Time: 5660000 
Data Matched: Actual output: 1, Netlist Output 1, Time: 5664000 
Data Matched: Actual output: 0, Netlist Output 0, Time: 5668000 
Data Matched: Actual output: 0, Netlist Output 0, Time: 5672000 
Data Matched: Actual output: 0, Netlist Output 0, Time: 5676000 
Data Matched: Actual output: 1, Netlist Output 1, Time: 5680000 
Data Matched: Actual output: 1, Netlist Output 1, Time: 5684000 
Data Matched: Actual output: 0, Netlist Output 0, Time: 5688000 
Data Matched: Actual output: 1, Netlist Output 1, Time: 5692000 
Data Matched: Actual output: 1, Netlist Output 1, Time: 5696000 
Data Matched: Actual output: 0, Netlist Output 0, Time: 5700000 
Data Matched: Actual output: 0, Netlist Output 0, Time: 5704000 
Data Matched: Actual output: 0, Netlist Output 0, Time: 5708000 
Data Matched: Actual output: 0, Netlist Output 0, Time: 5712000 
Data Matched: Actual output: 1, Netlist Output 1, Time: 5716000 
Data Matched: Actual output: 0, Netlist Output 0, Time: 5720000 
Data Matched: Actual output: 0, Netlist Output 0, Time: 5724000 
Data Matched: Actual output: 0, Netlist Output 0, Time: 5728000 
Data Matched: Actual output: 0, Netlist Output 0, Time: 5732000 
Data Matched: Actual output: 0, Netlist Output 0, Time: 5736000 
Data Matched: Actual output: 0, Netlist Output 0, Time: 5740000 
Data Matched: Actual output: 1, Netlist Output 1, Time: 5744000 
Data Matched: Actual output: 0, Netlist Output 0, Time: 5748000 
Data Matched: Actual output: 0, Netlist Output 0, Time: 5752000 
Data Matched: Actual output: 0, Netlist Output 0, Time: 5756000 
Data Matched: Actual output: 0, Netlist Output 0, Time: 5760000 
Data Matched: Actual output: 0, Netlist Output 0, Time: 5764000 
Data Matched: Actual output: 0, Netlist Output 0, Time: 5768000 
Data Matched: Actual output: 0, Netlist Output 0, Time: 5772000 
Data Matched: Actual output: 0, Netlist Output 0, Time: 5776000 
Data Matched: Actual output: 1, Netlist Output 1, Time: 5780000 
Data Matched: Actual output: 0, Netlist Output 0, Time: 5784000 
Data Matched: Actual output: 1, Netlist Output 1, Time: 5788000 
Data Matched: Actual output: 0, Netlist Output 0, Time: 5792000 
Data Matched: Actual output: 1, Netlist Output 1, Time: 5796000 
Data Matched: Actual output: 0, Netlist Output 0, Time: 5800000 
Data Matched: Actual output: 1, Netlist Output 1, Time: 5804000 
Data Matched: Actual output: 0, Netlist Output 0, Time: 5808000 
Data Matched: Actual output: 0, Netlist Output 0, Time: 5812000 
Data Matched: Actual output: 0, Netlist Output 0, Time: 5816000 
Data Matched: Actual output: 0, Netlist Output 0, Time: 5820000 
Data Matched: Actual output: 0, Netlist Output 0, Time: 5824000 
Data Matched: Actual output: 0, Netlist Output 0, Time: 5828000 
Data Matched: Actual output: 0, Netlist Output 0, Time: 5832000 
Data Matched: Actual output: 0, Netlist Output 0, Time: 5836000 
Data Matched: Actual output: 0, Netlist Output 0, Time: 5840000 
Data Matched: Actual output: 0, Netlist Output 0, Time: 5844000 
Data Matched: Actual output: 0, Netlist Output 0, Time: 5848000 
Data Matched: Actual output: 0, Netlist Output 0, Time: 5852000 
Data Matched: Actual output: 0, Netlist Output 0, Time: 5856000 
Data Matched: Actual output: 1, Netlist Output 1, Time: 5860000 
Data Matched: Actual output: 0, Netlist Output 0, Time: 5864000 
Data Matched: Actual output: 0, Netlist Output 0, Time: 5868000 
Data Matched: Actual output: 1, Netlist Output 1, Time: 5872000 
Data Matched: Actual output: 0, Netlist Output 0, Time: 5876000 
Data Matched: Actual output: 0, Netlist Output 0, Time: 5880000 
Data Matched: Actual output: 0, Netlist Output 0, Time: 5884000 
Data Matched: Actual output: 0, Netlist Output 0, Time: 5888000 
Data Matched: Actual output: 0, Netlist Output 0, Time: 5892000 
Data Matched: Actual output: 1, Netlist Output 1, Time: 5896000 
Data Matched: Actual output: 1, Netlist Output 1, Time: 5900000 
Data Matched: Actual output: 0, Netlist Output 0, Time: 5904000 
Data Matched: Actual output: 0, Netlist Output 0, Time: 5908000 
Data Matched: Actual output: 0, Netlist Output 0, Time: 5912000 
Data Matched: Actual output: 0, Netlist Output 0, Time: 5916000 
Data Matched: Actual output: 0, Netlist Output 0, Time: 5920000 
Data Matched: Actual output: 0, Netlist Output 0, Time: 5924000 
Data Matched: Actual output: 1, Netlist Output 1, Time: 5928000 
Data Matched: Actual output: 0, Netlist Output 0, Time: 5932000 
Data Matched: Actual output: 0, Netlist Output 0, Time: 5936000 
Data Matched: Actual output: 0, Netlist Output 0, Time: 5940000 
Data Matched: Actual output: 0, Netlist Output 0, Time: 5944000 
Data Matched: Actual output: 1, Netlist Output 1, Time: 5948000 
Data Matched: Actual output: 1, Netlist Output 1, Time: 5952000 
Data Matched: Actual output: 0, Netlist Output 0, Time: 5956000 
Data Matched: Actual output: 0, Netlist Output 0, Time: 5960000 
Data Matched: Actual output: 0, Netlist Output 0, Time: 5964000 
Data Matched: Actual output: 1, Netlist Output 1, Time: 5968000 
Data Matched: Actual output: 1, Netlist Output 1, Time: 5972000 
Data Matched: Actual output: 0, Netlist Output 0, Time: 5976000 
Data Matched: Actual output: 0, Netlist Output 0, Time: 5980000 
Data Matched: Actual output: 0, Netlist Output 0, Time: 5984000 
Data Matched: Actual output: 0, Netlist Output 0, Time: 5988000 
Data Matched: Actual output: 1, Netlist Output 1, Time: 5992000 
Data Matched: Actual output: 0, Netlist Output 0, Time: 5996000 
Data Matched: Actual output: 0, Netlist Output 0, Time: 6000000 
Data Matched: Actual output: 1, Netlist Output 1, Time: 6004000 
Data Matched: Actual output: 0, Netlist Output 0, Time: 6008000 
Data Matched: Actual output: 0, Netlist Output 0, Time: 6012000 
Data Matched: Actual output: 1, Netlist Output 1, Time: 6016000 
Data Matched: Actual output: 0, Netlist Output 0, Time: 6020000 
Data Matched: Actual output: 0, Netlist Output 0, Time: 6024000 
Data Matched: Actual output: 0, Netlist Output 0, Time: 6028000 
Data Matched: Actual output: 1, Netlist Output 1, Time: 6032000 
Data Matched: Actual output: 1, Netlist Output 1, Time: 6036000 
Data Matched: Actual output: 0, Netlist Output 0, Time: 6040000 
Data Matched: Actual output: 0, Netlist Output 0, Time: 6044000 
Data Matched: Actual output: 0, Netlist Output 0, Time: 6048000 
Data Matched: Actual output: 0, Netlist Output 0, Time: 6052000 
Data Matched: Actual output: 1, Netlist Output 1, Time: 6056000 
Data Matched: Actual output: 1, Netlist Output 1, Time: 6060000 
Data Matched: Actual output: 0, Netlist Output 0, Time: 6064000 
Data Matched: Actual output: 0, Netlist Output 0, Time: 6068000 
Data Matched: Actual output: 1, Netlist Output 1, Time: 6072000 
Data Matched: Actual output: 0, Netlist Output 0, Time: 6076000 
Data Matched: Actual output: 0, Netlist Output 0, Time: 6080000 
Data Matched: Actual output: 0, Netlist Output 0, Time: 6084000 
Data Matched: Actual output: 0, Netlist Output 0, Time: 6088000 
Data Matched: Actual output: 0, Netlist Output 0, Time: 6092000 
Data Matched: Actual output: 0, Netlist Output 0, Time: 6096000 
Data Matched: Actual output: 0, Netlist Output 0, Time: 6100000 
Data Matched: Actual output: 1, Netlist Output 1, Time: 6104000 
Data Matched: Actual output: 0, Netlist Output 0, Time: 6108000 
Data Matched: Actual output: 0, Netlist Output 0, Time: 6112000 
Data Matched: Actual output: 0, Netlist Output 0, Time: 6116000 
Data Matched: Actual output: 0, Netlist Output 0, Time: 6120000 
Data Matched: Actual output: 1, Netlist Output 1, Time: 6124000 
Data Matched: Actual output: 1, Netlist Output 1, Time: 6128000 
Data Matched: Actual output: 1, Netlist Output 1, Time: 6132000 
Data Matched: Actual output: 0, Netlist Output 0, Time: 6136000 
Data Matched: Actual output: 1, Netlist Output 1, Time: 6140000 
Data Matched: Actual output: 0, Netlist Output 0, Time: 6144000 
Data Matched: Actual output: 0, Netlist Output 0, Time: 6148000 
Data Matched: Actual output: 0, Netlist Output 0, Time: 6152000 
Data Matched: Actual output: 0, Netlist Output 0, Time: 6156000 
Data Matched: Actual output: 1, Netlist Output 1, Time: 6160000 
Data Matched: Actual output: 1, Netlist Output 1, Time: 6164000 
Data Matched: Actual output: 0, Netlist Output 0, Time: 6168000 
Data Matched: Actual output: 0, Netlist Output 0, Time: 6172000 
Data Matched: Actual output: 0, Netlist Output 0, Time: 6176000 
Data Matched: Actual output: 0, Netlist Output 0, Time: 6180000 
Data Matched: Actual output: 0, Netlist Output 0, Time: 6184000 
Data Matched: Actual output: 0, Netlist Output 0, Time: 6188000 
Data Matched: Actual output: 0, Netlist Output 0, Time: 6192000 
Data Matched: Actual output: 0, Netlist Output 0, Time: 6196000 
Data Matched: Actual output: 0, Netlist Output 0, Time: 6200000 
Data Matched: Actual output: 0, Netlist Output 0, Time: 6204000 
Data Matched: Actual output: 0, Netlist Output 0, Time: 6208000 
Data Matched: Actual output: 0, Netlist Output 0, Time: 6212000 
Data Matched: Actual output: 0, Netlist Output 0, Time: 6216000 
Data Matched: Actual output: 0, Netlist Output 0, Time: 6220000 
Data Matched: Actual output: 0, Netlist Output 0, Time: 6224000 
Data Matched: Actual output: 0, Netlist Output 0, Time: 6228000 
Data Matched: Actual output: 0, Netlist Output 0, Time: 6232000 
Data Matched: Actual output: 0, Netlist Output 0, Time: 6236000 
Data Matched: Actual output: 0, Netlist Output 0, Time: 6240000 
Data Matched: Actual output: 0, Netlist Output 0, Time: 6244000 
Data Matched: Actual output: 1, Netlist Output 1, Time: 6248000 
Data Matched: Actual output: 0, Netlist Output 0, Time: 6252000 
Data Matched: Actual output: 0, Netlist Output 0, Time: 6256000 
Data Matched: Actual output: 0, Netlist Output 0, Time: 6260000 
Data Matched: Actual output: 0, Netlist Output 0, Time: 6264000 
Data Matched: Actual output: 0, Netlist Output 0, Time: 6268000 
Data Matched: Actual output: 1, Netlist Output 1, Time: 6272000 
Data Matched: Actual output: 0, Netlist Output 0, Time: 6276000 
Data Matched: Actual output: 1, Netlist Output 1, Time: 6280000 
Data Matched: Actual output: 0, Netlist Output 0, Time: 6284000 
Data Matched: Actual output: 0, Netlist Output 0, Time: 6288000 
Data Matched: Actual output: 1, Netlist Output 1, Time: 6292000 
Data Matched: Actual output: 0, Netlist Output 0, Time: 6296000 
Data Matched: Actual output: 0, Netlist Output 0, Time: 6300000 
Data Matched: Actual output: 0, Netlist Output 0, Time: 6304000 
Data Matched: Actual output: 0, Netlist Output 0, Time: 6308000 
Data Matched: Actual output: 1, Netlist Output 1, Time: 6312000 
Data Matched: Actual output: 0, Netlist Output 0, Time: 6316000 
Data Matched: Actual output: 0, Netlist Output 0, Time: 6320000 
Data Matched: Actual output: 0, Netlist Output 0, Time: 6324000 
Data Matched: Actual output: 0, Netlist Output 0, Time: 6328000 
Data Matched: Actual output: 1, Netlist Output 1, Time: 6332000 
Data Matched: Actual output: 0, Netlist Output 0, Time: 6336000 
Data Matched: Actual output: 0, Netlist Output 0, Time: 6340000 
Data Matched: Actual output: 0, Netlist Output 0, Time: 6344000 
Data Matched: Actual output: 0, Netlist Output 0, Time: 6348000 
Data Matched: Actual output: 0, Netlist Output 0, Time: 6352000 
Data Matched: Actual output: 0, Netlist Output 0, Time: 6356000 
Data Matched: Actual output: 0, Netlist Output 0, Time: 6360000 
Data Matched: Actual output: 0, Netlist Output 0, Time: 6364000 
Data Matched: Actual output: 0, Netlist Output 0, Time: 6368000 
Data Matched: Actual output: 0, Netlist Output 0, Time: 6372000 
Data Matched: Actual output: 0, Netlist Output 0, Time: 6376000 
Data Matched: Actual output: 0, Netlist Output 0, Time: 6380000 
Data Matched: Actual output: 0, Netlist Output 0, Time: 6384000 
Data Matched: Actual output: 0, Netlist Output 0, Time: 6388000 
Data Matched: Actual output: 0, Netlist Output 0, Time: 6392000 
Data Matched: Actual output: 1, Netlist Output 1, Time: 6396000 
Data Matched: Actual output: 0, Netlist Output 0, Time: 6400000 
Data Matched: Actual output: 0, Netlist Output 0, Time: 6404000 
Data Matched: Actual output: 0, Netlist Output 0, Time: 6408000 
Data Matched: Actual output: 0, Netlist Output 0, Time: 6412000 
Data Matched: Actual output: 0, Netlist Output 0, Time: 6416000 
Data Matched: Actual output: 0, Netlist Output 0, Time: 6420000 
Data Matched: Actual output: 0, Netlist Output 0, Time: 6424000 
Data Matched: Actual output: 0, Netlist Output 0, Time: 6428000 
Data Matched: Actual output: 1, Netlist Output 1, Time: 6432000 
Data Matched: Actual output: 0, Netlist Output 0, Time: 6436000 
Data Matched: Actual output: 1, Netlist Output 1, Time: 6440000 
Data Matched: Actual output: 0, Netlist Output 0, Time: 6444000 
Data Matched: Actual output: 1, Netlist Output 1, Time: 6448000 
Data Matched: Actual output: 0, Netlist Output 0, Time: 6452000 
Data Matched: Actual output: 0, Netlist Output 0, Time: 6456000 
Data Matched: Actual output: 0, Netlist Output 0, Time: 6460000 
Data Matched: Actual output: 0, Netlist Output 0, Time: 6464000 
Data Matched: Actual output: 0, Netlist Output 0, Time: 6468000 
Data Matched: Actual output: 0, Netlist Output 0, Time: 6472000 
Data Matched: Actual output: 0, Netlist Output 0, Time: 6476000 
Data Matched: Actual output: 0, Netlist Output 0, Time: 6480000 
Data Matched: Actual output: 0, Netlist Output 0, Time: 6484000 
Data Matched: Actual output: 0, Netlist Output 0, Time: 6488000 
Data Matched: Actual output: 0, Netlist Output 0, Time: 6492000 
Data Matched: Actual output: 0, Netlist Output 0, Time: 6496000 
Data Matched: Actual output: 0, Netlist Output 0, Time: 6500000 
Data Matched: Actual output: 0, Netlist Output 0, Time: 6504000 
Data Matched: Actual output: 0, Netlist Output 0, Time: 6508000 
Data Matched: Actual output: 0, Netlist Output 0, Time: 6512000 
Data Matched: Actual output: 0, Netlist Output 0, Time: 6516000 
Data Matched: Actual output: 0, Netlist Output 0, Time: 6520000 
Data Matched: Actual output: 0, Netlist Output 0, Time: 6524000 
Data Matched: Actual output: 0, Netlist Output 0, Time: 6528000 
Data Matched: Actual output: 0, Netlist Output 0, Time: 6532000 
Data Matched: Actual output: 0, Netlist Output 0, Time: 6536000 
Data Matched: Actual output: 0, Netlist Output 0, Time: 6540000 
Data Matched: Actual output: 0, Netlist Output 0, Time: 6544000 
Data Matched: Actual output: 0, Netlist Output 0, Time: 6548000 
Data Matched: Actual output: 0, Netlist Output 0, Time: 6552000 
Data Matched: Actual output: 0, Netlist Output 0, Time: 6556000 
Data Matched: Actual output: 0, Netlist Output 0, Time: 6560000 
Data Matched: Actual output: 0, Netlist Output 0, Time: 6564000 
Data Matched: Actual output: 0, Netlist Output 0, Time: 6568000 
Data Matched: Actual output: 0, Netlist Output 0, Time: 6572000 
Data Matched: Actual output: 1, Netlist Output 1, Time: 6576000 
Data Matched: Actual output: 0, Netlist Output 0, Time: 6580000 
Data Matched: Actual output: 0, Netlist Output 0, Time: 6584000 
Data Matched: Actual output: 0, Netlist Output 0, Time: 6588000 
Data Matched: Actual output: 0, Netlist Output 0, Time: 6592000 
Data Matched: Actual output: 1, Netlist Output 1, Time: 6596000 
Data Matched: Actual output: 0, Netlist Output 0, Time: 6600000 
Data Matched: Actual output: 1, Netlist Output 1, Time: 6604000 
Data Matched: Actual output: 0, Netlist Output 0, Time: 6608000 
Data Matched: Actual output: 0, Netlist Output 0, Time: 6612000 
Data Matched: Actual output: 1, Netlist Output 1, Time: 6616000 
Data Matched: Actual output: 0, Netlist Output 0, Time: 6620000 
Data Matched: Actual output: 0, Netlist Output 0, Time: 6624000 
Data Matched: Actual output: 1, Netlist Output 1, Time: 6628000 
Data Matched: Actual output: 0, Netlist Output 0, Time: 6632000 
Data Matched: Actual output: 0, Netlist Output 0, Time: 6636000 
Data Matched: Actual output: 0, Netlist Output 0, Time: 6640000 
Data Matched: Actual output: 0, Netlist Output 0, Time: 6644000 
Data Matched: Actual output: 0, Netlist Output 0, Time: 6648000 
Data Matched: Actual output: 0, Netlist Output 0, Time: 6652000 
Data Matched: Actual output: 0, Netlist Output 0, Time: 6656000 
Data Matched: Actual output: 1, Netlist Output 1, Time: 6660000 
Data Matched: Actual output: 0, Netlist Output 0, Time: 6664000 
Data Matched: Actual output: 1, Netlist Output 1, Time: 6668000 
Data Matched: Actual output: 0, Netlist Output 0, Time: 6672000 
Data Matched: Actual output: 1, Netlist Output 1, Time: 6676000 
Data Matched: Actual output: 0, Netlist Output 0, Time: 6680000 
Data Matched: Actual output: 0, Netlist Output 0, Time: 6684000 
Data Matched: Actual output: 0, Netlist Output 0, Time: 6688000 
Data Matched: Actual output: 0, Netlist Output 0, Time: 6692000 
Data Matched: Actual output: 0, Netlist Output 0, Time: 6696000 
Data Matched: Actual output: 0, Netlist Output 0, Time: 6700000 
Data Matched: Actual output: 0, Netlist Output 0, Time: 6704000 
Data Matched: Actual output: 0, Netlist Output 0, Time: 6708000 
Data Matched: Actual output: 0, Netlist Output 0, Time: 6712000 
Data Matched: Actual output: 0, Netlist Output 0, Time: 6716000 
Data Matched: Actual output: 0, Netlist Output 0, Time: 6720000 
Data Matched: Actual output: 1, Netlist Output 1, Time: 6724000 
Data Matched: Actual output: 0, Netlist Output 0, Time: 6728000 
Data Matched: Actual output: 0, Netlist Output 0, Time: 6732000 
Data Matched: Actual output: 1, Netlist Output 1, Time: 6736000 
Data Matched: Actual output: 0, Netlist Output 0, Time: 6740000 
Data Matched: Actual output: 0, Netlist Output 0, Time: 6744000 
Data Matched: Actual output: 1, Netlist Output 1, Time: 6748000 
Data Matched: Actual output: 0, Netlist Output 0, Time: 6752000 
Data Matched: Actual output: 0, Netlist Output 0, Time: 6756000 
Data Matched: Actual output: 1, Netlist Output 1, Time: 6760000 
Data Matched: Actual output: 0, Netlist Output 0, Time: 6764000 
Data Matched: Actual output: 0, Netlist Output 0, Time: 6768000 
Data Matched: Actual output: 0, Netlist Output 0, Time: 6772000 
Data Matched: Actual output: 0, Netlist Output 0, Time: 6776000 
Data Matched: Actual output: 0, Netlist Output 0, Time: 6780000 
Data Matched: Actual output: 0, Netlist Output 0, Time: 6784000 
Data Matched: Actual output: 0, Netlist Output 0, Time: 6788000 
Data Matched: Actual output: 0, Netlist Output 0, Time: 6792000 
Data Matched: Actual output: 0, Netlist Output 0, Time: 6796000 
Data Matched: Actual output: 1, Netlist Output 1, Time: 6800000 
Data Matched: Actual output: 0, Netlist Output 0, Time: 6804000 
Data Matched: Actual output: 0, Netlist Output 0, Time: 6808000 
Data Matched: Actual output: 0, Netlist Output 0, Time: 6812000 
Data Matched: Actual output: 0, Netlist Output 0, Time: 6816000 
Data Matched: Actual output: 0, Netlist Output 0, Time: 6820000 
Data Matched: Actual output: 0, Netlist Output 0, Time: 6824000 
Data Matched: Actual output: 1, Netlist Output 1, Time: 6828000 
Data Matched: Actual output: 1, Netlist Output 1, Time: 6832000 
Data Matched: Actual output: 0, Netlist Output 0, Time: 6836000 
Data Matched: Actual output: 0, Netlist Output 0, Time: 6840000 
Data Matched: Actual output: 1, Netlist Output 1, Time: 6844000 
Data Matched: Actual output: 0, Netlist Output 0, Time: 6848000 
Data Matched: Actual output: 0, Netlist Output 0, Time: 6852000 
Data Matched: Actual output: 0, Netlist Output 0, Time: 6856000 
Data Matched: Actual output: 0, Netlist Output 0, Time: 6860000 
Data Matched: Actual output: 1, Netlist Output 1, Time: 6864000 
Data Matched: Actual output: 0, Netlist Output 0, Time: 6868000 
Data Matched: Actual output: 0, Netlist Output 0, Time: 6872000 
Data Matched: Actual output: 0, Netlist Output 0, Time: 6876000 
Data Matched: Actual output: 0, Netlist Output 0, Time: 6880000 
Data Matched: Actual output: 0, Netlist Output 0, Time: 6884000 
Data Matched: Actual output: 0, Netlist Output 0, Time: 6888000 
Data Matched: Actual output: 1, Netlist Output 1, Time: 6892000 
Data Matched: Actual output: 0, Netlist Output 0, Time: 6896000 
Data Matched: Actual output: 1, Netlist Output 1, Time: 6900000 
Data Matched: Actual output: 0, Netlist Output 0, Time: 6904000 
Data Matched: Actual output: 1, Netlist Output 1, Time: 6908000 
Data Matched: Actual output: 0, Netlist Output 0, Time: 6912000 
Data Matched: Actual output: 0, Netlist Output 0, Time: 6916000 
Data Matched: Actual output: 1, Netlist Output 1, Time: 6920000 
Data Matched: Actual output: 1, Netlist Output 1, Time: 6924000 
Data Matched: Actual output: 1, Netlist Output 1, Time: 6928000 
Data Matched: Actual output: 0, Netlist Output 0, Time: 6932000 
Data Matched: Actual output: 0, Netlist Output 0, Time: 6936000 
Data Matched: Actual output: 0, Netlist Output 0, Time: 6940000 
Data Matched: Actual output: 0, Netlist Output 0, Time: 6944000 
Data Matched: Actual output: 1, Netlist Output 1, Time: 6948000 
Data Matched: Actual output: 0, Netlist Output 0, Time: 6952000 
Data Matched: Actual output: 0, Netlist Output 0, Time: 6956000 
Data Matched: Actual output: 1, Netlist Output 1, Time: 6960000 
Data Matched: Actual output: 1, Netlist Output 1, Time: 6964000 
Data Matched: Actual output: 0, Netlist Output 0, Time: 6968000 
Data Matched: Actual output: 0, Netlist Output 0, Time: 6972000 
Data Matched: Actual output: 0, Netlist Output 0, Time: 6976000 
Data Matched: Actual output: 1, Netlist Output 1, Time: 6980000 
Data Matched: Actual output: 1, Netlist Output 1, Time: 6984000 
Data Matched: Actual output: 0, Netlist Output 0, Time: 6988000 
Data Matched: Actual output: 0, Netlist Output 0, Time: 6992000 
Data Matched: Actual output: 1, Netlist Output 1, Time: 6996000 
Data Matched: Actual output: 1, Netlist Output 1, Time: 7000000 
Data Matched: Actual output: 0, Netlist Output 0, Time: 7004000 
Data Matched: Actual output: 1, Netlist Output 1, Time: 7008000 
Data Matched: Actual output: 0, Netlist Output 0, Time: 7012000 
Data Matched: Actual output: 0, Netlist Output 0, Time: 7016000 
Data Matched: Actual output: 0, Netlist Output 0, Time: 7020000 
Data Matched: Actual output: 0, Netlist Output 0, Time: 7024000 
Data Matched: Actual output: 1, Netlist Output 1, Time: 7028000 
Data Matched: Actual output: 1, Netlist Output 1, Time: 7032000 
Data Matched: Actual output: 1, Netlist Output 1, Time: 7036000 
Data Matched: Actual output: 0, Netlist Output 0, Time: 7040000 
Data Matched: Actual output: 0, Netlist Output 0, Time: 7044000 
Data Matched: Actual output: 0, Netlist Output 0, Time: 7048000 
Data Matched: Actual output: 1, Netlist Output 1, Time: 7052000 
Data Matched: Actual output: 0, Netlist Output 0, Time: 7056000 
Data Matched: Actual output: 0, Netlist Output 0, Time: 7060000 
Data Matched: Actual output: 0, Netlist Output 0, Time: 7064000 
Data Matched: Actual output: 1, Netlist Output 1, Time: 7068000 
Data Matched: Actual output: 0, Netlist Output 0, Time: 7072000 
Data Matched: Actual output: 0, Netlist Output 0, Time: 7076000 
Data Matched: Actual output: 0, Netlist Output 0, Time: 7080000 
Data Matched: Actual output: 0, Netlist Output 0, Time: 7084000 
Data Matched: Actual output: 0, Netlist Output 0, Time: 7088000 
Data Matched: Actual output: 0, Netlist Output 0, Time: 7092000 
Data Matched: Actual output: 0, Netlist Output 0, Time: 7096000 
Data Matched: Actual output: 0, Netlist Output 0, Time: 7100000 
Data Matched: Actual output: 1, Netlist Output 1, Time: 7104000 
Data Matched: Actual output: 0, Netlist Output 0, Time: 7108000 
Data Matched: Actual output: 0, Netlist Output 0, Time: 7112000 
Data Matched: Actual output: 1, Netlist Output 1, Time: 7116000 
Data Matched: Actual output: 1, Netlist Output 1, Time: 7120000 
Data Matched: Actual output: 0, Netlist Output 0, Time: 7124000 
Data Matched: Actual output: 0, Netlist Output 0, Time: 7128000 
Data Matched: Actual output: 0, Netlist Output 0, Time: 7132000 
Data Matched: Actual output: 1, Netlist Output 1, Time: 7136000 
Data Matched: Actual output: 0, Netlist Output 0, Time: 7140000 
Data Matched: Actual output: 0, Netlist Output 0, Time: 7144000 
Data Matched: Actual output: 1, Netlist Output 1, Time: 7148000 
Data Matched: Actual output: 0, Netlist Output 0, Time: 7152000 
Data Matched: Actual output: 0, Netlist Output 0, Time: 7156000 
Data Matched: Actual output: 1, Netlist Output 1, Time: 7160000 
Data Matched: Actual output: 0, Netlist Output 0, Time: 7164000 
Data Matched: Actual output: 1, Netlist Output 1, Time: 7168000 
Data Matched: Actual output: 0, Netlist Output 0, Time: 7172000 
Data Matched: Actual output: 1, Netlist Output 1, Time: 7176000 
Data Matched: Actual output: 0, Netlist Output 0, Time: 7180000 
Data Matched: Actual output: 1, Netlist Output 1, Time: 7184000 
Data Matched: Actual output: 0, Netlist Output 0, Time: 7188000 
Data Matched: Actual output: 0, Netlist Output 0, Time: 7192000 
Data Matched: Actual output: 0, Netlist Output 0, Time: 7196000 
Data Matched: Actual output: 0, Netlist Output 0, Time: 7200000 
Data Matched: Actual output: 1, Netlist Output 1, Time: 7204000 
Data Matched: Actual output: 0, Netlist Output 0, Time: 7208000 
Data Matched: Actual output: 0, Netlist Output 0, Time: 7212000 
Data Matched: Actual output: 1, Netlist Output 1, Time: 7216000 
Data Matched: Actual output: 0, Netlist Output 0, Time: 7220000 
Data Matched: Actual output: 1, Netlist Output 1, Time: 7224000 
Data Matched: Actual output: 0, Netlist Output 0, Time: 7228000 
Data Matched: Actual output: 0, Netlist Output 0, Time: 7232000 
Data Matched: Actual output: 1, Netlist Output 1, Time: 7236000 
Data Matched: Actual output: 0, Netlist Output 0, Time: 7240000 
Data Matched: Actual output: 0, Netlist Output 0, Time: 7244000 
Data Matched: Actual output: 0, Netlist Output 0, Time: 7248000 
Data Matched: Actual output: 0, Netlist Output 0, Time: 7252000 
Data Matched: Actual output: 0, Netlist Output 0, Time: 7256000 
Data Matched: Actual output: 0, Netlist Output 0, Time: 7260000 
Data Matched: Actual output: 0, Netlist Output 0, Time: 7264000 
Data Matched: Actual output: 0, Netlist Output 0, Time: 7268000 
Data Matched: Actual output: 0, Netlist Output 0, Time: 7272000 
Data Matched: Actual output: 0, Netlist Output 0, Time: 7276000 
Data Matched: Actual output: 1, Netlist Output 1, Time: 7280000 
Data Matched: Actual output: 0, Netlist Output 0, Time: 7284000 
Data Matched: Actual output: 1, Netlist Output 1, Time: 7288000 
Data Matched: Actual output: 0, Netlist Output 0, Time: 7292000 
Data Matched: Actual output: 0, Netlist Output 0, Time: 7296000 
Data Matched: Actual output: 0, Netlist Output 0, Time: 7300000 
Data Matched: Actual output: 1, Netlist Output 1, Time: 7304000 
Data Matched: Actual output: 0, Netlist Output 0, Time: 7308000 
Data Matched: Actual output: 1, Netlist Output 1, Time: 7312000 
Data Matched: Actual output: 0, Netlist Output 0, Time: 7316000 
Data Matched: Actual output: 0, Netlist Output 0, Time: 7320000 
Data Matched: Actual output: 0, Netlist Output 0, Time: 7324000 
Data Matched: Actual output: 0, Netlist Output 0, Time: 7328000 
Data Matched: Actual output: 0, Netlist Output 0, Time: 7332000 
Data Matched: Actual output: 0, Netlist Output 0, Time: 7336000 
Data Matched: Actual output: 0, Netlist Output 0, Time: 7340000 
Data Matched: Actual output: 1, Netlist Output 1, Time: 7344000 
Data Matched: Actual output: 0, Netlist Output 0, Time: 7348000 
Data Matched: Actual output: 1, Netlist Output 1, Time: 7352000 
Data Matched: Actual output: 0, Netlist Output 0, Time: 7356000 
Data Matched: Actual output: 0, Netlist Output 0, Time: 7360000 
Data Matched: Actual output: 1, Netlist Output 1, Time: 7364000 
Data Matched: Actual output: 1, Netlist Output 1, Time: 7368000 
Data Matched: Actual output: 0, Netlist Output 0, Time: 7372000 
Data Matched: Actual output: 0, Netlist Output 0, Time: 7376000 
Data Matched: Actual output: 0, Netlist Output 0, Time: 7380000 
Data Matched: Actual output: 0, Netlist Output 0, Time: 7384000 
Data Matched: Actual output: 0, Netlist Output 0, Time: 7388000 
Data Matched: Actual output: 1, Netlist Output 1, Time: 7392000 
Data Matched: Actual output: 1, Netlist Output 1, Time: 7396000 
Data Matched: Actual output: 1, Netlist Output 1, Time: 7400000 
Data Matched: Actual output: 0, Netlist Output 0, Time: 7404000 
Data Matched: Actual output: 0, Netlist Output 0, Time: 7408000 
Data Matched: Actual output: 0, Netlist Output 0, Time: 7412000 
Data Matched: Actual output: 0, Netlist Output 0, Time: 7416000 
Data Matched: Actual output: 1, Netlist Output 1, Time: 7420000 
Data Matched: Actual output: 0, Netlist Output 0, Time: 7424000 
Data Matched: Actual output: 0, Netlist Output 0, Time: 7428000 
Data Matched: Actual output: 0, Netlist Output 0, Time: 7432000 
Data Matched: Actual output: 0, Netlist Output 0, Time: 7436000 
Data Matched: Actual output: 1, Netlist Output 1, Time: 7440000 
Data Matched: Actual output: 0, Netlist Output 0, Time: 7444000 
Data Matched: Actual output: 0, Netlist Output 0, Time: 7448000 
Data Matched: Actual output: 0, Netlist Output 0, Time: 7452000 
Data Matched: Actual output: 0, Netlist Output 0, Time: 7456000 
Data Matched: Actual output: 0, Netlist Output 0, Time: 7460000 
Data Matched: Actual output: 1, Netlist Output 1, Time: 7464000 
Data Matched: Actual output: 0, Netlist Output 0, Time: 7468000 
Data Matched: Actual output: 0, Netlist Output 0, Time: 7472000 
Data Matched: Actual output: 0, Netlist Output 0, Time: 7476000 
Data Matched: Actual output: 0, Netlist Output 0, Time: 7480000 
Data Matched: Actual output: 0, Netlist Output 0, Time: 7484000 
Data Matched: Actual output: 0, Netlist Output 0, Time: 7488000 
Data Matched: Actual output: 1, Netlist Output 1, Time: 7492000 
Data Matched: Actual output: 0, Netlist Output 0, Time: 7496000 
Data Matched: Actual output: 0, Netlist Output 0, Time: 7500000 
Data Matched: Actual output: 0, Netlist Output 0, Time: 7504000 
Data Matched: Actual output: 1, Netlist Output 1, Time: 7508000 
Data Matched: Actual output: 0, Netlist Output 0, Time: 7512000 
Data Matched: Actual output: 1, Netlist Output 1, Time: 7516000 
Data Matched: Actual output: 0, Netlist Output 0, Time: 7520000 
Data Matched: Actual output: 1, Netlist Output 1, Time: 7524000 
Data Matched: Actual output: 1, Netlist Output 1, Time: 7528000 
Data Matched: Actual output: 1, Netlist Output 1, Time: 7532000 
Data Matched: Actual output: 1, Netlist Output 1, Time: 7536000 
Data Matched: Actual output: 1, Netlist Output 1, Time: 7540000 
Data Matched: Actual output: 0, Netlist Output 0, Time: 7544000 
Data Matched: Actual output: 0, Netlist Output 0, Time: 7548000 
Data Matched: Actual output: 0, Netlist Output 0, Time: 7552000 
Data Matched: Actual output: 0, Netlist Output 0, Time: 7556000 
Data Matched: Actual output: 0, Netlist Output 0, Time: 7560000 
Data Matched: Actual output: 0, Netlist Output 0, Time: 7564000 
Data Matched: Actual output: 1, Netlist Output 1, Time: 7568000 
Data Matched: Actual output: 0, Netlist Output 0, Time: 7572000 
Data Matched: Actual output: 1, Netlist Output 1, Time: 7576000 
Data Matched: Actual output: 0, Netlist Output 0, Time: 7580000 
Data Matched: Actual output: 0, Netlist Output 0, Time: 7584000 
Data Matched: Actual output: 0, Netlist Output 0, Time: 7588000 
Data Matched: Actual output: 0, Netlist Output 0, Time: 7592000 
Data Matched: Actual output: 0, Netlist Output 0, Time: 7596000 
Data Matched: Actual output: 1, Netlist Output 1, Time: 7600000 
Data Matched: Actual output: 0, Netlist Output 0, Time: 7604000 
Data Matched: Actual output: 0, Netlist Output 0, Time: 7608000 
Data Matched: Actual output: 1, Netlist Output 1, Time: 7612000 
Data Matched: Actual output: 1, Netlist Output 1, Time: 7616000 
Data Matched: Actual output: 0, Netlist Output 0, Time: 7620000 
Data Matched: Actual output: 0, Netlist Output 0, Time: 7624000 
Data Matched: Actual output: 0, Netlist Output 0, Time: 7628000 
Data Matched: Actual output: 1, Netlist Output 1, Time: 7632000 
Data Matched: Actual output: 0, Netlist Output 0, Time: 7636000 
Data Matched: Actual output: 0, Netlist Output 0, Time: 7640000 
Data Matched: Actual output: 1, Netlist Output 1, Time: 7644000 
Data Matched: Actual output: 0, Netlist Output 0, Time: 7648000 
Data Matched: Actual output: 1, Netlist Output 1, Time: 7652000 
Data Matched: Actual output: 0, Netlist Output 0, Time: 7656000 
Data Matched: Actual output: 0, Netlist Output 0, Time: 7660000 
Data Matched: Actual output: 0, Netlist Output 0, Time: 7664000 
Data Matched: Actual output: 1, Netlist Output 1, Time: 7668000 
Data Matched: Actual output: 1, Netlist Output 1, Time: 7672000 
Data Matched: Actual output: 0, Netlist Output 0, Time: 7676000 
Data Matched: Actual output: 1, Netlist Output 1, Time: 7680000 
Data Matched: Actual output: 1, Netlist Output 1, Time: 7684000 
Data Matched: Actual output: 0, Netlist Output 0, Time: 7688000 
Data Matched: Actual output: 0, Netlist Output 0, Time: 7692000 
Data Matched: Actual output: 0, Netlist Output 0, Time: 7696000 
Data Matched: Actual output: 0, Netlist Output 0, Time: 7700000 
Data Matched: Actual output: 0, Netlist Output 0, Time: 7704000 
Data Matched: Actual output: 0, Netlist Output 0, Time: 7708000 
Data Matched: Actual output: 1, Netlist Output 1, Time: 7712000 
Data Matched: Actual output: 1, Netlist Output 1, Time: 7716000 
Data Matched: Actual output: 0, Netlist Output 0, Time: 7720000 
Data Matched: Actual output: 0, Netlist Output 0, Time: 7724000 
Data Matched: Actual output: 0, Netlist Output 0, Time: 7728000 
Data Matched: Actual output: 0, Netlist Output 0, Time: 7732000 
Data Matched: Actual output: 0, Netlist Output 0, Time: 7736000 
Data Matched: Actual output: 1, Netlist Output 1, Time: 7740000 
Data Matched: Actual output: 0, Netlist Output 0, Time: 7744000 
Data Matched: Actual output: 0, Netlist Output 0, Time: 7748000 
Data Matched: Actual output: 0, Netlist Output 0, Time: 7752000 
Data Matched: Actual output: 0, Netlist Output 0, Time: 7756000 
Data Matched: Actual output: 0, Netlist Output 0, Time: 7760000 
Data Matched: Actual output: 1, Netlist Output 1, Time: 7764000 
Data Matched: Actual output: 0, Netlist Output 0, Time: 7768000 
Data Matched: Actual output: 1, Netlist Output 1, Time: 7772000 
Data Matched: Actual output: 1, Netlist Output 1, Time: 7776000 
Data Matched: Actual output: 1, Netlist Output 1, Time: 7780000 
Data Matched: Actual output: 0, Netlist Output 0, Time: 7784000 
Data Matched: Actual output: 1, Netlist Output 1, Time: 7788000 
Data Matched: Actual output: 0, Netlist Output 0, Time: 7792000 
Data Matched: Actual output: 1, Netlist Output 1, Time: 7796000 
Data Matched: Actual output: 0, Netlist Output 0, Time: 7800000 
Data Matched: Actual output: 0, Netlist Output 0, Time: 7804000 
Data Matched: Actual output: 0, Netlist Output 0, Time: 7808000 
Data Matched: Actual output: 1, Netlist Output 1, Time: 7812000 
Data Matched: Actual output: 0, Netlist Output 0, Time: 7816000 
Data Matched: Actual output: 0, Netlist Output 0, Time: 7820000 
Data Matched: Actual output: 0, Netlist Output 0, Time: 7824000 
Data Matched: Actual output: 0, Netlist Output 0, Time: 7828000 
Data Matched: Actual output: 0, Netlist Output 0, Time: 7832000 
Data Matched: Actual output: 0, Netlist Output 0, Time: 7836000 
Data Matched: Actual output: 1, Netlist Output 1, Time: 7840000 
Data Matched: Actual output: 0, Netlist Output 0, Time: 7844000 
Data Matched: Actual output: 1, Netlist Output 1, Time: 7848000 
Data Matched: Actual output: 0, Netlist Output 0, Time: 7852000 
Data Matched: Actual output: 0, Netlist Output 0, Time: 7856000 
Data Matched: Actual output: 0, Netlist Output 0, Time: 7860000 
Data Matched: Actual output: 0, Netlist Output 0, Time: 7864000 
Data Matched: Actual output: 0, Netlist Output 0, Time: 7868000 
Data Matched: Actual output: 1, Netlist Output 1, Time: 7872000 
Data Matched: Actual output: 0, Netlist Output 0, Time: 7876000 
Data Matched: Actual output: 1, Netlist Output 1, Time: 7880000 
Data Matched: Actual output: 0, Netlist Output 0, Time: 7884000 
Data Matched: Actual output: 0, Netlist Output 0, Time: 7888000 
Data Matched: Actual output: 0, Netlist Output 0, Time: 7892000 
Data Matched: Actual output: 0, Netlist Output 0, Time: 7896000 
Data Matched: Actual output: 1, Netlist Output 1, Time: 7900000 
Data Matched: Actual output: 0, Netlist Output 0, Time: 7904000 
Data Matched: Actual output: 0, Netlist Output 0, Time: 7908000 
Data Matched: Actual output: 0, Netlist Output 0, Time: 7912000 
Data Matched: Actual output: 1, Netlist Output 1, Time: 7916000 
Data Matched: Actual output: 0, Netlist Output 0, Time: 7920000 
Data Matched: Actual output: 1, Netlist Output 1, Time: 7924000 
Data Matched: Actual output: 0, Netlist Output 0, Time: 7928000 
Data Matched: Actual output: 1, Netlist Output 1, Time: 7932000 
Data Matched: Actual output: 0, Netlist Output 0, Time: 7936000 
Data Matched: Actual output: 0, Netlist Output 0, Time: 7940000 
Data Matched: Actual output: 1, Netlist Output 1, Time: 7944000 
Data Matched: Actual output: 1, Netlist Output 1, Time: 7948000 
Data Matched: Actual output: 0, Netlist Output 0, Time: 7952000 
Data Matched: Actual output: 0, Netlist Output 0, Time: 7956000 
Data Matched: Actual output: 1, Netlist Output 1, Time: 7960000 
Data Matched: Actual output: 1, Netlist Output 1, Time: 7964000 
Data Matched: Actual output: 1, Netlist Output 1, Time: 7968000 
Data Matched: Actual output: 0, Netlist Output 0, Time: 7972000 
Data Matched: Actual output: 0, Netlist Output 0, Time: 7976000 
Data Matched: Actual output: 0, Netlist Output 0, Time: 7980000 
Data Matched: Actual output: 0, Netlist Output 0, Time: 7984000 
Data Matched: Actual output: 0, Netlist Output 0, Time: 7988000 
Data Matched: Actual output: 0, Netlist Output 0, Time: 7992000 
Data Matched: Actual output: 0, Netlist Output 0, Time: 7996000 
Data Matched: Actual output: 0, Netlist Output 0, Time: 8000000 
Data Matched: Actual output: 0, Netlist Output 0, Time: 8004000 
Data Matched: Actual output: 0, Netlist Output 0, Time: 8008000 
Data Matched: Actual output: 1, Netlist Output 1, Time: 8024000 
**** All Comparison Matched *** 
		Simulation Passed

/nfs_scratch/scratch/CompilerValidation/abdul_hameed/Validation/RTL_testcases/io_constraint_testcases/and2/results_dir/./sim/co_sim_tb/co_sim_and2.v:61: $finish called at 8224000 (1ps)
