/*******************************************************************************
Copyright (c) 2022-2024 Rapid Silicon
This source code contains proprietary information belonging to Rapid Silicon
(the "licensor") released under license and non-disclosure agreement to the
recipient (the "licensee").

The information shared and protected by the license and non-disclosure agreement
includes but is not limited to the following:
* operational algorithms of the product
* logos, graphics, source code, and visual presentation of the product
* confidential operational information of the licensor

The recipient of this source code is NOT permitted to publicly disclose,
re-use, archive beyond the period of the license agreement, transfer to a
sub-licensee, or re-implement any portion of the content covered by the license
and non-disclosure agreement without the prior written consent of the licensor.
*********************************************************************************/

Version  : 2024.10
Build    : 1.2.24
Hash     : efcef41
Date     : Oct 31 2024
Type     : Engineering
Log Time   : Thu Oct 31 19:05:37 2024 GMT
#Timing report of worst 100 path(s)
# Unit scale: 1e-09 seconds
# Output precision: 3

# Logical Levels: 0
# Timing Graph Levels: 94

#Path 1
Startpoint: boot_dwe24.Q[0] (dffre at (158,69) clocked by clk)
Endpoint  : $delete_wire$14022207.WEN_B1[0] (RS_TDP36K at (157,68) clocked by clk)
Path Type : hold

Point                                                                          Incr      Path
---------------------------------------------------------------------------------------------
clock clk (rise edge)                                          0.000     0.000
clock source latency                                                          0.000     0.000
clk.inpad[0] (.input at (4,1))                                 0.000     0.000
| (intra 'io' routing)                                                        0.779     0.779
| (inter-block routing:global net)                                            0.000     0.779
| (intra 'clb' routing)                                                       0.000     0.779
boot_dwe24.C[0] (dffre at (158,69))                                           0.000     0.779
| (primitive 'dffre' Tcq_min)                                                 0.029     0.808
boot_dwe24.Q[0] (dffre at (158,69)) [clock-to-output]                         0.000     0.808
| (intra 'clb' routing)                                                       0.000     0.808
| (OPIN:4779573 side: (TOP,) (158,69,0))                                      0.000     0.808
| (CHANX:16820849 L4 length:4 (158,69,0-> (155,69,0))                         0.119     0.927
| (CHANY:26732545 L4 length:4 (157,69,0-> (157,66,0))                         0.119     1.046
| (IPIN:4717124 side: (RIGHT,) (157,68,0))                                    0.101     1.147
| (intra 'bram' routing)                                                      0.000     1.147
$delete_wire$14022207.WEN_B1[0] (RS_TDP36K at (157,68))                       0.000     1.147
data arrival time                                                                       1.147

clock clk (rise edge)                                          0.000     0.000
clock source latency                                                          0.000     0.000
clk.inpad[0] (.input at (4,1))                                 0.000     0.000
| (intra 'io' routing)                                                        0.779     0.779
| (inter-block routing:global net)                                            0.000     0.779
| (intra 'bram' routing)                                                      0.000     0.779
$delete_wire$14022207.CLK_B1[0] (RS_TDP36K at (157,68))                       0.000     0.779
clock uncertainty                                                             0.000     0.779
cell hold time                                                                0.231     1.010
data required time                                                                      1.010
---------------------------------------------------------------------------------------------
data required time                                                                     -1.010
data arrival time                                                                       1.147
---------------------------------------------------------------------------------------------
slack (MET)                                                                             0.137


#Path 2
Startpoint: boot_dwe24.Q[0] (dffre at (158,69) clocked by clk)
Endpoint  : $delete_wire$14022207.WEN_B2[0] (RS_TDP36K at (157,68) clocked by clk)
Path Type : hold

Point                                                                          Incr      Path
---------------------------------------------------------------------------------------------
clock clk (rise edge)                                          0.000     0.000
clock source latency                                                          0.000     0.000
clk.inpad[0] (.input at (4,1))                                 0.000     0.000
| (intra 'io' routing)                                                        0.779     0.779
| (inter-block routing:global net)                                            0.000     0.779
| (intra 'clb' routing)                                                       0.000     0.779
boot_dwe24.C[0] (dffre at (158,69))                                           0.000     0.779
| (primitive 'dffre' Tcq_min)                                                 0.029     0.808
boot_dwe24.Q[0] (dffre at (158,69)) [clock-to-output]                         0.000     0.808
| (intra 'clb' routing)                                                       0.000     0.808
| (OPIN:4779573 side: (TOP,) (158,69,0))                                      0.000     0.808
| (CHANX:16820849 L4 length:4 (158,69,0-> (155,69,0))                         0.119     0.927
| (CHANY:26732545 L4 length:4 (157,69,0-> (157,66,0))                         0.119     1.046
| (IPIN:4717124 side: (RIGHT,) (157,68,0))                                    0.101     1.147
| (intra 'bram' routing)                                                      0.000     1.147
$delete_wire$14022207.WEN_B2[0] (RS_TDP36K at (157,68))                       0.000     1.147
data arrival time                                                                       1.147

clock clk (rise edge)                                          0.000     0.000
clock source latency                                                          0.000     0.000
clk.inpad[0] (.input at (4,1))                                 0.000     0.000
| (intra 'io' routing)                                                        0.779     0.779
| (inter-block routing:global net)                                            0.000     0.779
| (intra 'bram' routing)                                                      0.000     0.779
$delete_wire$14022207.CLK_B2[0] (RS_TDP36K at (157,68))                       0.000     0.779
clock uncertainty                                                             0.000     0.779
cell hold time                                                                0.228     1.007
data required time                                                                      1.007
---------------------------------------------------------------------------------------------
data required time                                                                     -1.007
data arrival time                                                                       1.147
---------------------------------------------------------------------------------------------
slack (MET)                                                                             0.140


#Path 3
Startpoint: fifo_proc48_to_proc47.fifo[2][1].Q[0] (dffre at (189,61) clocked by clk)
Endpoint  : fifo_proc48_to_proc47.tempOut[1].D[0] (dffre at (189,61) clocked by clk)
Path Type : hold

Point                                                                                         Incr      Path
------------------------------------------------------------------------------------------------------------
clock clk (rise edge)                                                         0.000     0.000
clock source latency                                                                         0.000     0.000
clk.inpad[0] (.input at (4,1))                                                0.000     0.000
| (intra 'io' routing)                                                                       0.779     0.779
| (inter-block routing:global net)                                                           0.000     0.779
| (intra 'clb' routing)                                                                      0.000     0.779
fifo_proc48_to_proc47.fifo[2][1].C[0] (dffre at (189,61))                                    0.000     0.779
| (primitive 'dffre' Tcq_min)                                                                0.029     0.808
fifo_proc48_to_proc47.fifo[2][1].Q[0] (dffre at (189,61)) [clock-to-output]                  0.000     0.808
| (intra 'clb' routing)                                                                      0.066     0.874
$\fifo_proc48_to_proc47.fifo$rdreg[0]$d[1].in[4] (.names at (189,61))                        0.000     0.874
| (primitive '.names' combinational delay)                                                   0.017     0.892
$\fifo_proc48_to_proc47.fifo$rdreg[0]$d[1].out[0] (.names at (189,61))                       0.000     0.892
| (intra 'clb' routing)                                                                      0.000     0.892
fifo_proc48_to_proc47.tempOut[1].D[0] (dffre at (189,61))                                    0.000     0.892
data arrival time                                                                                      0.892

clock clk (rise edge)                                                         0.000     0.000
clock source latency                                                                         0.000     0.000
clk.inpad[0] (.input at (4,1))                                                0.000     0.000
| (intra 'io' routing)                                                                       0.779     0.779
| (inter-block routing:global net)                                                           0.000     0.779
| (intra 'clb' routing)                                                                      0.000     0.779
fifo_proc48_to_proc47.tempOut[1].C[0] (dffre at (189,61))                                    0.000     0.779
clock uncertainty                                                                            0.000     0.779
cell hold time                                                                              -0.028     0.751
data required time                                                                                     0.751
------------------------------------------------------------------------------------------------------------
data required time                                                                                    -0.751
data arrival time                                                                                      0.892
------------------------------------------------------------------------------------------------------------
slack (MET)                                                                                            0.141


#Path 4
Startpoint: fifo_proc23_to_proc24.fifo[1][3].Q[0] (dffre at (160,63) clocked by clk)
Endpoint  : fifo_proc23_to_proc24.tempOut[3].D[0] (dffre at (160,63) clocked by clk)
Path Type : hold

Point                                                                                         Incr      Path
------------------------------------------------------------------------------------------------------------
clock clk (rise edge)                                                         0.000     0.000
clock source latency                                                                         0.000     0.000
clk.inpad[0] (.input at (4,1))                                                0.000     0.000
| (intra 'io' routing)                                                                       0.779     0.779
| (inter-block routing:global net)                                                           0.000     0.779
| (intra 'clb' routing)                                                                      0.000     0.779
fifo_proc23_to_proc24.fifo[1][3].C[0] (dffre at (160,63))                                    0.000     0.779
| (primitive 'dffre' Tcq_min)                                                                0.029     0.808
fifo_proc23_to_proc24.fifo[1][3].Q[0] (dffre at (160,63)) [clock-to-output]                  0.000     0.808
| (intra 'clb' routing)                                                                      0.066     0.874
$\fifo_proc23_to_proc24.fifo$rdreg[0]$d[3].in[4] (.names at (160,63))                        0.000     0.874
| (primitive '.names' combinational delay)                                                   0.017     0.892
$\fifo_proc23_to_proc24.fifo$rdreg[0]$d[3].out[0] (.names at (160,63))                       0.000     0.892
| (intra 'clb' routing)                                                                      0.000     0.892
fifo_proc23_to_proc24.tempOut[3].D[0] (dffre at (160,63))                                    0.000     0.892
data arrival time                                                                                      0.892

clock clk (rise edge)                                                         0.000     0.000
clock source latency                                                                         0.000     0.000
clk.inpad[0] (.input at (4,1))                                                0.000     0.000
| (intra 'io' routing)                                                                       0.779     0.779
| (inter-block routing:global net)                                                           0.000     0.779
| (intra 'clb' routing)                                                                      0.000     0.779
fifo_proc23_to_proc24.tempOut[3].C[0] (dffre at (160,63))                                    0.000     0.779
clock uncertainty                                                                            0.000     0.779
cell hold time                                                                              -0.028     0.751
data required time                                                                                     0.751
------------------------------------------------------------------------------------------------------------
data required time                                                                                    -0.751
data arrival time                                                                                      0.892
------------------------------------------------------------------------------------------------------------
slack (MET)                                                                                            0.141


#Path 5
Startpoint: fifo_proc23_to_proc24.rptr[1].Q[0] (dffre at (162,62) clocked by clk)
Endpoint  : fifo_proc23_to_proc24.tempOut[0].D[0] (dffre at (162,62) clocked by clk)
Path Type : hold

Point                                                                                         Incr      Path
------------------------------------------------------------------------------------------------------------
clock clk (rise edge)                                                         0.000     0.000
clock source latency                                                                         0.000     0.000
clk.inpad[0] (.input at (4,1))                                                0.000     0.000
| (intra 'io' routing)                                                                       0.779     0.779
| (inter-block routing:global net)                                                           0.000     0.779
| (intra 'clb' routing)                                                                      0.000     0.779
fifo_proc23_to_proc24.rptr[1].C[0] (dffre at (162,62))                                       0.000     0.779
| (primitive 'dffre' Tcq_min)                                                                0.029     0.808
fifo_proc23_to_proc24.rptr[1].Q[0] (dffre at (162,62)) [clock-to-output]                     0.000     0.808
| (intra 'clb' routing)                                                                      0.066     0.874
$\fifo_proc23_to_proc24.fifo$rdreg[0]$d[0].in[1] (.names at (162,62))                        0.000     0.874
| (primitive '.names' combinational delay)                                                   0.017     0.892
$\fifo_proc23_to_proc24.fifo$rdreg[0]$d[0].out[0] (.names at (162,62))                       0.000     0.892
| (intra 'clb' routing)                                                                      0.000     0.892
fifo_proc23_to_proc24.tempOut[0].D[0] (dffre at (162,62))                                    0.000     0.892
data arrival time                                                                                      0.892

clock clk (rise edge)                                                         0.000     0.000
clock source latency                                                                         0.000     0.000
clk.inpad[0] (.input at (4,1))                                                0.000     0.000
| (intra 'io' routing)                                                                       0.779     0.779
| (inter-block routing:global net)                                                           0.000     0.779
| (intra 'clb' routing)                                                                      0.000     0.779
fifo_proc23_to_proc24.tempOut[0].C[0] (dffre at (162,62))                                    0.000     0.779
clock uncertainty                                                                            0.000     0.779
cell hold time                                                                              -0.028     0.751
data required time                                                                                     0.751
------------------------------------------------------------------------------------------------------------
data required time                                                                                    -0.751
data arrival time                                                                                      0.892
------------------------------------------------------------------------------------------------------------
slack (MET)                                                                                            0.141


#Path 6
Startpoint: proc94.ifetch.pc_register.count[11].Q[0] (dffre at (58,99) clocked by clk)
Endpoint  : proc94.ifetch.pc_register.count[11].D[0] (dffre at (58,99) clocked by clk)
Path Type : hold

Point                                                                                                                              Incr      Path
-------------------------------------------------------------------------------------------------------------------------------------------------
clock clk (rise edge)                                                                                              0.000     0.000
clock source latency                                                                                                              0.000     0.000
clk.inpad[0] (.input at (4,1))                                                                                     0.000     0.000
| (intra 'io' routing)                                                                                                            0.779     0.779
| (inter-block routing:global net)                                                                                                0.000     0.779
| (intra 'clb' routing)                                                                                                           0.000     0.779
proc94.ifetch.pc_register.count[11].C[0] (dffre at (58,99))                                                                       0.000     0.779
| (primitive 'dffre' Tcq_min)                                                                                                     0.029     0.808
proc94.ifetch.pc_register.count[11].Q[0] (dffre at (58,99)) [clock-to-output]                                                     0.000     0.808
| (intra 'clb' routing)                                                                                                           0.066     0.874
$abc$13647316$abc$3486044$flatten\proc94.\ifetch.\pc_register.$0\count[29:0][11].in[2] (.names at (58,99))                        0.000     0.874
| (primitive '.names' combinational delay)                                                                                        0.017     0.892
$abc$13647316$abc$3486044$flatten\proc94.\ifetch.\pc_register.$0\count[29:0][11].out[0] (.names at (58,99))                       0.000     0.892
| (intra 'clb' routing)                                                                                                           0.000     0.892
proc94.ifetch.pc_register.count[11].D[0] (dffre at (58,99))                                                                       0.000     0.892
data arrival time                                                                                                                           0.892

clock clk (rise edge)                                                                                              0.000     0.000
clock source latency                                                                                                              0.000     0.000
clk.inpad[0] (.input at (4,1))                                                                                     0.000     0.000
| (intra 'io' routing)                                                                                                            0.779     0.779
| (inter-block routing:global net)                                                                                                0.000     0.779
| (intra 'clb' routing)                                                                                                           0.000     0.779
proc94.ifetch.pc_register.count[11].C[0] (dffre at (58,99))                                                                       0.000     0.779
clock uncertainty                                                                                                                 0.000     0.779
cell hold time                                                                                                                   -0.028     0.751
data required time                                                                                                                          0.751
-------------------------------------------------------------------------------------------------------------------------------------------------
data required time                                                                                                                         -0.751
data arrival time                                                                                                                           0.892
-------------------------------------------------------------------------------------------------------------------------------------------------
slack (MET)                                                                                                                                 0.141


#Path 7
Startpoint: fifo_proc60_to_proc50.fifo[2][30].Q[0] (dffre at (247,86) clocked by clk)
Endpoint  : fifo_proc60_to_proc50.tempOut[30].D[0] (dffre at (247,86) clocked by clk)
Path Type : hold

Point                                                                                          Incr      Path
-------------------------------------------------------------------------------------------------------------
clock clk (rise edge)                                                          0.000     0.000
clock source latency                                                                          0.000     0.000
clk.inpad[0] (.input at (4,1))                                                 0.000     0.000
| (intra 'io' routing)                                                                        0.779     0.779
| (inter-block routing:global net)                                                            0.000     0.779
| (intra 'clb' routing)                                                                       0.000     0.779
fifo_proc60_to_proc50.fifo[2][30].C[0] (dffre at (247,86))                                    0.000     0.779
| (primitive 'dffre' Tcq_min)                                                                 0.029     0.808
fifo_proc60_to_proc50.fifo[2][30].Q[0] (dffre at (247,86)) [clock-to-output]                  0.000     0.808
| (intra 'clb' routing)                                                                       0.066     0.874
$\fifo_proc60_to_proc50.fifo$rdreg[0]$d[30].in[4] (.names at (247,86))                        0.000     0.874
| (primitive '.names' combinational delay)                                                    0.017     0.892
$\fifo_proc60_to_proc50.fifo$rdreg[0]$d[30].out[0] (.names at (247,86))                       0.000     0.892
| (intra 'clb' routing)                                                                       0.000     0.892
fifo_proc60_to_proc50.tempOut[30].D[0] (dffre at (247,86))                                    0.000     0.892
data arrival time                                                                                       0.892

clock clk (rise edge)                                                          0.000     0.000
clock source latency                                                                          0.000     0.000
clk.inpad[0] (.input at (4,1))                                                 0.000     0.000
| (intra 'io' routing)                                                                        0.779     0.779
| (inter-block routing:global net)                                                            0.000     0.779
| (intra 'clb' routing)                                                                       0.000     0.779
fifo_proc60_to_proc50.tempOut[30].C[0] (dffre at (247,86))                                    0.000     0.779
clock uncertainty                                                                             0.000     0.779
cell hold time                                                                               -0.028     0.751
data required time                                                                                      0.751
-------------------------------------------------------------------------------------------------------------
data required time                                                                                     -0.751
data arrival time                                                                                       0.892
-------------------------------------------------------------------------------------------------------------
slack (MET)                                                                                             0.141


#Path 8
Startpoint: fifo_proc60_to_proc50.fifo[1][28].Q[0] (dffre at (247,84) clocked by clk)
Endpoint  : fifo_proc60_to_proc50.tempOut[28].D[0] (dffre at (247,84) clocked by clk)
Path Type : hold

Point                                                                                          Incr      Path
-------------------------------------------------------------------------------------------------------------
clock clk (rise edge)                                                          0.000     0.000
clock source latency                                                                          0.000     0.000
clk.inpad[0] (.input at (4,1))                                                 0.000     0.000
| (intra 'io' routing)                                                                        0.779     0.779
| (inter-block routing:global net)                                                            0.000     0.779
| (intra 'clb' routing)                                                                       0.000     0.779
fifo_proc60_to_proc50.fifo[1][28].C[0] (dffre at (247,84))                                    0.000     0.779
| (primitive 'dffre' Tcq_min)                                                                 0.029     0.808
fifo_proc60_to_proc50.fifo[1][28].Q[0] (dffre at (247,84)) [clock-to-output]                  0.000     0.808
| (intra 'clb' routing)                                                                       0.066     0.874
$\fifo_proc60_to_proc50.fifo$rdreg[0]$d[28].in[3] (.names at (247,84))                        0.000     0.874
| (primitive '.names' combinational delay)                                                    0.017     0.892
$\fifo_proc60_to_proc50.fifo$rdreg[0]$d[28].out[0] (.names at (247,84))                       0.000     0.892
| (intra 'clb' routing)                                                                       0.000     0.892
fifo_proc60_to_proc50.tempOut[28].D[0] (dffre at (247,84))                                    0.000     0.892
data arrival time                                                                                       0.892

clock clk (rise edge)                                                          0.000     0.000
clock source latency                                                                          0.000     0.000
clk.inpad[0] (.input at (4,1))                                                 0.000     0.000
| (intra 'io' routing)                                                                        0.779     0.779
| (inter-block routing:global net)                                                            0.000     0.779
| (intra 'clb' routing)                                                                       0.000     0.779
fifo_proc60_to_proc50.tempOut[28].C[0] (dffre at (247,84))                                    0.000     0.779
clock uncertainty                                                                             0.000     0.779
cell hold time                                                                               -0.028     0.751
data required time                                                                                      0.751
-------------------------------------------------------------------------------------------------------------
data required time                                                                                     -0.751
data arrival time                                                                                       0.892
-------------------------------------------------------------------------------------------------------------
slack (MET)                                                                                             0.141


#Path 9
Startpoint: fifo_proc64_to_proc65.fifo[2][1].Q[0] (dffre at (87,69) clocked by clk)
Endpoint  : fifo_proc64_to_proc65.tempOut[1].D[0] (dffre at (87,69) clocked by clk)
Path Type : hold

Point                                                                                        Incr      Path
-----------------------------------------------------------------------------------------------------------
clock clk (rise edge)                                                        0.000     0.000
clock source latency                                                                        0.000     0.000
clk.inpad[0] (.input at (4,1))                                               0.000     0.000
| (intra 'io' routing)                                                                      0.779     0.779
| (inter-block routing:global net)                                                          0.000     0.779
| (intra 'clb' routing)                                                                     0.000     0.779
fifo_proc64_to_proc65.fifo[2][1].C[0] (dffre at (87,69))                                    0.000     0.779
| (primitive 'dffre' Tcq_min)                                                               0.029     0.808
fifo_proc64_to_proc65.fifo[2][1].Q[0] (dffre at (87,69)) [clock-to-output]                  0.000     0.808
| (intra 'clb' routing)                                                                     0.066     0.874
$\fifo_proc64_to_proc65.fifo$rdreg[0]$d[1].in[4] (.names at (87,69))                        0.000     0.874
| (primitive '.names' combinational delay)                                                  0.017     0.892
$\fifo_proc64_to_proc65.fifo$rdreg[0]$d[1].out[0] (.names at (87,69))                       0.000     0.892
| (intra 'clb' routing)                                                                     0.000     0.892
fifo_proc64_to_proc65.tempOut[1].D[0] (dffre at (87,69))                                    0.000     0.892
data arrival time                                                                                     0.892

clock clk (rise edge)                                                        0.000     0.000
clock source latency                                                                        0.000     0.000
clk.inpad[0] (.input at (4,1))                                               0.000     0.000
| (intra 'io' routing)                                                                      0.779     0.779
| (inter-block routing:global net)                                                          0.000     0.779
| (intra 'clb' routing)                                                                     0.000     0.779
fifo_proc64_to_proc65.tempOut[1].C[0] (dffre at (87,69))                                    0.000     0.779
clock uncertainty                                                                           0.000     0.779
cell hold time                                                                             -0.028     0.751
data required time                                                                                    0.751
-----------------------------------------------------------------------------------------------------------
data required time                                                                                   -0.751
data arrival time                                                                                     0.892
-----------------------------------------------------------------------------------------------------------
slack (MET)                                                                                           0.141


#Path 10
Startpoint: proc74.shifter.shift_count[3].Q[0] (dffre at (88,82) clocked by clk)
Endpoint  : proc74.shifter.shift_count[3].D[0] (dffre at (88,82) clocked by clk)
Path Type : hold

Point                                                                                                                      Incr      Path
-----------------------------------------------------------------------------------------------------------------------------------------
clock clk (rise edge)                                                                                      0.000     0.000
clock source latency                                                                                                      0.000     0.000
clk.inpad[0] (.input at (4,1))                                                                             0.000     0.000
| (intra 'io' routing)                                                                                                    0.779     0.779
| (inter-block routing:global net)                                                                                        0.000     0.779
| (intra 'clb' routing)                                                                                                   0.000     0.779
proc74.shifter.shift_count[3].C[0] (dffre at (88,82))                                                                     0.000     0.779
| (primitive 'dffre' Tcq_min)                                                                                             0.029     0.808
proc74.shifter.shift_count[3].Q[0] (dffre at (88,82)) [clock-to-output]                                                   0.000     0.808
| (intra 'clb' routing)                                                                                                   0.066     0.874
$abc$13647316$abc$2847362$flatten\proc74.\shifter.$0\shift_count[4:0][3].in[1] (.names at (88,82))                        0.000     0.874
| (primitive '.names' combinational delay)                                                                                0.017     0.892
$abc$13647316$abc$2847362$flatten\proc74.\shifter.$0\shift_count[4:0][3].out[0] (.names at (88,82))                       0.000     0.892
| (intra 'clb' routing)                                                                                                   0.000     0.892
proc74.shifter.shift_count[3].D[0] (dffre at (88,82))                                                                     0.000     0.892
data arrival time                                                                                                                   0.892

clock clk (rise edge)                                                                                      0.000     0.000
clock source latency                                                                                                      0.000     0.000
clk.inpad[0] (.input at (4,1))                                                                             0.000     0.000
| (intra 'io' routing)                                                                                                    0.779     0.779
| (inter-block routing:global net)                                                                                        0.000     0.779
| (intra 'clb' routing)                                                                                                   0.000     0.779
proc74.shifter.shift_count[3].C[0] (dffre at (88,82))                                                                     0.000     0.779
clock uncertainty                                                                                                         0.000     0.779
cell hold time                                                                                                           -0.028     0.751
data required time                                                                                                                  0.751
-----------------------------------------------------------------------------------------------------------------------------------------
data required time                                                                                                                 -0.751
data arrival time                                                                                                                   0.892
-----------------------------------------------------------------------------------------------------------------------------------------
slack (MET)                                                                                                                         0.141


#Path 11
Startpoint: proc73.ifetch.pc_register.count[2].Q[0] (dffre at (179,90) clocked by clk)
Endpoint  : proc73.ifetch.pc_register.count[3].D[0] (dffre at (179,90) clocked by clk)
Path Type : hold

Point                                                                                                                              Incr      Path
-------------------------------------------------------------------------------------------------------------------------------------------------
clock clk (rise edge)                                                                                              0.000     0.000
clock source latency                                                                                                              0.000     0.000
clk.inpad[0] (.input at (4,1))                                                                                     0.000     0.000
| (intra 'io' routing)                                                                                                            0.779     0.779
| (inter-block routing:global net)                                                                                                0.000     0.779
| (intra 'clb' routing)                                                                                                           0.000     0.779
proc73.ifetch.pc_register.count[2].C[0] (dffre at (179,90))                                                                       0.000     0.779
| (primitive 'dffre' Tcq_min)                                                                                                     0.029     0.808
proc73.ifetch.pc_register.count[2].Q[0] (dffre at (179,90)) [clock-to-output]                                                     0.000     0.808
| (intra 'clb' routing)                                                                                                           0.066     0.874
$abc$13647316$abc$3486044$flatten\proc73.\ifetch.\pc_register.$0\count[29:0][3].in[4] (.names at (179,90))                        0.000     0.874
| (primitive '.names' combinational delay)                                                                                        0.017     0.892
$abc$13647316$abc$3486044$flatten\proc73.\ifetch.\pc_register.$0\count[29:0][3].out[0] (.names at (179,90))                       0.000     0.892
| (intra 'clb' routing)                                                                                                           0.000     0.892
proc73.ifetch.pc_register.count[3].D[0] (dffre at (179,90))                                                                       0.000     0.892
data arrival time                                                                                                                           0.892

clock clk (rise edge)                                                                                              0.000     0.000
clock source latency                                                                                                              0.000     0.000
clk.inpad[0] (.input at (4,1))                                                                                     0.000     0.000
| (intra 'io' routing)                                                                                                            0.779     0.779
| (inter-block routing:global net)                                                                                                0.000     0.779
| (intra 'clb' routing)                                                                                                           0.000     0.779
proc73.ifetch.pc_register.count[3].C[0] (dffre at (179,90))                                                                       0.000     0.779
clock uncertainty                                                                                                                 0.000     0.779
cell hold time                                                                                                                   -0.028     0.751
data required time                                                                                                                          0.751
-------------------------------------------------------------------------------------------------------------------------------------------------
data required time                                                                                                                         -0.751
data arrival time                                                                                                                           0.892
-------------------------------------------------------------------------------------------------------------------------------------------------
slack (MET)                                                                                                                                 0.141


#Path 12
Startpoint: proc70.reg_file.reg_file1.q_b[31].Q[0] (dffre at (175,159) clocked by clk)
Endpoint  : proc70.ifetch.pc_register.count[29].D[0] (dffre at (175,159) clocked by clk)
Path Type : hold

Point                                                                                                                                Incr      Path
---------------------------------------------------------------------------------------------------------------------------------------------------
clock clk (rise edge)                                                                                                0.000     0.000
clock source latency                                                                                                                0.000     0.000
clk.inpad[0] (.input at (4,1))                                                                                       0.000     0.000
| (intra 'io' routing)                                                                                                              0.779     0.779
| (inter-block routing:global net)                                                                                                  0.000     0.779
| (intra 'clb' routing)                                                                                                             0.000     0.779
proc70.reg_file.reg_file1.q_b[31].C[0] (dffre at (175,159))                                                                         0.000     0.779
| (primitive 'dffre' Tcq_min)                                                                                                       0.029     0.808
proc70.reg_file.reg_file1.q_b[31].Q[0] (dffre at (175,159)) [clock-to-output]                                                       0.000     0.808
| (intra 'clb' routing)                                                                                                             0.066     0.874
$abc$13647316$abc$3486044$flatten\proc70.\ifetch.\pc_register.$0\count[29:0][29].in[3] (.names at (175,159))                        0.000     0.874
| (primitive '.names' combinational delay)                                                                                          0.017     0.892
$abc$13647316$abc$3486044$flatten\proc70.\ifetch.\pc_register.$0\count[29:0][29].out[0] (.names at (175,159))                       0.000     0.892
| (intra 'clb' routing)                                                                                                             0.000     0.892
proc70.ifetch.pc_register.count[29].D[0] (dffre at (175,159))                                                                       0.000     0.892
data arrival time                                                                                                                             0.892

clock clk (rise edge)                                                                                                0.000     0.000
clock source latency                                                                                                                0.000     0.000
clk.inpad[0] (.input at (4,1))                                                                                       0.000     0.000
| (intra 'io' routing)                                                                                                              0.779     0.779
| (inter-block routing:global net)                                                                                                  0.000     0.779
| (intra 'clb' routing)                                                                                                             0.000     0.779
proc70.ifetch.pc_register.count[29].C[0] (dffre at (175,159))                                                                       0.000     0.779
clock uncertainty                                                                                                                   0.000     0.779
cell hold time                                                                                                                     -0.028     0.751
data required time                                                                                                                            0.751
---------------------------------------------------------------------------------------------------------------------------------------------------
data required time                                                                                                                           -0.751
data arrival time                                                                                                                             0.892
---------------------------------------------------------------------------------------------------------------------------------------------------
slack (MET)                                                                                                                                   0.141


#Path 13
Startpoint: fifo_proc34_to_proc33.fifo[2][21].Q[0] (dffre at (132,93) clocked by clk)
Endpoint  : fifo_proc34_to_proc33.tempOut[21].D[0] (dffre at (132,93) clocked by clk)
Path Type : hold

Point                                                                                          Incr      Path
-------------------------------------------------------------------------------------------------------------
clock clk (rise edge)                                                          0.000     0.000
clock source latency                                                                          0.000     0.000
clk.inpad[0] (.input at (4,1))                                                 0.000     0.000
| (intra 'io' routing)                                                                        0.779     0.779
| (inter-block routing:global net)                                                            0.000     0.779
| (intra 'clb' routing)                                                                       0.000     0.779
fifo_proc34_to_proc33.fifo[2][21].C[0] (dffre at (132,93))                                    0.000     0.779
| (primitive 'dffre' Tcq_min)                                                                 0.029     0.808
fifo_proc34_to_proc33.fifo[2][21].Q[0] (dffre at (132,93)) [clock-to-output]                  0.000     0.808
| (intra 'clb' routing)                                                                       0.066     0.874
$\fifo_proc34_to_proc33.fifo$rdreg[0]$d[21].in[4] (.names at (132,93))                        0.000     0.874
| (primitive '.names' combinational delay)                                                    0.017     0.892
$\fifo_proc34_to_proc33.fifo$rdreg[0]$d[21].out[0] (.names at (132,93))                       0.000     0.892
| (intra 'clb' routing)                                                                       0.000     0.892
fifo_proc34_to_proc33.tempOut[21].D[0] (dffre at (132,93))                                    0.000     0.892
data arrival time                                                                                       0.892

clock clk (rise edge)                                                          0.000     0.000
clock source latency                                                                          0.000     0.000
clk.inpad[0] (.input at (4,1))                                                 0.000     0.000
| (intra 'io' routing)                                                                        0.779     0.779
| (inter-block routing:global net)                                                            0.000     0.779
| (intra 'clb' routing)                                                                       0.000     0.779
fifo_proc34_to_proc33.tempOut[21].C[0] (dffre at (132,93))                                    0.000     0.779
clock uncertainty                                                                             0.000     0.779
cell hold time                                                                               -0.028     0.751
data required time                                                                                      0.751
-------------------------------------------------------------------------------------------------------------
data required time                                                                                     -0.751
data arrival time                                                                                       0.892
-------------------------------------------------------------------------------------------------------------
slack (MET)                                                                                             0.141


#Path 14
Startpoint: proc78.reg_file.reg_file1.q_b[28].Q[0] (dffre at (100,118) clocked by clk)
Endpoint  : proc78.ifetch.pc_register.count[26].D[0] (dffre at (100,118) clocked by clk)
Path Type : hold

Point                                                                                                                                Incr      Path
---------------------------------------------------------------------------------------------------------------------------------------------------
clock clk (rise edge)                                                                                                0.000     0.000
clock source latency                                                                                                                0.000     0.000
clk.inpad[0] (.input at (4,1))                                                                                       0.000     0.000
| (intra 'io' routing)                                                                                                              0.779     0.779
| (inter-block routing:global net)                                                                                                  0.000     0.779
| (intra 'clb' routing)                                                                                                             0.000     0.779
proc78.reg_file.reg_file1.q_b[28].C[0] (dffre at (100,118))                                                                         0.000     0.779
| (primitive 'dffre' Tcq_min)                                                                                                       0.029     0.808
proc78.reg_file.reg_file1.q_b[28].Q[0] (dffre at (100,118)) [clock-to-output]                                                       0.000     0.808
| (intra 'clb' routing)                                                                                                             0.066     0.874
$abc$13647316$abc$3486044$flatten\proc78.\ifetch.\pc_register.$0\count[29:0][26].in[3] (.names at (100,118))                        0.000     0.874
| (primitive '.names' combinational delay)                                                                                          0.017     0.892
$abc$13647316$abc$3486044$flatten\proc78.\ifetch.\pc_register.$0\count[29:0][26].out[0] (.names at (100,118))                       0.000     0.892
| (intra 'clb' routing)                                                                                                             0.000     0.892
proc78.ifetch.pc_register.count[26].D[0] (dffre at (100,118))                                                                       0.000     0.892
data arrival time                                                                                                                             0.892

clock clk (rise edge)                                                                                                0.000     0.000
clock source latency                                                                                                                0.000     0.000
clk.inpad[0] (.input at (4,1))                                                                                       0.000     0.000
| (intra 'io' routing)                                                                                                              0.779     0.779
| (inter-block routing:global net)                                                                                                  0.000     0.779
| (intra 'clb' routing)                                                                                                             0.000     0.779
proc78.ifetch.pc_register.count[26].C[0] (dffre at (100,118))                                                                       0.000     0.779
clock uncertainty                                                                                                                   0.000     0.779
cell hold time                                                                                                                     -0.028     0.751
data required time                                                                                                                            0.751
---------------------------------------------------------------------------------------------------------------------------------------------------
data required time                                                                                                                           -0.751
data arrival time                                                                                                                             0.892
---------------------------------------------------------------------------------------------------------------------------------------------------
slack (MET)                                                                                                                                   0.141


#Path 15
Startpoint: proc3.ifetch.pc_register.count[13].Q[0] (dffre at (265,75) clocked by clk)
Endpoint  : proc3.ifetch.pc_register.count[15].D[0] (dffre at (265,75) clocked by clk)
Path Type : hold

Point                                                                                                                              Incr      Path
-------------------------------------------------------------------------------------------------------------------------------------------------
clock clk (rise edge)                                                                                              0.000     0.000
clock source latency                                                                                                              0.000     0.000
clk.inpad[0] (.input at (4,1))                                                                                     0.000     0.000
| (intra 'io' routing)                                                                                                            0.779     0.779
| (inter-block routing:global net)                                                                                                0.000     0.779
| (intra 'clb' routing)                                                                                                           0.000     0.779
proc3.ifetch.pc_register.count[13].C[0] (dffre at (265,75))                                                                       0.000     0.779
| (primitive 'dffre' Tcq_min)                                                                                                     0.029     0.808
proc3.ifetch.pc_register.count[13].Q[0] (dffre at (265,75)) [clock-to-output]                                                     0.000     0.808
| (intra 'clb' routing)                                                                                                           0.066     0.874
$abc$13647316$abc$3486044$flatten\proc3.\ifetch.\pc_register.$0\count[29:0][15].in[3] (.names at (265,75))                        0.000     0.874
| (primitive '.names' combinational delay)                                                                                        0.017     0.892
$abc$13647316$abc$3486044$flatten\proc3.\ifetch.\pc_register.$0\count[29:0][15].out[0] (.names at (265,75))                       0.000     0.892
| (intra 'clb' routing)                                                                                                           0.000     0.892
proc3.ifetch.pc_register.count[15].D[0] (dffre at (265,75))                                                                       0.000     0.892
data arrival time                                                                                                                           0.892

clock clk (rise edge)                                                                                              0.000     0.000
clock source latency                                                                                                              0.000     0.000
clk.inpad[0] (.input at (4,1))                                                                                     0.000     0.000
| (intra 'io' routing)                                                                                                            0.779     0.779
| (inter-block routing:global net)                                                                                                0.000     0.779
| (intra 'clb' routing)                                                                                                           0.000     0.779
proc3.ifetch.pc_register.count[15].C[0] (dffre at (265,75))                                                                       0.000     0.779
clock uncertainty                                                                                                                 0.000     0.779
cell hold time                                                                                                                   -0.028     0.751
data required time                                                                                                                          0.751
-------------------------------------------------------------------------------------------------------------------------------------------------
data required time                                                                                                                         -0.751
data arrival time                                                                                                                           0.892
-------------------------------------------------------------------------------------------------------------------------------------------------
slack (MET)                                                                                                                                 0.141


#Path 16
Startpoint: proc92.ifetch.pc_register.count[27].Q[0] (dffre at (176,186) clocked by clk)
Endpoint  : proc92.ifetch.pc_register.count[28].D[0] (dffre at (176,186) clocked by clk)
Path Type : hold

Point                                                                                                                                Incr      Path
---------------------------------------------------------------------------------------------------------------------------------------------------
clock clk (rise edge)                                                                                                0.000     0.000
clock source latency                                                                                                                0.000     0.000
clk.inpad[0] (.input at (4,1))                                                                                       0.000     0.000
| (intra 'io' routing)                                                                                                              0.779     0.779
| (inter-block routing:global net)                                                                                                  0.000     0.779
| (intra 'clb' routing)                                                                                                             0.000     0.779
proc92.ifetch.pc_register.count[27].C[0] (dffre at (176,186))                                                                       0.000     0.779
| (primitive 'dffre' Tcq_min)                                                                                                       0.029     0.808
proc92.ifetch.pc_register.count[27].Q[0] (dffre at (176,186)) [clock-to-output]                                                     0.000     0.808
| (intra 'clb' routing)                                                                                                             0.066     0.874
$abc$13647316$abc$3486044$flatten\proc92.\ifetch.\pc_register.$0\count[29:0][28].in[4] (.names at (176,186))                        0.000     0.874
| (primitive '.names' combinational delay)                                                                                          0.017     0.892
$abc$13647316$abc$3486044$flatten\proc92.\ifetch.\pc_register.$0\count[29:0][28].out[0] (.names at (176,186))                       0.000     0.892
| (intra 'clb' routing)                                                                                                             0.000     0.892
proc92.ifetch.pc_register.count[28].D[0] (dffre at (176,186))                                                                       0.000     0.892
data arrival time                                                                                                                             0.892

clock clk (rise edge)                                                                                                0.000     0.000
clock source latency                                                                                                                0.000     0.000
clk.inpad[0] (.input at (4,1))                                                                                       0.000     0.000
| (intra 'io' routing)                                                                                                              0.779     0.779
| (inter-block routing:global net)                                                                                                  0.000     0.779
| (intra 'clb' routing)                                                                                                             0.000     0.779
proc92.ifetch.pc_register.count[28].C[0] (dffre at (176,186))                                                                       0.000     0.779
clock uncertainty                                                                                                                   0.000     0.779
cell hold time                                                                                                                     -0.028     0.751
data required time                                                                                                                            0.751
---------------------------------------------------------------------------------------------------------------------------------------------------
data required time                                                                                                                           -0.751
data arrival time                                                                                                                             0.892
---------------------------------------------------------------------------------------------------------------------------------------------------
slack (MET)                                                                                                                                   0.141


#Path 17
Startpoint: proc94.ifetch.pc_register.count[1].Q[0] (dffre at (60,99) clocked by clk)
Endpoint  : proc94.ifetch.pc_register.count[1].D[0] (dffre at (60,99) clocked by clk)
Path Type : hold

Point                                                                                                                             Incr      Path
------------------------------------------------------------------------------------------------------------------------------------------------
clock clk (rise edge)                                                                                             0.000     0.000
clock source latency                                                                                                             0.000     0.000
clk.inpad[0] (.input at (4,1))                                                                                    0.000     0.000
| (intra 'io' routing)                                                                                                           0.779     0.779
| (inter-block routing:global net)                                                                                               0.000     0.779
| (intra 'clb' routing)                                                                                                          0.000     0.779
proc94.ifetch.pc_register.count[1].C[0] (dffre at (60,99))                                                                       0.000     0.779
| (primitive 'dffre' Tcq_min)                                                                                                    0.029     0.808
proc94.ifetch.pc_register.count[1].Q[0] (dffre at (60,99)) [clock-to-output]                                                     0.000     0.808
| (intra 'clb' routing)                                                                                                          0.066     0.874
$abc$13647316$abc$3486044$flatten\proc94.\ifetch.\pc_register.$0\count[29:0][1].in[2] (.names at (60,99))                        0.000     0.874
| (primitive '.names' combinational delay)                                                                                       0.017     0.892
$abc$13647316$abc$3486044$flatten\proc94.\ifetch.\pc_register.$0\count[29:0][1].out[0] (.names at (60,99))                       0.000     0.892
| (intra 'clb' routing)                                                                                                          0.000     0.892
proc94.ifetch.pc_register.count[1].D[0] (dffre at (60,99))                                                                       0.000     0.892
data arrival time                                                                                                                          0.892

clock clk (rise edge)                                                                                             0.000     0.000
clock source latency                                                                                                             0.000     0.000
clk.inpad[0] (.input at (4,1))                                                                                    0.000     0.000
| (intra 'io' routing)                                                                                                           0.779     0.779
| (inter-block routing:global net)                                                                                               0.000     0.779
| (intra 'clb' routing)                                                                                                          0.000     0.779
proc94.ifetch.pc_register.count[1].C[0] (dffre at (60,99))                                                                       0.000     0.779
clock uncertainty                                                                                                                0.000     0.779
cell hold time                                                                                                                  -0.028     0.751
data required time                                                                                                                         0.751
------------------------------------------------------------------------------------------------------------------------------------------------
data required time                                                                                                                        -0.751
data arrival time                                                                                                                          0.892
------------------------------------------------------------------------------------------------------------------------------------------------
slack (MET)                                                                                                                                0.141


#Path 18
Startpoint: proc39.ifetch.pc_register.count[9].Q[0] (dffre at (153,87) clocked by clk)
Endpoint  : proc39.ifetch.pc_register.count[9].D[0] (dffre at (153,87) clocked by clk)
Path Type : hold

Point                                                                                                                              Incr      Path
-------------------------------------------------------------------------------------------------------------------------------------------------
clock clk (rise edge)                                                                                              0.000     0.000
clock source latency                                                                                                              0.000     0.000
clk.inpad[0] (.input at (4,1))                                                                                     0.000     0.000
| (intra 'io' routing)                                                                                                            0.779     0.779
| (inter-block routing:global net)                                                                                                0.000     0.779
| (intra 'clb' routing)                                                                                                           0.000     0.779
proc39.ifetch.pc_register.count[9].C[0] (dffre at (153,87))                                                                       0.000     0.779
| (primitive 'dffre' Tcq_min)                                                                                                     0.029     0.808
proc39.ifetch.pc_register.count[9].Q[0] (dffre at (153,87)) [clock-to-output]                                                     0.000     0.808
| (intra 'clb' routing)                                                                                                           0.066     0.874
$abc$13647316$abc$3486044$flatten\proc39.\ifetch.\pc_register.$0\count[29:0][9].in[1] (.names at (153,87))                        0.000     0.874
| (primitive '.names' combinational delay)                                                                                        0.017     0.892
$abc$13647316$abc$3486044$flatten\proc39.\ifetch.\pc_register.$0\count[29:0][9].out[0] (.names at (153,87))                       0.000     0.892
| (intra 'clb' routing)                                                                                                           0.000     0.892
proc39.ifetch.pc_register.count[9].D[0] (dffre at (153,87))                                                                       0.000     0.892
data arrival time                                                                                                                           0.892

clock clk (rise edge)                                                                                              0.000     0.000
clock source latency                                                                                                              0.000     0.000
clk.inpad[0] (.input at (4,1))                                                                                     0.000     0.000
| (intra 'io' routing)                                                                                                            0.779     0.779
| (inter-block routing:global net)                                                                                                0.000     0.779
| (intra 'clb' routing)                                                                                                           0.000     0.779
proc39.ifetch.pc_register.count[9].C[0] (dffre at (153,87))                                                                       0.000     0.779
clock uncertainty                                                                                                                 0.000     0.779
cell hold time                                                                                                                   -0.028     0.751
data required time                                                                                                                          0.751
-------------------------------------------------------------------------------------------------------------------------------------------------
data required time                                                                                                                         -0.751
data arrival time                                                                                                                           0.892
-------------------------------------------------------------------------------------------------------------------------------------------------
slack (MET)                                                                                                                                 0.141


#Path 19
Startpoint: proc39.ifetch.pc_register.count[11].Q[0] (dffre at (155,86) clocked by clk)
Endpoint  : proc39.ifetch.pc_register.count[13].D[0] (dffre at (155,86) clocked by clk)
Path Type : hold

Point                                                                                                                               Incr      Path
--------------------------------------------------------------------------------------------------------------------------------------------------
clock clk (rise edge)                                                                                               0.000     0.000
clock source latency                                                                                                               0.000     0.000
clk.inpad[0] (.input at (4,1))                                                                                      0.000     0.000
| (intra 'io' routing)                                                                                                             0.779     0.779
| (inter-block routing:global net)                                                                                                 0.000     0.779
| (intra 'clb' routing)                                                                                                            0.000     0.779
proc39.ifetch.pc_register.count[11].C[0] (dffre at (155,86))                                                                       0.000     0.779
| (primitive 'dffre' Tcq_min)                                                                                                      0.029     0.808
proc39.ifetch.pc_register.count[11].Q[0] (dffre at (155,86)) [clock-to-output]                                                     0.000     0.808
| (intra 'clb' routing)                                                                                                            0.066     0.874
$abc$13647316$abc$3486044$flatten\proc39.\ifetch.\pc_register.$0\count[29:0][13].in[3] (.names at (155,86))                        0.000     0.874
| (primitive '.names' combinational delay)                                                                                         0.017     0.892
$abc$13647316$abc$3486044$flatten\proc39.\ifetch.\pc_register.$0\count[29:0][13].out[0] (.names at (155,86))                       0.000     0.892
| (intra 'clb' routing)                                                                                                            0.000     0.892
proc39.ifetch.pc_register.count[13].D[0] (dffre at (155,86))                                                                       0.000     0.892
data arrival time                                                                                                                            0.892

clock clk (rise edge)                                                                                               0.000     0.000
clock source latency                                                                                                               0.000     0.000
clk.inpad[0] (.input at (4,1))                                                                                      0.000     0.000
| (intra 'io' routing)                                                                                                             0.779     0.779
| (inter-block routing:global net)                                                                                                 0.000     0.779
| (intra 'clb' routing)                                                                                                            0.000     0.779
proc39.ifetch.pc_register.count[13].C[0] (dffre at (155,86))                                                                       0.000     0.779
clock uncertainty                                                                                                                  0.000     0.779
cell hold time                                                                                                                    -0.028     0.751
data required time                                                                                                                           0.751
--------------------------------------------------------------------------------------------------------------------------------------------------
data required time                                                                                                                          -0.751
data arrival time                                                                                                                            0.892
--------------------------------------------------------------------------------------------------------------------------------------------------
slack (MET)                                                                                                                                  0.141


#Path 20
Startpoint: fifo_proc34_to_proc33.fifo[2][31].Q[0] (dffre at (129,93) clocked by clk)
Endpoint  : fifo_proc34_to_proc33.tempOut[31].D[0] (dffre at (129,93) clocked by clk)
Path Type : hold

Point                                                                                          Incr      Path
-------------------------------------------------------------------------------------------------------------
clock clk (rise edge)                                                          0.000     0.000
clock source latency                                                                          0.000     0.000
clk.inpad[0] (.input at (4,1))                                                 0.000     0.000
| (intra 'io' routing)                                                                        0.779     0.779
| (inter-block routing:global net)                                                            0.000     0.779
| (intra 'clb' routing)                                                                       0.000     0.779
fifo_proc34_to_proc33.fifo[2][31].C[0] (dffre at (129,93))                                    0.000     0.779
| (primitive 'dffre' Tcq_min)                                                                 0.029     0.808
fifo_proc34_to_proc33.fifo[2][31].Q[0] (dffre at (129,93)) [clock-to-output]                  0.000     0.808
| (intra 'clb' routing)                                                                       0.066     0.874
$\fifo_proc34_to_proc33.fifo$rdreg[0]$d[31].in[5] (.names at (129,93))                        0.000     0.874
| (primitive '.names' combinational delay)                                                    0.017     0.892
$\fifo_proc34_to_proc33.fifo$rdreg[0]$d[31].out[0] (.names at (129,93))                       0.000     0.892
| (intra 'clb' routing)                                                                       0.000     0.892
fifo_proc34_to_proc33.tempOut[31].D[0] (dffre at (129,93))                                    0.000     0.892
data arrival time                                                                                       0.892

clock clk (rise edge)                                                          0.000     0.000
clock source latency                                                                          0.000     0.000
clk.inpad[0] (.input at (4,1))                                                 0.000     0.000
| (intra 'io' routing)                                                                        0.779     0.779
| (inter-block routing:global net)                                                            0.000     0.779
| (intra 'clb' routing)                                                                       0.000     0.779
fifo_proc34_to_proc33.tempOut[31].C[0] (dffre at (129,93))                                    0.000     0.779
clock uncertainty                                                                             0.000     0.779
cell hold time                                                                               -0.028     0.751
data required time                                                                                      0.751
-------------------------------------------------------------------------------------------------------------
data required time                                                                                     -0.751
data arrival time                                                                                       0.892
-------------------------------------------------------------------------------------------------------------
slack (MET)                                                                                             0.141


#Path 21
Startpoint: fifo_proc34_to_proc33.fifo[1][30].Q[0] (dffre at (132,94) clocked by clk)
Endpoint  : fifo_proc34_to_proc33.tempOut[30].D[0] (dffre at (132,94) clocked by clk)
Path Type : hold

Point                                                                                          Incr      Path
-------------------------------------------------------------------------------------------------------------
clock clk (rise edge)                                                          0.000     0.000
clock source latency                                                                          0.000     0.000
clk.inpad[0] (.input at (4,1))                                                 0.000     0.000
| (intra 'io' routing)                                                                        0.779     0.779
| (inter-block routing:global net)                                                            0.000     0.779
| (intra 'clb' routing)                                                                       0.000     0.779
fifo_proc34_to_proc33.fifo[1][30].C[0] (dffre at (132,94))                                    0.000     0.779
| (primitive 'dffre' Tcq_min)                                                                 0.029     0.808
fifo_proc34_to_proc33.fifo[1][30].Q[0] (dffre at (132,94)) [clock-to-output]                  0.000     0.808
| (intra 'clb' routing)                                                                       0.066     0.874
$\fifo_proc34_to_proc33.fifo$rdreg[0]$d[30].in[3] (.names at (132,94))                        0.000     0.874
| (primitive '.names' combinational delay)                                                    0.017     0.892
$\fifo_proc34_to_proc33.fifo$rdreg[0]$d[30].out[0] (.names at (132,94))                       0.000     0.892
| (intra 'clb' routing)                                                                       0.000     0.892
fifo_proc34_to_proc33.tempOut[30].D[0] (dffre at (132,94))                                    0.000     0.892
data arrival time                                                                                       0.892

clock clk (rise edge)                                                          0.000     0.000
clock source latency                                                                          0.000     0.000
clk.inpad[0] (.input at (4,1))                                                 0.000     0.000
| (intra 'io' routing)                                                                        0.779     0.779
| (inter-block routing:global net)                                                            0.000     0.779
| (intra 'clb' routing)                                                                       0.000     0.779
fifo_proc34_to_proc33.tempOut[30].C[0] (dffre at (132,94))                                    0.000     0.779
clock uncertainty                                                                             0.000     0.779
cell hold time                                                                               -0.028     0.751
data required time                                                                                      0.751
-------------------------------------------------------------------------------------------------------------
data required time                                                                                     -0.751
data arrival time                                                                                       0.892
-------------------------------------------------------------------------------------------------------------
slack (MET)                                                                                             0.141


#Path 22
Startpoint: proc64.reg_file.reg_file1.q_b[28].Q[0] (dffre at (107,69) clocked by clk)
Endpoint  : proc64.ifetch.pc_register.count[26].D[0] (dffre at (107,69) clocked by clk)
Path Type : hold

Point                                                                                                                               Incr      Path
--------------------------------------------------------------------------------------------------------------------------------------------------
clock clk (rise edge)                                                                                               0.000     0.000
clock source latency                                                                                                               0.000     0.000
clk.inpad[0] (.input at (4,1))                                                                                      0.000     0.000
| (intra 'io' routing)                                                                                                             0.779     0.779
| (inter-block routing:global net)                                                                                                 0.000     0.779
| (intra 'clb' routing)                                                                                                            0.000     0.779
proc64.reg_file.reg_file1.q_b[28].C[0] (dffre at (107,69))                                                                         0.000     0.779
| (primitive 'dffre' Tcq_min)                                                                                                      0.029     0.808
proc64.reg_file.reg_file1.q_b[28].Q[0] (dffre at (107,69)) [clock-to-output]                                                       0.000     0.808
| (intra 'clb' routing)                                                                                                            0.066     0.874
$abc$13647316$abc$3486044$flatten\proc64.\ifetch.\pc_register.$0\count[29:0][26].in[3] (.names at (107,69))                        0.000     0.874
| (primitive '.names' combinational delay)                                                                                         0.017     0.892
$abc$13647316$abc$3486044$flatten\proc64.\ifetch.\pc_register.$0\count[29:0][26].out[0] (.names at (107,69))                       0.000     0.892
| (intra 'clb' routing)                                                                                                            0.000     0.892
proc64.ifetch.pc_register.count[26].D[0] (dffre at (107,69))                                                                       0.000     0.892
data arrival time                                                                                                                            0.892

clock clk (rise edge)                                                                                               0.000     0.000
clock source latency                                                                                                               0.000     0.000
clk.inpad[0] (.input at (4,1))                                                                                      0.000     0.000
| (intra 'io' routing)                                                                                                             0.779     0.779
| (inter-block routing:global net)                                                                                                 0.000     0.779
| (intra 'clb' routing)                                                                                                            0.000     0.779
proc64.ifetch.pc_register.count[26].C[0] (dffre at (107,69))                                                                       0.000     0.779
clock uncertainty                                                                                                                  0.000     0.779
cell hold time                                                                                                                    -0.028     0.751
data required time                                                                                                                           0.751
--------------------------------------------------------------------------------------------------------------------------------------------------
data required time                                                                                                                          -0.751
data arrival time                                                                                                                            0.892
--------------------------------------------------------------------------------------------------------------------------------------------------
slack (MET)                                                                                                                                  0.141


#Path 23
Startpoint: fifo_proc86_to_proc76.fifo[1][31].Q[0] (dffre at (65,66) clocked by clk)
Endpoint  : fifo_proc86_to_proc76.tempOut[31].D[0] (dffre at (65,66) clocked by clk)
Path Type : hold

Point                                                                                         Incr      Path
------------------------------------------------------------------------------------------------------------
clock clk (rise edge)                                                         0.000     0.000
clock source latency                                                                         0.000     0.000
clk.inpad[0] (.input at (4,1))                                                0.000     0.000
| (intra 'io' routing)                                                                       0.779     0.779
| (inter-block routing:global net)                                                           0.000     0.779
| (intra 'clb' routing)                                                                      0.000     0.779
fifo_proc86_to_proc76.fifo[1][31].C[0] (dffre at (65,66))                                    0.000     0.779
| (primitive 'dffre' Tcq_min)                                                                0.029     0.808
fifo_proc86_to_proc76.fifo[1][31].Q[0] (dffre at (65,66)) [clock-to-output]                  0.000     0.808
| (intra 'clb' routing)                                                                      0.066     0.874
$\fifo_proc86_to_proc76.fifo$rdreg[0]$d[31].in[3] (.names at (65,66))                        0.000     0.874
| (primitive '.names' combinational delay)                                                   0.017     0.892
$\fifo_proc86_to_proc76.fifo$rdreg[0]$d[31].out[0] (.names at (65,66))                       0.000     0.892
| (intra 'clb' routing)                                                                      0.000     0.892
fifo_proc86_to_proc76.tempOut[31].D[0] (dffre at (65,66))                                    0.000     0.892
data arrival time                                                                                      0.892

clock clk (rise edge)                                                         0.000     0.000
clock source latency                                                                         0.000     0.000
clk.inpad[0] (.input at (4,1))                                                0.000     0.000
| (intra 'io' routing)                                                                       0.779     0.779
| (inter-block routing:global net)                                                           0.000     0.779
| (intra 'clb' routing)                                                                      0.000     0.779
fifo_proc86_to_proc76.tempOut[31].C[0] (dffre at (65,66))                                    0.000     0.779
clock uncertainty                                                                            0.000     0.779
cell hold time                                                                              -0.028     0.751
data required time                                                                                     0.751
------------------------------------------------------------------------------------------------------------
data required time                                                                                    -0.751
data arrival time                                                                                      0.892
------------------------------------------------------------------------------------------------------------
slack (MET)                                                                                            0.141


#Path 24
Startpoint: proc36.shifter.shifter[6].Q[0] (dffre at (142,107) clocked by clk)
Endpoint  : proc36.shifter.shifter[7].D[0] (dffre at (142,107) clocked by clk)
Path Type : hold

Point                                                                                                                     Incr      Path
----------------------------------------------------------------------------------------------------------------------------------------
clock clk (rise edge)                                                                                     0.000     0.000
clock source latency                                                                                                     0.000     0.000
clk.inpad[0] (.input at (4,1))                                                                            0.000     0.000
| (intra 'io' routing)                                                                                                   0.779     0.779
| (inter-block routing:global net)                                                                                       0.000     0.779
| (intra 'clb' routing)                                                                                                  0.000     0.779
proc36.shifter.shifter[6].C[0] (dffre at (142,107))                                                                      0.000     0.779
| (primitive 'dffre' Tcq_min)                                                                                            0.029     0.808
proc36.shifter.shifter[6].Q[0] (dffre at (142,107)) [clock-to-output]                                                    0.000     0.808
| (intra 'clb' routing)                                                                                                  0.066     0.874
$abc$13647316$abc$3486044$flatten\proc36.\shifter.$0\shifter[31:0][7].in[3] (.names at (142,107))                        0.000     0.874
| (primitive '.names' combinational delay)                                                                               0.017     0.892
$abc$13647316$abc$3486044$flatten\proc36.\shifter.$0\shifter[31:0][7].out[0] (.names at (142,107))                       0.000     0.892
| (intra 'clb' routing)                                                                                                  0.000     0.892
proc36.shifter.shifter[7].D[0] (dffre at (142,107))                                                                      0.000     0.892
data arrival time                                                                                                                  0.892

clock clk (rise edge)                                                                                     0.000     0.000
clock source latency                                                                                                     0.000     0.000
clk.inpad[0] (.input at (4,1))                                                                            0.000     0.000
| (intra 'io' routing)                                                                                                   0.779     0.779
| (inter-block routing:global net)                                                                                       0.000     0.779
| (intra 'clb' routing)                                                                                                  0.000     0.779
proc36.shifter.shifter[7].C[0] (dffre at (142,107))                                                                      0.000     0.779
clock uncertainty                                                                                                        0.000     0.779
cell hold time                                                                                                          -0.028     0.751
data required time                                                                                                                 0.751
----------------------------------------------------------------------------------------------------------------------------------------
data required time                                                                                                                -0.751
data arrival time                                                                                                                  0.892
----------------------------------------------------------------------------------------------------------------------------------------
slack (MET)                                                                                                                        0.141


#Path 25
Startpoint: fifo_proc64_to_proc65.fifo[2][4].Q[0] (dffre at (91,68) clocked by clk)
Endpoint  : fifo_proc64_to_proc65.tempOut[4].D[0] (dffre at (91,68) clocked by clk)
Path Type : hold

Point                                                                                        Incr      Path
-----------------------------------------------------------------------------------------------------------
clock clk (rise edge)                                                        0.000     0.000
clock source latency                                                                        0.000     0.000
clk.inpad[0] (.input at (4,1))                                               0.000     0.000
| (intra 'io' routing)                                                                      0.779     0.779
| (inter-block routing:global net)                                                          0.000     0.779
| (intra 'clb' routing)                                                                     0.000     0.779
fifo_proc64_to_proc65.fifo[2][4].C[0] (dffre at (91,68))                                    0.000     0.779
| (primitive 'dffre' Tcq_min)                                                               0.029     0.808
fifo_proc64_to_proc65.fifo[2][4].Q[0] (dffre at (91,68)) [clock-to-output]                  0.000     0.808
| (intra 'clb' routing)                                                                     0.066     0.874
$\fifo_proc64_to_proc65.fifo$rdreg[0]$d[4].in[4] (.names at (91,68))                        0.000     0.874
| (primitive '.names' combinational delay)                                                  0.017     0.892
$\fifo_proc64_to_proc65.fifo$rdreg[0]$d[4].out[0] (.names at (91,68))                       0.000     0.892
| (intra 'clb' routing)                                                                     0.000     0.892
fifo_proc64_to_proc65.tempOut[4].D[0] (dffre at (91,68))                                    0.000     0.892
data arrival time                                                                                     0.892

clock clk (rise edge)                                                        0.000     0.000
clock source latency                                                                        0.000     0.000
clk.inpad[0] (.input at (4,1))                                               0.000     0.000
| (intra 'io' routing)                                                                      0.779     0.779
| (inter-block routing:global net)                                                          0.000     0.779
| (intra 'clb' routing)                                                                     0.000     0.779
fifo_proc64_to_proc65.tempOut[4].C[0] (dffre at (91,68))                                    0.000     0.779
clock uncertainty                                                                           0.000     0.779
cell hold time                                                                             -0.028     0.751
data required time                                                                                    0.751
-----------------------------------------------------------------------------------------------------------
data required time                                                                                   -0.751
data arrival time                                                                                     0.892
-----------------------------------------------------------------------------------------------------------
slack (MET)                                                                                           0.141


#Path 26
Startpoint: fifo_proc84_to_proc74.fifo[2][9].Q[0] (dffre at (71,80) clocked by clk)
Endpoint  : fifo_proc84_to_proc74.tempOut[9].D[0] (dffre at (71,80) clocked by clk)
Path Type : hold

Point                                                                                        Incr      Path
-----------------------------------------------------------------------------------------------------------
clock clk (rise edge)                                                        0.000     0.000
clock source latency                                                                        0.000     0.000
clk.inpad[0] (.input at (4,1))                                               0.000     0.000
| (intra 'io' routing)                                                                      0.779     0.779
| (inter-block routing:global net)                                                          0.000     0.779
| (intra 'clb' routing)                                                                     0.000     0.779
fifo_proc84_to_proc74.fifo[2][9].C[0] (dffre at (71,80))                                    0.000     0.779
| (primitive 'dffre' Tcq_min)                                                               0.029     0.808
fifo_proc84_to_proc74.fifo[2][9].Q[0] (dffre at (71,80)) [clock-to-output]                  0.000     0.808
| (intra 'clb' routing)                                                                     0.066     0.874
$\fifo_proc84_to_proc74.fifo$rdreg[0]$d[9].in[4] (.names at (71,80))                        0.000     0.874
| (primitive '.names' combinational delay)                                                  0.017     0.892
$\fifo_proc84_to_proc74.fifo$rdreg[0]$d[9].out[0] (.names at (71,80))                       0.000     0.892
| (intra 'clb' routing)                                                                     0.000     0.892
fifo_proc84_to_proc74.tempOut[9].D[0] (dffre at (71,80))                                    0.000     0.892
data arrival time                                                                                     0.892

clock clk (rise edge)                                                        0.000     0.000
clock source latency                                                                        0.000     0.000
clk.inpad[0] (.input at (4,1))                                               0.000     0.000
| (intra 'io' routing)                                                                      0.779     0.779
| (inter-block routing:global net)                                                          0.000     0.779
| (intra 'clb' routing)                                                                     0.000     0.779
fifo_proc84_to_proc74.tempOut[9].C[0] (dffre at (71,80))                                    0.000     0.779
clock uncertainty                                                                           0.000     0.779
cell hold time                                                                             -0.028     0.751
data required time                                                                                    0.751
-----------------------------------------------------------------------------------------------------------
data required time                                                                                   -0.751
data arrival time                                                                                     0.892
-----------------------------------------------------------------------------------------------------------
slack (MET)                                                                                           0.141


#Path 27
Startpoint: fifo_proc17_to_proc27.fifo[1][16].Q[0] (dffre at (170,28) clocked by clk)
Endpoint  : fifo_proc17_to_proc27.tempOut[16].D[0] (dffre at (170,28) clocked by clk)
Path Type : hold

Point                                                                                          Incr      Path
-------------------------------------------------------------------------------------------------------------
clock clk (rise edge)                                                          0.000     0.000
clock source latency                                                                          0.000     0.000
clk.inpad[0] (.input at (4,1))                                                 0.000     0.000
| (intra 'io' routing)                                                                        0.779     0.779
| (inter-block routing:global net)                                                            0.000     0.779
| (intra 'clb' routing)                                                                       0.000     0.779
fifo_proc17_to_proc27.fifo[1][16].C[0] (dffre at (170,28))                                    0.000     0.779
| (primitive 'dffre' Tcq_min)                                                                 0.029     0.808
fifo_proc17_to_proc27.fifo[1][16].Q[0] (dffre at (170,28)) [clock-to-output]                  0.000     0.808
| (intra 'clb' routing)                                                                       0.066     0.874
$\fifo_proc17_to_proc27.fifo$rdreg[0]$d[16].in[4] (.names at (170,28))                        0.000     0.874
| (primitive '.names' combinational delay)                                                    0.017     0.892
$\fifo_proc17_to_proc27.fifo$rdreg[0]$d[16].out[0] (.names at (170,28))                       0.000     0.892
| (intra 'clb' routing)                                                                       0.000     0.892
fifo_proc17_to_proc27.tempOut[16].D[0] (dffre at (170,28))                                    0.000     0.892
data arrival time                                                                                       0.892

clock clk (rise edge)                                                          0.000     0.000
clock source latency                                                                          0.000     0.000
clk.inpad[0] (.input at (4,1))                                                 0.000     0.000
| (intra 'io' routing)                                                                        0.779     0.779
| (inter-block routing:global net)                                                            0.000     0.779
| (intra 'clb' routing)                                                                       0.000     0.779
fifo_proc17_to_proc27.tempOut[16].C[0] (dffre at (170,28))                                    0.000     0.779
clock uncertainty                                                                             0.000     0.779
cell hold time                                                                               -0.028     0.751
data required time                                                                                      0.751
-------------------------------------------------------------------------------------------------------------
data required time                                                                                     -0.751
data arrival time                                                                                       0.892
-------------------------------------------------------------------------------------------------------------
slack (MET)                                                                                             0.141


#Path 28
Startpoint: fifo_proc64_to_proc65.fifo[2][3].Q[0] (dffre at (84,68) clocked by clk)
Endpoint  : fifo_proc64_to_proc65.tempOut[3].D[0] (dffre at (84,68) clocked by clk)
Path Type : hold

Point                                                                                        Incr      Path
-----------------------------------------------------------------------------------------------------------
clock clk (rise edge)                                                        0.000     0.000
clock source latency                                                                        0.000     0.000
clk.inpad[0] (.input at (4,1))                                               0.000     0.000
| (intra 'io' routing)                                                                      0.779     0.779
| (inter-block routing:global net)                                                          0.000     0.779
| (intra 'clb' routing)                                                                     0.000     0.779
fifo_proc64_to_proc65.fifo[2][3].C[0] (dffre at (84,68))                                    0.000     0.779
| (primitive 'dffre' Tcq_min)                                                               0.029     0.808
fifo_proc64_to_proc65.fifo[2][3].Q[0] (dffre at (84,68)) [clock-to-output]                  0.000     0.808
| (intra 'clb' routing)                                                                     0.066     0.874
$\fifo_proc64_to_proc65.fifo$rdreg[0]$d[3].in[4] (.names at (84,68))                        0.000     0.874
| (primitive '.names' combinational delay)                                                  0.017     0.892
$\fifo_proc64_to_proc65.fifo$rdreg[0]$d[3].out[0] (.names at (84,68))                       0.000     0.892
| (intra 'clb' routing)                                                                     0.000     0.892
fifo_proc64_to_proc65.tempOut[3].D[0] (dffre at (84,68))                                    0.000     0.892
data arrival time                                                                                     0.892

clock clk (rise edge)                                                        0.000     0.000
clock source latency                                                                        0.000     0.000
clk.inpad[0] (.input at (4,1))                                               0.000     0.000
| (intra 'io' routing)                                                                      0.779     0.779
| (inter-block routing:global net)                                                          0.000     0.779
| (intra 'clb' routing)                                                                     0.000     0.779
fifo_proc64_to_proc65.tempOut[3].C[0] (dffre at (84,68))                                    0.000     0.779
clock uncertainty                                                                           0.000     0.779
cell hold time                                                                             -0.028     0.751
data required time                                                                                    0.751
-----------------------------------------------------------------------------------------------------------
data required time                                                                                   -0.751
data arrival time                                                                                     0.892
-----------------------------------------------------------------------------------------------------------
slack (MET)                                                                                           0.141


#Path 29
Startpoint: proc64.reg_file.reg_file1.q_b[31].Q[0] (dffre at (109,72) clocked by clk)
Endpoint  : proc64.ifetch.pc_register.count[29].D[0] (dffre at (109,72) clocked by clk)
Path Type : hold

Point                                                                                                                               Incr      Path
--------------------------------------------------------------------------------------------------------------------------------------------------
clock clk (rise edge)                                                                                               0.000     0.000
clock source latency                                                                                                               0.000     0.000
clk.inpad[0] (.input at (4,1))                                                                                      0.000     0.000
| (intra 'io' routing)                                                                                                             0.779     0.779
| (inter-block routing:global net)                                                                                                 0.000     0.779
| (intra 'clb' routing)                                                                                                            0.000     0.779
proc64.reg_file.reg_file1.q_b[31].C[0] (dffre at (109,72))                                                                         0.000     0.779
| (primitive 'dffre' Tcq_min)                                                                                                      0.029     0.808
proc64.reg_file.reg_file1.q_b[31].Q[0] (dffre at (109,72)) [clock-to-output]                                                       0.000     0.808
| (intra 'clb' routing)                                                                                                            0.066     0.874
$abc$13647316$abc$3486044$flatten\proc64.\ifetch.\pc_register.$0\count[29:0][29].in[3] (.names at (109,72))                        0.000     0.874
| (primitive '.names' combinational delay)                                                                                         0.017     0.892
$abc$13647316$abc$3486044$flatten\proc64.\ifetch.\pc_register.$0\count[29:0][29].out[0] (.names at (109,72))                       0.000     0.892
| (intra 'clb' routing)                                                                                                            0.000     0.892
proc64.ifetch.pc_register.count[29].D[0] (dffre at (109,72))                                                                       0.000     0.892
data arrival time                                                                                                                            0.892

clock clk (rise edge)                                                                                               0.000     0.000
clock source latency                                                                                                               0.000     0.000
clk.inpad[0] (.input at (4,1))                                                                                      0.000     0.000
| (intra 'io' routing)                                                                                                             0.779     0.779
| (inter-block routing:global net)                                                                                                 0.000     0.779
| (intra 'clb' routing)                                                                                                            0.000     0.779
proc64.ifetch.pc_register.count[29].C[0] (dffre at (109,72))                                                                       0.000     0.779
clock uncertainty                                                                                                                  0.000     0.779
cell hold time                                                                                                                    -0.028     0.751
data required time                                                                                                                           0.751
--------------------------------------------------------------------------------------------------------------------------------------------------
data required time                                                                                                                          -0.751
data arrival time                                                                                                                            0.892
--------------------------------------------------------------------------------------------------------------------------------------------------
slack (MET)                                                                                                                                  0.141


#Path 30
Startpoint: proc50.shifter.shifter[7].Q[0] (dffre at (245,81) clocked by clk)
Endpoint  : proc50.shifter.shifter[6].D[0] (dffre at (245,81) clocked by clk)
Path Type : hold

Point                                                                                                                    Incr      Path
---------------------------------------------------------------------------------------------------------------------------------------
clock clk (rise edge)                                                                                    0.000     0.000
clock source latency                                                                                                    0.000     0.000
clk.inpad[0] (.input at (4,1))                                                                           0.000     0.000
| (intra 'io' routing)                                                                                                  0.779     0.779
| (inter-block routing:global net)                                                                                      0.000     0.779
| (intra 'clb' routing)                                                                                                 0.000     0.779
proc50.shifter.shifter[7].C[0] (dffre at (245,81))                                                                      0.000     0.779
| (primitive 'dffre' Tcq_min)                                                                                           0.029     0.808
proc50.shifter.shifter[7].Q[0] (dffre at (245,81)) [clock-to-output]                                                    0.000     0.808
| (intra 'clb' routing)                                                                                                 0.066     0.874
$abc$13647316$abc$3486044$flatten\proc50.\shifter.$0\shifter[31:0][6].in[5] (.names at (245,81))                        0.000     0.874
| (primitive '.names' combinational delay)                                                                              0.017     0.892
$abc$13647316$abc$3486044$flatten\proc50.\shifter.$0\shifter[31:0][6].out[0] (.names at (245,81))                       0.000     0.892
| (intra 'clb' routing)                                                                                                 0.000     0.892
proc50.shifter.shifter[6].D[0] (dffre at (245,81))                                                                      0.000     0.892
data arrival time                                                                                                                 0.892

clock clk (rise edge)                                                                                    0.000     0.000
clock source latency                                                                                                    0.000     0.000
clk.inpad[0] (.input at (4,1))                                                                           0.000     0.000
| (intra 'io' routing)                                                                                                  0.779     0.779
| (inter-block routing:global net)                                                                                      0.000     0.779
| (intra 'clb' routing)                                                                                                 0.000     0.779
proc50.shifter.shifter[6].C[0] (dffre at (245,81))                                                                      0.000     0.779
clock uncertainty                                                                                                       0.000     0.779
cell hold time                                                                                                         -0.028     0.751
data required time                                                                                                                0.751
---------------------------------------------------------------------------------------------------------------------------------------
data required time                                                                                                               -0.751
data arrival time                                                                                                                 0.892
---------------------------------------------------------------------------------------------------------------------------------------
slack (MET)                                                                                                                       0.141


#Path 31
Startpoint: fifo_proc84_to_proc74.fifo[2][13].Q[0] (dffre at (86,88) clocked by clk)
Endpoint  : fifo_proc84_to_proc74.tempOut[13].D[0] (dffre at (86,88) clocked by clk)
Path Type : hold

Point                                                                                         Incr      Path
------------------------------------------------------------------------------------------------------------
clock clk (rise edge)                                                         0.000     0.000
clock source latency                                                                         0.000     0.000
clk.inpad[0] (.input at (4,1))                                                0.000     0.000
| (intra 'io' routing)                                                                       0.779     0.779
| (inter-block routing:global net)                                                           0.000     0.779
| (intra 'clb' routing)                                                                      0.000     0.779
fifo_proc84_to_proc74.fifo[2][13].C[0] (dffre at (86,88))                                    0.000     0.779
| (primitive 'dffre' Tcq_min)                                                                0.029     0.808
fifo_proc84_to_proc74.fifo[2][13].Q[0] (dffre at (86,88)) [clock-to-output]                  0.000     0.808
| (intra 'clb' routing)                                                                      0.066     0.874
$\fifo_proc84_to_proc74.fifo$rdreg[0]$d[13].in[4] (.names at (86,88))                        0.000     0.874
| (primitive '.names' combinational delay)                                                   0.017     0.892
$\fifo_proc84_to_proc74.fifo$rdreg[0]$d[13].out[0] (.names at (86,88))                       0.000     0.892
| (intra 'clb' routing)                                                                      0.000     0.892
fifo_proc84_to_proc74.tempOut[13].D[0] (dffre at (86,88))                                    0.000     0.892
data arrival time                                                                                      0.892

clock clk (rise edge)                                                         0.000     0.000
clock source latency                                                                         0.000     0.000
clk.inpad[0] (.input at (4,1))                                                0.000     0.000
| (intra 'io' routing)                                                                       0.779     0.779
| (inter-block routing:global net)                                                           0.000     0.779
| (intra 'clb' routing)                                                                      0.000     0.779
fifo_proc84_to_proc74.tempOut[13].C[0] (dffre at (86,88))                                    0.000     0.779
clock uncertainty                                                                            0.000     0.779
cell hold time                                                                              -0.028     0.751
data required time                                                                                     0.751
------------------------------------------------------------------------------------------------------------
data required time                                                                                    -0.751
data arrival time                                                                                      0.892
------------------------------------------------------------------------------------------------------------
slack (MET)                                                                                            0.141


#Path 32
Startpoint: fifo_proc48_to_proc38.fifo[3][22].Q[0] (dffre at (185,70) clocked by clk)
Endpoint  : fifo_proc48_to_proc38.tempOut[22].D[0] (dffre at (185,70) clocked by clk)
Path Type : hold

Point                                                                                          Incr      Path
-------------------------------------------------------------------------------------------------------------
clock clk (rise edge)                                                          0.000     0.000
clock source latency                                                                          0.000     0.000
clk.inpad[0] (.input at (4,1))                                                 0.000     0.000
| (intra 'io' routing)                                                                        0.779     0.779
| (inter-block routing:global net)                                                            0.000     0.779
| (intra 'clb' routing)                                                                       0.000     0.779
fifo_proc48_to_proc38.fifo[3][22].C[0] (dffre at (185,70))                                    0.000     0.779
| (primitive 'dffre' Tcq_min)                                                                 0.029     0.808
fifo_proc48_to_proc38.fifo[3][22].Q[0] (dffre at (185,70)) [clock-to-output]                  0.000     0.808
| (intra 'clb' routing)                                                                       0.066     0.874
$\fifo_proc48_to_proc38.fifo$rdreg[0]$d[22].in[2] (.names at (185,70))                        0.000     0.874
| (primitive '.names' combinational delay)                                                    0.017     0.892
$\fifo_proc48_to_proc38.fifo$rdreg[0]$d[22].out[0] (.names at (185,70))                       0.000     0.892
| (intra 'clb' routing)                                                                       0.000     0.892
fifo_proc48_to_proc38.tempOut[22].D[0] (dffre at (185,70))                                    0.000     0.892
data arrival time                                                                                       0.892

clock clk (rise edge)                                                          0.000     0.000
clock source latency                                                                          0.000     0.000
clk.inpad[0] (.input at (4,1))                                                 0.000     0.000
| (intra 'io' routing)                                                                        0.779     0.779
| (inter-block routing:global net)                                                            0.000     0.779
| (intra 'clb' routing)                                                                       0.000     0.779
fifo_proc48_to_proc38.tempOut[22].C[0] (dffre at (185,70))                                    0.000     0.779
clock uncertainty                                                                             0.000     0.779
cell hold time                                                                               -0.028     0.751
data required time                                                                                      0.751
-------------------------------------------------------------------------------------------------------------
data required time                                                                                     -0.751
data arrival time                                                                                       0.892
-------------------------------------------------------------------------------------------------------------
slack (MET)                                                                                             0.141


#Path 33
Startpoint: fifo_proc48_to_proc47.fifo[0][3].Q[0] (dffre at (206,36) clocked by clk)
Endpoint  : fifo_proc48_to_proc47.tempOut[3].D[0] (dffre at (206,36) clocked by clk)
Path Type : hold

Point                                                                                         Incr      Path
------------------------------------------------------------------------------------------------------------
clock clk (rise edge)                                                         0.000     0.000
clock source latency                                                                         0.000     0.000
clk.inpad[0] (.input at (4,1))                                                0.000     0.000
| (intra 'io' routing)                                                                       0.779     0.779
| (inter-block routing:global net)                                                           0.000     0.779
| (intra 'clb' routing)                                                                      0.000     0.779
fifo_proc48_to_proc47.fifo[0][3].C[0] (dffre at (206,36))                                    0.000     0.779
| (primitive 'dffre' Tcq_min)                                                                0.029     0.808
fifo_proc48_to_proc47.fifo[0][3].Q[0] (dffre at (206,36)) [clock-to-output]                  0.000     0.808
| (intra 'clb' routing)                                                                      0.066     0.874
$\fifo_proc48_to_proc47.fifo$rdreg[0]$d[3].in[5] (.names at (206,36))                        0.000     0.874
| (primitive '.names' combinational delay)                                                   0.017     0.892
$\fifo_proc48_to_proc47.fifo$rdreg[0]$d[3].out[0] (.names at (206,36))                       0.000     0.892
| (intra 'clb' routing)                                                                      0.000     0.892
fifo_proc48_to_proc47.tempOut[3].D[0] (dffre at (206,36))                                    0.000     0.892
data arrival time                                                                                      0.892

clock clk (rise edge)                                                         0.000     0.000
clock source latency                                                                         0.000     0.000
clk.inpad[0] (.input at (4,1))                                                0.000     0.000
| (intra 'io' routing)                                                                       0.779     0.779
| (inter-block routing:global net)                                                           0.000     0.779
| (intra 'clb' routing)                                                                      0.000     0.779
fifo_proc48_to_proc47.tempOut[3].C[0] (dffre at (206,36))                                    0.000     0.779
clock uncertainty                                                                            0.000     0.779
cell hold time                                                                              -0.028     0.751
data required time                                                                                     0.751
------------------------------------------------------------------------------------------------------------
data required time                                                                                    -0.751
data arrival time                                                                                      0.892
------------------------------------------------------------------------------------------------------------
slack (MET)                                                                                            0.141


#Path 34
Startpoint: fifo_proc84_to_proc74.fifo[2][17].Q[0] (dffre at (87,87) clocked by clk)
Endpoint  : fifo_proc84_to_proc74.tempOut[17].D[0] (dffre at (87,87) clocked by clk)
Path Type : hold

Point                                                                                         Incr      Path
------------------------------------------------------------------------------------------------------------
clock clk (rise edge)                                                         0.000     0.000
clock source latency                                                                         0.000     0.000
clk.inpad[0] (.input at (4,1))                                                0.000     0.000
| (intra 'io' routing)                                                                       0.779     0.779
| (inter-block routing:global net)                                                           0.000     0.779
| (intra 'clb' routing)                                                                      0.000     0.779
fifo_proc84_to_proc74.fifo[2][17].C[0] (dffre at (87,87))                                    0.000     0.779
| (primitive 'dffre' Tcq_min)                                                                0.029     0.808
fifo_proc84_to_proc74.fifo[2][17].Q[0] (dffre at (87,87)) [clock-to-output]                  0.000     0.808
| (intra 'clb' routing)                                                                      0.066     0.874
$\fifo_proc84_to_proc74.fifo$rdreg[0]$d[17].in[4] (.names at (87,87))                        0.000     0.874
| (primitive '.names' combinational delay)                                                   0.017     0.892
$\fifo_proc84_to_proc74.fifo$rdreg[0]$d[17].out[0] (.names at (87,87))                       0.000     0.892
| (intra 'clb' routing)                                                                      0.000     0.892
fifo_proc84_to_proc74.tempOut[17].D[0] (dffre at (87,87))                                    0.000     0.892
data arrival time                                                                                      0.892

clock clk (rise edge)                                                         0.000     0.000
clock source latency                                                                         0.000     0.000
clk.inpad[0] (.input at (4,1))                                                0.000     0.000
| (intra 'io' routing)                                                                       0.779     0.779
| (inter-block routing:global net)                                                           0.000     0.779
| (intra 'clb' routing)                                                                      0.000     0.779
fifo_proc84_to_proc74.tempOut[17].C[0] (dffre at (87,87))                                    0.000     0.779
clock uncertainty                                                                            0.000     0.779
cell hold time                                                                              -0.028     0.751
data required time                                                                                     0.751
------------------------------------------------------------------------------------------------------------
data required time                                                                                    -0.751
data arrival time                                                                                      0.892
------------------------------------------------------------------------------------------------------------
slack (MET)                                                                                            0.141


#Path 35
Startpoint: fifo_proc64_to_proc65.fifo[2][2].Q[0] (dffre at (86,68) clocked by clk)
Endpoint  : fifo_proc64_to_proc65.tempOut[2].D[0] (dffre at (86,68) clocked by clk)
Path Type : hold

Point                                                                                        Incr      Path
-----------------------------------------------------------------------------------------------------------
clock clk (rise edge)                                                        0.000     0.000
clock source latency                                                                        0.000     0.000
clk.inpad[0] (.input at (4,1))                                               0.000     0.000
| (intra 'io' routing)                                                                      0.779     0.779
| (inter-block routing:global net)                                                          0.000     0.779
| (intra 'clb' routing)                                                                     0.000     0.779
fifo_proc64_to_proc65.fifo[2][2].C[0] (dffre at (86,68))                                    0.000     0.779
| (primitive 'dffre' Tcq_min)                                                               0.029     0.808
fifo_proc64_to_proc65.fifo[2][2].Q[0] (dffre at (86,68)) [clock-to-output]                  0.000     0.808
| (intra 'clb' routing)                                                                     0.066     0.874
$\fifo_proc64_to_proc65.fifo$rdreg[0]$d[2].in[4] (.names at (86,68))                        0.000     0.874
| (primitive '.names' combinational delay)                                                  0.017     0.892
$\fifo_proc64_to_proc65.fifo$rdreg[0]$d[2].out[0] (.names at (86,68))                       0.000     0.892
| (intra 'clb' routing)                                                                     0.000     0.892
fifo_proc64_to_proc65.tempOut[2].D[0] (dffre at (86,68))                                    0.000     0.892
data arrival time                                                                                     0.892

clock clk (rise edge)                                                        0.000     0.000
clock source latency                                                                        0.000     0.000
clk.inpad[0] (.input at (4,1))                                               0.000     0.000
| (intra 'io' routing)                                                                      0.779     0.779
| (inter-block routing:global net)                                                          0.000     0.779
| (intra 'clb' routing)                                                                     0.000     0.779
fifo_proc64_to_proc65.tempOut[2].C[0] (dffre at (86,68))                                    0.000     0.779
clock uncertainty                                                                           0.000     0.779
cell hold time                                                                             -0.028     0.751
data required time                                                                                    0.751
-----------------------------------------------------------------------------------------------------------
data required time                                                                                   -0.751
data arrival time                                                                                     0.892
-----------------------------------------------------------------------------------------------------------
slack (MET)                                                                                           0.141


#Path 36
Startpoint: fifo_proc23_to_proc24.fifo[1][12].Q[0] (dffre at (161,66) clocked by clk)
Endpoint  : fifo_proc23_to_proc24.tempOut[12].D[0] (dffre at (161,66) clocked by clk)
Path Type : hold

Point                                                                                          Incr      Path
-------------------------------------------------------------------------------------------------------------
clock clk (rise edge)                                                          0.000     0.000
clock source latency                                                                          0.000     0.000
clk.inpad[0] (.input at (4,1))                                                 0.000     0.000
| (intra 'io' routing)                                                                        0.779     0.779
| (inter-block routing:global net)                                                            0.000     0.779
| (intra 'clb' routing)                                                                       0.000     0.779
fifo_proc23_to_proc24.fifo[1][12].C[0] (dffre at (161,66))                                    0.000     0.779
| (primitive 'dffre' Tcq_min)                                                                 0.029     0.808
fifo_proc23_to_proc24.fifo[1][12].Q[0] (dffre at (161,66)) [clock-to-output]                  0.000     0.808
| (intra 'clb' routing)                                                                       0.066     0.874
$\fifo_proc23_to_proc24.fifo$rdreg[0]$d[12].in[4] (.names at (161,66))                        0.000     0.874
| (primitive '.names' combinational delay)                                                    0.017     0.892
$\fifo_proc23_to_proc24.fifo$rdreg[0]$d[12].out[0] (.names at (161,66))                       0.000     0.892
| (intra 'clb' routing)                                                                       0.000     0.892
fifo_proc23_to_proc24.tempOut[12].D[0] (dffre at (161,66))                                    0.000     0.892
data arrival time                                                                                       0.892

clock clk (rise edge)                                                          0.000     0.000
clock source latency                                                                          0.000     0.000
clk.inpad[0] (.input at (4,1))                                                 0.000     0.000
| (intra 'io' routing)                                                                        0.779     0.779
| (inter-block routing:global net)                                                            0.000     0.779
| (intra 'clb' routing)                                                                       0.000     0.779
fifo_proc23_to_proc24.tempOut[12].C[0] (dffre at (161,66))                                    0.000     0.779
clock uncertainty                                                                             0.000     0.779
cell hold time                                                                               -0.028     0.751
data required time                                                                                      0.751
-------------------------------------------------------------------------------------------------------------
data required time                                                                                     -0.751
data arrival time                                                                                       0.892
-------------------------------------------------------------------------------------------------------------
slack (MET)                                                                                             0.141


#Path 37
Startpoint: proc28.reg_file.reg_file2.ram[9][23].Q[0] (dffre at (166,65) clocked by clk)
Endpoint  : proc47.ifetch.pc_register.count[22].D[0] (dffre at (166,65) clocked by clk)
Path Type : hold

Point                                                                                                                               Incr      Path
--------------------------------------------------------------------------------------------------------------------------------------------------
clock clk (rise edge)                                                                                               0.000     0.000
clock source latency                                                                                                               0.000     0.000
clk.inpad[0] (.input at (4,1))                                                                                      0.000     0.000
| (intra 'io' routing)                                                                                                             0.779     0.779
| (inter-block routing:global net)                                                                                                 0.000     0.779
| (intra 'clb' routing)                                                                                                            0.000     0.779
proc28.reg_file.reg_file2.ram[9][23].C[0] (dffre at (166,65))                                                                      0.000     0.779
| (primitive 'dffre' Tcq_min)                                                                                                      0.029     0.808
proc28.reg_file.reg_file2.ram[9][23].Q[0] (dffre at (166,65)) [clock-to-output]                                                    0.000     0.808
| (intra 'clb' routing)                                                                                                            0.066     0.874
$abc$13647316$abc$3486044$flatten\proc47.\ifetch.\pc_register.$0\count[29:0][22].in[4] (.names at (166,65))                        0.000     0.874
| (primitive '.names' combinational delay)                                                                                         0.017     0.892
$abc$13647316$abc$3486044$flatten\proc47.\ifetch.\pc_register.$0\count[29:0][22].out[0] (.names at (166,65))                       0.000     0.892
| (intra 'clb' routing)                                                                                                            0.000     0.892
proc47.ifetch.pc_register.count[22].D[0] (dffre at (166,65))                                                                       0.000     0.892
data arrival time                                                                                                                            0.892

clock clk (rise edge)                                                                                               0.000     0.000
clock source latency                                                                                                               0.000     0.000
clk.inpad[0] (.input at (4,1))                                                                                      0.000     0.000
| (intra 'io' routing)                                                                                                             0.779     0.779
| (inter-block routing:global net)                                                                                                 0.000     0.779
| (intra 'clb' routing)                                                                                                            0.000     0.779
proc47.ifetch.pc_register.count[22].C[0] (dffre at (166,65))                                                                       0.000     0.779
clock uncertainty                                                                                                                  0.000     0.779
cell hold time                                                                                                                    -0.028     0.751
data required time                                                                                                                           0.751
--------------------------------------------------------------------------------------------------------------------------------------------------
data required time                                                                                                                          -0.751
data arrival time                                                                                                                            0.892
--------------------------------------------------------------------------------------------------------------------------------------------------
slack (MET)                                                                                                                                  0.141


#Path 38
Startpoint: fifo_proc17_to_proc27.fifo[1][2].Q[0] (dffre at (169,33) clocked by clk)
Endpoint  : fifo_proc17_to_proc27.tempOut[2].D[0] (dffre at (169,33) clocked by clk)
Path Type : hold

Point                                                                                         Incr      Path
------------------------------------------------------------------------------------------------------------
clock clk (rise edge)                                                         0.000     0.000
clock source latency                                                                         0.000     0.000
clk.inpad[0] (.input at (4,1))                                                0.000     0.000
| (intra 'io' routing)                                                                       0.779     0.779
| (inter-block routing:global net)                                                           0.000     0.779
| (intra 'clb' routing)                                                                      0.000     0.779
fifo_proc17_to_proc27.fifo[1][2].C[0] (dffre at (169,33))                                    0.000     0.779
| (primitive 'dffre' Tcq_min)                                                                0.029     0.808
fifo_proc17_to_proc27.fifo[1][2].Q[0] (dffre at (169,33)) [clock-to-output]                  0.000     0.808
| (intra 'clb' routing)                                                                      0.066     0.874
$\fifo_proc17_to_proc27.fifo$rdreg[0]$d[2].in[4] (.names at (169,33))                        0.000     0.874
| (primitive '.names' combinational delay)                                                   0.017     0.892
$\fifo_proc17_to_proc27.fifo$rdreg[0]$d[2].out[0] (.names at (169,33))                       0.000     0.892
| (intra 'clb' routing)                                                                      0.000     0.892
fifo_proc17_to_proc27.tempOut[2].D[0] (dffre at (169,33))                                    0.000     0.892
data arrival time                                                                                      0.892

clock clk (rise edge)                                                         0.000     0.000
clock source latency                                                                         0.000     0.000
clk.inpad[0] (.input at (4,1))                                                0.000     0.000
| (intra 'io' routing)                                                                       0.779     0.779
| (inter-block routing:global net)                                                           0.000     0.779
| (intra 'clb' routing)                                                                      0.000     0.779
fifo_proc17_to_proc27.tempOut[2].C[0] (dffre at (169,33))                                    0.000     0.779
clock uncertainty                                                                            0.000     0.779
cell hold time                                                                              -0.028     0.751
data required time                                                                                     0.751
------------------------------------------------------------------------------------------------------------
data required time                                                                                    -0.751
data arrival time                                                                                      0.892
------------------------------------------------------------------------------------------------------------
slack (MET)                                                                                            0.141


#Path 39
Startpoint: fifo_proc23_to_proc24.fifo[1][9].Q[0] (dffre at (162,58) clocked by clk)
Endpoint  : fifo_proc23_to_proc24.tempOut[9].D[0] (dffre at (162,58) clocked by clk)
Path Type : hold

Point                                                                                         Incr      Path
------------------------------------------------------------------------------------------------------------
clock clk (rise edge)                                                         0.000     0.000
clock source latency                                                                         0.000     0.000
clk.inpad[0] (.input at (4,1))                                                0.000     0.000
| (intra 'io' routing)                                                                       0.779     0.779
| (inter-block routing:global net)                                                           0.000     0.779
| (intra 'clb' routing)                                                                      0.000     0.779
fifo_proc23_to_proc24.fifo[1][9].C[0] (dffre at (162,58))                                    0.000     0.779
| (primitive 'dffre' Tcq_min)                                                                0.029     0.808
fifo_proc23_to_proc24.fifo[1][9].Q[0] (dffre at (162,58)) [clock-to-output]                  0.000     0.808
| (intra 'clb' routing)                                                                      0.066     0.874
$\fifo_proc23_to_proc24.fifo$rdreg[0]$d[9].in[4] (.names at (162,58))                        0.000     0.874
| (primitive '.names' combinational delay)                                                   0.017     0.892
$\fifo_proc23_to_proc24.fifo$rdreg[0]$d[9].out[0] (.names at (162,58))                       0.000     0.892
| (intra 'clb' routing)                                                                      0.000     0.892
fifo_proc23_to_proc24.tempOut[9].D[0] (dffre at (162,58))                                    0.000     0.892
data arrival time                                                                                      0.892

clock clk (rise edge)                                                         0.000     0.000
clock source latency                                                                         0.000     0.000
clk.inpad[0] (.input at (4,1))                                                0.000     0.000
| (intra 'io' routing)                                                                       0.779     0.779
| (inter-block routing:global net)                                                           0.000     0.779
| (intra 'clb' routing)                                                                      0.000     0.779
fifo_proc23_to_proc24.tempOut[9].C[0] (dffre at (162,58))                                    0.000     0.779
clock uncertainty                                                                            0.000     0.779
cell hold time                                                                              -0.028     0.751
data required time                                                                                     0.751
------------------------------------------------------------------------------------------------------------
data required time                                                                                    -0.751
data arrival time                                                                                      0.892
------------------------------------------------------------------------------------------------------------
slack (MET)                                                                                            0.141


#Path 40
Startpoint: fifo_proc84_to_proc74.fifo[2][21].Q[0] (dffre at (83,89) clocked by clk)
Endpoint  : fifo_proc84_to_proc74.tempOut[21].D[0] (dffre at (83,89) clocked by clk)
Path Type : hold

Point                                                                                         Incr      Path
------------------------------------------------------------------------------------------------------------
clock clk (rise edge)                                                         0.000     0.000
clock source latency                                                                         0.000     0.000
clk.inpad[0] (.input at (4,1))                                                0.000     0.000
| (intra 'io' routing)                                                                       0.779     0.779
| (inter-block routing:global net)                                                           0.000     0.779
| (intra 'clb' routing)                                                                      0.000     0.779
fifo_proc84_to_proc74.fifo[2][21].C[0] (dffre at (83,89))                                    0.000     0.779
| (primitive 'dffre' Tcq_min)                                                                0.029     0.808
fifo_proc84_to_proc74.fifo[2][21].Q[0] (dffre at (83,89)) [clock-to-output]                  0.000     0.808
| (intra 'clb' routing)                                                                      0.066     0.874
$\fifo_proc84_to_proc74.fifo$rdreg[0]$d[21].in[4] (.names at (83,89))                        0.000     0.874
| (primitive '.names' combinational delay)                                                   0.017     0.892
$\fifo_proc84_to_proc74.fifo$rdreg[0]$d[21].out[0] (.names at (83,89))                       0.000     0.892
| (intra 'clb' routing)                                                                      0.000     0.892
fifo_proc84_to_proc74.tempOut[21].D[0] (dffre at (83,89))                                    0.000     0.892
data arrival time                                                                                      0.892

clock clk (rise edge)                                                         0.000     0.000
clock source latency                                                                         0.000     0.000
clk.inpad[0] (.input at (4,1))                                                0.000     0.000
| (intra 'io' routing)                                                                       0.779     0.779
| (inter-block routing:global net)                                                           0.000     0.779
| (intra 'clb' routing)                                                                      0.000     0.779
fifo_proc84_to_proc74.tempOut[21].C[0] (dffre at (83,89))                                    0.000     0.779
clock uncertainty                                                                            0.000     0.779
cell hold time                                                                              -0.028     0.751
data required time                                                                                     0.751
------------------------------------------------------------------------------------------------------------
data required time                                                                                    -0.751
data arrival time                                                                                      0.892
------------------------------------------------------------------------------------------------------------
slack (MET)                                                                                            0.141


#Path 41
Startpoint: fifo_proc23_to_proc24.fifo[1][7].Q[0] (dffre at (161,63) clocked by clk)
Endpoint  : fifo_proc23_to_proc24.tempOut[7].D[0] (dffre at (161,63) clocked by clk)
Path Type : hold

Point                                                                                         Incr      Path
------------------------------------------------------------------------------------------------------------
clock clk (rise edge)                                                         0.000     0.000
clock source latency                                                                         0.000     0.000
clk.inpad[0] (.input at (4,1))                                                0.000     0.000
| (intra 'io' routing)                                                                       0.779     0.779
| (inter-block routing:global net)                                                           0.000     0.779
| (intra 'clb' routing)                                                                      0.000     0.779
fifo_proc23_to_proc24.fifo[1][7].C[0] (dffre at (161,63))                                    0.000     0.779
| (primitive 'dffre' Tcq_min)                                                                0.029     0.808
fifo_proc23_to_proc24.fifo[1][7].Q[0] (dffre at (161,63)) [clock-to-output]                  0.000     0.808
| (intra 'clb' routing)                                                                      0.066     0.874
$\fifo_proc23_to_proc24.fifo$rdreg[0]$d[7].in[4] (.names at (161,63))                        0.000     0.874
| (primitive '.names' combinational delay)                                                   0.017     0.892
$\fifo_proc23_to_proc24.fifo$rdreg[0]$d[7].out[0] (.names at (161,63))                       0.000     0.892
| (intra 'clb' routing)                                                                      0.000     0.892
fifo_proc23_to_proc24.tempOut[7].D[0] (dffre at (161,63))                                    0.000     0.892
data arrival time                                                                                      0.892

clock clk (rise edge)                                                         0.000     0.000
clock source latency                                                                         0.000     0.000
clk.inpad[0] (.input at (4,1))                                                0.000     0.000
| (intra 'io' routing)                                                                       0.779     0.779
| (inter-block routing:global net)                                                           0.000     0.779
| (intra 'clb' routing)                                                                      0.000     0.779
fifo_proc23_to_proc24.tempOut[7].C[0] (dffre at (161,63))                                    0.000     0.779
clock uncertainty                                                                            0.000     0.779
cell hold time                                                                              -0.028     0.751
data required time                                                                                     0.751
------------------------------------------------------------------------------------------------------------
data required time                                                                                    -0.751
data arrival time                                                                                      0.892
------------------------------------------------------------------------------------------------------------
slack (MET)                                                                                            0.141


#Path 42
Startpoint: proc35.pipereg.q[15].Q[0] (dffre at (104,99) clocked by clk)
Endpoint  : proc35.ifetch.pc_register.count[15].D[0] (dffre at (104,99) clocked by clk)
Path Type : hold

Point                                                                                                                               Incr      Path
--------------------------------------------------------------------------------------------------------------------------------------------------
clock clk (rise edge)                                                                                               0.000     0.000
clock source latency                                                                                                               0.000     0.000
clk.inpad[0] (.input at (4,1))                                                                                      0.000     0.000
| (intra 'io' routing)                                                                                                             0.779     0.779
| (inter-block routing:global net)                                                                                                 0.000     0.779
| (intra 'clb' routing)                                                                                                            0.000     0.779
proc35.pipereg.q[15].C[0] (dffre at (104,99))                                                                                      0.000     0.779
| (primitive 'dffre' Tcq_min)                                                                                                      0.029     0.808
proc35.pipereg.q[15].Q[0] (dffre at (104,99)) [clock-to-output]                                                                    0.000     0.808
| (intra 'clb' routing)                                                                                                            0.066     0.874
$abc$13647316$abc$3486044$flatten\proc35.\ifetch.\pc_register.$0\count[29:0][15].in[4] (.names at (104,99))                        0.000     0.874
| (primitive '.names' combinational delay)                                                                                         0.017     0.892
$abc$13647316$abc$3486044$flatten\proc35.\ifetch.\pc_register.$0\count[29:0][15].out[0] (.names at (104,99))                       0.000     0.892
| (intra 'clb' routing)                                                                                                            0.000     0.892
proc35.ifetch.pc_register.count[15].D[0] (dffre at (104,99))                                                                       0.000     0.892
data arrival time                                                                                                                            0.892

clock clk (rise edge)                                                                                               0.000     0.000
clock source latency                                                                                                               0.000     0.000
clk.inpad[0] (.input at (4,1))                                                                                      0.000     0.000
| (intra 'io' routing)                                                                                                             0.779     0.779
| (inter-block routing:global net)                                                                                                 0.000     0.779
| (intra 'clb' routing)                                                                                                            0.000     0.779
proc35.ifetch.pc_register.count[15].C[0] (dffre at (104,99))                                                                       0.000     0.779
clock uncertainty                                                                                                                  0.000     0.779
cell hold time                                                                                                                    -0.028     0.751
data required time                                                                                                                           0.751
--------------------------------------------------------------------------------------------------------------------------------------------------
data required time                                                                                                                          -0.751
data arrival time                                                                                                                            0.892
--------------------------------------------------------------------------------------------------------------------------------------------------
slack (MET)                                                                                                                                  0.141


#Path 43
Startpoint: fifo_proc23_to_proc24.fifo[1][5].Q[0] (dffre at (162,63) clocked by clk)
Endpoint  : fifo_proc23_to_proc24.tempOut[5].D[0] (dffre at (162,63) clocked by clk)
Path Type : hold

Point                                                                                         Incr      Path
------------------------------------------------------------------------------------------------------------
clock clk (rise edge)                                                         0.000     0.000
clock source latency                                                                         0.000     0.000
clk.inpad[0] (.input at (4,1))                                                0.000     0.000
| (intra 'io' routing)                                                                       0.779     0.779
| (inter-block routing:global net)                                                           0.000     0.779
| (intra 'clb' routing)                                                                      0.000     0.779
fifo_proc23_to_proc24.fifo[1][5].C[0] (dffre at (162,63))                                    0.000     0.779
| (primitive 'dffre' Tcq_min)                                                                0.029     0.808
fifo_proc23_to_proc24.fifo[1][5].Q[0] (dffre at (162,63)) [clock-to-output]                  0.000     0.808
| (intra 'clb' routing)                                                                      0.066     0.874
$\fifo_proc23_to_proc24.fifo$rdreg[0]$d[5].in[4] (.names at (162,63))                        0.000     0.874
| (primitive '.names' combinational delay)                                                   0.017     0.892
$\fifo_proc23_to_proc24.fifo$rdreg[0]$d[5].out[0] (.names at (162,63))                       0.000     0.892
| (intra 'clb' routing)                                                                      0.000     0.892
fifo_proc23_to_proc24.tempOut[5].D[0] (dffre at (162,63))                                    0.000     0.892
data arrival time                                                                                      0.892

clock clk (rise edge)                                                         0.000     0.000
clock source latency                                                                         0.000     0.000
clk.inpad[0] (.input at (4,1))                                                0.000     0.000
| (intra 'io' routing)                                                                       0.779     0.779
| (inter-block routing:global net)                                                           0.000     0.779
| (intra 'clb' routing)                                                                      0.000     0.779
fifo_proc23_to_proc24.tempOut[5].C[0] (dffre at (162,63))                                    0.000     0.779
clock uncertainty                                                                            0.000     0.779
cell hold time                                                                              -0.028     0.751
data required time                                                                                     0.751
------------------------------------------------------------------------------------------------------------
data required time                                                                                    -0.751
data arrival time                                                                                      0.892
------------------------------------------------------------------------------------------------------------
slack (MET)                                                                                            0.141


#Path 44
Startpoint: fifo_proc95_to_proc85.fifo[2][17].Q[0] (dffre at (134,91) clocked by clk)
Endpoint  : fifo_proc95_to_proc85.tempOut[17].D[0] (dffre at (134,91) clocked by clk)
Path Type : hold

Point                                                                                          Incr      Path
-------------------------------------------------------------------------------------------------------------
clock clk (rise edge)                                                          0.000     0.000
clock source latency                                                                          0.000     0.000
clk.inpad[0] (.input at (4,1))                                                 0.000     0.000
| (intra 'io' routing)                                                                        0.779     0.779
| (inter-block routing:global net)                                                            0.000     0.779
| (intra 'clb' routing)                                                                       0.000     0.779
fifo_proc95_to_proc85.fifo[2][17].C[0] (dffre at (134,91))                                    0.000     0.779
| (primitive 'dffre' Tcq_min)                                                                 0.029     0.808
fifo_proc95_to_proc85.fifo[2][17].Q[0] (dffre at (134,91)) [clock-to-output]                  0.000     0.808
| (intra 'clb' routing)                                                                       0.066     0.874
$\fifo_proc95_to_proc85.fifo$rdreg[0]$d[17].in[4] (.names at (134,91))                        0.000     0.874
| (primitive '.names' combinational delay)                                                    0.017     0.892
$\fifo_proc95_to_proc85.fifo$rdreg[0]$d[17].out[0] (.names at (134,91))                       0.000     0.892
| (intra 'clb' routing)                                                                       0.000     0.892
fifo_proc95_to_proc85.tempOut[17].D[0] (dffre at (134,91))                                    0.000     0.892
data arrival time                                                                                       0.892

clock clk (rise edge)                                                          0.000     0.000
clock source latency                                                                          0.000     0.000
clk.inpad[0] (.input at (4,1))                                                 0.000     0.000
| (intra 'io' routing)                                                                        0.779     0.779
| (inter-block routing:global net)                                                            0.000     0.779
| (intra 'clb' routing)                                                                       0.000     0.779
fifo_proc95_to_proc85.tempOut[17].C[0] (dffre at (134,91))                                    0.000     0.779
clock uncertainty                                                                             0.000     0.779
cell hold time                                                                               -0.028     0.751
data required time                                                                                      0.751
-------------------------------------------------------------------------------------------------------------
data required time                                                                                     -0.751
data arrival time                                                                                       0.892
-------------------------------------------------------------------------------------------------------------
slack (MET)                                                                                             0.141


#Path 45
Startpoint: fifo_proc80_to_proc81.fifo[0][28].Q[0] (dffre at (114,131) clocked by clk)
Endpoint  : fifo_proc80_to_proc81.tempOut[28].D[0] (dffre at (114,131) clocked by clk)
Path Type : hold

Point                                                                                           Incr      Path
--------------------------------------------------------------------------------------------------------------
clock clk (rise edge)                                                           0.000     0.000
clock source latency                                                                           0.000     0.000
clk.inpad[0] (.input at (4,1))                                                  0.000     0.000
| (intra 'io' routing)                                                                         0.779     0.779
| (inter-block routing:global net)                                                             0.000     0.779
| (intra 'clb' routing)                                                                        0.000     0.779
fifo_proc80_to_proc81.fifo[0][28].C[0] (dffre at (114,131))                                    0.000     0.779
| (primitive 'dffre' Tcq_min)                                                                  0.029     0.808
fifo_proc80_to_proc81.fifo[0][28].Q[0] (dffre at (114,131)) [clock-to-output]                  0.000     0.808
| (intra 'clb' routing)                                                                        0.066     0.874
$\fifo_proc80_to_proc81.fifo$rdreg[0]$d[28].in[5] (.names at (114,131))                        0.000     0.874
| (primitive '.names' combinational delay)                                                     0.017     0.892
$\fifo_proc80_to_proc81.fifo$rdreg[0]$d[28].out[0] (.names at (114,131))                       0.000     0.892
| (intra 'clb' routing)                                                                        0.000     0.892
fifo_proc80_to_proc81.tempOut[28].D[0] (dffre at (114,131))                                    0.000     0.892
data arrival time                                                                                        0.892

clock clk (rise edge)                                                           0.000     0.000
clock source latency                                                                           0.000     0.000
clk.inpad[0] (.input at (4,1))                                                  0.000     0.000
| (intra 'io' routing)                                                                         0.779     0.779
| (inter-block routing:global net)                                                             0.000     0.779
| (intra 'clb' routing)                                                                        0.000     0.779
fifo_proc80_to_proc81.tempOut[28].C[0] (dffre at (114,131))                                    0.000     0.779
clock uncertainty                                                                              0.000     0.779
cell hold time                                                                                -0.028     0.751
data required time                                                                                       0.751
--------------------------------------------------------------------------------------------------------------
data required time                                                                                      -0.751
data arrival time                                                                                        0.892
--------------------------------------------------------------------------------------------------------------
slack (MET)                                                                                              0.141


#Path 46
Startpoint: proc64.reg_file.reg_file1.q_b[24].Q[0] (dffre at (110,72) clocked by clk)
Endpoint  : proc64.ifetch.pc_register.count[22].D[0] (dffre at (110,72) clocked by clk)
Path Type : hold

Point                                                                                                                               Incr      Path
--------------------------------------------------------------------------------------------------------------------------------------------------
clock clk (rise edge)                                                                                               0.000     0.000
clock source latency                                                                                                               0.000     0.000
clk.inpad[0] (.input at (4,1))                                                                                      0.000     0.000
| (intra 'io' routing)                                                                                                             0.779     0.779
| (inter-block routing:global net)                                                                                                 0.000     0.779
| (intra 'clb' routing)                                                                                                            0.000     0.779
proc64.reg_file.reg_file1.q_b[24].C[0] (dffre at (110,72))                                                                         0.000     0.779
| (primitive 'dffre' Tcq_min)                                                                                                      0.029     0.808
proc64.reg_file.reg_file1.q_b[24].Q[0] (dffre at (110,72)) [clock-to-output]                                                       0.000     0.808
| (intra 'clb' routing)                                                                                                            0.066     0.874
$abc$13647316$abc$3486044$flatten\proc64.\ifetch.\pc_register.$0\count[29:0][22].in[4] (.names at (110,72))                        0.000     0.874
| (primitive '.names' combinational delay)                                                                                         0.017     0.892
$abc$13647316$abc$3486044$flatten\proc64.\ifetch.\pc_register.$0\count[29:0][22].out[0] (.names at (110,72))                       0.000     0.892
| (intra 'clb' routing)                                                                                                            0.000     0.892
proc64.ifetch.pc_register.count[22].D[0] (dffre at (110,72))                                                                       0.000     0.892
data arrival time                                                                                                                            0.892

clock clk (rise edge)                                                                                               0.000     0.000
clock source latency                                                                                                               0.000     0.000
clk.inpad[0] (.input at (4,1))                                                                                      0.000     0.000
| (intra 'io' routing)                                                                                                             0.779     0.779
| (inter-block routing:global net)                                                                                                 0.000     0.779
| (intra 'clb' routing)                                                                                                            0.000     0.779
proc64.ifetch.pc_register.count[22].C[0] (dffre at (110,72))                                                                       0.000     0.779
clock uncertainty                                                                                                                  0.000     0.779
cell hold time                                                                                                                    -0.028     0.751
data required time                                                                                                                           0.751
--------------------------------------------------------------------------------------------------------------------------------------------------
data required time                                                                                                                          -0.751
data arrival time                                                                                                                            0.892
--------------------------------------------------------------------------------------------------------------------------------------------------
slack (MET)                                                                                                                                  0.141


#Path 47
Startpoint: fifo_proc17_to_proc7.fifo[0][24].Q[0] (dffre at (187,39) clocked by clk)
Endpoint  : fifo_proc17_to_proc7.tempOut[24].D[0] (dffre at (187,39) clocked by clk)
Path Type : hold

Point                                                                                         Incr      Path
------------------------------------------------------------------------------------------------------------
clock clk (rise edge)                                                         0.000     0.000
clock source latency                                                                         0.000     0.000
clk.inpad[0] (.input at (4,1))                                                0.000     0.000
| (intra 'io' routing)                                                                       0.779     0.779
| (inter-block routing:global net)                                                           0.000     0.779
| (intra 'clb' routing)                                                                      0.000     0.779
fifo_proc17_to_proc7.fifo[0][24].C[0] (dffre at (187,39))                                    0.000     0.779
| (primitive 'dffre' Tcq_min)                                                                0.029     0.808
fifo_proc17_to_proc7.fifo[0][24].Q[0] (dffre at (187,39)) [clock-to-output]                  0.000     0.808
| (intra 'clb' routing)                                                                      0.066     0.874
$\fifo_proc17_to_proc7.fifo$rdreg[0]$d[24].in[5] (.names at (187,39))                        0.000     0.874
| (primitive '.names' combinational delay)                                                   0.017     0.892
$\fifo_proc17_to_proc7.fifo$rdreg[0]$d[24].out[0] (.names at (187,39))                       0.000     0.892
| (intra 'clb' routing)                                                                      0.000     0.892
fifo_proc17_to_proc7.tempOut[24].D[0] (dffre at (187,39))                                    0.000     0.892
data arrival time                                                                                      0.892

clock clk (rise edge)                                                         0.000     0.000
clock source latency                                                                         0.000     0.000
clk.inpad[0] (.input at (4,1))                                                0.000     0.000
| (intra 'io' routing)                                                                       0.779     0.779
| (inter-block routing:global net)                                                           0.000     0.779
| (intra 'clb' routing)                                                                      0.000     0.779
fifo_proc17_to_proc7.tempOut[24].C[0] (dffre at (187,39))                                    0.000     0.779
clock uncertainty                                                                            0.000     0.779
cell hold time                                                                              -0.028     0.751
data required time                                                                                     0.751
------------------------------------------------------------------------------------------------------------
data required time                                                                                    -0.751
data arrival time                                                                                      0.892
------------------------------------------------------------------------------------------------------------
slack (MET)                                                                                            0.141


#Path 48
Startpoint: fifo_proc17_to_proc7.fifo[1][23].Q[0] (dffre at (198,35) clocked by clk)
Endpoint  : fifo_proc17_to_proc7.tempOut[23].D[0] (dffre at (198,35) clocked by clk)
Path Type : hold

Point                                                                                         Incr      Path
------------------------------------------------------------------------------------------------------------
clock clk (rise edge)                                                         0.000     0.000
clock source latency                                                                         0.000     0.000
clk.inpad[0] (.input at (4,1))                                                0.000     0.000
| (intra 'io' routing)                                                                       0.779     0.779
| (inter-block routing:global net)                                                           0.000     0.779
| (intra 'clb' routing)                                                                      0.000     0.779
fifo_proc17_to_proc7.fifo[1][23].C[0] (dffre at (198,35))                                    0.000     0.779
| (primitive 'dffre' Tcq_min)                                                                0.029     0.808
fifo_proc17_to_proc7.fifo[1][23].Q[0] (dffre at (198,35)) [clock-to-output]                  0.000     0.808
| (intra 'clb' routing)                                                                      0.066     0.874
$\fifo_proc17_to_proc7.fifo$rdreg[0]$d[23].in[4] (.names at (198,35))                        0.000     0.874
| (primitive '.names' combinational delay)                                                   0.017     0.892
$\fifo_proc17_to_proc7.fifo$rdreg[0]$d[23].out[0] (.names at (198,35))                       0.000     0.892
| (intra 'clb' routing)                                                                      0.000     0.892
fifo_proc17_to_proc7.tempOut[23].D[0] (dffre at (198,35))                                    0.000     0.892
data arrival time                                                                                      0.892

clock clk (rise edge)                                                         0.000     0.000
clock source latency                                                                         0.000     0.000
clk.inpad[0] (.input at (4,1))                                                0.000     0.000
| (intra 'io' routing)                                                                       0.779     0.779
| (inter-block routing:global net)                                                           0.000     0.779
| (intra 'clb' routing)                                                                      0.000     0.779
fifo_proc17_to_proc7.tempOut[23].C[0] (dffre at (198,35))                                    0.000     0.779
clock uncertainty                                                                            0.000     0.779
cell hold time                                                                              -0.028     0.751
data required time                                                                                     0.751
------------------------------------------------------------------------------------------------------------
data required time                                                                                    -0.751
data arrival time                                                                                      0.892
------------------------------------------------------------------------------------------------------------
slack (MET)                                                                                            0.141


#Path 49
Startpoint: proc26.reg_file.reg_file2.ram[3][24].Q[0] (dffre at (95,106) clocked by clk)
Endpoint  : proc43.ifetch.pc_register.count[26].D[0] (dffre at (95,106) clocked by clk)
Path Type : hold

Point                                                                                                                               Incr      Path
--------------------------------------------------------------------------------------------------------------------------------------------------
clock clk (rise edge)                                                                                               0.000     0.000
clock source latency                                                                                                               0.000     0.000
clk.inpad[0] (.input at (4,1))                                                                                      0.000     0.000
| (intra 'io' routing)                                                                                                             0.779     0.779
| (inter-block routing:global net)                                                                                                 0.000     0.779
| (intra 'clb' routing)                                                                                                            0.000     0.779
proc26.reg_file.reg_file2.ram[3][24].C[0] (dffre at (95,106))                                                                      0.000     0.779
| (primitive 'dffre' Tcq_min)                                                                                                      0.029     0.808
proc26.reg_file.reg_file2.ram[3][24].Q[0] (dffre at (95,106)) [clock-to-output]                                                    0.000     0.808
| (intra 'clb' routing)                                                                                                            0.066     0.874
$abc$13647316$abc$3486044$flatten\proc43.\ifetch.\pc_register.$0\count[29:0][26].in[3] (.names at (95,106))                        0.000     0.874
| (primitive '.names' combinational delay)                                                                                         0.017     0.892
$abc$13647316$abc$3486044$flatten\proc43.\ifetch.\pc_register.$0\count[29:0][26].out[0] (.names at (95,106))                       0.000     0.892
| (intra 'clb' routing)                                                                                                            0.000     0.892
proc43.ifetch.pc_register.count[26].D[0] (dffre at (95,106))                                                                       0.000     0.892
data arrival time                                                                                                                            0.892

clock clk (rise edge)                                                                                               0.000     0.000
clock source latency                                                                                                               0.000     0.000
clk.inpad[0] (.input at (4,1))                                                                                      0.000     0.000
| (intra 'io' routing)                                                                                                             0.779     0.779
| (inter-block routing:global net)                                                                                                 0.000     0.779
| (intra 'clb' routing)                                                                                                            0.000     0.779
proc43.ifetch.pc_register.count[26].C[0] (dffre at (95,106))                                                                       0.000     0.779
clock uncertainty                                                                                                                  0.000     0.779
cell hold time                                                                                                                    -0.028     0.751
data required time                                                                                                                           0.751
--------------------------------------------------------------------------------------------------------------------------------------------------
data required time                                                                                                                          -0.751
data arrival time                                                                                                                            0.892
--------------------------------------------------------------------------------------------------------------------------------------------------
slack (MET)                                                                                                                                  0.141


#Path 50
Startpoint: fifo_proc80_to_proc81.fifo[0][30].Q[0] (dffre at (74,135) clocked by clk)
Endpoint  : fifo_proc80_to_proc81.tempOut[30].D[0] (dffre at (74,135) clocked by clk)
Path Type : hold

Point                                                                                          Incr      Path
-------------------------------------------------------------------------------------------------------------
clock clk (rise edge)                                                          0.000     0.000
clock source latency                                                                          0.000     0.000
clk.inpad[0] (.input at (4,1))                                                 0.000     0.000
| (intra 'io' routing)                                                                        0.779     0.779
| (inter-block routing:global net)                                                            0.000     0.779
| (intra 'clb' routing)                                                                       0.000     0.779
fifo_proc80_to_proc81.fifo[0][30].C[0] (dffre at (74,135))                                    0.000     0.779
| (primitive 'dffre' Tcq_min)                                                                 0.029     0.808
fifo_proc80_to_proc81.fifo[0][30].Q[0] (dffre at (74,135)) [clock-to-output]                  0.000     0.808
| (intra 'clb' routing)                                                                       0.066     0.874
$\fifo_proc80_to_proc81.fifo$rdreg[0]$d[30].in[5] (.names at (74,135))                        0.000     0.874
| (primitive '.names' combinational delay)                                                    0.017     0.892
$\fifo_proc80_to_proc81.fifo$rdreg[0]$d[30].out[0] (.names at (74,135))                       0.000     0.892
| (intra 'clb' routing)                                                                       0.000     0.892
fifo_proc80_to_proc81.tempOut[30].D[0] (dffre at (74,135))                                    0.000     0.892
data arrival time                                                                                       0.892

clock clk (rise edge)                                                          0.000     0.000
clock source latency                                                                          0.000     0.000
clk.inpad[0] (.input at (4,1))                                                 0.000     0.000
| (intra 'io' routing)                                                                        0.779     0.779
| (inter-block routing:global net)                                                            0.000     0.779
| (intra 'clb' routing)                                                                       0.000     0.779
fifo_proc80_to_proc81.tempOut[30].C[0] (dffre at (74,135))                                    0.000     0.779
clock uncertainty                                                                             0.000     0.779
cell hold time                                                                               -0.028     0.751
data required time                                                                                      0.751
-------------------------------------------------------------------------------------------------------------
data required time                                                                                     -0.751
data arrival time                                                                                       0.892
-------------------------------------------------------------------------------------------------------------
slack (MET)                                                                                             0.141


#Path 51
Startpoint: fifo_proc80_to_proc81.fifo[0][29].Q[0] (dffre at (74,137) clocked by clk)
Endpoint  : fifo_proc80_to_proc81.tempOut[29].D[0] (dffre at (74,137) clocked by clk)
Path Type : hold

Point                                                                                          Incr      Path
-------------------------------------------------------------------------------------------------------------
clock clk (rise edge)                                                          0.000     0.000
clock source latency                                                                          0.000     0.000
clk.inpad[0] (.input at (4,1))                                                 0.000     0.000
| (intra 'io' routing)                                                                        0.779     0.779
| (inter-block routing:global net)                                                            0.000     0.779
| (intra 'clb' routing)                                                                       0.000     0.779
fifo_proc80_to_proc81.fifo[0][29].C[0] (dffre at (74,137))                                    0.000     0.779
| (primitive 'dffre' Tcq_min)                                                                 0.029     0.808
fifo_proc80_to_proc81.fifo[0][29].Q[0] (dffre at (74,137)) [clock-to-output]                  0.000     0.808
| (intra 'clb' routing)                                                                       0.066     0.874
$\fifo_proc80_to_proc81.fifo$rdreg[0]$d[29].in[5] (.names at (74,137))                        0.000     0.874
| (primitive '.names' combinational delay)                                                    0.017     0.892
$\fifo_proc80_to_proc81.fifo$rdreg[0]$d[29].out[0] (.names at (74,137))                       0.000     0.892
| (intra 'clb' routing)                                                                       0.000     0.892
fifo_proc80_to_proc81.tempOut[29].D[0] (dffre at (74,137))                                    0.000     0.892
data arrival time                                                                                       0.892

clock clk (rise edge)                                                          0.000     0.000
clock source latency                                                                          0.000     0.000
clk.inpad[0] (.input at (4,1))                                                 0.000     0.000
| (intra 'io' routing)                                                                        0.779     0.779
| (inter-block routing:global net)                                                            0.000     0.779
| (intra 'clb' routing)                                                                       0.000     0.779
fifo_proc80_to_proc81.tempOut[29].C[0] (dffre at (74,137))                                    0.000     0.779
clock uncertainty                                                                             0.000     0.779
cell hold time                                                                               -0.028     0.751
data required time                                                                                      0.751
-------------------------------------------------------------------------------------------------------------
data required time                                                                                     -0.751
data arrival time                                                                                       0.892
-------------------------------------------------------------------------------------------------------------
slack (MET)                                                                                             0.141


#Path 52
Startpoint: proc94.ifetch.pc_register.count[24].Q[0] (dffre at (58,96) clocked by clk)
Endpoint  : proc94.ifetch.pc_register.count[24].D[0] (dffre at (58,96) clocked by clk)
Path Type : hold

Point                                                                                                                              Incr      Path
-------------------------------------------------------------------------------------------------------------------------------------------------
clock clk (rise edge)                                                                                              0.000     0.000
clock source latency                                                                                                              0.000     0.000
clk.inpad[0] (.input at (4,1))                                                                                     0.000     0.000
| (intra 'io' routing)                                                                                                            0.779     0.779
| (inter-block routing:global net)                                                                                                0.000     0.779
| (intra 'clb' routing)                                                                                                           0.000     0.779
proc94.ifetch.pc_register.count[24].C[0] (dffre at (58,96))                                                                       0.000     0.779
| (primitive 'dffre' Tcq_min)                                                                                                     0.029     0.808
proc94.ifetch.pc_register.count[24].Q[0] (dffre at (58,96)) [clock-to-output]                                                     0.000     0.808
| (intra 'clb' routing)                                                                                                           0.066     0.874
$abc$13647316$abc$3486044$flatten\proc94.\ifetch.\pc_register.$0\count[29:0][24].in[1] (.names at (58,96))                        0.000     0.874
| (primitive '.names' combinational delay)                                                                                        0.017     0.892
$abc$13647316$abc$3486044$flatten\proc94.\ifetch.\pc_register.$0\count[29:0][24].out[0] (.names at (58,96))                       0.000     0.892
| (intra 'clb' routing)                                                                                                           0.000     0.892
proc94.ifetch.pc_register.count[24].D[0] (dffre at (58,96))                                                                       0.000     0.892
data arrival time                                                                                                                           0.892

clock clk (rise edge)                                                                                              0.000     0.000
clock source latency                                                                                                              0.000     0.000
clk.inpad[0] (.input at (4,1))                                                                                     0.000     0.000
| (intra 'io' routing)                                                                                                            0.779     0.779
| (inter-block routing:global net)                                                                                                0.000     0.779
| (intra 'clb' routing)                                                                                                           0.000     0.779
proc94.ifetch.pc_register.count[24].C[0] (dffre at (58,96))                                                                       0.000     0.779
clock uncertainty                                                                                                                 0.000     0.779
cell hold time                                                                                                                   -0.028     0.751
data required time                                                                                                                          0.751
-------------------------------------------------------------------------------------------------------------------------------------------------
data required time                                                                                                                         -0.751
data arrival time                                                                                                                           0.892
-------------------------------------------------------------------------------------------------------------------------------------------------
slack (MET)                                                                                                                                 0.141


#Path 53
Startpoint: fifo_proc17_to_proc7.fifo[1][22].Q[0] (dffre at (187,38) clocked by clk)
Endpoint  : fifo_proc17_to_proc7.tempOut[22].D[0] (dffre at (187,38) clocked by clk)
Path Type : hold

Point                                                                                         Incr      Path
------------------------------------------------------------------------------------------------------------
clock clk (rise edge)                                                         0.000     0.000
clock source latency                                                                         0.000     0.000
clk.inpad[0] (.input at (4,1))                                                0.000     0.000
| (intra 'io' routing)                                                                       0.779     0.779
| (inter-block routing:global net)                                                           0.000     0.779
| (intra 'clb' routing)                                                                      0.000     0.779
fifo_proc17_to_proc7.fifo[1][22].C[0] (dffre at (187,38))                                    0.000     0.779
| (primitive 'dffre' Tcq_min)                                                                0.029     0.808
fifo_proc17_to_proc7.fifo[1][22].Q[0] (dffre at (187,38)) [clock-to-output]                  0.000     0.808
| (intra 'clb' routing)                                                                      0.066     0.874
$\fifo_proc17_to_proc7.fifo$rdreg[0]$d[22].in[4] (.names at (187,38))                        0.000     0.874
| (primitive '.names' combinational delay)                                                   0.017     0.892
$\fifo_proc17_to_proc7.fifo$rdreg[0]$d[22].out[0] (.names at (187,38))                       0.000     0.892
| (intra 'clb' routing)                                                                      0.000     0.892
fifo_proc17_to_proc7.tempOut[22].D[0] (dffre at (187,38))                                    0.000     0.892
data arrival time                                                                                      0.892

clock clk (rise edge)                                                         0.000     0.000
clock source latency                                                                         0.000     0.000
clk.inpad[0] (.input at (4,1))                                                0.000     0.000
| (intra 'io' routing)                                                                       0.779     0.779
| (inter-block routing:global net)                                                           0.000     0.779
| (intra 'clb' routing)                                                                      0.000     0.779
fifo_proc17_to_proc7.tempOut[22].C[0] (dffre at (187,38))                                    0.000     0.779
clock uncertainty                                                                            0.000     0.779
cell hold time                                                                              -0.028     0.751
data required time                                                                                     0.751
------------------------------------------------------------------------------------------------------------
data required time                                                                                    -0.751
data arrival time                                                                                      0.892
------------------------------------------------------------------------------------------------------------
slack (MET)                                                                                            0.141


#Path 54
Startpoint: fifo_proc48_to_proc38.fifo[1][30].Q[0] (dffre at (182,78) clocked by clk)
Endpoint  : fifo_proc48_to_proc38.tempOut[30].D[0] (dffre at (182,78) clocked by clk)
Path Type : hold

Point                                                                                          Incr      Path
-------------------------------------------------------------------------------------------------------------
clock clk (rise edge)                                                          0.000     0.000
clock source latency                                                                          0.000     0.000
clk.inpad[0] (.input at (4,1))                                                 0.000     0.000
| (intra 'io' routing)                                                                        0.779     0.779
| (inter-block routing:global net)                                                            0.000     0.779
| (intra 'clb' routing)                                                                       0.000     0.779
fifo_proc48_to_proc38.fifo[1][30].C[0] (dffre at (182,78))                                    0.000     0.779
| (primitive 'dffre' Tcq_min)                                                                 0.029     0.808
fifo_proc48_to_proc38.fifo[1][30].Q[0] (dffre at (182,78)) [clock-to-output]                  0.000     0.808
| (intra 'clb' routing)                                                                       0.066     0.874
$\fifo_proc48_to_proc38.fifo$rdreg[0]$d[30].in[3] (.names at (182,78))                        0.000     0.874
| (primitive '.names' combinational delay)                                                    0.017     0.892
$\fifo_proc48_to_proc38.fifo$rdreg[0]$d[30].out[0] (.names at (182,78))                       0.000     0.892
| (intra 'clb' routing)                                                                       0.000     0.892
fifo_proc48_to_proc38.tempOut[30].D[0] (dffre at (182,78))                                    0.000     0.892
data arrival time                                                                                       0.892

clock clk (rise edge)                                                          0.000     0.000
clock source latency                                                                          0.000     0.000
clk.inpad[0] (.input at (4,1))                                                 0.000     0.000
| (intra 'io' routing)                                                                        0.779     0.779
| (inter-block routing:global net)                                                            0.000     0.779
| (intra 'clb' routing)                                                                       0.000     0.779
fifo_proc48_to_proc38.tempOut[30].C[0] (dffre at (182,78))                                    0.000     0.779
clock uncertainty                                                                             0.000     0.779
cell hold time                                                                               -0.028     0.751
data required time                                                                                      0.751
-------------------------------------------------------------------------------------------------------------
data required time                                                                                     -0.751
data arrival time                                                                                       0.892
-------------------------------------------------------------------------------------------------------------
slack (MET)                                                                                             0.141


#Path 55
Startpoint: fifo_proc17_to_proc7.fifo[0][21].Q[0] (dffre at (186,40) clocked by clk)
Endpoint  : fifo_proc17_to_proc7.tempOut[21].D[0] (dffre at (186,40) clocked by clk)
Path Type : hold

Point                                                                                         Incr      Path
------------------------------------------------------------------------------------------------------------
clock clk (rise edge)                                                         0.000     0.000
clock source latency                                                                         0.000     0.000
clk.inpad[0] (.input at (4,1))                                                0.000     0.000
| (intra 'io' routing)                                                                       0.779     0.779
| (inter-block routing:global net)                                                           0.000     0.779
| (intra 'clb' routing)                                                                      0.000     0.779
fifo_proc17_to_proc7.fifo[0][21].C[0] (dffre at (186,40))                                    0.000     0.779
| (primitive 'dffre' Tcq_min)                                                                0.029     0.808
fifo_proc17_to_proc7.fifo[0][21].Q[0] (dffre at (186,40)) [clock-to-output]                  0.000     0.808
| (intra 'clb' routing)                                                                      0.066     0.874
$\fifo_proc17_to_proc7.fifo$rdreg[0]$d[21].in[5] (.names at (186,40))                        0.000     0.874
| (primitive '.names' combinational delay)                                                   0.017     0.892
$\fifo_proc17_to_proc7.fifo$rdreg[0]$d[21].out[0] (.names at (186,40))                       0.000     0.892
| (intra 'clb' routing)                                                                      0.000     0.892
fifo_proc17_to_proc7.tempOut[21].D[0] (dffre at (186,40))                                    0.000     0.892
data arrival time                                                                                      0.892

clock clk (rise edge)                                                         0.000     0.000
clock source latency                                                                         0.000     0.000
clk.inpad[0] (.input at (4,1))                                                0.000     0.000
| (intra 'io' routing)                                                                       0.779     0.779
| (inter-block routing:global net)                                                           0.000     0.779
| (intra 'clb' routing)                                                                      0.000     0.779
fifo_proc17_to_proc7.tempOut[21].C[0] (dffre at (186,40))                                    0.000     0.779
clock uncertainty                                                                            0.000     0.779
cell hold time                                                                              -0.028     0.751
data required time                                                                                     0.751
------------------------------------------------------------------------------------------------------------
data required time                                                                                    -0.751
data arrival time                                                                                      0.892
------------------------------------------------------------------------------------------------------------
slack (MET)                                                                                            0.141


#Path 56
Startpoint: proc9.ifetch.pc_register.count[18].Q[0] (dffre at (54,127) clocked by clk)
Endpoint  : proc9.ifetch.pc_register.count[18].D[0] (dffre at (54,127) clocked by clk)
Path Type : hold

Point                                                                                                                              Incr      Path
-------------------------------------------------------------------------------------------------------------------------------------------------
clock clk (rise edge)                                                                                              0.000     0.000
clock source latency                                                                                                              0.000     0.000
clk.inpad[0] (.input at (4,1))                                                                                     0.000     0.000
| (intra 'io' routing)                                                                                                            0.779     0.779
| (inter-block routing:global net)                                                                                                0.000     0.779
| (intra 'clb' routing)                                                                                                           0.000     0.779
proc9.ifetch.pc_register.count[18].C[0] (dffre at (54,127))                                                                       0.000     0.779
| (primitive 'dffre' Tcq_min)                                                                                                     0.029     0.808
proc9.ifetch.pc_register.count[18].Q[0] (dffre at (54,127)) [clock-to-output]                                                     0.000     0.808
| (intra 'clb' routing)                                                                                                           0.066     0.874
$abc$13647316$abc$3486044$flatten\proc9.\ifetch.\pc_register.$0\count[29:0][18].in[1] (.names at (54,127))                        0.000     0.874
| (primitive '.names' combinational delay)                                                                                        0.017     0.892
$abc$13647316$abc$3486044$flatten\proc9.\ifetch.\pc_register.$0\count[29:0][18].out[0] (.names at (54,127))                       0.000     0.892
| (intra 'clb' routing)                                                                                                           0.000     0.892
proc9.ifetch.pc_register.count[18].D[0] (dffre at (54,127))                                                                       0.000     0.892
data arrival time                                                                                                                           0.892

clock clk (rise edge)                                                                                              0.000     0.000
clock source latency                                                                                                              0.000     0.000
clk.inpad[0] (.input at (4,1))                                                                                     0.000     0.000
| (intra 'io' routing)                                                                                                            0.779     0.779
| (inter-block routing:global net)                                                                                                0.000     0.779
| (intra 'clb' routing)                                                                                                           0.000     0.779
proc9.ifetch.pc_register.count[18].C[0] (dffre at (54,127))                                                                       0.000     0.779
clock uncertainty                                                                                                                 0.000     0.779
cell hold time                                                                                                                   -0.028     0.751
data required time                                                                                                                          0.751
-------------------------------------------------------------------------------------------------------------------------------------------------
data required time                                                                                                                         -0.751
data arrival time                                                                                                                           0.892
-------------------------------------------------------------------------------------------------------------------------------------------------
slack (MET)                                                                                                                                 0.141


#Path 57
Startpoint: fifo_proc17_to_proc7.fifo[0][20].Q[0] (dffre at (186,39) clocked by clk)
Endpoint  : fifo_proc17_to_proc7.tempOut[20].D[0] (dffre at (186,39) clocked by clk)
Path Type : hold

Point                                                                                         Incr      Path
------------------------------------------------------------------------------------------------------------
clock clk (rise edge)                                                         0.000     0.000
clock source latency                                                                         0.000     0.000
clk.inpad[0] (.input at (4,1))                                                0.000     0.000
| (intra 'io' routing)                                                                       0.779     0.779
| (inter-block routing:global net)                                                           0.000     0.779
| (intra 'clb' routing)                                                                      0.000     0.779
fifo_proc17_to_proc7.fifo[0][20].C[0] (dffre at (186,39))                                    0.000     0.779
| (primitive 'dffre' Tcq_min)                                                                0.029     0.808
fifo_proc17_to_proc7.fifo[0][20].Q[0] (dffre at (186,39)) [clock-to-output]                  0.000     0.808
| (intra 'clb' routing)                                                                      0.066     0.874
$\fifo_proc17_to_proc7.fifo$rdreg[0]$d[20].in[5] (.names at (186,39))                        0.000     0.874
| (primitive '.names' combinational delay)                                                   0.017     0.892
$\fifo_proc17_to_proc7.fifo$rdreg[0]$d[20].out[0] (.names at (186,39))                       0.000     0.892
| (intra 'clb' routing)                                                                      0.000     0.892
fifo_proc17_to_proc7.tempOut[20].D[0] (dffre at (186,39))                                    0.000     0.892
data arrival time                                                                                      0.892

clock clk (rise edge)                                                         0.000     0.000
clock source latency                                                                         0.000     0.000
clk.inpad[0] (.input at (4,1))                                                0.000     0.000
| (intra 'io' routing)                                                                       0.779     0.779
| (inter-block routing:global net)                                                           0.000     0.779
| (intra 'clb' routing)                                                                      0.000     0.779
fifo_proc17_to_proc7.tempOut[20].C[0] (dffre at (186,39))                                    0.000     0.779
clock uncertainty                                                                            0.000     0.779
cell hold time                                                                              -0.028     0.751
data required time                                                                                     0.751
------------------------------------------------------------------------------------------------------------
data required time                                                                                    -0.751
data arrival time                                                                                      0.892
------------------------------------------------------------------------------------------------------------
slack (MET)                                                                                            0.141


#Path 58
Startpoint: fifo_proc95_to_proc85.fifo[2][21].Q[0] (dffre at (133,90) clocked by clk)
Endpoint  : fifo_proc95_to_proc85.tempOut[21].D[0] (dffre at (133,90) clocked by clk)
Path Type : hold

Point                                                                                          Incr      Path
-------------------------------------------------------------------------------------------------------------
clock clk (rise edge)                                                          0.000     0.000
clock source latency                                                                          0.000     0.000
clk.inpad[0] (.input at (4,1))                                                 0.000     0.000
| (intra 'io' routing)                                                                        0.779     0.779
| (inter-block routing:global net)                                                            0.000     0.779
| (intra 'clb' routing)                                                                       0.000     0.779
fifo_proc95_to_proc85.fifo[2][21].C[0] (dffre at (133,90))                                    0.000     0.779
| (primitive 'dffre' Tcq_min)                                                                 0.029     0.808
fifo_proc95_to_proc85.fifo[2][21].Q[0] (dffre at (133,90)) [clock-to-output]                  0.000     0.808
| (intra 'clb' routing)                                                                       0.066     0.874
$\fifo_proc95_to_proc85.fifo$rdreg[0]$d[21].in[4] (.names at (133,90))                        0.000     0.874
| (primitive '.names' combinational delay)                                                    0.017     0.892
$\fifo_proc95_to_proc85.fifo$rdreg[0]$d[21].out[0] (.names at (133,90))                       0.000     0.892
| (intra 'clb' routing)                                                                       0.000     0.892
fifo_proc95_to_proc85.tempOut[21].D[0] (dffre at (133,90))                                    0.000     0.892
data arrival time                                                                                       0.892

clock clk (rise edge)                                                          0.000     0.000
clock source latency                                                                          0.000     0.000
clk.inpad[0] (.input at (4,1))                                                 0.000     0.000
| (intra 'io' routing)                                                                        0.779     0.779
| (inter-block routing:global net)                                                            0.000     0.779
| (intra 'clb' routing)                                                                       0.000     0.779
fifo_proc95_to_proc85.tempOut[21].C[0] (dffre at (133,90))                                    0.000     0.779
clock uncertainty                                                                             0.000     0.779
cell hold time                                                                               -0.028     0.751
data required time                                                                                      0.751
-------------------------------------------------------------------------------------------------------------
data required time                                                                                     -0.751
data arrival time                                                                                       0.892
-------------------------------------------------------------------------------------------------------------
slack (MET)                                                                                             0.141


#Path 59
Startpoint: fifo_proc95_to_proc85.fifo[0][22].Q[0] (dffre at (213,136) clocked by clk)
Endpoint  : fifo_proc95_to_proc85.tempOut[22].D[0] (dffre at (213,136) clocked by clk)
Path Type : hold

Point                                                                                           Incr      Path
--------------------------------------------------------------------------------------------------------------
clock clk (rise edge)                                                           0.000     0.000
clock source latency                                                                           0.000     0.000
clk.inpad[0] (.input at (4,1))                                                  0.000     0.000
| (intra 'io' routing)                                                                         0.779     0.779
| (inter-block routing:global net)                                                             0.000     0.779
| (intra 'clb' routing)                                                                        0.000     0.779
fifo_proc95_to_proc85.fifo[0][22].C[0] (dffre at (213,136))                                    0.000     0.779
| (primitive 'dffre' Tcq_min)                                                                  0.029     0.808
fifo_proc95_to_proc85.fifo[0][22].Q[0] (dffre at (213,136)) [clock-to-output]                  0.000     0.808
| (intra 'clb' routing)                                                                        0.066     0.874
$\fifo_proc95_to_proc85.fifo$rdreg[0]$d[22].in[5] (.names at (213,136))                        0.000     0.874
| (primitive '.names' combinational delay)                                                     0.017     0.892
$\fifo_proc95_to_proc85.fifo$rdreg[0]$d[22].out[0] (.names at (213,136))                       0.000     0.892
| (intra 'clb' routing)                                                                        0.000     0.892
fifo_proc95_to_proc85.tempOut[22].D[0] (dffre at (213,136))                                    0.000     0.892
data arrival time                                                                                        0.892

clock clk (rise edge)                                                           0.000     0.000
clock source latency                                                                           0.000     0.000
clk.inpad[0] (.input at (4,1))                                                  0.000     0.000
| (intra 'io' routing)                                                                         0.779     0.779
| (inter-block routing:global net)                                                             0.000     0.779
| (intra 'clb' routing)                                                                        0.000     0.779
fifo_proc95_to_proc85.tempOut[22].C[0] (dffre at (213,136))                                    0.000     0.779
clock uncertainty                                                                              0.000     0.779
cell hold time                                                                                -0.028     0.751
data required time                                                                                       0.751
--------------------------------------------------------------------------------------------------------------
data required time                                                                                      -0.751
data arrival time                                                                                        0.892
--------------------------------------------------------------------------------------------------------------
slack (MET)                                                                                              0.141


#Path 60
Startpoint: fifo_proc80_to_proc81.fifo[0][25].Q[0] (dffre at (81,132) clocked by clk)
Endpoint  : fifo_proc80_to_proc81.tempOut[25].D[0] (dffre at (81,132) clocked by clk)
Path Type : hold

Point                                                                                          Incr      Path
-------------------------------------------------------------------------------------------------------------
clock clk (rise edge)                                                          0.000     0.000
clock source latency                                                                          0.000     0.000
clk.inpad[0] (.input at (4,1))                                                 0.000     0.000
| (intra 'io' routing)                                                                        0.779     0.779
| (inter-block routing:global net)                                                            0.000     0.779
| (intra 'clb' routing)                                                                       0.000     0.779
fifo_proc80_to_proc81.fifo[0][25].C[0] (dffre at (81,132))                                    0.000     0.779
| (primitive 'dffre' Tcq_min)                                                                 0.029     0.808
fifo_proc80_to_proc81.fifo[0][25].Q[0] (dffre at (81,132)) [clock-to-output]                  0.000     0.808
| (intra 'clb' routing)                                                                       0.066     0.874
$\fifo_proc80_to_proc81.fifo$rdreg[0]$d[25].in[5] (.names at (81,132))                        0.000     0.874
| (primitive '.names' combinational delay)                                                    0.017     0.892
$\fifo_proc80_to_proc81.fifo$rdreg[0]$d[25].out[0] (.names at (81,132))                       0.000     0.892
| (intra 'clb' routing)                                                                       0.000     0.892
fifo_proc80_to_proc81.tempOut[25].D[0] (dffre at (81,132))                                    0.000     0.892
data arrival time                                                                                       0.892

clock clk (rise edge)                                                          0.000     0.000
clock source latency                                                                          0.000     0.000
clk.inpad[0] (.input at (4,1))                                                 0.000     0.000
| (intra 'io' routing)                                                                        0.779     0.779
| (inter-block routing:global net)                                                            0.000     0.779
| (intra 'clb' routing)                                                                       0.000     0.779
fifo_proc80_to_proc81.tempOut[25].C[0] (dffre at (81,132))                                    0.000     0.779
clock uncertainty                                                                             0.000     0.779
cell hold time                                                                               -0.028     0.751
data required time                                                                                      0.751
-------------------------------------------------------------------------------------------------------------
data required time                                                                                     -0.751
data arrival time                                                                                       0.892
-------------------------------------------------------------------------------------------------------------
slack (MET)                                                                                             0.141


#Path 61
Startpoint: fifo_proc80_to_proc81.fifo[2][24].Q[0] (dffre at (103,132) clocked by clk)
Endpoint  : fifo_proc80_to_proc81.tempOut[24].D[0] (dffre at (103,132) clocked by clk)
Path Type : hold

Point                                                                                           Incr      Path
--------------------------------------------------------------------------------------------------------------
clock clk (rise edge)                                                           0.000     0.000
clock source latency                                                                           0.000     0.000
clk.inpad[0] (.input at (4,1))                                                  0.000     0.000
| (intra 'io' routing)                                                                         0.779     0.779
| (inter-block routing:global net)                                                             0.000     0.779
| (intra 'clb' routing)                                                                        0.000     0.779
fifo_proc80_to_proc81.fifo[2][24].C[0] (dffre at (103,132))                                    0.000     0.779
| (primitive 'dffre' Tcq_min)                                                                  0.029     0.808
fifo_proc80_to_proc81.fifo[2][24].Q[0] (dffre at (103,132)) [clock-to-output]                  0.000     0.808
| (intra 'clb' routing)                                                                        0.066     0.874
$\fifo_proc80_to_proc81.fifo$rdreg[0]$d[24].in[4] (.names at (103,132))                        0.000     0.874
| (primitive '.names' combinational delay)                                                     0.017     0.892
$\fifo_proc80_to_proc81.fifo$rdreg[0]$d[24].out[0] (.names at (103,132))                       0.000     0.892
| (intra 'clb' routing)                                                                        0.000     0.892
fifo_proc80_to_proc81.tempOut[24].D[0] (dffre at (103,132))                                    0.000     0.892
data arrival time                                                                                        0.892

clock clk (rise edge)                                                           0.000     0.000
clock source latency                                                                           0.000     0.000
clk.inpad[0] (.input at (4,1))                                                  0.000     0.000
| (intra 'io' routing)                                                                         0.779     0.779
| (inter-block routing:global net)                                                             0.000     0.779
| (intra 'clb' routing)                                                                        0.000     0.779
fifo_proc80_to_proc81.tempOut[24].C[0] (dffre at (103,132))                                    0.000     0.779
clock uncertainty                                                                              0.000     0.779
cell hold time                                                                                -0.028     0.751
data required time                                                                                       0.751
--------------------------------------------------------------------------------------------------------------
data required time                                                                                      -0.751
data arrival time                                                                                        0.892
--------------------------------------------------------------------------------------------------------------
slack (MET)                                                                                              0.141


#Path 62
Startpoint: fifo_proc80_to_proc81.fifo[2][23].Q[0] (dffre at (101,133) clocked by clk)
Endpoint  : fifo_proc80_to_proc81.tempOut[23].D[0] (dffre at (101,133) clocked by clk)
Path Type : hold

Point                                                                                           Incr      Path
--------------------------------------------------------------------------------------------------------------
clock clk (rise edge)                                                           0.000     0.000
clock source latency                                                                           0.000     0.000
clk.inpad[0] (.input at (4,1))                                                  0.000     0.000
| (intra 'io' routing)                                                                         0.779     0.779
| (inter-block routing:global net)                                                             0.000     0.779
| (intra 'clb' routing)                                                                        0.000     0.779
fifo_proc80_to_proc81.fifo[2][23].C[0] (dffre at (101,133))                                    0.000     0.779
| (primitive 'dffre' Tcq_min)                                                                  0.029     0.808
fifo_proc80_to_proc81.fifo[2][23].Q[0] (dffre at (101,133)) [clock-to-output]                  0.000     0.808
| (intra 'clb' routing)                                                                        0.066     0.874
$\fifo_proc80_to_proc81.fifo$rdreg[0]$d[23].in[4] (.names at (101,133))                        0.000     0.874
| (primitive '.names' combinational delay)                                                     0.017     0.892
$\fifo_proc80_to_proc81.fifo$rdreg[0]$d[23].out[0] (.names at (101,133))                       0.000     0.892
| (intra 'clb' routing)                                                                        0.000     0.892
fifo_proc80_to_proc81.tempOut[23].D[0] (dffre at (101,133))                                    0.000     0.892
data arrival time                                                                                        0.892

clock clk (rise edge)                                                           0.000     0.000
clock source latency                                                                           0.000     0.000
clk.inpad[0] (.input at (4,1))                                                  0.000     0.000
| (intra 'io' routing)                                                                         0.779     0.779
| (inter-block routing:global net)                                                             0.000     0.779
| (intra 'clb' routing)                                                                        0.000     0.779
fifo_proc80_to_proc81.tempOut[23].C[0] (dffre at (101,133))                                    0.000     0.779
clock uncertainty                                                                              0.000     0.779
cell hold time                                                                                -0.028     0.751
data required time                                                                                       0.751
--------------------------------------------------------------------------------------------------------------
data required time                                                                                      -0.751
data arrival time                                                                                        0.892
--------------------------------------------------------------------------------------------------------------
slack (MET)                                                                                              0.141


#Path 63
Startpoint: fifo_proc17_to_proc7.fifo[1][18].Q[0] (dffre at (193,35) clocked by clk)
Endpoint  : fifo_proc17_to_proc7.tempOut[18].D[0] (dffre at (193,35) clocked by clk)
Path Type : hold

Point                                                                                         Incr      Path
------------------------------------------------------------------------------------------------------------
clock clk (rise edge)                                                         0.000     0.000
clock source latency                                                                         0.000     0.000
clk.inpad[0] (.input at (4,1))                                                0.000     0.000
| (intra 'io' routing)                                                                       0.779     0.779
| (inter-block routing:global net)                                                           0.000     0.779
| (intra 'clb' routing)                                                                      0.000     0.779
fifo_proc17_to_proc7.fifo[1][18].C[0] (dffre at (193,35))                                    0.000     0.779
| (primitive 'dffre' Tcq_min)                                                                0.029     0.808
fifo_proc17_to_proc7.fifo[1][18].Q[0] (dffre at (193,35)) [clock-to-output]                  0.000     0.808
| (intra 'clb' routing)                                                                      0.066     0.874
$\fifo_proc17_to_proc7.fifo$rdreg[0]$d[18].in[4] (.names at (193,35))                        0.000     0.874
| (primitive '.names' combinational delay)                                                   0.017     0.892
$\fifo_proc17_to_proc7.fifo$rdreg[0]$d[18].out[0] (.names at (193,35))                       0.000     0.892
| (intra 'clb' routing)                                                                      0.000     0.892
fifo_proc17_to_proc7.tempOut[18].D[0] (dffre at (193,35))                                    0.000     0.892
data arrival time                                                                                      0.892

clock clk (rise edge)                                                         0.000     0.000
clock source latency                                                                         0.000     0.000
clk.inpad[0] (.input at (4,1))                                                0.000     0.000
| (intra 'io' routing)                                                                       0.779     0.779
| (inter-block routing:global net)                                                           0.000     0.779
| (intra 'clb' routing)                                                                      0.000     0.779
fifo_proc17_to_proc7.tempOut[18].C[0] (dffre at (193,35))                                    0.000     0.779
clock uncertainty                                                                            0.000     0.779
cell hold time                                                                              -0.028     0.751
data required time                                                                                     0.751
------------------------------------------------------------------------------------------------------------
data required time                                                                                    -0.751
data arrival time                                                                                      0.892
------------------------------------------------------------------------------------------------------------
slack (MET)                                                                                            0.141


#Path 64
Startpoint: fifo_proc17_to_proc7.fifo[1][17].Q[0] (dffre at (187,36) clocked by clk)
Endpoint  : fifo_proc17_to_proc7.tempOut[17].D[0] (dffre at (187,36) clocked by clk)
Path Type : hold

Point                                                                                         Incr      Path
------------------------------------------------------------------------------------------------------------
clock clk (rise edge)                                                         0.000     0.000
clock source latency                                                                         0.000     0.000
clk.inpad[0] (.input at (4,1))                                                0.000     0.000
| (intra 'io' routing)                                                                       0.779     0.779
| (inter-block routing:global net)                                                           0.000     0.779
| (intra 'clb' routing)                                                                      0.000     0.779
fifo_proc17_to_proc7.fifo[1][17].C[0] (dffre at (187,36))                                    0.000     0.779
| (primitive 'dffre' Tcq_min)                                                                0.029     0.808
fifo_proc17_to_proc7.fifo[1][17].Q[0] (dffre at (187,36)) [clock-to-output]                  0.000     0.808
| (intra 'clb' routing)                                                                      0.066     0.874
$\fifo_proc17_to_proc7.fifo$rdreg[0]$d[17].in[4] (.names at (187,36))                        0.000     0.874
| (primitive '.names' combinational delay)                                                   0.017     0.892
$\fifo_proc17_to_proc7.fifo$rdreg[0]$d[17].out[0] (.names at (187,36))                       0.000     0.892
| (intra 'clb' routing)                                                                      0.000     0.892
fifo_proc17_to_proc7.tempOut[17].D[0] (dffre at (187,36))                                    0.000     0.892
data arrival time                                                                                      0.892

clock clk (rise edge)                                                         0.000     0.000
clock source latency                                                                         0.000     0.000
clk.inpad[0] (.input at (4,1))                                                0.000     0.000
| (intra 'io' routing)                                                                       0.779     0.779
| (inter-block routing:global net)                                                           0.000     0.779
| (intra 'clb' routing)                                                                      0.000     0.779
fifo_proc17_to_proc7.tempOut[17].C[0] (dffre at (187,36))                                    0.000     0.779
clock uncertainty                                                                            0.000     0.779
cell hold time                                                                              -0.028     0.751
data required time                                                                                     0.751
------------------------------------------------------------------------------------------------------------
data required time                                                                                    -0.751
data arrival time                                                                                      0.892
------------------------------------------------------------------------------------------------------------
slack (MET)                                                                                            0.141


#Path 65
Startpoint: proc94.reg_file.reg_file1.q_b[28].Q[0] (dffre at (54,99) clocked by clk)
Endpoint  : proc94.ifetch.pc_register.count[26].D[0] (dffre at (54,99) clocked by clk)
Path Type : hold

Point                                                                                                                              Incr      Path
-------------------------------------------------------------------------------------------------------------------------------------------------
clock clk (rise edge)                                                                                              0.000     0.000
clock source latency                                                                                                              0.000     0.000
clk.inpad[0] (.input at (4,1))                                                                                     0.000     0.000
| (intra 'io' routing)                                                                                                            0.779     0.779
| (inter-block routing:global net)                                                                                                0.000     0.779
| (intra 'clb' routing)                                                                                                           0.000     0.779
proc94.reg_file.reg_file1.q_b[28].C[0] (dffre at (54,99))                                                                         0.000     0.779
| (primitive 'dffre' Tcq_min)                                                                                                     0.029     0.808
proc94.reg_file.reg_file1.q_b[28].Q[0] (dffre at (54,99)) [clock-to-output]                                                       0.000     0.808
| (intra 'clb' routing)                                                                                                           0.066     0.874
$abc$13647316$abc$3486044$flatten\proc94.\ifetch.\pc_register.$0\count[29:0][26].in[3] (.names at (54,99))                        0.000     0.874
| (primitive '.names' combinational delay)                                                                                        0.017     0.892
$abc$13647316$abc$3486044$flatten\proc94.\ifetch.\pc_register.$0\count[29:0][26].out[0] (.names at (54,99))                       0.000     0.892
| (intra 'clb' routing)                                                                                                           0.000     0.892
proc94.ifetch.pc_register.count[26].D[0] (dffre at (54,99))                                                                       0.000     0.892
data arrival time                                                                                                                           0.892

clock clk (rise edge)                                                                                              0.000     0.000
clock source latency                                                                                                              0.000     0.000
clk.inpad[0] (.input at (4,1))                                                                                     0.000     0.000
| (intra 'io' routing)                                                                                                            0.779     0.779
| (inter-block routing:global net)                                                                                                0.000     0.779
| (intra 'clb' routing)                                                                                                           0.000     0.779
proc94.ifetch.pc_register.count[26].C[0] (dffre at (54,99))                                                                       0.000     0.779
clock uncertainty                                                                                                                 0.000     0.779
cell hold time                                                                                                                   -0.028     0.751
data required time                                                                                                                          0.751
-------------------------------------------------------------------------------------------------------------------------------------------------
data required time                                                                                                                         -0.751
data arrival time                                                                                                                           0.892
-------------------------------------------------------------------------------------------------------------------------------------------------
slack (MET)                                                                                                                                 0.141


#Path 66
Startpoint: fifo_proc12_to_proc22.fifo[1][21].Q[0] (dffre at (204,103) clocked by clk)
Endpoint  : fifo_proc12_to_proc22.tempOut[21].D[0] (dffre at (204,103) clocked by clk)
Path Type : hold

Point                                                                                           Incr      Path
--------------------------------------------------------------------------------------------------------------
clock clk (rise edge)                                                           0.000     0.000
clock source latency                                                                           0.000     0.000
clk.inpad[0] (.input at (4,1))                                                  0.000     0.000
| (intra 'io' routing)                                                                         0.779     0.779
| (inter-block routing:global net)                                                             0.000     0.779
| (intra 'clb' routing)                                                                        0.000     0.779
fifo_proc12_to_proc22.fifo[1][21].C[0] (dffre at (204,103))                                    0.000     0.779
| (primitive 'dffre' Tcq_min)                                                                  0.029     0.808
fifo_proc12_to_proc22.fifo[1][21].Q[0] (dffre at (204,103)) [clock-to-output]                  0.000     0.808
| (intra 'clb' routing)                                                                        0.066     0.874
$\fifo_proc12_to_proc22.fifo$rdreg[0]$d[21].in[4] (.names at (204,103))                        0.000     0.874
| (primitive '.names' combinational delay)                                                     0.017     0.892
$\fifo_proc12_to_proc22.fifo$rdreg[0]$d[21].out[0] (.names at (204,103))                       0.000     0.892
| (intra 'clb' routing)                                                                        0.000     0.892
fifo_proc12_to_proc22.tempOut[21].D[0] (dffre at (204,103))                                    0.000     0.892
data arrival time                                                                                        0.892

clock clk (rise edge)                                                           0.000     0.000
clock source latency                                                                           0.000     0.000
clk.inpad[0] (.input at (4,1))                                                  0.000     0.000
| (intra 'io' routing)                                                                         0.779     0.779
| (inter-block routing:global net)                                                             0.000     0.779
| (intra 'clb' routing)                                                                        0.000     0.779
fifo_proc12_to_proc22.tempOut[21].C[0] (dffre at (204,103))                                    0.000     0.779
clock uncertainty                                                                              0.000     0.779
cell hold time                                                                                -0.028     0.751
data required time                                                                                       0.751
--------------------------------------------------------------------------------------------------------------
data required time                                                                                      -0.751
data arrival time                                                                                        0.892
--------------------------------------------------------------------------------------------------------------
slack (MET)                                                                                              0.141


#Path 67
Startpoint: fifo_proc64_to_proc65.fifo[2][6].Q[0] (dffre at (84,65) clocked by clk)
Endpoint  : fifo_proc64_to_proc65.tempOut[6].D[0] (dffre at (84,65) clocked by clk)
Path Type : hold

Point                                                                                        Incr      Path
-----------------------------------------------------------------------------------------------------------
clock clk (rise edge)                                                        0.000     0.000
clock source latency                                                                        0.000     0.000
clk.inpad[0] (.input at (4,1))                                               0.000     0.000
| (intra 'io' routing)                                                                      0.779     0.779
| (inter-block routing:global net)                                                          0.000     0.779
| (intra 'clb' routing)                                                                     0.000     0.779
fifo_proc64_to_proc65.fifo[2][6].C[0] (dffre at (84,65))                                    0.000     0.779
| (primitive 'dffre' Tcq_min)                                                               0.029     0.808
fifo_proc64_to_proc65.fifo[2][6].Q[0] (dffre at (84,65)) [clock-to-output]                  0.000     0.808
| (intra 'clb' routing)                                                                     0.066     0.874
$\fifo_proc64_to_proc65.fifo$rdreg[0]$d[6].in[4] (.names at (84,65))                        0.000     0.874
| (primitive '.names' combinational delay)                                                  0.017     0.892
$\fifo_proc64_to_proc65.fifo$rdreg[0]$d[6].out[0] (.names at (84,65))                       0.000     0.892
| (intra 'clb' routing)                                                                     0.000     0.892
fifo_proc64_to_proc65.tempOut[6].D[0] (dffre at (84,65))                                    0.000     0.892
data arrival time                                                                                     0.892

clock clk (rise edge)                                                        0.000     0.000
clock source latency                                                                        0.000     0.000
clk.inpad[0] (.input at (4,1))                                               0.000     0.000
| (intra 'io' routing)                                                                      0.779     0.779
| (inter-block routing:global net)                                                          0.000     0.779
| (intra 'clb' routing)                                                                     0.000     0.779
fifo_proc64_to_proc65.tempOut[6].C[0] (dffre at (84,65))                                    0.000     0.779
clock uncertainty                                                                           0.000     0.779
cell hold time                                                                             -0.028     0.751
data required time                                                                                    0.751
-----------------------------------------------------------------------------------------------------------
data required time                                                                                   -0.751
data arrival time                                                                                     0.892
-----------------------------------------------------------------------------------------------------------
slack (MET)                                                                                           0.141


#Path 68
Startpoint: proc33.shifter.shift_state.Q[0] (dffre at (136,123) clocked by clk)
Endpoint  : proc33.shifter.shift_count[4].D[0] (dffre at (136,123) clocked by clk)
Path Type : hold

Point                                                                                                                        Incr      Path
-------------------------------------------------------------------------------------------------------------------------------------------
clock clk (rise edge)                                                                                        0.000     0.000
clock source latency                                                                                                        0.000     0.000
clk.inpad[0] (.input at (4,1))                                                                               0.000     0.000
| (intra 'io' routing)                                                                                                      0.779     0.779
| (inter-block routing:global net)                                                                                          0.000     0.779
| (intra 'clb' routing)                                                                                                     0.000     0.779
proc33.shifter.shift_state.C[0] (dffre at (136,123))                                                                        0.000     0.779
| (primitive 'dffre' Tcq_min)                                                                                               0.029     0.808
proc33.shifter.shift_state.Q[0] (dffre at (136,123)) [clock-to-output]                                                      0.000     0.808
| (intra 'clb' routing)                                                                                                     0.066     0.874
$abc$13647316$abc$2847362$flatten\proc33.\shifter.$0\shift_count[4:0][4].in[1] (.names at (136,123))                        0.000     0.874
| (primitive '.names' combinational delay)                                                                                  0.017     0.892
$abc$13647316$abc$2847362$flatten\proc33.\shifter.$0\shift_count[4:0][4].out[0] (.names at (136,123))                       0.000     0.892
| (intra 'clb' routing)                                                                                                     0.000     0.892
proc33.shifter.shift_count[4].D[0] (dffre at (136,123))                                                                     0.000     0.892
data arrival time                                                                                                                     0.892

clock clk (rise edge)                                                                                        0.000     0.000
clock source latency                                                                                                        0.000     0.000
clk.inpad[0] (.input at (4,1))                                                                               0.000     0.000
| (intra 'io' routing)                                                                                                      0.779     0.779
| (inter-block routing:global net)                                                                                          0.000     0.779
| (intra 'clb' routing)                                                                                                     0.000     0.779
proc33.shifter.shift_count[4].C[0] (dffre at (136,123))                                                                     0.000     0.779
clock uncertainty                                                                                                           0.000     0.779
cell hold time                                                                                                             -0.028     0.751
data required time                                                                                                                    0.751
-------------------------------------------------------------------------------------------------------------------------------------------
data required time                                                                                                                   -0.751
data arrival time                                                                                                                     0.892
-------------------------------------------------------------------------------------------------------------------------------------------
slack (MET)                                                                                                                           0.141


#Path 69
Startpoint: fifo_proc45_to_proc44.fifo[2][28].Q[0] (dffre at (61,119) clocked by clk)
Endpoint  : fifo_proc45_to_proc44.tempOut[28].D[0] (dffre at (61,119) clocked by clk)
Path Type : hold

Point                                                                                          Incr      Path
-------------------------------------------------------------------------------------------------------------
clock clk (rise edge)                                                          0.000     0.000
clock source latency                                                                          0.000     0.000
clk.inpad[0] (.input at (4,1))                                                 0.000     0.000
| (intra 'io' routing)                                                                        0.779     0.779
| (inter-block routing:global net)                                                            0.000     0.779
| (intra 'clb' routing)                                                                       0.000     0.779
fifo_proc45_to_proc44.fifo[2][28].C[0] (dffre at (61,119))                                    0.000     0.779
| (primitive 'dffre' Tcq_min)                                                                 0.029     0.808
fifo_proc45_to_proc44.fifo[2][28].Q[0] (dffre at (61,119)) [clock-to-output]                  0.000     0.808
| (intra 'clb' routing)                                                                       0.066     0.874
$\fifo_proc45_to_proc44.fifo$rdreg[0]$d[28].in[4] (.names at (61,119))                        0.000     0.874
| (primitive '.names' combinational delay)                                                    0.017     0.892
$\fifo_proc45_to_proc44.fifo$rdreg[0]$d[28].out[0] (.names at (61,119))                       0.000     0.892
| (intra 'clb' routing)                                                                       0.000     0.892
fifo_proc45_to_proc44.tempOut[28].D[0] (dffre at (61,119))                                    0.000     0.892
data arrival time                                                                                       0.892

clock clk (rise edge)                                                          0.000     0.000
clock source latency                                                                          0.000     0.000
clk.inpad[0] (.input at (4,1))                                                 0.000     0.000
| (intra 'io' routing)                                                                        0.779     0.779
| (inter-block routing:global net)                                                            0.000     0.779
| (intra 'clb' routing)                                                                       0.000     0.779
fifo_proc45_to_proc44.tempOut[28].C[0] (dffre at (61,119))                                    0.000     0.779
clock uncertainty                                                                             0.000     0.779
cell hold time                                                                               -0.028     0.751
data required time                                                                                      0.751
-------------------------------------------------------------------------------------------------------------
data required time                                                                                     -0.751
data arrival time                                                                                       0.892
-------------------------------------------------------------------------------------------------------------
slack (MET)                                                                                             0.141


#Path 70
Startpoint: fifo_proc12_to_proc22.fifo[1][15].Q[0] (dffre at (206,112) clocked by clk)
Endpoint  : fifo_proc12_to_proc22.tempOut[15].D[0] (dffre at (206,112) clocked by clk)
Path Type : hold

Point                                                                                           Incr      Path
--------------------------------------------------------------------------------------------------------------
clock clk (rise edge)                                                           0.000     0.000
clock source latency                                                                           0.000     0.000
clk.inpad[0] (.input at (4,1))                                                  0.000     0.000
| (intra 'io' routing)                                                                         0.779     0.779
| (inter-block routing:global net)                                                             0.000     0.779
| (intra 'clb' routing)                                                                        0.000     0.779
fifo_proc12_to_proc22.fifo[1][15].C[0] (dffre at (206,112))                                    0.000     0.779
| (primitive 'dffre' Tcq_min)                                                                  0.029     0.808
fifo_proc12_to_proc22.fifo[1][15].Q[0] (dffre at (206,112)) [clock-to-output]                  0.000     0.808
| (intra 'clb' routing)                                                                        0.066     0.874
$\fifo_proc12_to_proc22.fifo$rdreg[0]$d[15].in[4] (.names at (206,112))                        0.000     0.874
| (primitive '.names' combinational delay)                                                     0.017     0.892
$\fifo_proc12_to_proc22.fifo$rdreg[0]$d[15].out[0] (.names at (206,112))                       0.000     0.892
| (intra 'clb' routing)                                                                        0.000     0.892
fifo_proc12_to_proc22.tempOut[15].D[0] (dffre at (206,112))                                    0.000     0.892
data arrival time                                                                                        0.892

clock clk (rise edge)                                                           0.000     0.000
clock source latency                                                                           0.000     0.000
clk.inpad[0] (.input at (4,1))                                                  0.000     0.000
| (intra 'io' routing)                                                                         0.779     0.779
| (inter-block routing:global net)                                                             0.000     0.779
| (intra 'clb' routing)                                                                        0.000     0.779
fifo_proc12_to_proc22.tempOut[15].C[0] (dffre at (206,112))                                    0.000     0.779
clock uncertainty                                                                              0.000     0.779
cell hold time                                                                                -0.028     0.751
data required time                                                                                       0.751
--------------------------------------------------------------------------------------------------------------
data required time                                                                                      -0.751
data arrival time                                                                                        0.892
--------------------------------------------------------------------------------------------------------------
slack (MET)                                                                                              0.141


#Path 71
Startpoint: fifo_proc12_to_proc22.fifo[1][16].Q[0] (dffre at (204,109) clocked by clk)
Endpoint  : fifo_proc12_to_proc22.tempOut[16].D[0] (dffre at (204,109) clocked by clk)
Path Type : hold

Point                                                                                           Incr      Path
--------------------------------------------------------------------------------------------------------------
clock clk (rise edge)                                                           0.000     0.000
clock source latency                                                                           0.000     0.000
clk.inpad[0] (.input at (4,1))                                                  0.000     0.000
| (intra 'io' routing)                                                                         0.779     0.779
| (inter-block routing:global net)                                                             0.000     0.779
| (intra 'clb' routing)                                                                        0.000     0.779
fifo_proc12_to_proc22.fifo[1][16].C[0] (dffre at (204,109))                                    0.000     0.779
| (primitive 'dffre' Tcq_min)                                                                  0.029     0.808
fifo_proc12_to_proc22.fifo[1][16].Q[0] (dffre at (204,109)) [clock-to-output]                  0.000     0.808
| (intra 'clb' routing)                                                                        0.066     0.874
$\fifo_proc12_to_proc22.fifo$rdreg[0]$d[16].in[4] (.names at (204,109))                        0.000     0.874
| (primitive '.names' combinational delay)                                                     0.017     0.892
$\fifo_proc12_to_proc22.fifo$rdreg[0]$d[16].out[0] (.names at (204,109))                       0.000     0.892
| (intra 'clb' routing)                                                                        0.000     0.892
fifo_proc12_to_proc22.tempOut[16].D[0] (dffre at (204,109))                                    0.000     0.892
data arrival time                                                                                        0.892

clock clk (rise edge)                                                           0.000     0.000
clock source latency                                                                           0.000     0.000
clk.inpad[0] (.input at (4,1))                                                  0.000     0.000
| (intra 'io' routing)                                                                         0.779     0.779
| (inter-block routing:global net)                                                             0.000     0.779
| (intra 'clb' routing)                                                                        0.000     0.779
fifo_proc12_to_proc22.tempOut[16].C[0] (dffre at (204,109))                                    0.000     0.779
clock uncertainty                                                                              0.000     0.779
cell hold time                                                                                -0.028     0.751
data required time                                                                                       0.751
--------------------------------------------------------------------------------------------------------------
data required time                                                                                      -0.751
data arrival time                                                                                        0.892
--------------------------------------------------------------------------------------------------------------
slack (MET)                                                                                              0.141


#Path 72
Startpoint: fifo_proc12_to_proc22.fifo[1][17].Q[0] (dffre at (207,108) clocked by clk)
Endpoint  : fifo_proc12_to_proc22.tempOut[17].D[0] (dffre at (207,108) clocked by clk)
Path Type : hold

Point                                                                                           Incr      Path
--------------------------------------------------------------------------------------------------------------
clock clk (rise edge)                                                           0.000     0.000
clock source latency                                                                           0.000     0.000
clk.inpad[0] (.input at (4,1))                                                  0.000     0.000
| (intra 'io' routing)                                                                         0.779     0.779
| (inter-block routing:global net)                                                             0.000     0.779
| (intra 'clb' routing)                                                                        0.000     0.779
fifo_proc12_to_proc22.fifo[1][17].C[0] (dffre at (207,108))                                    0.000     0.779
| (primitive 'dffre' Tcq_min)                                                                  0.029     0.808
fifo_proc12_to_proc22.fifo[1][17].Q[0] (dffre at (207,108)) [clock-to-output]                  0.000     0.808
| (intra 'clb' routing)                                                                        0.066     0.874
$\fifo_proc12_to_proc22.fifo$rdreg[0]$d[17].in[4] (.names at (207,108))                        0.000     0.874
| (primitive '.names' combinational delay)                                                     0.017     0.892
$\fifo_proc12_to_proc22.fifo$rdreg[0]$d[17].out[0] (.names at (207,108))                       0.000     0.892
| (intra 'clb' routing)                                                                        0.000     0.892
fifo_proc12_to_proc22.tempOut[17].D[0] (dffre at (207,108))                                    0.000     0.892
data arrival time                                                                                        0.892

clock clk (rise edge)                                                           0.000     0.000
clock source latency                                                                           0.000     0.000
clk.inpad[0] (.input at (4,1))                                                  0.000     0.000
| (intra 'io' routing)                                                                         0.779     0.779
| (inter-block routing:global net)                                                             0.000     0.779
| (intra 'clb' routing)                                                                        0.000     0.779
fifo_proc12_to_proc22.tempOut[17].C[0] (dffre at (207,108))                                    0.000     0.779
clock uncertainty                                                                              0.000     0.779
cell hold time                                                                                -0.028     0.751
data required time                                                                                       0.751
--------------------------------------------------------------------------------------------------------------
data required time                                                                                      -0.751
data arrival time                                                                                        0.892
--------------------------------------------------------------------------------------------------------------
slack (MET)                                                                                              0.141


#Path 73
Startpoint: fifo_proc12_to_proc22.fifo[1][18].Q[0] (dffre at (205,107) clocked by clk)
Endpoint  : fifo_proc12_to_proc22.tempOut[18].D[0] (dffre at (205,107) clocked by clk)
Path Type : hold

Point                                                                                           Incr      Path
--------------------------------------------------------------------------------------------------------------
clock clk (rise edge)                                                           0.000     0.000
clock source latency                                                                           0.000     0.000
clk.inpad[0] (.input at (4,1))                                                  0.000     0.000
| (intra 'io' routing)                                                                         0.779     0.779
| (inter-block routing:global net)                                                             0.000     0.779
| (intra 'clb' routing)                                                                        0.000     0.779
fifo_proc12_to_proc22.fifo[1][18].C[0] (dffre at (205,107))                                    0.000     0.779
| (primitive 'dffre' Tcq_min)                                                                  0.029     0.808
fifo_proc12_to_proc22.fifo[1][18].Q[0] (dffre at (205,107)) [clock-to-output]                  0.000     0.808
| (intra 'clb' routing)                                                                        0.066     0.874
$\fifo_proc12_to_proc22.fifo$rdreg[0]$d[18].in[4] (.names at (205,107))                        0.000     0.874
| (primitive '.names' combinational delay)                                                     0.017     0.892
$\fifo_proc12_to_proc22.fifo$rdreg[0]$d[18].out[0] (.names at (205,107))                       0.000     0.892
| (intra 'clb' routing)                                                                        0.000     0.892
fifo_proc12_to_proc22.tempOut[18].D[0] (dffre at (205,107))                                    0.000     0.892
data arrival time                                                                                        0.892

clock clk (rise edge)                                                           0.000     0.000
clock source latency                                                                           0.000     0.000
clk.inpad[0] (.input at (4,1))                                                  0.000     0.000
| (intra 'io' routing)                                                                         0.779     0.779
| (inter-block routing:global net)                                                             0.000     0.779
| (intra 'clb' routing)                                                                        0.000     0.779
fifo_proc12_to_proc22.tempOut[18].C[0] (dffre at (205,107))                                    0.000     0.779
clock uncertainty                                                                              0.000     0.779
cell hold time                                                                                -0.028     0.751
data required time                                                                                       0.751
--------------------------------------------------------------------------------------------------------------
data required time                                                                                      -0.751
data arrival time                                                                                        0.892
--------------------------------------------------------------------------------------------------------------
slack (MET)                                                                                              0.141


#Path 74
Startpoint: fifo_proc12_to_proc22.fifo[1][19].Q[0] (dffre at (204,108) clocked by clk)
Endpoint  : fifo_proc12_to_proc22.tempOut[19].D[0] (dffre at (204,108) clocked by clk)
Path Type : hold

Point                                                                                           Incr      Path
--------------------------------------------------------------------------------------------------------------
clock clk (rise edge)                                                           0.000     0.000
clock source latency                                                                           0.000     0.000
clk.inpad[0] (.input at (4,1))                                                  0.000     0.000
| (intra 'io' routing)                                                                         0.779     0.779
| (inter-block routing:global net)                                                             0.000     0.779
| (intra 'clb' routing)                                                                        0.000     0.779
fifo_proc12_to_proc22.fifo[1][19].C[0] (dffre at (204,108))                                    0.000     0.779
| (primitive 'dffre' Tcq_min)                                                                  0.029     0.808
fifo_proc12_to_proc22.fifo[1][19].Q[0] (dffre at (204,108)) [clock-to-output]                  0.000     0.808
| (intra 'clb' routing)                                                                        0.066     0.874
$\fifo_proc12_to_proc22.fifo$rdreg[0]$d[19].in[4] (.names at (204,108))                        0.000     0.874
| (primitive '.names' combinational delay)                                                     0.017     0.892
$\fifo_proc12_to_proc22.fifo$rdreg[0]$d[19].out[0] (.names at (204,108))                       0.000     0.892
| (intra 'clb' routing)                                                                        0.000     0.892
fifo_proc12_to_proc22.tempOut[19].D[0] (dffre at (204,108))                                    0.000     0.892
data arrival time                                                                                        0.892

clock clk (rise edge)                                                           0.000     0.000
clock source latency                                                                           0.000     0.000
clk.inpad[0] (.input at (4,1))                                                  0.000     0.000
| (intra 'io' routing)                                                                         0.779     0.779
| (inter-block routing:global net)                                                             0.000     0.779
| (intra 'clb' routing)                                                                        0.000     0.779
fifo_proc12_to_proc22.tempOut[19].C[0] (dffre at (204,108))                                    0.000     0.779
clock uncertainty                                                                              0.000     0.779
cell hold time                                                                                -0.028     0.751
data required time                                                                                       0.751
--------------------------------------------------------------------------------------------------------------
data required time                                                                                      -0.751
data arrival time                                                                                        0.892
--------------------------------------------------------------------------------------------------------------
slack (MET)                                                                                              0.141


#Path 75
Startpoint: fifo_proc12_to_proc22.fifo[1][20].Q[0] (dffre at (204,105) clocked by clk)
Endpoint  : fifo_proc12_to_proc22.tempOut[20].D[0] (dffre at (204,105) clocked by clk)
Path Type : hold

Point                                                                                           Incr      Path
--------------------------------------------------------------------------------------------------------------
clock clk (rise edge)                                                           0.000     0.000
clock source latency                                                                           0.000     0.000
clk.inpad[0] (.input at (4,1))                                                  0.000     0.000
| (intra 'io' routing)                                                                         0.779     0.779
| (inter-block routing:global net)                                                             0.000     0.779
| (intra 'clb' routing)                                                                        0.000     0.779
fifo_proc12_to_proc22.fifo[1][20].C[0] (dffre at (204,105))                                    0.000     0.779
| (primitive 'dffre' Tcq_min)                                                                  0.029     0.808
fifo_proc12_to_proc22.fifo[1][20].Q[0] (dffre at (204,105)) [clock-to-output]                  0.000     0.808
| (intra 'clb' routing)                                                                        0.066     0.874
$\fifo_proc12_to_proc22.fifo$rdreg[0]$d[20].in[4] (.names at (204,105))                        0.000     0.874
| (primitive '.names' combinational delay)                                                     0.017     0.892
$\fifo_proc12_to_proc22.fifo$rdreg[0]$d[20].out[0] (.names at (204,105))                       0.000     0.892
| (intra 'clb' routing)                                                                        0.000     0.892
fifo_proc12_to_proc22.tempOut[20].D[0] (dffre at (204,105))                                    0.000     0.892
data arrival time                                                                                        0.892

clock clk (rise edge)                                                           0.000     0.000
clock source latency                                                                           0.000     0.000
clk.inpad[0] (.input at (4,1))                                                  0.000     0.000
| (intra 'io' routing)                                                                         0.779     0.779
| (inter-block routing:global net)                                                             0.000     0.779
| (intra 'clb' routing)                                                                        0.000     0.779
fifo_proc12_to_proc22.tempOut[20].C[0] (dffre at (204,105))                                    0.000     0.779
clock uncertainty                                                                              0.000     0.779
cell hold time                                                                                -0.028     0.751
data required time                                                                                       0.751
--------------------------------------------------------------------------------------------------------------
data required time                                                                                      -0.751
data arrival time                                                                                        0.892
--------------------------------------------------------------------------------------------------------------
slack (MET)                                                                                              0.141


#Path 76
Startpoint: fifo_proc48_to_proc38.fifo[0][27].Q[0] (dffre at (186,72) clocked by clk)
Endpoint  : fifo_proc48_to_proc38.tempOut[27].D[0] (dffre at (186,72) clocked by clk)
Path Type : hold

Point                                                                                          Incr      Path
-------------------------------------------------------------------------------------------------------------
clock clk (rise edge)                                                          0.000     0.000
clock source latency                                                                          0.000     0.000
clk.inpad[0] (.input at (4,1))                                                 0.000     0.000
| (intra 'io' routing)                                                                        0.779     0.779
| (inter-block routing:global net)                                                            0.000     0.779
| (intra 'clb' routing)                                                                       0.000     0.779
fifo_proc48_to_proc38.fifo[0][27].C[0] (dffre at (186,72))                                    0.000     0.779
| (primitive 'dffre' Tcq_min)                                                                 0.029     0.808
fifo_proc48_to_proc38.fifo[0][27].Q[0] (dffre at (186,72)) [clock-to-output]                  0.000     0.808
| (intra 'clb' routing)                                                                       0.066     0.874
$\fifo_proc48_to_proc38.fifo$rdreg[0]$d[27].in[5] (.names at (186,72))                        0.000     0.874
| (primitive '.names' combinational delay)                                                    0.017     0.892
$\fifo_proc48_to_proc38.fifo$rdreg[0]$d[27].out[0] (.names at (186,72))                       0.000     0.892
| (intra 'clb' routing)                                                                       0.000     0.892
fifo_proc48_to_proc38.tempOut[27].D[0] (dffre at (186,72))                                    0.000     0.892
data arrival time                                                                                       0.892

clock clk (rise edge)                                                          0.000     0.000
clock source latency                                                                          0.000     0.000
clk.inpad[0] (.input at (4,1))                                                 0.000     0.000
| (intra 'io' routing)                                                                        0.779     0.779
| (inter-block routing:global net)                                                            0.000     0.779
| (intra 'clb' routing)                                                                       0.000     0.779
fifo_proc48_to_proc38.tempOut[27].C[0] (dffre at (186,72))                                    0.000     0.779
clock uncertainty                                                                             0.000     0.779
cell hold time                                                                               -0.028     0.751
data required time                                                                                      0.751
-------------------------------------------------------------------------------------------------------------
data required time                                                                                     -0.751
data arrival time                                                                                       0.892
-------------------------------------------------------------------------------------------------------------
slack (MET)                                                                                             0.141


#Path 77
Startpoint: fifo_proc17_to_proc7.fifo[0][26].Q[0] (dffre at (187,40) clocked by clk)
Endpoint  : fifo_proc17_to_proc7.tempOut[26].D[0] (dffre at (187,40) clocked by clk)
Path Type : hold

Point                                                                                         Incr      Path
------------------------------------------------------------------------------------------------------------
clock clk (rise edge)                                                         0.000     0.000
clock source latency                                                                         0.000     0.000
clk.inpad[0] (.input at (4,1))                                                0.000     0.000
| (intra 'io' routing)                                                                       0.779     0.779
| (inter-block routing:global net)                                                           0.000     0.779
| (intra 'clb' routing)                                                                      0.000     0.779
fifo_proc17_to_proc7.fifo[0][26].C[0] (dffre at (187,40))                                    0.000     0.779
| (primitive 'dffre' Tcq_min)                                                                0.029     0.808
fifo_proc17_to_proc7.fifo[0][26].Q[0] (dffre at (187,40)) [clock-to-output]                  0.000     0.808
| (intra 'clb' routing)                                                                      0.066     0.874
$\fifo_proc17_to_proc7.fifo$rdreg[0]$d[26].in[5] (.names at (187,40))                        0.000     0.874
| (primitive '.names' combinational delay)                                                   0.017     0.892
$\fifo_proc17_to_proc7.fifo$rdreg[0]$d[26].out[0] (.names at (187,40))                       0.000     0.892
| (intra 'clb' routing)                                                                      0.000     0.892
fifo_proc17_to_proc7.tempOut[26].D[0] (dffre at (187,40))                                    0.000     0.892
data arrival time                                                                                      0.892

clock clk (rise edge)                                                         0.000     0.000
clock source latency                                                                         0.000     0.000
clk.inpad[0] (.input at (4,1))                                                0.000     0.000
| (intra 'io' routing)                                                                       0.779     0.779
| (inter-block routing:global net)                                                           0.000     0.779
| (intra 'clb' routing)                                                                      0.000     0.779
fifo_proc17_to_proc7.tempOut[26].C[0] (dffre at (187,40))                                    0.000     0.779
clock uncertainty                                                                            0.000     0.779
cell hold time                                                                              -0.028     0.751
data required time                                                                                     0.751
------------------------------------------------------------------------------------------------------------
data required time                                                                                    -0.751
data arrival time                                                                                      0.892
------------------------------------------------------------------------------------------------------------
slack (MET)                                                                                            0.141


#Path 78
Startpoint: fifo_proc12_to_proc22.fifo[1][22].Q[0] (dffre at (208,103) clocked by clk)
Endpoint  : fifo_proc12_to_proc22.tempOut[22].D[0] (dffre at (208,103) clocked by clk)
Path Type : hold

Point                                                                                           Incr      Path
--------------------------------------------------------------------------------------------------------------
clock clk (rise edge)                                                           0.000     0.000
clock source latency                                                                           0.000     0.000
clk.inpad[0] (.input at (4,1))                                                  0.000     0.000
| (intra 'io' routing)                                                                         0.779     0.779
| (inter-block routing:global net)                                                             0.000     0.779
| (intra 'clb' routing)                                                                        0.000     0.779
fifo_proc12_to_proc22.fifo[1][22].C[0] (dffre at (208,103))                                    0.000     0.779
| (primitive 'dffre' Tcq_min)                                                                  0.029     0.808
fifo_proc12_to_proc22.fifo[1][22].Q[0] (dffre at (208,103)) [clock-to-output]                  0.000     0.808
| (intra 'clb' routing)                                                                        0.066     0.874
$\fifo_proc12_to_proc22.fifo$rdreg[0]$d[22].in[4] (.names at (208,103))                        0.000     0.874
| (primitive '.names' combinational delay)                                                     0.017     0.892
$\fifo_proc12_to_proc22.fifo$rdreg[0]$d[22].out[0] (.names at (208,103))                       0.000     0.892
| (intra 'clb' routing)                                                                        0.000     0.892
fifo_proc12_to_proc22.tempOut[22].D[0] (dffre at (208,103))                                    0.000     0.892
data arrival time                                                                                        0.892

clock clk (rise edge)                                                           0.000     0.000
clock source latency                                                                           0.000     0.000
clk.inpad[0] (.input at (4,1))                                                  0.000     0.000
| (intra 'io' routing)                                                                         0.779     0.779
| (inter-block routing:global net)                                                             0.000     0.779
| (intra 'clb' routing)                                                                        0.000     0.779
fifo_proc12_to_proc22.tempOut[22].C[0] (dffre at (208,103))                                    0.000     0.779
clock uncertainty                                                                              0.000     0.779
cell hold time                                                                                -0.028     0.751
data required time                                                                                       0.751
--------------------------------------------------------------------------------------------------------------
data required time                                                                                      -0.751
data arrival time                                                                                        0.892
--------------------------------------------------------------------------------------------------------------
slack (MET)                                                                                              0.141


#Path 79
Startpoint: fifo_proc86_to_proc76.fifo[2][27].Q[0] (dffre at (64,83) clocked by clk)
Endpoint  : fifo_proc86_to_proc76.tempOut[27].D[0] (dffre at (64,83) clocked by clk)
Path Type : hold

Point                                                                                         Incr      Path
------------------------------------------------------------------------------------------------------------
clock clk (rise edge)                                                         0.000     0.000
clock source latency                                                                         0.000     0.000
clk.inpad[0] (.input at (4,1))                                                0.000     0.000
| (intra 'io' routing)                                                                       0.779     0.779
| (inter-block routing:global net)                                                           0.000     0.779
| (intra 'clb' routing)                                                                      0.000     0.779
fifo_proc86_to_proc76.fifo[2][27].C[0] (dffre at (64,83))                                    0.000     0.779
| (primitive 'dffre' Tcq_min)                                                                0.029     0.808
fifo_proc86_to_proc76.fifo[2][27].Q[0] (dffre at (64,83)) [clock-to-output]                  0.000     0.808
| (intra 'clb' routing)                                                                      0.066     0.874
$\fifo_proc86_to_proc76.fifo$rdreg[0]$d[27].in[4] (.names at (64,83))                        0.000     0.874
| (primitive '.names' combinational delay)                                                   0.017     0.892
$\fifo_proc86_to_proc76.fifo$rdreg[0]$d[27].out[0] (.names at (64,83))                       0.000     0.892
| (intra 'clb' routing)                                                                      0.000     0.892
fifo_proc86_to_proc76.tempOut[27].D[0] (dffre at (64,83))                                    0.000     0.892
data arrival time                                                                                      0.892

clock clk (rise edge)                                                         0.000     0.000
clock source latency                                                                         0.000     0.000
clk.inpad[0] (.input at (4,1))                                                0.000     0.000
| (intra 'io' routing)                                                                       0.779     0.779
| (inter-block routing:global net)                                                           0.000     0.779
| (intra 'clb' routing)                                                                      0.000     0.779
fifo_proc86_to_proc76.tempOut[27].C[0] (dffre at (64,83))                                    0.000     0.779
clock uncertainty                                                                            0.000     0.779
cell hold time                                                                              -0.028     0.751
data required time                                                                                     0.751
------------------------------------------------------------------------------------------------------------
data required time                                                                                    -0.751
data arrival time                                                                                      0.892
------------------------------------------------------------------------------------------------------------
slack (MET)                                                                                            0.141


#Path 80
Startpoint: fifo_proc12_to_proc22.fifo[1][30].Q[0] (dffre at (206,113) clocked by clk)
Endpoint  : fifo_proc12_to_proc22.tempOut[30].D[0] (dffre at (206,113) clocked by clk)
Path Type : hold

Point                                                                                           Incr      Path
--------------------------------------------------------------------------------------------------------------
clock clk (rise edge)                                                           0.000     0.000
clock source latency                                                                           0.000     0.000
clk.inpad[0] (.input at (4,1))                                                  0.000     0.000
| (intra 'io' routing)                                                                         0.779     0.779
| (inter-block routing:global net)                                                             0.000     0.779
| (intra 'clb' routing)                                                                        0.000     0.779
fifo_proc12_to_proc22.fifo[1][30].C[0] (dffre at (206,113))                                    0.000     0.779
| (primitive 'dffre' Tcq_min)                                                                  0.029     0.808
fifo_proc12_to_proc22.fifo[1][30].Q[0] (dffre at (206,113)) [clock-to-output]                  0.000     0.808
| (intra 'clb' routing)                                                                        0.066     0.874
$\fifo_proc12_to_proc22.fifo$rdreg[0]$d[30].in[4] (.names at (206,113))                        0.000     0.874
| (primitive '.names' combinational delay)                                                     0.017     0.892
$\fifo_proc12_to_proc22.fifo$rdreg[0]$d[30].out[0] (.names at (206,113))                       0.000     0.892
| (intra 'clb' routing)                                                                        0.000     0.892
fifo_proc12_to_proc22.tempOut[30].D[0] (dffre at (206,113))                                    0.000     0.892
data arrival time                                                                                        0.892

clock clk (rise edge)                                                           0.000     0.000
clock source latency                                                                           0.000     0.000
clk.inpad[0] (.input at (4,1))                                                  0.000     0.000
| (intra 'io' routing)                                                                         0.779     0.779
| (inter-block routing:global net)                                                             0.000     0.779
| (intra 'clb' routing)                                                                        0.000     0.779
fifo_proc12_to_proc22.tempOut[30].C[0] (dffre at (206,113))                                    0.000     0.779
clock uncertainty                                                                              0.000     0.779
cell hold time                                                                                -0.028     0.751
data required time                                                                                       0.751
--------------------------------------------------------------------------------------------------------------
data required time                                                                                      -0.751
data arrival time                                                                                        0.892
--------------------------------------------------------------------------------------------------------------
slack (MET)                                                                                              0.141


#Path 81
Startpoint: proc9.ifetch.pc_register.count[13].Q[0] (dffre at (52,123) clocked by clk)
Endpoint  : proc9.ifetch.pc_register.count[13].D[0] (dffre at (52,123) clocked by clk)
Path Type : hold

Point                                                                                                                              Incr      Path
-------------------------------------------------------------------------------------------------------------------------------------------------
clock clk (rise edge)                                                                                              0.000     0.000
clock source latency                                                                                                              0.000     0.000
clk.inpad[0] (.input at (4,1))                                                                                     0.000     0.000
| (intra 'io' routing)                                                                                                            0.779     0.779
| (inter-block routing:global net)                                                                                                0.000     0.779
| (intra 'clb' routing)                                                                                                           0.000     0.779
proc9.ifetch.pc_register.count[13].C[0] (dffre at (52,123))                                                                       0.000     0.779
| (primitive 'dffre' Tcq_min)                                                                                                     0.029     0.808
proc9.ifetch.pc_register.count[13].Q[0] (dffre at (52,123)) [clock-to-output]                                                     0.000     0.808
| (intra 'clb' routing)                                                                                                           0.066     0.874
$abc$13647316$abc$3486044$flatten\proc9.\ifetch.\pc_register.$0\count[29:0][13].in[1] (.names at (52,123))                        0.000     0.874
| (primitive '.names' combinational delay)                                                                                        0.017     0.892
$abc$13647316$abc$3486044$flatten\proc9.\ifetch.\pc_register.$0\count[29:0][13].out[0] (.names at (52,123))                       0.000     0.892
| (intra 'clb' routing)                                                                                                           0.000     0.892
proc9.ifetch.pc_register.count[13].D[0] (dffre at (52,123))                                                                       0.000     0.892
data arrival time                                                                                                                           0.892

clock clk (rise edge)                                                                                              0.000     0.000
clock source latency                                                                                                              0.000     0.000
clk.inpad[0] (.input at (4,1))                                                                                     0.000     0.000
| (intra 'io' routing)                                                                                                            0.779     0.779
| (inter-block routing:global net)                                                                                                0.000     0.779
| (intra 'clb' routing)                                                                                                           0.000     0.779
proc9.ifetch.pc_register.count[13].C[0] (dffre at (52,123))                                                                       0.000     0.779
clock uncertainty                                                                                                                 0.000     0.779
cell hold time                                                                                                                   -0.028     0.751
data required time                                                                                                                          0.751
-------------------------------------------------------------------------------------------------------------------------------------------------
data required time                                                                                                                         -0.751
data arrival time                                                                                                                           0.892
-------------------------------------------------------------------------------------------------------------------------------------------------
slack (MET)                                                                                                                                 0.141


#Path 82
Startpoint: proc9.shifter.shifter[3].Q[0] (dffre at (47,125) clocked by clk)
Endpoint  : proc9.shifter.shifter[4].D[0] (dffre at (47,125) clocked by clk)
Path Type : hold

Point                                                                                                                   Incr      Path
--------------------------------------------------------------------------------------------------------------------------------------
clock clk (rise edge)                                                                                   0.000     0.000
clock source latency                                                                                                   0.000     0.000
clk.inpad[0] (.input at (4,1))                                                                          0.000     0.000
| (intra 'io' routing)                                                                                                 0.779     0.779
| (inter-block routing:global net)                                                                                     0.000     0.779
| (intra 'clb' routing)                                                                                                0.000     0.779
proc9.shifter.shifter[3].C[0] (dffre at (47,125))                                                                      0.000     0.779
| (primitive 'dffre' Tcq_min)                                                                                          0.029     0.808
proc9.shifter.shifter[3].Q[0] (dffre at (47,125)) [clock-to-output]                                                    0.000     0.808
| (intra 'clb' routing)                                                                                                0.066     0.874
$abc$13647316$abc$3486044$flatten\proc9.\shifter.$0\shifter[31:0][4].in[3] (.names at (47,125))                        0.000     0.874
| (primitive '.names' combinational delay)                                                                             0.017     0.892
$abc$13647316$abc$3486044$flatten\proc9.\shifter.$0\shifter[31:0][4].out[0] (.names at (47,125))                       0.000     0.892
| (intra 'clb' routing)                                                                                                0.000     0.892
proc9.shifter.shifter[4].D[0] (dffre at (47,125))                                                                      0.000     0.892
data arrival time                                                                                                                0.892

clock clk (rise edge)                                                                                   0.000     0.000
clock source latency                                                                                                   0.000     0.000
clk.inpad[0] (.input at (4,1))                                                                          0.000     0.000
| (intra 'io' routing)                                                                                                 0.779     0.779
| (inter-block routing:global net)                                                                                     0.000     0.779
| (intra 'clb' routing)                                                                                                0.000     0.779
proc9.shifter.shifter[4].C[0] (dffre at (47,125))                                                                      0.000     0.779
clock uncertainty                                                                                                      0.000     0.779
cell hold time                                                                                                        -0.028     0.751
data required time                                                                                                               0.751
--------------------------------------------------------------------------------------------------------------------------------------
data required time                                                                                                              -0.751
data arrival time                                                                                                                0.892
--------------------------------------------------------------------------------------------------------------------------------------
slack (MET)                                                                                                                      0.141


#Path 83
Startpoint: fifo_proc86_to_proc76.fifo[1][25].Q[0] (dffre at (65,139) clocked by clk)
Endpoint  : fifo_proc86_to_proc76.tempOut[25].D[0] (dffre at (65,139) clocked by clk)
Path Type : hold

Point                                                                                          Incr      Path
-------------------------------------------------------------------------------------------------------------
clock clk (rise edge)                                                          0.000     0.000
clock source latency                                                                          0.000     0.000
clk.inpad[0] (.input at (4,1))                                                 0.000     0.000
| (intra 'io' routing)                                                                        0.779     0.779
| (inter-block routing:global net)                                                            0.000     0.779
| (intra 'clb' routing)                                                                       0.000     0.779
fifo_proc86_to_proc76.fifo[1][25].C[0] (dffre at (65,139))                                    0.000     0.779
| (primitive 'dffre' Tcq_min)                                                                 0.029     0.808
fifo_proc86_to_proc76.fifo[1][25].Q[0] (dffre at (65,139)) [clock-to-output]                  0.000     0.808
| (intra 'clb' routing)                                                                       0.066     0.874
$\fifo_proc86_to_proc76.fifo$rdreg[0]$d[25].in[3] (.names at (65,139))                        0.000     0.874
| (primitive '.names' combinational delay)                                                    0.017     0.892
$\fifo_proc86_to_proc76.fifo$rdreg[0]$d[25].out[0] (.names at (65,139))                       0.000     0.892
| (intra 'clb' routing)                                                                       0.000     0.892
fifo_proc86_to_proc76.tempOut[25].D[0] (dffre at (65,139))                                    0.000     0.892
data arrival time                                                                                       0.892

clock clk (rise edge)                                                          0.000     0.000
clock source latency                                                                          0.000     0.000
clk.inpad[0] (.input at (4,1))                                                 0.000     0.000
| (intra 'io' routing)                                                                        0.779     0.779
| (inter-block routing:global net)                                                            0.000     0.779
| (intra 'clb' routing)                                                                       0.000     0.779
fifo_proc86_to_proc76.tempOut[25].C[0] (dffre at (65,139))                                    0.000     0.779
clock uncertainty                                                                             0.000     0.779
cell hold time                                                                               -0.028     0.751
data required time                                                                                      0.751
-------------------------------------------------------------------------------------------------------------
data required time                                                                                     -0.751
data arrival time                                                                                       0.892
-------------------------------------------------------------------------------------------------------------
slack (MET)                                                                                             0.141


#Path 84
Startpoint: proc28.reg_file.reg_file2.ram[9][27].Q[0] (dffre at (165,67) clocked by clk)
Endpoint  : proc47.ifetch.pc_register.count[26].D[0] (dffre at (165,67) clocked by clk)
Path Type : hold

Point                                                                                                                               Incr      Path
--------------------------------------------------------------------------------------------------------------------------------------------------
clock clk (rise edge)                                                                                               0.000     0.000
clock source latency                                                                                                               0.000     0.000
clk.inpad[0] (.input at (4,1))                                                                                      0.000     0.000
| (intra 'io' routing)                                                                                                             0.779     0.779
| (inter-block routing:global net)                                                                                                 0.000     0.779
| (intra 'clb' routing)                                                                                                            0.000     0.779
proc28.reg_file.reg_file2.ram[9][27].C[0] (dffre at (165,67))                                                                      0.000     0.779
| (primitive 'dffre' Tcq_min)                                                                                                      0.029     0.808
proc28.reg_file.reg_file2.ram[9][27].Q[0] (dffre at (165,67)) [clock-to-output]                                                    0.000     0.808
| (intra 'clb' routing)                                                                                                            0.066     0.874
$abc$13647316$abc$3486044$flatten\proc47.\ifetch.\pc_register.$0\count[29:0][26].in[3] (.names at (165,67))                        0.000     0.874
| (primitive '.names' combinational delay)                                                                                         0.017     0.892
$abc$13647316$abc$3486044$flatten\proc47.\ifetch.\pc_register.$0\count[29:0][26].out[0] (.names at (165,67))                       0.000     0.892
| (intra 'clb' routing)                                                                                                            0.000     0.892
proc47.ifetch.pc_register.count[26].D[0] (dffre at (165,67))                                                                       0.000     0.892
data arrival time                                                                                                                            0.892

clock clk (rise edge)                                                                                               0.000     0.000
clock source latency                                                                                                               0.000     0.000
clk.inpad[0] (.input at (4,1))                                                                                      0.000     0.000
| (intra 'io' routing)                                                                                                             0.779     0.779
| (inter-block routing:global net)                                                                                                 0.000     0.779
| (intra 'clb' routing)                                                                                                            0.000     0.779
proc47.ifetch.pc_register.count[26].C[0] (dffre at (165,67))                                                                       0.000     0.779
clock uncertainty                                                                                                                  0.000     0.779
cell hold time                                                                                                                    -0.028     0.751
data required time                                                                                                                           0.751
--------------------------------------------------------------------------------------------------------------------------------------------------
data required time                                                                                                                          -0.751
data arrival time                                                                                                                            0.892
--------------------------------------------------------------------------------------------------------------------------------------------------
slack (MET)                                                                                                                                  0.141


#Path 85
Startpoint: proc62.reg_file.reg_file1.q_b[31].Q[0] (dffre at (104,141) clocked by clk)
Endpoint  : proc62.ifetch.pc_register.count[29].D[0] (dffre at (104,141) clocked by clk)
Path Type : hold

Point                                                                                                                                Incr      Path
---------------------------------------------------------------------------------------------------------------------------------------------------
clock clk (rise edge)                                                                                                0.000     0.000
clock source latency                                                                                                                0.000     0.000
clk.inpad[0] (.input at (4,1))                                                                                       0.000     0.000
| (intra 'io' routing)                                                                                                              0.779     0.779
| (inter-block routing:global net)                                                                                                  0.000     0.779
| (intra 'clb' routing)                                                                                                             0.000     0.779
proc62.reg_file.reg_file1.q_b[31].C[0] (dffre at (104,141))                                                                         0.000     0.779
| (primitive 'dffre' Tcq_min)                                                                                                       0.029     0.808
proc62.reg_file.reg_file1.q_b[31].Q[0] (dffre at (104,141)) [clock-to-output]                                                       0.000     0.808
| (intra 'clb' routing)                                                                                                             0.066     0.874
$abc$13647316$abc$3486044$flatten\proc62.\ifetch.\pc_register.$0\count[29:0][29].in[3] (.names at (104,141))                        0.000     0.874
| (primitive '.names' combinational delay)                                                                                          0.017     0.892
$abc$13647316$abc$3486044$flatten\proc62.\ifetch.\pc_register.$0\count[29:0][29].out[0] (.names at (104,141))                       0.000     0.892
| (intra 'clb' routing)                                                                                                             0.000     0.892
proc62.ifetch.pc_register.count[29].D[0] (dffre at (104,141))                                                                       0.000     0.892
data arrival time                                                                                                                             0.892

clock clk (rise edge)                                                                                                0.000     0.000
clock source latency                                                                                                                0.000     0.000
clk.inpad[0] (.input at (4,1))                                                                                       0.000     0.000
| (intra 'io' routing)                                                                                                              0.779     0.779
| (inter-block routing:global net)                                                                                                  0.000     0.779
| (intra 'clb' routing)                                                                                                             0.000     0.779
proc62.ifetch.pc_register.count[29].C[0] (dffre at (104,141))                                                                       0.000     0.779
clock uncertainty                                                                                                                   0.000     0.779
cell hold time                                                                                                                     -0.028     0.751
data required time                                                                                                                            0.751
---------------------------------------------------------------------------------------------------------------------------------------------------
data required time                                                                                                                           -0.751
data arrival time                                                                                                                             0.892
---------------------------------------------------------------------------------------------------------------------------------------------------
slack (MET)                                                                                                                                   0.141


#Path 86
Startpoint: proc84.reg_file.reg_file1.q_b[31].Q[0] (dffre at (70,97) clocked by clk)
Endpoint  : proc84.ifetch.pc_register.count[29].D[0] (dffre at (70,97) clocked by clk)
Path Type : hold

Point                                                                                                                              Incr      Path
-------------------------------------------------------------------------------------------------------------------------------------------------
clock clk (rise edge)                                                                                              0.000     0.000
clock source latency                                                                                                              0.000     0.000
clk.inpad[0] (.input at (4,1))                                                                                     0.000     0.000
| (intra 'io' routing)                                                                                                            0.779     0.779
| (inter-block routing:global net)                                                                                                0.000     0.779
| (intra 'clb' routing)                                                                                                           0.000     0.779
proc84.reg_file.reg_file1.q_b[31].C[0] (dffre at (70,97))                                                                         0.000     0.779
| (primitive 'dffre' Tcq_min)                                                                                                     0.029     0.808
proc84.reg_file.reg_file1.q_b[31].Q[0] (dffre at (70,97)) [clock-to-output]                                                       0.000     0.808
| (intra 'clb' routing)                                                                                                           0.066     0.874
$abc$13647316$abc$3486044$flatten\proc84.\ifetch.\pc_register.$0\count[29:0][29].in[3] (.names at (70,97))                        0.000     0.874
| (primitive '.names' combinational delay)                                                                                        0.017     0.892
$abc$13647316$abc$3486044$flatten\proc84.\ifetch.\pc_register.$0\count[29:0][29].out[0] (.names at (70,97))                       0.000     0.892
| (intra 'clb' routing)                                                                                                           0.000     0.892
proc84.ifetch.pc_register.count[29].D[0] (dffre at (70,97))                                                                       0.000     0.892
data arrival time                                                                                                                           0.892

clock clk (rise edge)                                                                                              0.000     0.000
clock source latency                                                                                                              0.000     0.000
clk.inpad[0] (.input at (4,1))                                                                                     0.000     0.000
| (intra 'io' routing)                                                                                                            0.779     0.779
| (inter-block routing:global net)                                                                                                0.000     0.779
| (intra 'clb' routing)                                                                                                           0.000     0.779
proc84.ifetch.pc_register.count[29].C[0] (dffre at (70,97))                                                                       0.000     0.779
clock uncertainty                                                                                                                 0.000     0.779
cell hold time                                                                                                                   -0.028     0.751
data required time                                                                                                                          0.751
-------------------------------------------------------------------------------------------------------------------------------------------------
data required time                                                                                                                         -0.751
data arrival time                                                                                                                           0.892
-------------------------------------------------------------------------------------------------------------------------------------------------
slack (MET)                                                                                                                                 0.141


#Path 87
Startpoint: fifo_proc95_to_proc85.fifo[2][7].Q[0] (dffre at (135,92) clocked by clk)
Endpoint  : fifo_proc95_to_proc85.tempOut[7].D[0] (dffre at (135,92) clocked by clk)
Path Type : hold

Point                                                                                         Incr      Path
------------------------------------------------------------------------------------------------------------
clock clk (rise edge)                                                         0.000     0.000
clock source latency                                                                         0.000     0.000
clk.inpad[0] (.input at (4,1))                                                0.000     0.000
| (intra 'io' routing)                                                                       0.779     0.779
| (inter-block routing:global net)                                                           0.000     0.779
| (intra 'clb' routing)                                                                      0.000     0.779
fifo_proc95_to_proc85.fifo[2][7].C[0] (dffre at (135,92))                                    0.000     0.779
| (primitive 'dffre' Tcq_min)                                                                0.029     0.808
fifo_proc95_to_proc85.fifo[2][7].Q[0] (dffre at (135,92)) [clock-to-output]                  0.000     0.808
| (intra 'clb' routing)                                                                      0.066     0.874
$\fifo_proc95_to_proc85.fifo$rdreg[0]$d[7].in[4] (.names at (135,92))                        0.000     0.874
| (primitive '.names' combinational delay)                                                   0.017     0.892
$\fifo_proc95_to_proc85.fifo$rdreg[0]$d[7].out[0] (.names at (135,92))                       0.000     0.892
| (intra 'clb' routing)                                                                      0.000     0.892
fifo_proc95_to_proc85.tempOut[7].D[0] (dffre at (135,92))                                    0.000     0.892
data arrival time                                                                                      0.892

clock clk (rise edge)                                                         0.000     0.000
clock source latency                                                                         0.000     0.000
clk.inpad[0] (.input at (4,1))                                                0.000     0.000
| (intra 'io' routing)                                                                       0.779     0.779
| (inter-block routing:global net)                                                           0.000     0.779
| (intra 'clb' routing)                                                                      0.000     0.779
fifo_proc95_to_proc85.tempOut[7].C[0] (dffre at (135,92))                                    0.000     0.779
clock uncertainty                                                                            0.000     0.779
cell hold time                                                                              -0.028     0.751
data required time                                                                                     0.751
------------------------------------------------------------------------------------------------------------
data required time                                                                                    -0.751
data arrival time                                                                                      0.892
------------------------------------------------------------------------------------------------------------
slack (MET)                                                                                            0.141


#Path 88
Startpoint: fifo_proc97_to_proc98.fifo[2][6].Q[0] (dffre at (172,156) clocked by clk)
Endpoint  : fifo_proc97_to_proc98.tempOut[6].D[0] (dffre at (172,156) clocked by clk)
Path Type : hold

Point                                                                                          Incr      Path
-------------------------------------------------------------------------------------------------------------
clock clk (rise edge)                                                          0.000     0.000
clock source latency                                                                          0.000     0.000
clk.inpad[0] (.input at (4,1))                                                 0.000     0.000
| (intra 'io' routing)                                                                        0.779     0.779
| (inter-block routing:global net)                                                            0.000     0.779
| (intra 'clb' routing)                                                                       0.000     0.779
fifo_proc97_to_proc98.fifo[2][6].C[0] (dffre at (172,156))                                    0.000     0.779
| (primitive 'dffre' Tcq_min)                                                                 0.029     0.808
fifo_proc97_to_proc98.fifo[2][6].Q[0] (dffre at (172,156)) [clock-to-output]                  0.000     0.808
| (intra 'clb' routing)                                                                       0.066     0.874
$\fifo_proc97_to_proc98.fifo$rdreg[0]$d[6].in[4] (.names at (172,156))                        0.000     0.874
| (primitive '.names' combinational delay)                                                    0.017     0.892
$\fifo_proc97_to_proc98.fifo$rdreg[0]$d[6].out[0] (.names at (172,156))                       0.000     0.892
| (intra 'clb' routing)                                                                       0.000     0.892
fifo_proc97_to_proc98.tempOut[6].D[0] (dffre at (172,156))                                    0.000     0.892
data arrival time                                                                                       0.892

clock clk (rise edge)                                                          0.000     0.000
clock source latency                                                                          0.000     0.000
clk.inpad[0] (.input at (4,1))                                                 0.000     0.000
| (intra 'io' routing)                                                                        0.779     0.779
| (inter-block routing:global net)                                                            0.000     0.779
| (intra 'clb' routing)                                                                       0.000     0.779
fifo_proc97_to_proc98.tempOut[6].C[0] (dffre at (172,156))                                    0.000     0.779
clock uncertainty                                                                             0.000     0.779
cell hold time                                                                               -0.028     0.751
data required time                                                                                      0.751
-------------------------------------------------------------------------------------------------------------
data required time                                                                                     -0.751
data arrival time                                                                                       0.892
-------------------------------------------------------------------------------------------------------------
slack (MET)                                                                                             0.141


#Path 89
Startpoint: proc15.shifter.shift_count[0].Q[0] (dffre at (265,106) clocked by clk)
Endpoint  : proc15.shifter.shift_count[0].D[0] (dffre at (265,106) clocked by clk)
Path Type : hold

Point                                                                                                                        Incr      Path
-------------------------------------------------------------------------------------------------------------------------------------------
clock clk (rise edge)                                                                                        0.000     0.000
clock source latency                                                                                                        0.000     0.000
clk.inpad[0] (.input at (4,1))                                                                               0.000     0.000
| (intra 'io' routing)                                                                                                      0.779     0.779
| (inter-block routing:global net)                                                                                          0.000     0.779
| (intra 'clb' routing)                                                                                                     0.000     0.779
proc15.shifter.shift_count[0].C[0] (dffre at (265,106))                                                                     0.000     0.779
| (primitive 'dffre' Tcq_min)                                                                                               0.029     0.808
proc15.shifter.shift_count[0].Q[0] (dffre at (265,106)) [clock-to-output]                                                   0.000     0.808
| (intra 'clb' routing)                                                                                                     0.066     0.874
$abc$13647316$abc$2847362$flatten\proc15.\shifter.$0\shift_count[4:0][0].in[2] (.names at (265,106))                        0.000     0.874
| (primitive '.names' combinational delay)                                                                                  0.017     0.892
$abc$13647316$abc$2847362$flatten\proc15.\shifter.$0\shift_count[4:0][0].out[0] (.names at (265,106))                       0.000     0.892
| (intra 'clb' routing)                                                                                                     0.000     0.892
proc15.shifter.shift_count[0].D[0] (dffre at (265,106))                                                                     0.000     0.892
data arrival time                                                                                                                     0.892

clock clk (rise edge)                                                                                        0.000     0.000
clock source latency                                                                                                        0.000     0.000
clk.inpad[0] (.input at (4,1))                                                                               0.000     0.000
| (intra 'io' routing)                                                                                                      0.779     0.779
| (inter-block routing:global net)                                                                                          0.000     0.779
| (intra 'clb' routing)                                                                                                     0.000     0.779
proc15.shifter.shift_count[0].C[0] (dffre at (265,106))                                                                     0.000     0.779
clock uncertainty                                                                                                           0.000     0.779
cell hold time                                                                                                             -0.028     0.751
data required time                                                                                                                    0.751
-------------------------------------------------------------------------------------------------------------------------------------------
data required time                                                                                                                   -0.751
data arrival time                                                                                                                     0.892
-------------------------------------------------------------------------------------------------------------------------------------------
slack (MET)                                                                                                                           0.141


#Path 90
Startpoint: proc10.shifter.shifter[14].Q[0] (dffre at (221,138) clocked by clk)
Endpoint  : proc10.shifter.shifter[15].D[0] (dffre at (221,138) clocked by clk)
Path Type : hold

Point                                                                                                                      Incr      Path
-----------------------------------------------------------------------------------------------------------------------------------------
clock clk (rise edge)                                                                                      0.000     0.000
clock source latency                                                                                                      0.000     0.000
clk.inpad[0] (.input at (4,1))                                                                             0.000     0.000
| (intra 'io' routing)                                                                                                    0.779     0.779
| (inter-block routing:global net)                                                                                        0.000     0.779
| (intra 'clb' routing)                                                                                                   0.000     0.779
proc10.shifter.shifter[14].C[0] (dffre at (221,138))                                                                      0.000     0.779
| (primitive 'dffre' Tcq_min)                                                                                             0.029     0.808
proc10.shifter.shifter[14].Q[0] (dffre at (221,138)) [clock-to-output]                                                    0.000     0.808
| (intra 'clb' routing)                                                                                                   0.066     0.874
$abc$13647316$abc$3486044$flatten\proc10.\shifter.$0\shifter[31:0][15].in[3] (.names at (221,138))                        0.000     0.874
| (primitive '.names' combinational delay)                                                                                0.017     0.892
$abc$13647316$abc$3486044$flatten\proc10.\shifter.$0\shifter[31:0][15].out[0] (.names at (221,138))                       0.000     0.892
| (intra 'clb' routing)                                                                                                   0.000     0.892
proc10.shifter.shifter[15].D[0] (dffre at (221,138))                                                                      0.000     0.892
data arrival time                                                                                                                   0.892

clock clk (rise edge)                                                                                      0.000     0.000
clock source latency                                                                                                      0.000     0.000
clk.inpad[0] (.input at (4,1))                                                                             0.000     0.000
| (intra 'io' routing)                                                                                                    0.779     0.779
| (inter-block routing:global net)                                                                                        0.000     0.779
| (intra 'clb' routing)                                                                                                   0.000     0.779
proc10.shifter.shifter[15].C[0] (dffre at (221,138))                                                                      0.000     0.779
clock uncertainty                                                                                                         0.000     0.779
cell hold time                                                                                                           -0.028     0.751
data required time                                                                                                                  0.751
-----------------------------------------------------------------------------------------------------------------------------------------
data required time                                                                                                                 -0.751
data arrival time                                                                                                                   0.892
-----------------------------------------------------------------------------------------------------------------------------------------
slack (MET)                                                                                                                         0.141


#Path 91
Startpoint: proc51.ifetch.pc_register.count[6].Q[0] (dffre at (180,151) clocked by clk)
Endpoint  : proc51.ifetch.pc_register.count[8].D[0] (dffre at (180,151) clocked by clk)
Path Type : hold

Point                                                                                                                               Incr      Path
--------------------------------------------------------------------------------------------------------------------------------------------------
clock clk (rise edge)                                                                                               0.000     0.000
clock source latency                                                                                                               0.000     0.000
clk.inpad[0] (.input at (4,1))                                                                                      0.000     0.000
| (intra 'io' routing)                                                                                                             0.779     0.779
| (inter-block routing:global net)                                                                                                 0.000     0.779
| (intra 'clb' routing)                                                                                                            0.000     0.779
proc51.ifetch.pc_register.count[6].C[0] (dffre at (180,151))                                                                       0.000     0.779
| (primitive 'dffre' Tcq_min)                                                                                                      0.029     0.808
proc51.ifetch.pc_register.count[6].Q[0] (dffre at (180,151)) [clock-to-output]                                                     0.000     0.808
| (intra 'clb' routing)                                                                                                            0.066     0.874
$abc$13647316$abc$3486044$flatten\proc51.\ifetch.\pc_register.$0\count[29:0][8].in[4] (.names at (180,151))                        0.000     0.874
| (primitive '.names' combinational delay)                                                                                         0.017     0.892
$abc$13647316$abc$3486044$flatten\proc51.\ifetch.\pc_register.$0\count[29:0][8].out[0] (.names at (180,151))                       0.000     0.892
| (intra 'clb' routing)                                                                                                            0.000     0.892
proc51.ifetch.pc_register.count[8].D[0] (dffre at (180,151))                                                                       0.000     0.892
data arrival time                                                                                                                            0.892

clock clk (rise edge)                                                                                               0.000     0.000
clock source latency                                                                                                               0.000     0.000
clk.inpad[0] (.input at (4,1))                                                                                      0.000     0.000
| (intra 'io' routing)                                                                                                             0.779     0.779
| (inter-block routing:global net)                                                                                                 0.000     0.779
| (intra 'clb' routing)                                                                                                            0.000     0.779
proc51.ifetch.pc_register.count[8].C[0] (dffre at (180,151))                                                                       0.000     0.779
clock uncertainty                                                                                                                  0.000     0.779
cell hold time                                                                                                                    -0.028     0.751
data required time                                                                                                                           0.751
--------------------------------------------------------------------------------------------------------------------------------------------------
data required time                                                                                                                          -0.751
data arrival time                                                                                                                            0.892
--------------------------------------------------------------------------------------------------------------------------------------------------
slack (MET)                                                                                                                                  0.141


#Path 92
Startpoint: fifo_proc64_to_proc54.fifo[1][31].Q[0] (dffre at (120,139) clocked by clk)
Endpoint  : fifo_proc64_to_proc54.tempOut[31].D[0] (dffre at (120,139) clocked by clk)
Path Type : hold

Point                                                                                           Incr      Path
--------------------------------------------------------------------------------------------------------------
clock clk (rise edge)                                                           0.000     0.000
clock source latency                                                                           0.000     0.000
clk.inpad[0] (.input at (4,1))                                                  0.000     0.000
| (intra 'io' routing)                                                                         0.779     0.779
| (inter-block routing:global net)                                                             0.000     0.779
| (intra 'clb' routing)                                                                        0.000     0.779
fifo_proc64_to_proc54.fifo[1][31].C[0] (dffre at (120,139))                                    0.000     0.779
| (primitive 'dffre' Tcq_min)                                                                  0.029     0.808
fifo_proc64_to_proc54.fifo[1][31].Q[0] (dffre at (120,139)) [clock-to-output]                  0.000     0.808
| (intra 'clb' routing)                                                                        0.066     0.874
$\fifo_proc64_to_proc54.fifo$rdreg[0]$d[31].in[3] (.names at (120,139))                        0.000     0.874
| (primitive '.names' combinational delay)                                                     0.017     0.892
$\fifo_proc64_to_proc54.fifo$rdreg[0]$d[31].out[0] (.names at (120,139))                       0.000     0.892
| (intra 'clb' routing)                                                                        0.000     0.892
fifo_proc64_to_proc54.tempOut[31].D[0] (dffre at (120,139))                                    0.000     0.892
data arrival time                                                                                        0.892

clock clk (rise edge)                                                           0.000     0.000
clock source latency                                                                           0.000     0.000
clk.inpad[0] (.input at (4,1))                                                  0.000     0.000
| (intra 'io' routing)                                                                         0.779     0.779
| (inter-block routing:global net)                                                             0.000     0.779
| (intra 'clb' routing)                                                                        0.000     0.779
fifo_proc64_to_proc54.tempOut[31].C[0] (dffre at (120,139))                                    0.000     0.779
clock uncertainty                                                                              0.000     0.779
cell hold time                                                                                -0.028     0.751
data required time                                                                                       0.751
--------------------------------------------------------------------------------------------------------------
data required time                                                                                      -0.751
data arrival time                                                                                        0.892
--------------------------------------------------------------------------------------------------------------
slack (MET)                                                                                              0.141


#Path 93
Startpoint: fifo_proc64_to_proc65.fifo[2][31].Q[0] (dffre at (88,65) clocked by clk)
Endpoint  : fifo_proc64_to_proc65.tempOut[31].D[0] (dffre at (88,65) clocked by clk)
Path Type : hold

Point                                                                                         Incr      Path
------------------------------------------------------------------------------------------------------------
clock clk (rise edge)                                                         0.000     0.000
clock source latency                                                                         0.000     0.000
clk.inpad[0] (.input at (4,1))                                                0.000     0.000
| (intra 'io' routing)                                                                       0.779     0.779
| (inter-block routing:global net)                                                           0.000     0.779
| (intra 'clb' routing)                                                                      0.000     0.779
fifo_proc64_to_proc65.fifo[2][31].C[0] (dffre at (88,65))                                    0.000     0.779
| (primitive 'dffre' Tcq_min)                                                                0.029     0.808
fifo_proc64_to_proc65.fifo[2][31].Q[0] (dffre at (88,65)) [clock-to-output]                  0.000     0.808
| (intra 'clb' routing)                                                                      0.066     0.874
$\fifo_proc64_to_proc65.fifo$rdreg[0]$d[31].in[5] (.names at (88,65))                        0.000     0.874
| (primitive '.names' combinational delay)                                                   0.017     0.892
$\fifo_proc64_to_proc65.fifo$rdreg[0]$d[31].out[0] (.names at (88,65))                       0.000     0.892
| (intra 'clb' routing)                                                                      0.000     0.892
fifo_proc64_to_proc65.tempOut[31].D[0] (dffre at (88,65))                                    0.000     0.892
data arrival time                                                                                      0.892

clock clk (rise edge)                                                         0.000     0.000
clock source latency                                                                         0.000     0.000
clk.inpad[0] (.input at (4,1))                                                0.000     0.000
| (intra 'io' routing)                                                                       0.779     0.779
| (inter-block routing:global net)                                                           0.000     0.779
| (intra 'clb' routing)                                                                      0.000     0.779
fifo_proc64_to_proc65.tempOut[31].C[0] (dffre at (88,65))                                    0.000     0.779
clock uncertainty                                                                            0.000     0.779
cell hold time                                                                              -0.028     0.751
data required time                                                                                     0.751
------------------------------------------------------------------------------------------------------------
data required time                                                                                    -0.751
data arrival time                                                                                      0.892
------------------------------------------------------------------------------------------------------------
slack (MET)                                                                                            0.141


#Path 94
Startpoint: proc15.ifetch.pc_register.count[13].Q[0] (dffre at (270,108) clocked by clk)
Endpoint  : proc15.ifetch.pc_register.count[13].D[0] (dffre at (270,108) clocked by clk)
Path Type : hold

Point                                                                                                                                Incr      Path
---------------------------------------------------------------------------------------------------------------------------------------------------
clock clk (rise edge)                                                                                                0.000     0.000
clock source latency                                                                                                                0.000     0.000
clk.inpad[0] (.input at (4,1))                                                                                       0.000     0.000
| (intra 'io' routing)                                                                                                              0.779     0.779
| (inter-block routing:global net)                                                                                                  0.000     0.779
| (intra 'clb' routing)                                                                                                             0.000     0.779
proc15.ifetch.pc_register.count[13].C[0] (dffre at (270,108))                                                                       0.000     0.779
| (primitive 'dffre' Tcq_min)                                                                                                       0.029     0.808
proc15.ifetch.pc_register.count[13].Q[0] (dffre at (270,108)) [clock-to-output]                                                     0.000     0.808
| (intra 'clb' routing)                                                                                                             0.066     0.874
$abc$13647316$abc$3486044$flatten\proc15.\ifetch.\pc_register.$0\count[29:0][13].in[1] (.names at (270,108))                        0.000     0.874
| (primitive '.names' combinational delay)                                                                                          0.017     0.892
$abc$13647316$abc$3486044$flatten\proc15.\ifetch.\pc_register.$0\count[29:0][13].out[0] (.names at (270,108))                       0.000     0.892
| (intra 'clb' routing)                                                                                                             0.000     0.892
proc15.ifetch.pc_register.count[13].D[0] (dffre at (270,108))                                                                       0.000     0.892
data arrival time                                                                                                                             0.892

clock clk (rise edge)                                                                                                0.000     0.000
clock source latency                                                                                                                0.000     0.000
clk.inpad[0] (.input at (4,1))                                                                                       0.000     0.000
| (intra 'io' routing)                                                                                                              0.779     0.779
| (inter-block routing:global net)                                                                                                  0.000     0.779
| (intra 'clb' routing)                                                                                                             0.000     0.779
proc15.ifetch.pc_register.count[13].C[0] (dffre at (270,108))                                                                       0.000     0.779
clock uncertainty                                                                                                                   0.000     0.779
cell hold time                                                                                                                     -0.028     0.751
data required time                                                                                                                            0.751
---------------------------------------------------------------------------------------------------------------------------------------------------
data required time                                                                                                                           -0.751
data arrival time                                                                                                                             0.892
---------------------------------------------------------------------------------------------------------------------------------------------------
slack (MET)                                                                                                                                   0.141


#Path 95
Startpoint: proc66.ifetch.pc_register.count[24].Q[0] (dffre at (90,44) clocked by clk)
Endpoint  : proc66.ifetch.pc_register.count[24].D[0] (dffre at (90,44) clocked by clk)
Path Type : hold

Point                                                                                                                              Incr      Path
-------------------------------------------------------------------------------------------------------------------------------------------------
clock clk (rise edge)                                                                                              0.000     0.000
clock source latency                                                                                                              0.000     0.000
clk.inpad[0] (.input at (4,1))                                                                                     0.000     0.000
| (intra 'io' routing)                                                                                                            0.779     0.779
| (inter-block routing:global net)                                                                                                0.000     0.779
| (intra 'clb' routing)                                                                                                           0.000     0.779
proc66.ifetch.pc_register.count[24].C[0] (dffre at (90,44))                                                                       0.000     0.779
| (primitive 'dffre' Tcq_min)                                                                                                     0.029     0.808
proc66.ifetch.pc_register.count[24].Q[0] (dffre at (90,44)) [clock-to-output]                                                     0.000     0.808
| (intra 'clb' routing)                                                                                                           0.066     0.874
$abc$13647316$abc$3486044$flatten\proc66.\ifetch.\pc_register.$0\count[29:0][24].in[3] (.names at (90,44))                        0.000     0.874
| (primitive '.names' combinational delay)                                                                                        0.017     0.892
$abc$13647316$abc$3486044$flatten\proc66.\ifetch.\pc_register.$0\count[29:0][24].out[0] (.names at (90,44))                       0.000     0.892
| (intra 'clb' routing)                                                                                                           0.000     0.892
proc66.ifetch.pc_register.count[24].D[0] (dffre at (90,44))                                                                       0.000     0.892
data arrival time                                                                                                                           0.892

clock clk (rise edge)                                                                                              0.000     0.000
clock source latency                                                                                                              0.000     0.000
clk.inpad[0] (.input at (4,1))                                                                                     0.000     0.000
| (intra 'io' routing)                                                                                                            0.779     0.779
| (inter-block routing:global net)                                                                                                0.000     0.779
| (intra 'clb' routing)                                                                                                           0.000     0.779
proc66.ifetch.pc_register.count[24].C[0] (dffre at (90,44))                                                                       0.000     0.779
clock uncertainty                                                                                                                 0.000     0.779
cell hold time                                                                                                                   -0.028     0.751
data required time                                                                                                                          0.751
-------------------------------------------------------------------------------------------------------------------------------------------------
data required time                                                                                                                         -0.751
data arrival time                                                                                                                           0.892
-------------------------------------------------------------------------------------------------------------------------------------------------
slack (MET)                                                                                                                                 0.141


#Path 96
Startpoint: fifo_proc95_to_proc85.fifo[0][6].Q[0] (dffre at (213,131) clocked by clk)
Endpoint  : fifo_proc95_to_proc85.tempOut[6].D[0] (dffre at (213,131) clocked by clk)
Path Type : hold

Point                                                                                          Incr      Path
-------------------------------------------------------------------------------------------------------------
clock clk (rise edge)                                                          0.000     0.000
clock source latency                                                                          0.000     0.000
clk.inpad[0] (.input at (4,1))                                                 0.000     0.000
| (intra 'io' routing)                                                                        0.779     0.779
| (inter-block routing:global net)                                                            0.000     0.779
| (intra 'clb' routing)                                                                       0.000     0.779
fifo_proc95_to_proc85.fifo[0][6].C[0] (dffre at (213,131))                                    0.000     0.779
| (primitive 'dffre' Tcq_min)                                                                 0.029     0.808
fifo_proc95_to_proc85.fifo[0][6].Q[0] (dffre at (213,131)) [clock-to-output]                  0.000     0.808
| (intra 'clb' routing)                                                                       0.066     0.874
$\fifo_proc95_to_proc85.fifo$rdreg[0]$d[6].in[5] (.names at (213,131))                        0.000     0.874
| (primitive '.names' combinational delay)                                                    0.017     0.892
$\fifo_proc95_to_proc85.fifo$rdreg[0]$d[6].out[0] (.names at (213,131))                       0.000     0.892
| (intra 'clb' routing)                                                                       0.000     0.892
fifo_proc95_to_proc85.tempOut[6].D[0] (dffre at (213,131))                                    0.000     0.892
data arrival time                                                                                       0.892

clock clk (rise edge)                                                          0.000     0.000
clock source latency                                                                          0.000     0.000
clk.inpad[0] (.input at (4,1))                                                 0.000     0.000
| (intra 'io' routing)                                                                        0.779     0.779
| (inter-block routing:global net)                                                            0.000     0.779
| (intra 'clb' routing)                                                                       0.000     0.779
fifo_proc95_to_proc85.tempOut[6].C[0] (dffre at (213,131))                                    0.000     0.779
clock uncertainty                                                                             0.000     0.779
cell hold time                                                                               -0.028     0.751
data required time                                                                                      0.751
-------------------------------------------------------------------------------------------------------------
data required time                                                                                     -0.751
data arrival time                                                                                       0.892
-------------------------------------------------------------------------------------------------------------
slack (MET)                                                                                             0.141


#Path 97
Startpoint: proc10.shifter.shifter[22].Q[0] (dffre at (252,160) clocked by clk)
Endpoint  : proc10.shifter.shifter[21].D[0] (dffre at (252,160) clocked by clk)
Path Type : hold

Point                                                                                                                      Incr      Path
-----------------------------------------------------------------------------------------------------------------------------------------
clock clk (rise edge)                                                                                      0.000     0.000
clock source latency                                                                                                      0.000     0.000
clk.inpad[0] (.input at (4,1))                                                                             0.000     0.000
| (intra 'io' routing)                                                                                                    0.779     0.779
| (inter-block routing:global net)                                                                                        0.000     0.779
| (intra 'clb' routing)                                                                                                   0.000     0.779
proc10.shifter.shifter[22].C[0] (dffre at (252,160))                                                                      0.000     0.779
| (primitive 'dffre' Tcq_min)                                                                                             0.029     0.808
proc10.shifter.shifter[22].Q[0] (dffre at (252,160)) [clock-to-output]                                                    0.000     0.808
| (intra 'clb' routing)                                                                                                   0.066     0.874
$abc$13647316$abc$3486044$flatten\proc10.\shifter.$0\shifter[31:0][21].in[5] (.names at (252,160))                        0.000     0.874
| (primitive '.names' combinational delay)                                                                                0.017     0.892
$abc$13647316$abc$3486044$flatten\proc10.\shifter.$0\shifter[31:0][21].out[0] (.names at (252,160))                       0.000     0.892
| (intra 'clb' routing)                                                                                                   0.000     0.892
proc10.shifter.shifter[21].D[0] (dffre at (252,160))                                                                      0.000     0.892
data arrival time                                                                                                                   0.892

clock clk (rise edge)                                                                                      0.000     0.000
clock source latency                                                                                                      0.000     0.000
clk.inpad[0] (.input at (4,1))                                                                             0.000     0.000
| (intra 'io' routing)                                                                                                    0.779     0.779
| (inter-block routing:global net)                                                                                        0.000     0.779
| (intra 'clb' routing)                                                                                                   0.000     0.779
proc10.shifter.shifter[21].C[0] (dffre at (252,160))                                                                      0.000     0.779
clock uncertainty                                                                                                         0.000     0.779
cell hold time                                                                                                           -0.028     0.751
data required time                                                                                                                  0.751
-----------------------------------------------------------------------------------------------------------------------------------------
data required time                                                                                                                 -0.751
data arrival time                                                                                                                   0.892
-----------------------------------------------------------------------------------------------------------------------------------------
slack (MET)                                                                                                                         0.141


#Path 98
Startpoint: fifo_proc64_to_proc54.fifo[0][30].Q[0] (dffre at (121,137) clocked by clk)
Endpoint  : fifo_proc64_to_proc54.tempOut[30].D[0] (dffre at (121,137) clocked by clk)
Path Type : hold

Point                                                                                           Incr      Path
--------------------------------------------------------------------------------------------------------------
clock clk (rise edge)                                                           0.000     0.000
clock source latency                                                                           0.000     0.000
clk.inpad[0] (.input at (4,1))                                                  0.000     0.000
| (intra 'io' routing)                                                                         0.779     0.779
| (inter-block routing:global net)                                                             0.000     0.779
| (intra 'clb' routing)                                                                        0.000     0.779
fifo_proc64_to_proc54.fifo[0][30].C[0] (dffre at (121,137))                                    0.000     0.779
| (primitive 'dffre' Tcq_min)                                                                  0.029     0.808
fifo_proc64_to_proc54.fifo[0][30].Q[0] (dffre at (121,137)) [clock-to-output]                  0.000     0.808
| (intra 'clb' routing)                                                                        0.066     0.874
$\fifo_proc64_to_proc54.fifo$rdreg[0]$d[30].in[5] (.names at (121,137))                        0.000     0.874
| (primitive '.names' combinational delay)                                                     0.017     0.892
$\fifo_proc64_to_proc54.fifo$rdreg[0]$d[30].out[0] (.names at (121,137))                       0.000     0.892
| (intra 'clb' routing)                                                                        0.000     0.892
fifo_proc64_to_proc54.tempOut[30].D[0] (dffre at (121,137))                                    0.000     0.892
data arrival time                                                                                        0.892

clock clk (rise edge)                                                           0.000     0.000
clock source latency                                                                           0.000     0.000
clk.inpad[0] (.input at (4,1))                                                  0.000     0.000
| (intra 'io' routing)                                                                         0.779     0.779
| (inter-block routing:global net)                                                             0.000     0.779
| (intra 'clb' routing)                                                                        0.000     0.779
fifo_proc64_to_proc54.tempOut[30].C[0] (dffre at (121,137))                                    0.000     0.779
clock uncertainty                                                                              0.000     0.779
cell hold time                                                                                -0.028     0.751
data required time                                                                                       0.751
--------------------------------------------------------------------------------------------------------------
data required time                                                                                      -0.751
data arrival time                                                                                        0.892
--------------------------------------------------------------------------------------------------------------
slack (MET)                                                                                              0.141


#Path 99
Startpoint: proc97.shifter.shifter[30].Q[0] (dffre at (167,143) clocked by clk)
Endpoint  : proc97.shifter.shifter[31].D[0] (dffre at (167,143) clocked by clk)
Path Type : hold

Point                                                                                                                      Incr      Path
-----------------------------------------------------------------------------------------------------------------------------------------
clock clk (rise edge)                                                                                      0.000     0.000
clock source latency                                                                                                      0.000     0.000
clk.inpad[0] (.input at (4,1))                                                                             0.000     0.000
| (intra 'io' routing)                                                                                                    0.779     0.779
| (inter-block routing:global net)                                                                                        0.000     0.779
| (intra 'clb' routing)                                                                                                   0.000     0.779
proc97.shifter.shifter[30].C[0] (dffre at (167,143))                                                                      0.000     0.779
| (primitive 'dffre' Tcq_min)                                                                                             0.029     0.808
proc97.shifter.shifter[30].Q[0] (dffre at (167,143)) [clock-to-output]                                                    0.000     0.808
| (intra 'clb' routing)                                                                                                   0.066     0.874
$abc$13647316$abc$3486044$flatten\proc97.\shifter.$0\shifter[31:0][31].in[4] (.names at (167,143))                        0.000     0.874
| (primitive '.names' combinational delay)                                                                                0.017     0.892
$abc$13647316$abc$3486044$flatten\proc97.\shifter.$0\shifter[31:0][31].out[0] (.names at (167,143))                       0.000     0.892
| (intra 'clb' routing)                                                                                                   0.000     0.892
proc97.shifter.shifter[31].D[0] (dffre at (167,143))                                                                      0.000     0.892
data arrival time                                                                                                                   0.892

clock clk (rise edge)                                                                                      0.000     0.000
clock source latency                                                                                                      0.000     0.000
clk.inpad[0] (.input at (4,1))                                                                             0.000     0.000
| (intra 'io' routing)                                                                                                    0.779     0.779
| (inter-block routing:global net)                                                                                        0.000     0.779
| (intra 'clb' routing)                                                                                                   0.000     0.779
proc97.shifter.shifter[31].C[0] (dffre at (167,143))                                                                      0.000     0.779
clock uncertainty                                                                                                         0.000     0.779
cell hold time                                                                                                           -0.028     0.751
data required time                                                                                                                  0.751
-----------------------------------------------------------------------------------------------------------------------------------------
data required time                                                                                                                 -0.751
data arrival time                                                                                                                   0.892
-----------------------------------------------------------------------------------------------------------------------------------------
slack (MET)                                                                                                                         0.141


#Path 100
Startpoint: proc10.shifter.shifter[22].Q[0] (dffre at (252,160) clocked by clk)
Endpoint  : proc10.shifter.shifter[23].D[0] (dffre at (252,160) clocked by clk)
Path Type : hold

Point                                                                                                                      Incr      Path
-----------------------------------------------------------------------------------------------------------------------------------------
clock clk (rise edge)                                                                                      0.000     0.000
clock source latency                                                                                                      0.000     0.000
clk.inpad[0] (.input at (4,1))                                                                             0.000     0.000
| (intra 'io' routing)                                                                                                    0.779     0.779
| (inter-block routing:global net)                                                                                        0.000     0.779
| (intra 'clb' routing)                                                                                                   0.000     0.779
proc10.shifter.shifter[22].C[0] (dffre at (252,160))                                                                      0.000     0.779
| (primitive 'dffre' Tcq_min)                                                                                             0.029     0.808
proc10.shifter.shifter[22].Q[0] (dffre at (252,160)) [clock-to-output]                                                    0.000     0.808
| (intra 'clb' routing)                                                                                                   0.066     0.874
$abc$13647316$abc$3486044$flatten\proc10.\shifter.$0\shifter[31:0][23].in[3] (.names at (252,160))                        0.000     0.874
| (primitive '.names' combinational delay)                                                                                0.017     0.892
$abc$13647316$abc$3486044$flatten\proc10.\shifter.$0\shifter[31:0][23].out[0] (.names at (252,160))                       0.000     0.892
| (intra 'clb' routing)                                                                                                   0.000     0.892
proc10.shifter.shifter[23].D[0] (dffre at (252,160))                                                                      0.000     0.892
data arrival time                                                                                                                   0.892

clock clk (rise edge)                                                                                      0.000     0.000
clock source latency                                                                                                      0.000     0.000
clk.inpad[0] (.input at (4,1))                                                                             0.000     0.000
| (intra 'io' routing)                                                                                                    0.779     0.779
| (inter-block routing:global net)                                                                                        0.000     0.779
| (intra 'clb' routing)                                                                                                   0.000     0.779
proc10.shifter.shifter[23].C[0] (dffre at (252,160))                                                                      0.000     0.779
clock uncertainty                                                                                                         0.000     0.779
cell hold time                                                                                                           -0.028     0.751
data required time                                                                                                                  0.751
-----------------------------------------------------------------------------------------------------------------------------------------
data required time                                                                                                                 -0.751
data arrival time                                                                                                                   0.892
-----------------------------------------------------------------------------------------------------------------------------------------
slack (MET)                                                                                                                         0.141


#End of timing report
