ExecStartTime: 1733460454
Domain of the design: Unit Level Test
RegID: 23
timeout: 90
Device: GEMINI_COMPACT_104x68
Strategy: delay
INFO: Created design: dsp_netlist. Project type: rtl
INFO: Target device: 1VG28
INFO: Device version: v1.6.244
INFO: Adding VERILOG_2001 /nfs_scratch/scratch/CompilerValidation/zaheer_ahmad/os_fpga2/Validation/RTL_testcases/Netlist-RTL_mix_testcases/dsp_netlist/results_dir/.././rtl/dsp_netlist.v
INFO: ANL: ##################################################
INFO: ANL: Analysis for design: dsp_netlist
INFO: ANL: ##################################################
INFO: ANL: Analyze command: /nfs_eda_sw/softwares/Raptor/instl_dir/12_05_2024_09_15_01/bin/yosys -s /nfs_scratch/scratch/CompilerValidation/zaheer_ahmad/os_fpga2/Validation/RTL_testcases/Netlist-RTL_mix_testcases/dsp_netlist/results_dir/dsp_netlist/run_1/synth_1_1/analysis/dsp_netlist_analyzer.cmd
Command: /nfs_eda_sw/softwares/Raptor/instl_dir/12_05_2024_09_15_01/bin/yosys -s /nfs_scratch/scratch/CompilerValidation/zaheer_ahmad/os_fpga2/Validation/RTL_testcases/Netlist-RTL_mix_testcases/dsp_netlist/results_dir/dsp_netlist/run_1/synth_1_1/analysis/dsp_netlist_analyzer.cmd

 /----------------------------------------------------------------------------\
 |  yosys -- Yosys Open SYnthesis Suite                                       |
 |  Copyright (C) 2012 - 2024  Claire Xenia Wolf <claire@yosyshq.com>         |
 |  Distributed under an ISC-like license, type "license" to see terms        |
 \----------------------------------------------------------------------------/

 Yosys 0.44 (git sha1 8ecee74c1, g++ 11.2.1 -fPIC -O3)

-- Executing script file `/nfs_scratch/scratch/CompilerValidation/zaheer_ahmad/os_fpga2/Validation/RTL_testcases/Netlist-RTL_mix_testcases/dsp_netlist/results_dir/dsp_netlist/run_1/synth_1_1/analysis/dsp_netlist_analyzer.cmd' --

1. Executing Verilog-2005 frontend: /nfs_eda_sw/softwares/Raptor/instl_dir/12_05_2024_09_15_01/share/raptor/sim_models/rapidsilicon/genesis3/FPGA_PRIMITIVES_MODELS/blackbox_models/cell_sim_blackbox.v
Parsing SystemVerilog input from `/nfs_eda_sw/softwares/Raptor/instl_dir/12_05_2024_09_15_01/share/raptor/sim_models/rapidsilicon/genesis3/FPGA_PRIMITIVES_MODELS/blackbox_models/cell_sim_blackbox.v' to AST representation.
Generating RTLIL representation for module `\BOOT_CLOCK'.
Generating RTLIL representation for module `\CARRY_BREAK'.
Generating RTLIL representation for module `\CARRY'.
Generating RTLIL representation for module `\CLK_BUF'.
Generating RTLIL representation for module `\DFFNRE'.
Generating RTLIL representation for module `\DFFRE'.
Generating RTLIL representation for module `\DLY_SEL_DECODER'.
Generating RTLIL representation for module `\DLY_VALUE_MUX'.
Generating RTLIL representation for module `\DSP19X2'.
Generating RTLIL representation for module `\DSP38'.
Generating RTLIL representation for module `\FCLK_BUF'.
Generating RTLIL representation for module `\FIFO18KX2'.
Generating RTLIL representation for module `\FIFO36K'.
Generating RTLIL representation for module `\I_BUF_DS'.
Generating RTLIL representation for module `\I_BUF'.
Generating RTLIL representation for module `\I_DDR'.
Generating RTLIL representation for module `\I_DELAY'.
Generating RTLIL representation for module `\I_FAB'.
Generating RTLIL representation for module `\I_SERDES'.
Generating RTLIL representation for module `\LATCHNR'.
Generating RTLIL representation for module `\LATCHNS'.
Generating RTLIL representation for module `\LATCHN'.
Generating RTLIL representation for module `\LATCHR'.
Generating RTLIL representation for module `\LATCHS'.
Generating RTLIL representation for module `\LATCH'.
Generating RTLIL representation for module `\LUT1'.
Generating RTLIL representation for module `\LUT2'.
Generating RTLIL representation for module `\LUT3'.
Generating RTLIL representation for module `\LUT4'.
Generating RTLIL representation for module `\LUT5'.
Generating RTLIL representation for module `\LUT6'.
Generating RTLIL representation for module `\MIPI_RX'.
Generating RTLIL representation for module `\MIPI_TX'.
Generating RTLIL representation for module `\O_BUF_DS'.
Generating RTLIL representation for module `\O_BUFT_DS'.
Generating RTLIL representation for module `\O_BUFT'.
Generating RTLIL representation for module `\O_BUF'.
Generating RTLIL representation for module `\O_DDR'.
Generating RTLIL representation for module `\O_DELAY'.
Generating RTLIL representation for module `\O_FAB'.
Generating RTLIL representation for module `\O_SERDES_CLK'.
Generating RTLIL representation for module `\O_SERDES'.
Generating RTLIL representation for module `\PLL'.
Generating RTLIL representation for module `\SOC_FPGA_INTF_AHB_M'.
Generating RTLIL representation for module `\SOC_FPGA_INTF_AHB_S'.
Generating RTLIL representation for module `\SOC_FPGA_INTF_AXI_M0'.
Generating RTLIL representation for module `\SOC_FPGA_INTF_AXI_M1'.
Generating RTLIL representation for module `\SOC_FPGA_INTF_DMA'.
Generating RTLIL representation for module `\SOC_FPGA_INTF_IRQ'.
Generating RTLIL representation for module `\SOC_FPGA_INTF_JTAG'.
Generating RTLIL representation for module `\SOC_FPGA_TEMPERATURE'.
Generating RTLIL representation for module `\TDP_RAM18KX2'.
Generating RTLIL representation for module `\TDP_RAM36K'.
Successfully finished Verilog frontend.

2. Executing Verilog-2005 frontend: /nfs_scratch/scratch/CompilerValidation/zaheer_ahmad/os_fpga2/Validation/RTL_testcases/Netlist-RTL_mix_testcases/dsp_netlist/results_dir/.././rtl/dsp_netlist.v
Parsing Verilog input from `/nfs_scratch/scratch/CompilerValidation/zaheer_ahmad/os_fpga2/Validation/RTL_testcases/Netlist-RTL_mix_testcases/dsp_netlist/results_dir/.././rtl/dsp_netlist.v' to AST representation.
Generating RTLIL representation for module `\dsp_netlist'.
Successfully finished Verilog frontend.

-- Running command `hierarchy -top dsp_netlist' --

3. Executing HIERARCHY pass (managing design hierarchy).

3.1. Analyzing design hierarchy..
Top module:  \dsp_netlist

3.2. Analyzing design hierarchy..
Top module:  \dsp_netlist
Removed 0 unused modules.

Dumping file hier_info.json ...
 Process module "CARRY"
 Process module "DFFRE"
 Process module "DSP38"
 Process module "LUT1"
 Process module "LUT2"
 Process module "LUT3"
Dumping file port_info.json ...

End of script. Logfile hash: 4597c28a73, CPU: user 0.16s system 0.02s, MEM: 19.24 MB peak
Yosys 0.44 (git sha1 8ecee74c1, g++ 11.2.1 -fPIC -O3)
Time spent: 97% 4x read_verilog (0 sec), 1% 1x analyze (0 sec), ...
INFO: ANL: Design dsp_netlist is analyzed
INFO: ANL: Top Modules: dsp_netlist

INFO: SYN: ##################################################
INFO: SYN: Synthesis for design: dsp_netlist
INFO: SYN: ##################################################
INFO: SYN: RS Synthesis
INFO: SYN: Synthesis command: /nfs_eda_sw/softwares/Raptor/instl_dir/12_05_2024_09_15_01/bin/yosys -s dsp_netlist.ys -l dsp_netlist_synth.log
Command: /nfs_eda_sw/softwares/Raptor/instl_dir/12_05_2024_09_15_01/bin/yosys -s dsp_netlist.ys -l dsp_netlist_synth.log

 /----------------------------------------------------------------------------\
 |  yosys -- Yosys Open SYnthesis Suite                                       |
 |  Copyright (C) 2012 - 2024  Claire Xenia Wolf <claire@yosyshq.com>         |
 |  Distributed under an ISC-like license, type "license" to see terms        |
 \----------------------------------------------------------------------------/

 Yosys 0.44 (git sha1 8ecee74c1, g++ 11.2.1 -fPIC -O3)

-- Executing script file `dsp_netlist.ys' --

1. Executing Verilog-2005 frontend: /nfs_eda_sw/softwares/Raptor/instl_dir/12_05_2024_09_15_01/share/raptor/sim_models/rapidsilicon/genesis3/FPGA_PRIMITIVES_MODELS/blackbox_models/cell_sim_blackbox.v
Parsing SystemVerilog input from `/nfs_eda_sw/softwares/Raptor/instl_dir/12_05_2024_09_15_01/share/raptor/sim_models/rapidsilicon/genesis3/FPGA_PRIMITIVES_MODELS/blackbox_models/cell_sim_blackbox.v' to AST representation.
Generating RTLIL representation for module `\BOOT_CLOCK'.
Generating RTLIL representation for module `\CARRY_BREAK'.
Generating RTLIL representation for module `\CARRY'.
Generating RTLIL representation for module `\CLK_BUF'.
Generating RTLIL representation for module `\DFFNRE'.
Generating RTLIL representation for module `\DFFRE'.
Generating RTLIL representation for module `\DLY_SEL_DECODER'.
Generating RTLIL representation for module `\DLY_VALUE_MUX'.
Generating RTLIL representation for module `\DSP19X2'.
Generating RTLIL representation for module `\DSP38'.
Generating RTLIL representation for module `\FCLK_BUF'.
Generating RTLIL representation for module `\FIFO18KX2'.
Generating RTLIL representation for module `\FIFO36K'.
Generating RTLIL representation for module `\I_BUF_DS'.
Generating RTLIL representation for module `\I_BUF'.
Generating RTLIL representation for module `\I_DDR'.
Generating RTLIL representation for module `\I_DELAY'.
Generating RTLIL representation for module `\I_FAB'.
Generating RTLIL representation for module `\I_SERDES'.
Generating RTLIL representation for module `\LATCHNR'.
Generating RTLIL representation for module `\LATCHNS'.
Generating RTLIL representation for module `\LATCHN'.
Generating RTLIL representation for module `\LATCHR'.
Generating RTLIL representation for module `\LATCHS'.
Generating RTLIL representation for module `\LATCH'.
Generating RTLIL representation for module `\LUT1'.
Generating RTLIL representation for module `\LUT2'.
Generating RTLIL representation for module `\LUT3'.
Generating RTLIL representation for module `\LUT4'.
Generating RTLIL representation for module `\LUT5'.
Generating RTLIL representation for module `\LUT6'.
Generating RTLIL representation for module `\MIPI_RX'.
Generating RTLIL representation for module `\MIPI_TX'.
Generating RTLIL representation for module `\O_BUF_DS'.
Generating RTLIL representation for module `\O_BUFT_DS'.
Generating RTLIL representation for module `\O_BUFT'.
Generating RTLIL representation for module `\O_BUF'.
Generating RTLIL representation for module `\O_DDR'.
Generating RTLIL representation for module `\O_DELAY'.
Generating RTLIL representation for module `\O_FAB'.
Generating RTLIL representation for module `\O_SERDES_CLK'.
Generating RTLIL representation for module `\O_SERDES'.
Generating RTLIL representation for module `\PLL'.
Generating RTLIL representation for module `\SOC_FPGA_INTF_AHB_M'.
Generating RTLIL representation for module `\SOC_FPGA_INTF_AHB_S'.
Generating RTLIL representation for module `\SOC_FPGA_INTF_AXI_M0'.
Generating RTLIL representation for module `\SOC_FPGA_INTF_AXI_M1'.
Generating RTLIL representation for module `\SOC_FPGA_INTF_DMA'.
Generating RTLIL representation for module `\SOC_FPGA_INTF_IRQ'.
Generating RTLIL representation for module `\SOC_FPGA_INTF_JTAG'.
Generating RTLIL representation for module `\SOC_FPGA_TEMPERATURE'.
Generating RTLIL representation for module `\TDP_RAM18KX2'.
Generating RTLIL representation for module `\TDP_RAM36K'.
Successfully finished Verilog frontend.

2. Executing Verilog-2005 frontend: /nfs_scratch/scratch/CompilerValidation/zaheer_ahmad/os_fpga2/Validation/RTL_testcases/Netlist-RTL_mix_testcases/dsp_netlist/results_dir/.././rtl/dsp_netlist.v
Parsing Verilog input from `/nfs_scratch/scratch/CompilerValidation/zaheer_ahmad/os_fpga2/Validation/RTL_testcases/Netlist-RTL_mix_testcases/dsp_netlist/results_dir/.././rtl/dsp_netlist.v' to AST representation.
Generating RTLIL representation for module `\dsp_netlist'.
Successfully finished Verilog frontend.

3. Executing HIERARCHY pass (managing design hierarchy).

3.1. Analyzing design hierarchy..
Top module:  \dsp_netlist

3.2. Analyzing design hierarchy..
Top module:  \dsp_netlist
Removed 0 unused modules.

4. Executing synth_rs pass: v0.4.218

4.1. Executing Verilog-2005 frontend: /nfs_eda_sw/softwares/Raptor/instl_dir/12_05_2024_09_15_01/bin/../share/yosys/rapidsilicon/common/cells_sim.v
Parsing Verilog input from `/nfs_eda_sw/softwares/Raptor/instl_dir/12_05_2024_09_15_01/bin/../share/yosys/rapidsilicon/common/cells_sim.v' to AST representation.
Generating RTLIL representation for module `\inv'.
Generating RTLIL representation for module `\buff'.
Generating RTLIL representation for module `\logic_0'.
Generating RTLIL representation for module `\logic_1'.
Generating RTLIL representation for module `\gclkbuff'.
Successfully finished Verilog frontend.

4.2. Executing Verilog-2005 frontend: /nfs_eda_sw/softwares/Raptor/instl_dir/12_05_2024_09_15_01/bin/../share/yosys/rapidsilicon/genesis3/FPGA_PRIMITIVES_MODELS/sim_models/verilog/CARRY.v
Parsing Verilog input from `/nfs_eda_sw/softwares/Raptor/instl_dir/12_05_2024_09_15_01/bin/../share/yosys/rapidsilicon/genesis3/FPGA_PRIMITIVES_MODELS/sim_models/verilog/CARRY.v' to AST representation.
Replacing existing blackbox module `\CARRY' at /nfs_eda_sw/softwares/Raptor/instl_dir/12_05_2024_09_15_01/bin/../share/yosys/rapidsilicon/genesis3/FPGA_PRIMITIVES_MODELS/sim_models/verilog/CARRY.v:10.1-41.10.
Generating RTLIL representation for module `\CARRY'.
Successfully finished Verilog frontend.

4.3. Executing Verilog-2005 frontend: /nfs_eda_sw/softwares/Raptor/instl_dir/12_05_2024_09_15_01/bin/../share/yosys/rapidsilicon/genesis3/llatches_sim.v
Parsing Verilog input from `/nfs_eda_sw/softwares/Raptor/instl_dir/12_05_2024_09_15_01/bin/../share/yosys/rapidsilicon/genesis3/llatches_sim.v' to AST representation.
Replacing existing blackbox module `\LATCH' at /nfs_eda_sw/softwares/Raptor/instl_dir/12_05_2024_09_15_01/bin/../share/yosys/rapidsilicon/genesis3/llatches_sim.v:20.1-34.10.
Generating RTLIL representation for module `\LATCH'.
Replacing existing blackbox module `\LATCHN' at /nfs_eda_sw/softwares/Raptor/instl_dir/12_05_2024_09_15_01/bin/../share/yosys/rapidsilicon/genesis3/llatches_sim.v:48.1-62.10.
Generating RTLIL representation for module `\LATCHN'.
Replacing existing blackbox module `\LATCHR' at /nfs_eda_sw/softwares/Raptor/instl_dir/12_05_2024_09_15_01/bin/../share/yosys/rapidsilicon/genesis3/llatches_sim.v:81.1-97.10.
Generating RTLIL representation for module `\LATCHR'.
Replacing existing blackbox module `\LATCHS' at /nfs_eda_sw/softwares/Raptor/instl_dir/12_05_2024_09_15_01/bin/../share/yosys/rapidsilicon/genesis3/llatches_sim.v:115.1-131.10.
Generating RTLIL representation for module `\LATCHS'.
Replacing existing blackbox module `\LATCHNR' at /nfs_eda_sw/softwares/Raptor/instl_dir/12_05_2024_09_15_01/bin/../share/yosys/rapidsilicon/genesis3/llatches_sim.v:150.1-166.10.
Generating RTLIL representation for module `\LATCHNR'.
Replacing existing blackbox module `\LATCHNS' at /nfs_eda_sw/softwares/Raptor/instl_dir/12_05_2024_09_15_01/bin/../share/yosys/rapidsilicon/genesis3/llatches_sim.v:184.1-200.10.
Generating RTLIL representation for module `\LATCHNS'.
Generating RTLIL representation for module `\LATCHSRE'.
Generating RTLIL representation for module `\LATCHNSRE'.
Successfully finished Verilog frontend.

4.4. Executing Verilog-2005 frontend: /nfs_eda_sw/softwares/Raptor/instl_dir/12_05_2024_09_15_01/bin/../share/yosys/rapidsilicon/genesis3/FPGA_PRIMITIVES_MODELS/sim_models/verilog/DFFRE.v
Parsing Verilog input from `/nfs_eda_sw/softwares/Raptor/instl_dir/12_05_2024_09_15_01/bin/../share/yosys/rapidsilicon/genesis3/FPGA_PRIMITIVES_MODELS/sim_models/verilog/DFFRE.v' to AST representation.
Replacing existing blackbox module `\DFFRE' at /nfs_eda_sw/softwares/Raptor/instl_dir/12_05_2024_09_15_01/bin/../share/yosys/rapidsilicon/genesis3/FPGA_PRIMITIVES_MODELS/sim_models/verilog/DFFRE.v:11.1-91.10.
Generating RTLIL representation for module `\DFFRE'.
Successfully finished Verilog frontend.

4.5. Executing Verilog-2005 frontend: /nfs_eda_sw/softwares/Raptor/instl_dir/12_05_2024_09_15_01/bin/../share/yosys/rapidsilicon/genesis3/FPGA_PRIMITIVES_MODELS/sim_models/verilog/DFFNRE.v
Parsing Verilog input from `/nfs_eda_sw/softwares/Raptor/instl_dir/12_05_2024_09_15_01/bin/../share/yosys/rapidsilicon/genesis3/FPGA_PRIMITIVES_MODELS/sim_models/verilog/DFFNRE.v' to AST representation.
Replacing existing blackbox module `\DFFNRE' at /nfs_eda_sw/softwares/Raptor/instl_dir/12_05_2024_09_15_01/bin/../share/yosys/rapidsilicon/genesis3/FPGA_PRIMITIVES_MODELS/sim_models/verilog/DFFNRE.v:11.1-84.10.
Generating RTLIL representation for module `\DFFNRE'.
Successfully finished Verilog frontend.

4.6. Executing Verilog-2005 frontend: /nfs_eda_sw/softwares/Raptor/instl_dir/12_05_2024_09_15_01/bin/../share/yosys/rapidsilicon/genesis3/FPGA_PRIMITIVES_MODELS/sim_models/verilog/LUT1.v
Parsing Verilog input from `/nfs_eda_sw/softwares/Raptor/instl_dir/12_05_2024_09_15_01/bin/../share/yosys/rapidsilicon/genesis3/FPGA_PRIMITIVES_MODELS/sim_models/verilog/LUT1.v' to AST representation.
Replacing existing blackbox module `\LUT1' at /nfs_eda_sw/softwares/Raptor/instl_dir/12_05_2024_09_15_01/bin/../share/yosys/rapidsilicon/genesis3/FPGA_PRIMITIVES_MODELS/sim_models/verilog/LUT1.v:10.1-30.10.
Generating RTLIL representation for module `\LUT1'.
Successfully finished Verilog frontend.

4.7. Executing Verilog-2005 frontend: /nfs_eda_sw/softwares/Raptor/instl_dir/12_05_2024_09_15_01/bin/../share/yosys/rapidsilicon/genesis3/FPGA_PRIMITIVES_MODELS/sim_models/verilog/LUT2.v
Parsing Verilog input from `/nfs_eda_sw/softwares/Raptor/instl_dir/12_05_2024_09_15_01/bin/../share/yosys/rapidsilicon/genesis3/FPGA_PRIMITIVES_MODELS/sim_models/verilog/LUT2.v' to AST representation.
Replacing existing blackbox module `\LUT2' at /nfs_eda_sw/softwares/Raptor/instl_dir/12_05_2024_09_15_01/bin/../share/yosys/rapidsilicon/genesis3/FPGA_PRIMITIVES_MODELS/sim_models/verilog/LUT2.v:10.1-31.10.
Generating RTLIL representation for module `\LUT2'.
Successfully finished Verilog frontend.

4.8. Executing Verilog-2005 frontend: /nfs_eda_sw/softwares/Raptor/instl_dir/12_05_2024_09_15_01/bin/../share/yosys/rapidsilicon/genesis3/FPGA_PRIMITIVES_MODELS/sim_models/verilog/LUT3.v
Parsing Verilog input from `/nfs_eda_sw/softwares/Raptor/instl_dir/12_05_2024_09_15_01/bin/../share/yosys/rapidsilicon/genesis3/FPGA_PRIMITIVES_MODELS/sim_models/verilog/LUT3.v' to AST representation.
Replacing existing blackbox module `\LUT3' at /nfs_eda_sw/softwares/Raptor/instl_dir/12_05_2024_09_15_01/bin/../share/yosys/rapidsilicon/genesis3/FPGA_PRIMITIVES_MODELS/sim_models/verilog/LUT3.v:10.1-33.10.
Generating RTLIL representation for module `\LUT3'.
Successfully finished Verilog frontend.

4.9. Executing Verilog-2005 frontend: /nfs_eda_sw/softwares/Raptor/instl_dir/12_05_2024_09_15_01/bin/../share/yosys/rapidsilicon/genesis3/FPGA_PRIMITIVES_MODELS/sim_models/verilog/LUT4.v
Parsing Verilog input from `/nfs_eda_sw/softwares/Raptor/instl_dir/12_05_2024_09_15_01/bin/../share/yosys/rapidsilicon/genesis3/FPGA_PRIMITIVES_MODELS/sim_models/verilog/LUT4.v' to AST representation.
Replacing existing blackbox module `\LUT4' at /nfs_eda_sw/softwares/Raptor/instl_dir/12_05_2024_09_15_01/bin/../share/yosys/rapidsilicon/genesis3/FPGA_PRIMITIVES_MODELS/sim_models/verilog/LUT4.v:11.1-35.10.
Generating RTLIL representation for module `\LUT4'.
Successfully finished Verilog frontend.

4.10. Executing Verilog-2005 frontend: /nfs_eda_sw/softwares/Raptor/instl_dir/12_05_2024_09_15_01/bin/../share/yosys/rapidsilicon/genesis3/FPGA_PRIMITIVES_MODELS/sim_models/verilog/LUT5.v
Parsing Verilog input from `/nfs_eda_sw/softwares/Raptor/instl_dir/12_05_2024_09_15_01/bin/../share/yosys/rapidsilicon/genesis3/FPGA_PRIMITIVES_MODELS/sim_models/verilog/LUT5.v' to AST representation.
Replacing existing blackbox module `\LUT5' at /nfs_eda_sw/softwares/Raptor/instl_dir/12_05_2024_09_15_01/bin/../share/yosys/rapidsilicon/genesis3/FPGA_PRIMITIVES_MODELS/sim_models/verilog/LUT5.v:10.1-34.10.
Generating RTLIL representation for module `\LUT5'.
Successfully finished Verilog frontend.

4.11. Executing Verilog-2005 frontend: /nfs_eda_sw/softwares/Raptor/instl_dir/12_05_2024_09_15_01/bin/../share/yosys/rapidsilicon/genesis3/FPGA_PRIMITIVES_MODELS/sim_models/verilog/LUT6.v
Parsing Verilog input from `/nfs_eda_sw/softwares/Raptor/instl_dir/12_05_2024_09_15_01/bin/../share/yosys/rapidsilicon/genesis3/FPGA_PRIMITIVES_MODELS/sim_models/verilog/LUT6.v' to AST representation.
Replacing existing blackbox module `\LUT6' at /nfs_eda_sw/softwares/Raptor/instl_dir/12_05_2024_09_15_01/bin/../share/yosys/rapidsilicon/genesis3/FPGA_PRIMITIVES_MODELS/sim_models/verilog/LUT6.v:10.1-34.10.
Generating RTLIL representation for module `\LUT6'.
Successfully finished Verilog frontend.

4.12. Executing Verilog-2005 frontend: /nfs_eda_sw/softwares/Raptor/instl_dir/12_05_2024_09_15_01/bin/../share/yosys/rapidsilicon/genesis3/FPGA_PRIMITIVES_MODELS/sim_models/verilog/CLK_BUF.v
Parsing Verilog input from `/nfs_eda_sw/softwares/Raptor/instl_dir/12_05_2024_09_15_01/bin/../share/yosys/rapidsilicon/genesis3/FPGA_PRIMITIVES_MODELS/sim_models/verilog/CLK_BUF.v' to AST representation.
Replacing existing blackbox module `\CLK_BUF' at /nfs_eda_sw/softwares/Raptor/instl_dir/12_05_2024_09_15_01/bin/../share/yosys/rapidsilicon/genesis3/FPGA_PRIMITIVES_MODELS/sim_models/verilog/CLK_BUF.v:10.1-29.10.
Generating RTLIL representation for module `\CLK_BUF'.
Successfully finished Verilog frontend.

4.13. Executing Verilog-2005 frontend: /nfs_eda_sw/softwares/Raptor/instl_dir/12_05_2024_09_15_01/bin/../share/yosys/rapidsilicon/genesis3/FPGA_PRIMITIVES_MODELS/sim_models/verilog/O_BUF.v
Parsing Verilog input from `/nfs_eda_sw/softwares/Raptor/instl_dir/12_05_2024_09_15_01/bin/../share/yosys/rapidsilicon/genesis3/FPGA_PRIMITIVES_MODELS/sim_models/verilog/O_BUF.v' to AST representation.
Replacing existing blackbox module `\O_BUF' at /nfs_eda_sw/softwares/Raptor/instl_dir/12_05_2024_09_15_01/bin/../share/yosys/rapidsilicon/genesis3/FPGA_PRIMITIVES_MODELS/sim_models/verilog/O_BUF.v:10.1-89.10.
Generating RTLIL representation for module `\O_BUF'.
Successfully finished Verilog frontend.

4.14. Executing Verilog-2005 frontend: /nfs_eda_sw/softwares/Raptor/instl_dir/12_05_2024_09_15_01/bin/../share/yosys/rapidsilicon/genesis3/FPGA_PRIMITIVES_MODELS/sim_models/verilog/DSP38.v
Parsing Verilog input from `/nfs_eda_sw/softwares/Raptor/instl_dir/12_05_2024_09_15_01/bin/../share/yosys/rapidsilicon/genesis3/FPGA_PRIMITIVES_MODELS/sim_models/verilog/DSP38.v' to AST representation.
Replacing existing blackbox module `\DSP38' at /nfs_eda_sw/softwares/Raptor/instl_dir/12_05_2024_09_15_01/bin/../share/yosys/rapidsilicon/genesis3/FPGA_PRIMITIVES_MODELS/sim_models/verilog/DSP38.v:10.1-341.10.
Generating RTLIL representation for module `\DSP38'.
Successfully finished Verilog frontend.

4.15. Executing Verilog-2005 frontend: /nfs_eda_sw/softwares/Raptor/instl_dir/12_05_2024_09_15_01/bin/../share/yosys/rapidsilicon/genesis3/bram_map_rs.v
Parsing Verilog input from `/nfs_eda_sw/softwares/Raptor/instl_dir/12_05_2024_09_15_01/bin/../share/yosys/rapidsilicon/genesis3/bram_map_rs.v' to AST representation.
Replacing existing blackbox module `\TDP_RAM36K' at /nfs_eda_sw/softwares/Raptor/instl_dir/12_05_2024_09_15_01/bin/../share/yosys/rapidsilicon/genesis3/bram_map_rs.v:2.1-29.10.
Generating RTLIL representation for module `\TDP_RAM36K'.
Replacing existing blackbox module `\TDP_RAM18KX2' at /nfs_eda_sw/softwares/Raptor/instl_dir/12_05_2024_09_15_01/bin/../share/yosys/rapidsilicon/genesis3/bram_map_rs.v:33.1-84.10.
Generating RTLIL representation for module `\TDP_RAM18KX2'.
Generating RTLIL representation for module `\RS_DSP3'.
Replacing existing blackbox module `\DSP19X2' at /nfs_eda_sw/softwares/Raptor/instl_dir/12_05_2024_09_15_01/bin/../share/yosys/rapidsilicon/genesis3/bram_map_rs.v:116.1-149.10.
Generating RTLIL representation for module `\DSP19X2'.
Successfully finished Verilog frontend.

4.16. Executing Verilog-2005 frontend: /nfs_eda_sw/softwares/Raptor/instl_dir/12_05_2024_09_15_01/bin/../share/yosys/rapidsilicon/genesis3/brams_sim.v
Parsing Verilog input from `/nfs_eda_sw/softwares/Raptor/instl_dir/12_05_2024_09_15_01/bin/../share/yosys/rapidsilicon/genesis3/brams_sim.v' to AST representation.
Generating RTLIL representation for module `\TDP_BRAM18'.
Generating RTLIL representation for module `\BRAM2x18_TDP'.
Generating RTLIL representation for module `\BRAM2x18_SDP'.
Generating RTLIL representation for module `\_$_mem_v2_asymmetric'.
Successfully finished Verilog frontend.

4.17. Executing HIERARCHY pass (managing design hierarchy).

4.17.1. Analyzing design hierarchy..
Top module:  \dsp_netlist

4.17.2. Analyzing design hierarchy..
Top module:  \dsp_netlist
Removed 0 unused modules.

4.18. Executing PROC pass (convert processes to netlists).

4.18.1. Executing PROC_CLEAN pass (remove empty switches from decision trees).
Cleaned up 0 empty switches.

4.18.2. Executing PROC_RMDEAD pass (remove dead branches from decision trees).
Removed a total of 0 dead cases.

4.18.3. Executing PROC_PRUNE pass (remove redundant assignments in processes).
Removed 0 redundant assignments.
Promoted 0 assignments to connections.

4.18.4. Executing PROC_INIT pass (extract init attributes).

4.18.5. Executing PROC_ARST pass (detect async resets in processes).

4.18.6. Executing PROC_ROM pass (convert switches to ROMs).
Converted 0 switches.

4.18.7. Executing PROC_MUX pass (convert decision trees to multiplexers).

4.18.8. Executing PROC_DLATCH pass (convert process syncs to latches).

4.18.9. Executing PROC_DFF pass (convert process syncs to FFs).

4.18.10. Executing PROC_MEMWR pass (convert process memory writes to cells).

4.18.11. Executing PROC_CLEAN pass (remove empty switches from decision trees).
Cleaned up 0 empty switches.

4.18.12. Executing OPT_EXPR pass (perform const folding).
Optimizing module dsp_netlist.

4.19. Executing FLATTEN pass (flatten design).

# -------------------- 
#  Design entry stats  
# -------------------- 

4.20. Printing statistics.

=== dsp_netlist ===

   Number of wires:                368
   Number of wire bits:           1742
   Number of public wires:         368
   Number of public wire bits:    1742
   Number of ports:                 19
   Number of port bits:            167
   Number of memories:               0
   Number of memory bits:            0
   Number of processes:              0
   Number of cells:                420
     CARRY                         137
     DFFRE                         137
     DSP38                           8
     LUT1                            1
     LUT2                          123
     LUT3                           14

4.21. Executing SPLITNETS pass (splitting up multi-bit signals).

4.22. Executing DEMUXMAP pass.

4.23. Executing FLATTEN pass (flatten design).

4.24. Executing DEMUXMAP pass.

4.25. Executing TRIBUF pass.
Warning: Ignored -no_iobuf because -keep_tribuf is used.

4.26. Executing DEMINOUT pass (demote inout ports to input or output).

4.27. Executing OPT_EXPR pass (perform const folding).
Optimizing module dsp_netlist.

4.28. Executing OPT_CLEAN pass (remove unused cells and wires).
Finding unused cells or wires in module \dsp_netlist..
Removed 0 unused cells and 284 unused wires.
<suppressed ~1 debug messages>

4.29. Executing CHECK pass (checking for obvious problems).
Checking module dsp_netlist...
Found and reported 0 problems.

4.30. Printing statistics.

=== dsp_netlist ===

   Number of wires:                 84
   Number of wire bits:           1171
   Number of public wires:          84
   Number of public wire bits:    1171
   Number of ports:                 19
   Number of port bits:            167
   Number of memories:               0
   Number of memory bits:            0
   Number of processes:              0
   Number of cells:                420
     CARRY                         137
     DFFRE                         137
     DSP38                           8
     LUT1                            1
     LUT2                          123
     LUT3                           14

4.31. Executing OPT_EXPR pass (perform const folding).
Optimizing module dsp_netlist.

4.32. Executing OPT_MERGE pass (detect identical cells).
Finding identical cells in module `\dsp_netlist'.
Removed a total of 0 cells.

4.33. Executing OPT_MUXTREE pass (detect dead branches in mux trees).
Running muxtree optimizer on module \dsp_netlist..
  Creating internal representation of mux trees.
  No muxes found in this module.
Removed 0 multiplexer ports.

4.34. Executing OPT_REDUCE pass (consolidate $*mux and $reduce_* inputs).
  Optimizing cells in module \dsp_netlist.
Performed a total of 0 changes.

4.35. Executing OPT_MERGE pass (detect identical cells).
Finding identical cells in module `\dsp_netlist'.
Removed a total of 0 cells.

4.36. Executing OPT_SHARE pass.

4.37. Executing OPT_DFF pass (perform DFF optimizations).
[#visit=0, #solve=0, #remove=0, time=0.00 sec.]

4.38. Executing OPT_CLEAN pass (remove unused cells and wires).
Finding unused cells or wires in module \dsp_netlist..

4.39. Executing OPT_EXPR pass (perform const folding).
Optimizing module dsp_netlist.

RUN-OPT ITERATIONS DONE : 1

4.40. Executing FSM pass (extract and optimize FSM).

4.40.1. Executing FSM_DETECT pass (finding FSMs in design).

4.40.2. Executing FSM_EXTRACT pass (extracting FSM from design).

4.40.3. Executing FSM_OPT pass (simple optimizations of FSMs).

4.40.4. Executing OPT_CLEAN pass (remove unused cells and wires).
Finding unused cells or wires in module \dsp_netlist..

4.40.5. Executing FSM_OPT pass (simple optimizations of FSMs).

4.40.6. Executing FSM_RECODE pass (re-assigning FSM state encoding).

4.40.7. Executing FSM_INFO pass (dumping all available information on FSM cells).

4.40.8. Executing FSM_MAP pass (mapping FSMs to basic logic).

4.41. Executing WREDUCE pass (reducing word size of cells).

4.42. Executing PEEPOPT pass (run peephole optimizers).

4.43. Executing OPT_CLEAN pass (remove unused cells and wires).
Finding unused cells or wires in module \dsp_netlist..

4.44. Executing OPT_EXPR pass (perform const folding).
Optimizing module dsp_netlist.

4.45. Executing OPT_MERGE pass (detect identical cells).
Finding identical cells in module `\dsp_netlist'.
Removed a total of 0 cells.

4.46. Executing OPT_MUXTREE pass (detect dead branches in mux trees).
Running muxtree optimizer on module \dsp_netlist..
  Creating internal representation of mux trees.
  No muxes found in this module.
Removed 0 multiplexer ports.

4.47. Executing OPT_REDUCE pass (consolidate $*mux and $reduce_* inputs).
  Optimizing cells in module \dsp_netlist.
Performed a total of 0 changes.

4.48. Executing OPT_MERGE pass (detect identical cells).
Finding identical cells in module `\dsp_netlist'.
Removed a total of 0 cells.

4.49. Executing OPT_SHARE pass.

4.50. Executing OPT_DFF pass (perform DFF optimizations).
[#visit=0, #solve=0, #remove=0, time=0.00 sec.]

4.51. Executing OPT_CLEAN pass (remove unused cells and wires).
Finding unused cells or wires in module \dsp_netlist..

4.52. Executing OPT_EXPR pass (perform const folding).
Optimizing module dsp_netlist.

RUN-OPT ITERATIONS DONE : 1

4.53. Executing OPT_EXPR pass (perform const folding).
Optimizing module dsp_netlist.

4.54. Executing OPT_MERGE pass (detect identical cells).
Finding identical cells in module `\dsp_netlist'.
Removed a total of 0 cells.

4.55. Executing OPT_MUXTREE pass (detect dead branches in mux trees).
Running muxtree optimizer on module \dsp_netlist..
  Creating internal representation of mux trees.
  No muxes found in this module.
Removed 0 multiplexer ports.

4.56. Executing OPT_REDUCE pass (consolidate $*mux and $reduce_* inputs).
  Optimizing cells in module \dsp_netlist.
Performed a total of 0 changes.

4.57. Executing OPT_MERGE pass (detect identical cells).
Finding identical cells in module `\dsp_netlist'.
Removed a total of 0 cells.

4.58. Executing OPT_SHARE pass.

4.59. Executing OPT_DFF pass (perform DFF optimizations).
[#visit=0, #solve=0, #remove=0, time=0.00 sec.]

4.60. Executing OPT_CLEAN pass (remove unused cells and wires).
Finding unused cells or wires in module \dsp_netlist..

4.61. Executing OPT_EXPR pass (perform const folding).
Optimizing module dsp_netlist.

RUN-OPT ITERATIONS DONE : 1

4.62. Executing OPT_EXPR pass (perform const folding).
Optimizing module dsp_netlist.

4.63. Executing OPT_MERGE pass (detect identical cells).
Finding identical cells in module `\dsp_netlist'.
Removed a total of 0 cells.

4.64. Executing OPT_MUXTREE pass (detect dead branches in mux trees).
Running muxtree optimizer on module \dsp_netlist..
  Creating internal representation of mux trees.
  No muxes found in this module.
Removed 0 multiplexer ports.

4.65. Executing OPT_REDUCE pass (consolidate $*mux and $reduce_* inputs).
  Optimizing cells in module \dsp_netlist.
Performed a total of 0 changes.

4.66. Executing OPT_MERGE pass (detect identical cells).
Finding identical cells in module `\dsp_netlist'.
Removed a total of 0 cells.

4.67. Executing OPT_SHARE pass.

4.68. Executing OPT_DFF pass (perform DFF optimizations).
[#visit=0, #solve=0, #remove=0, time=0.00 sec.]

4.69. Executing OPT_DFF pass (perform DFF optimizations).
[#visit=0, #solve=0, #remove=0, time=0.00 sec.]

4.70. Executing OPT_CLEAN pass (remove unused cells and wires).
Finding unused cells or wires in module \dsp_netlist..

4.71. Executing OPT_EXPR pass (perform const folding).
Optimizing module dsp_netlist.

RUN-OPT ITERATIONS DONE : 1

4.72. Executing WREDUCE pass (reducing word size of cells).

4.73. Executing PEEPOPT pass (run peephole optimizers).

4.74. Executing OPT_CLEAN pass (remove unused cells and wires).
Finding unused cells or wires in module \dsp_netlist..

4.75. Executing DEMUXMAP pass.

4.76. Executing SPLITNETS pass (splitting up multi-bit signals).

4.77. Printing statistics.

=== dsp_netlist ===

   Number of wires:                 84
   Number of wire bits:           1171
   Number of public wires:          84
   Number of public wire bits:    1171
   Number of ports:                 19
   Number of port bits:            167
   Number of memories:               0
   Number of memory bits:            0
   Number of processes:              0
   Number of cells:                420
     CARRY                         137
     DFFRE                         137
     DSP38                           8
     LUT1                            1
     LUT2                          123
     LUT3                           14

4.78. Executing RS_DSP_MULTADD pass.

4.79. Executing WREDUCE pass (reducing word size of cells).

4.80. Executing RS_DSP_MACC pass.

4.81. Executing OPT_CLEAN pass (remove unused cells and wires).
Finding unused cells or wires in module \dsp_netlist..

4.82. Executing TECHMAP pass (map to technology primitives).

4.82.1. Executing Verilog-2005 frontend: /nfs_eda_sw/softwares/Raptor/instl_dir/12_05_2024_09_15_01/bin/../share/yosys/mul2dsp_check_maxwidth.v
Parsing Verilog input from `/nfs_eda_sw/softwares/Raptor/instl_dir/12_05_2024_09_15_01/bin/../share/yosys/mul2dsp_check_maxwidth.v' to AST representation.
Generating RTLIL representation for module `\_80_mul'.
Generating RTLIL representation for module `\_90_soft_mul'.
Successfully finished Verilog frontend.

4.82.2. Continuing TECHMAP pass.
No more expansions possible.
<suppressed ~4 debug messages>

4.83. Printing statistics.

=== dsp_netlist ===

   Number of wires:                 84
   Number of wire bits:           1171
   Number of public wires:          84
   Number of public wire bits:    1171
   Number of ports:                 19
   Number of port bits:            167
   Number of memories:               0
   Number of memory bits:            0
   Number of processes:              0
   Number of cells:                420
     CARRY                         137
     DFFRE                         137
     DSP38                           8
     LUT1                            1
     LUT2                          123
     LUT3                           14

4.84. Executing TECHMAP pass (map to technology primitives).

4.84.1. Executing Verilog-2005 frontend: /nfs_eda_sw/softwares/Raptor/instl_dir/12_05_2024_09_15_01/bin/../share/yosys/mul2dsp_check_maxwidth.v
Parsing Verilog input from `/nfs_eda_sw/softwares/Raptor/instl_dir/12_05_2024_09_15_01/bin/../share/yosys/mul2dsp_check_maxwidth.v' to AST representation.
Generating RTLIL representation for module `\_80_mul'.
Generating RTLIL representation for module `\_90_soft_mul'.
Successfully finished Verilog frontend.

4.84.2. Continuing TECHMAP pass.
No more expansions possible.
<suppressed ~4 debug messages>

4.85. Printing statistics.

=== dsp_netlist ===

   Number of wires:                 84
   Number of wire bits:           1171
   Number of public wires:          84
   Number of public wire bits:    1171
   Number of ports:                 19
   Number of port bits:            167
   Number of memories:               0
   Number of memory bits:            0
   Number of processes:              0
   Number of cells:                420
     CARRY                         137
     DFFRE                         137
     DSP38                           8
     LUT1                            1
     LUT2                          123
     LUT3                           14

4.86. Executing TECHMAP pass (map to technology primitives).

4.86.1. Executing Verilog-2005 frontend: /nfs_eda_sw/softwares/Raptor/instl_dir/12_05_2024_09_15_01/bin/../share/yosys/mul2dsp.v
Parsing Verilog input from `/nfs_eda_sw/softwares/Raptor/instl_dir/12_05_2024_09_15_01/bin/../share/yosys/mul2dsp.v' to AST representation.
Generating RTLIL representation for module `\_80_mul'.
Generating RTLIL representation for module `\_90_soft_mul'.
Successfully finished Verilog frontend.

4.86.2. Continuing TECHMAP pass.
No more expansions possible.
<suppressed ~4 debug messages>

4.87. Executing TECHMAP pass (map to technology primitives).

4.87.1. Executing Verilog-2005 frontend: /nfs_eda_sw/softwares/Raptor/instl_dir/12_05_2024_09_15_01/bin/../share/yosys/mul2dsp.v
Parsing Verilog input from `/nfs_eda_sw/softwares/Raptor/instl_dir/12_05_2024_09_15_01/bin/../share/yosys/mul2dsp.v' to AST representation.
Generating RTLIL representation for module `\_80_mul'.
Generating RTLIL representation for module `\_90_soft_mul'.
Successfully finished Verilog frontend.

4.87.2. Continuing TECHMAP pass.
No more expansions possible.
<suppressed ~4 debug messages>

4.88. Executing TECHMAP pass (map to technology primitives).

4.88.1. Executing Verilog-2005 frontend: /nfs_eda_sw/softwares/Raptor/instl_dir/12_05_2024_09_15_01/bin/../share/yosys/rapidsilicon/genesis3/dsp_map.v
Parsing Verilog input from `/nfs_eda_sw/softwares/Raptor/instl_dir/12_05_2024_09_15_01/bin/../share/yosys/rapidsilicon/genesis3/dsp_map.v' to AST representation.
Generating RTLIL representation for module `\$__RS_MUL20X18'.
Generating RTLIL representation for module `\$__RS_MUL10X9'.
Successfully finished Verilog frontend.

4.88.2. Continuing TECHMAP pass.
No more expansions possible.
<suppressed ~4 debug messages>

4.89. Executing RS_DSP_SIMD pass.

4.90. Executing TECHMAP pass (map to technology primitives).

4.90.1. Executing Verilog-2005 frontend: /nfs_eda_sw/softwares/Raptor/instl_dir/12_05_2024_09_15_01/bin/../share/yosys/rapidsilicon/genesis3/dsp_final_map.v
Parsing Verilog input from `/nfs_eda_sw/softwares/Raptor/instl_dir/12_05_2024_09_15_01/bin/../share/yosys/rapidsilicon/genesis3/dsp_final_map.v' to AST representation.
Generating RTLIL representation for module `\dsp_t1_20x18x64_cfg_ports'.
Generating RTLIL representation for module `\dsp_t1_10x9x32_cfg_params'.
Successfully finished Verilog frontend.

4.90.2. Continuing TECHMAP pass.
No more expansions possible.
<suppressed ~4 debug messages>

4.91. Executing TECHMAP pass (map to technology primitives).

4.91.1. Executing Verilog-2005 frontend: /nfs_eda_sw/softwares/Raptor/instl_dir/12_05_2024_09_15_01/bin/../share/yosys/rapidsilicon/genesis3/dsp19x2_map.v
Parsing Verilog input from `/nfs_eda_sw/softwares/Raptor/instl_dir/12_05_2024_09_15_01/bin/../share/yosys/rapidsilicon/genesis3/dsp19x2_map.v' to AST representation.
Generating RTLIL representation for module `\RS_DSPX2_MULTACC'.
Generating RTLIL representation for module `\RS_DSPX2_MULT'.
Generating RTLIL representation for module `\RS_DSPX2_MULT_REGIN'.
Generating RTLIL representation for module `\RS_DSPX2_MULT_REGOUT'.
Generating RTLIL representation for module `\RS_DSPX2_MULT_REGIN_REGOUT'.
Generating RTLIL representation for module `\RS_DSPX2_MULTADD'.
Generating RTLIL representation for module `\RS_DSPX2_MULTADD_REGIN'.
Generating RTLIL representation for module `\RS_DSPX2_MULTADD_REGOUT'.
Generating RTLIL representation for module `\RS_DSPX2_MULTADD_REGIN_REGOUT'.
Generating RTLIL representation for module `\RS_DSPX2_MULTACC_REGIN'.
Generating RTLIL representation for module `\RS_DSPX2_MULTACC_REGOUT'.
Generating RTLIL representation for module `\RS_DSPX2_MULTACC_REGIN_REGOUT'.
Generating RTLIL representation for module `\RS_DSP3'.
Successfully finished Verilog frontend.

4.91.2. Continuing TECHMAP pass.
No more expansions possible.
<suppressed ~15 debug messages>

4.92. Executing rs_pack_dsp_regs pass.

4.93. Executing RS_DSP_IO_REGS pass.

4.94. Executing TECHMAP pass (map to technology primitives).

4.94.1. Executing Verilog-2005 frontend: /nfs_eda_sw/softwares/Raptor/instl_dir/12_05_2024_09_15_01/bin/../share/yosys/rapidsilicon/genesis3/dsp38_map.v
Parsing Verilog input from `/nfs_eda_sw/softwares/Raptor/instl_dir/12_05_2024_09_15_01/bin/../share/yosys/rapidsilicon/genesis3/dsp38_map.v' to AST representation.
Generating RTLIL representation for module `\RS_DSP_MULTACC'.
Generating RTLIL representation for module `\RS_DSP_MULT'.
Generating RTLIL representation for module `\RS_DSP_MULT_REGIN'.
Generating RTLIL representation for module `\RS_DSP_MULT_REGOUT'.
Generating RTLIL representation for module `\RS_DSP_MULT_REGIN_REGOUT'.
Generating RTLIL representation for module `\RS_DSP_MULTADD'.
Generating RTLIL representation for module `\RS_DSP_MULTADD_REGIN'.
Generating RTLIL representation for module `\RS_DSP_MULTADD_REGOUT'.
Generating RTLIL representation for module `\RS_DSP_MULTADD_REGIN_REGOUT'.
Generating RTLIL representation for module `\RS_DSP_MULTACC_REGIN'.
Generating RTLIL representation for module `\RS_DSP_MULTACC_REGOUT'.
Generating RTLIL representation for module `\RS_DSP_MULTACC_REGIN_REGOUT'.
Successfully finished Verilog frontend.

4.94.2. Continuing TECHMAP pass.
No more expansions possible.
<suppressed ~14 debug messages>

4.95. Executing TECHMAP pass (map to technology primitives).

4.95.1. Executing Verilog-2005 frontend: /nfs_eda_sw/softwares/Raptor/instl_dir/12_05_2024_09_15_01/bin/../share/yosys/rapidsilicon/genesis3/dsp19x2_map.v
Parsing Verilog input from `/nfs_eda_sw/softwares/Raptor/instl_dir/12_05_2024_09_15_01/bin/../share/yosys/rapidsilicon/genesis3/dsp19x2_map.v' to AST representation.
Generating RTLIL representation for module `\RS_DSPX2_MULTACC'.
Generating RTLIL representation for module `\RS_DSPX2_MULT'.
Generating RTLIL representation for module `\RS_DSPX2_MULT_REGIN'.
Generating RTLIL representation for module `\RS_DSPX2_MULT_REGOUT'.
Generating RTLIL representation for module `\RS_DSPX2_MULT_REGIN_REGOUT'.
Generating RTLIL representation for module `\RS_DSPX2_MULTADD'.
Generating RTLIL representation for module `\RS_DSPX2_MULTADD_REGIN'.
Generating RTLIL representation for module `\RS_DSPX2_MULTADD_REGOUT'.
Generating RTLIL representation for module `\RS_DSPX2_MULTADD_REGIN_REGOUT'.
Generating RTLIL representation for module `\RS_DSPX2_MULTACC_REGIN'.
Generating RTLIL representation for module `\RS_DSPX2_MULTACC_REGOUT'.
Generating RTLIL representation for module `\RS_DSPX2_MULTACC_REGIN_REGOUT'.
Generating RTLIL representation for module `\RS_DSP3'.
Successfully finished Verilog frontend.

4.95.2. Continuing TECHMAP pass.
No more expansions possible.
<suppressed ~15 debug messages>

4.96. Printing statistics.

=== dsp_netlist ===

   Number of wires:                 84
   Number of wire bits:           1171
   Number of public wires:          84
   Number of public wire bits:    1171
   Number of ports:                 19
   Number of port bits:            167
   Number of memories:               0
   Number of memory bits:            0
   Number of processes:              0
   Number of cells:                420
     CARRY                         137
     DFFRE                         137
     DSP38                           8
     LUT1                            1
     LUT2                          123
     LUT3                           14

4.97. Executing ALUMACC pass (create $alu and $macc cells).
Extracting $alu and $macc cells in module dsp_netlist:
  created 0 $alu and 0 $macc cells.

4.98. Executing OPT_EXPR pass (perform const folding).
Optimizing module dsp_netlist.

4.99. Executing OPT_MERGE pass (detect identical cells).
Finding identical cells in module `\dsp_netlist'.
Removed a total of 0 cells.

4.100. Executing OPT_MUXTREE pass (detect dead branches in mux trees).
Running muxtree optimizer on module \dsp_netlist..
  Creating internal representation of mux trees.
  No muxes found in this module.
Removed 0 multiplexer ports.

4.101. Executing OPT_REDUCE pass (consolidate $*mux and $reduce_* inputs).
  Optimizing cells in module \dsp_netlist.
Performed a total of 0 changes.

4.102. Executing OPT_MERGE pass (detect identical cells).
Finding identical cells in module `\dsp_netlist'.
Removed a total of 0 cells.

4.103. Executing OPT_SHARE pass.

4.104. Executing OPT_DFF pass (perform DFF optimizations).
[#visit=0, #solve=0, #remove=0, time=0.00 sec.]

4.105. Executing OPT_CLEAN pass (remove unused cells and wires).
Finding unused cells or wires in module \dsp_netlist..

4.106. Executing OPT_EXPR pass (perform const folding).
Optimizing module dsp_netlist.

RUN-OPT ITERATIONS DONE : 1

4.107. Printing statistics.

=== dsp_netlist ===

   Number of wires:                 84
   Number of wire bits:           1171
   Number of public wires:          84
   Number of public wire bits:    1171
   Number of ports:                 19
   Number of port bits:            167
   Number of memories:               0
   Number of memory bits:            0
   Number of processes:              0
   Number of cells:                420
     CARRY                         137
     DFFRE                         137
     DSP38                           8
     LUT1                            1
     LUT2                          123
     LUT3                           14

4.108. Executing MEMORY pass.

4.108.1. Executing OPT_MEM pass (optimize memories).
Performed a total of 0 transformations.

4.108.2. Executing OPT_MEM_PRIORITY pass (removing unnecessary memory write priority relations).
Performed a total of 0 transformations.

4.108.3. Executing OPT_MEM_FEEDBACK pass (finding memory read-to-write feedback paths).

4.108.4. Executing MEMORY_BMUX2ROM pass (converting muxes to ROMs).

4.108.5. Executing MEMORY_DFF pass (merging $dff cells to $memrd).

4.108.6. Executing OPT_CLEAN pass (remove unused cells and wires).
Finding unused cells or wires in module \dsp_netlist..

4.108.7. Executing MEMORY_SHARE pass (consolidating $memrd/$memwr cells).

4.108.8. Executing OPT_MEM_WIDEN pass (optimize memories where all ports are wide).
Performed a total of 0 transformations.

4.108.9. Executing OPT_CLEAN pass (remove unused cells and wires).
Finding unused cells or wires in module \dsp_netlist..

4.108.10. Executing MEMORY_COLLECT pass (generating $mem cells).

4.109. Printing statistics.

=== dsp_netlist ===

   Number of wires:                 84
   Number of wire bits:           1171
   Number of public wires:          84
   Number of public wire bits:    1171
   Number of ports:                 19
   Number of port bits:            167
   Number of memories:               0
   Number of memory bits:            0
   Number of processes:              0
   Number of cells:                420
     CARRY                         137
     DFFRE                         137
     DSP38                           8
     LUT1                            1
     LUT2                          123
     LUT3                           14

4.110. Executing MUXPACK pass ($mux cell cascades to $pmux).
Converted 0 (p)mux cells into 0 pmux cells.

4.111. Executing OPT_CLEAN pass (remove unused cells and wires).
Finding unused cells or wires in module \dsp_netlist..

4.112. Executing MEMORY_LIBMAP pass (mapping memories to cells).

4.113. Executing MEMORY_LIBMAP pass (mapping memories to cells).

4.114. Executing Rs_BRAM_Split pass.

4.115. Executing TECHMAP pass (map to technology primitives).

4.115.1. Executing Verilog-2005 frontend: /nfs_eda_sw/softwares/Raptor/instl_dir/12_05_2024_09_15_01/bin/../share/yosys/rapidsilicon/genesis3/brams_map_new_version.v
Parsing Verilog input from `/nfs_eda_sw/softwares/Raptor/instl_dir/12_05_2024_09_15_01/bin/../share/yosys/rapidsilicon/genesis3/brams_map_new_version.v' to AST representation.
Generating RTLIL representation for module `\$__RS_FACTOR_BRAM36_TDP'.
Generating RTLIL representation for module `\$__RS_FACTOR_BRAM18_TDP'.
Generating RTLIL representation for module `\$__RS_FACTOR_BRAM18_SDP'.
Generating RTLIL representation for module `\$__RS_FACTOR_BRAM36_SDP'.
Successfully finished Verilog frontend.

4.115.2. Continuing TECHMAP pass.
No more expansions possible.
<suppressed ~6 debug messages>

4.116. Executing TECHMAP pass (map to technology primitives).

4.116.1. Executing Verilog-2005 frontend: /nfs_eda_sw/softwares/Raptor/instl_dir/12_05_2024_09_15_01/bin/../share/yosys/rapidsilicon/genesis3/brams_final_map_new_version.v
Parsing Verilog input from `/nfs_eda_sw/softwares/Raptor/instl_dir/12_05_2024_09_15_01/bin/../share/yosys/rapidsilicon/genesis3/brams_final_map_new_version.v' to AST representation.
Generating RTLIL representation for module `\BRAM2x18_TDP'.
Generating RTLIL representation for module `\BRAM2x18_SDP'.
Successfully finished Verilog frontend.

4.116.2. Continuing TECHMAP pass.
No more expansions possible.
<suppressed ~4 debug messages>

4.117. Executing DFFUNMAP pass (unmap clock enable and synchronous reset from FFs).

4.118. Executing OPT_EXPR pass (perform const folding).
Optimizing module dsp_netlist.

4.119. Executing OPT_MERGE pass (detect identical cells).
Finding identical cells in module `\dsp_netlist'.
Removed a total of 0 cells.

4.120. Executing OPT_MUXTREE pass (detect dead branches in mux trees).
Running muxtree optimizer on module \dsp_netlist..
  Creating internal representation of mux trees.
  No muxes found in this module.
Removed 0 multiplexer ports.

4.121. Executing OPT_REDUCE pass (consolidate $*mux and $reduce_* inputs).
  Optimizing cells in module \dsp_netlist.
Performed a total of 0 changes.

4.122. Executing OPT_MERGE pass (detect identical cells).
Finding identical cells in module `\dsp_netlist'.
Removed a total of 0 cells.

4.123. Executing OPT_SHARE pass.

4.124. Executing OPT_DFF pass (perform DFF optimizations).
[#visit=0, #solve=0, #remove=0, time=0.00 sec.]

4.125. Executing OPT_CLEAN pass (remove unused cells and wires).
Finding unused cells or wires in module \dsp_netlist..

4.126. Executing OPT_EXPR pass (perform const folding).
Optimizing module dsp_netlist.

RUN-OPT ITERATIONS DONE : 1

4.127. Executing PMUXTREE pass.

4.128. Executing MUXPACK pass ($mux cell cascades to $pmux).
Converted 0 (p)mux cells into 0 pmux cells.

4.129. Executing MEMORY_MAP pass (converting memories to logic and flip-flops).

4.130. Executing TECHMAP pass (map to technology primitives).

4.130.1. Executing Verilog-2005 frontend: /nfs_eda_sw/softwares/Raptor/instl_dir/12_05_2024_09_15_01/bin/../share/yosys/techmap.v
Parsing Verilog input from `/nfs_eda_sw/softwares/Raptor/instl_dir/12_05_2024_09_15_01/bin/../share/yosys/techmap.v' to AST representation.
Generating RTLIL representation for module `\_90_simplemap_bool_ops'.
Generating RTLIL representation for module `\_90_simplemap_reduce_ops'.
Generating RTLIL representation for module `\_90_simplemap_logic_ops'.
Generating RTLIL representation for module `\_90_simplemap_compare_ops'.
Generating RTLIL representation for module `\_90_simplemap_various'.
Generating RTLIL representation for module `\_90_simplemap_registers'.
Generating RTLIL representation for module `\_90_shift_ops_shr_shl_sshl_sshr'.
Generating RTLIL representation for module `\_90_shift_shiftx'.
Generating RTLIL representation for module `\_90_fa'.
Generating RTLIL representation for module `\_90_lcu_brent_kung'.
Generating RTLIL representation for module `\_90_alu'.
Generating RTLIL representation for module `\_90_macc'.
Generating RTLIL representation for module `\_90_alumacc'.
Generating RTLIL representation for module `\$__div_mod_u'.
Generating RTLIL representation for module `\$__div_mod_trunc'.
Generating RTLIL representation for module `\_90_div'.
Generating RTLIL representation for module `\_90_mod'.
Generating RTLIL representation for module `\$__div_mod_floor'.
Generating RTLIL representation for module `\_90_divfloor'.
Generating RTLIL representation for module `\_90_modfloor'.
Generating RTLIL representation for module `\_90_pow'.
Generating RTLIL representation for module `\_90_pmux'.
Generating RTLIL representation for module `\_90_demux'.
Generating RTLIL representation for module `\_90_lut'.
Successfully finished Verilog frontend.

4.130.2. Executterminate called after throwing an instance of 'std::out_of_range'
  what():  dict::at()
ERROR: SYN: Design dsp_netlist Synthesis failed
ing Verilog-2005 frontend: /nfs_eda_sw/softwares/Raptor/instl_dir/12_05_2024_09_15_01/bin/../share/yosys/rapidsilicon/genesis3/arith_map.v
Parsing Verilog input from `/nfs_eda_sw/softwares/Raptor/instl_dir/12_05_2024_09_15_01/bin/../share/yosys/rapidsilicon/genesis3/arith_map.v' to AST representation.
Generating RTLIL representation for module `\_80_rs_alu'.
Successfully finished Verilog frontend.

4.130.3. Continuing TECHMAP pass.
No more expansions possible.
<suppressed ~73 debug messages>
Design dsp_netlist Synthesis failed
    while executing
"synthesize delay"
    (file "../raptor_tcl.tcl" line 9)
/*******************************************************************************
Copyright (c) 2022-2024 Rapid Silicon
This source code contains proprietary information belonging to Rapid Silicon
(the "licensor") released under license and non-disclosure agreement to the
recipient (the "licensee").

The information shared and protected by the license and non-disclosure agreement
includes but is not limited to the following:
* operational algorithms of the product
* logos, graphics, source code, and visual presentation of the product
* confidential operational information of the licensor

The recipient of this source code is NOT permitted to publicly disclose,
re-use, archive beyond the period of the license agreement, transfer to a
sub-licensee, or re-implement any portion of the content covered by the license
and non-disclosure agreement without the prior written consent of the licensor.
*********************************************************************************/

Version  : 2024.12
Build    : 1.2.38
Hash     : 8dd56ae
Date     : Dec  5 2024
Type     : Engineering
Log Time   : Fri Dec  6 04:47:35 2024 GMT

INFO: Created design: dsp_netlist. Project type: rtl
INFO: Target device: 1VG28
INFO: Device version: v1.6.244
INFO: Adding VERILOG_2001 /nfs_scratch/scratch/CompilerValidation/zaheer_ahmad/os_fpga2/Validation/RTL_testcases/Netlist-RTL_mix_testcases/dsp_netlist/results_dir/.././rtl/dsp_netlist.v
INFO: ANL: ##################################################
INFO: ANL: Analysis for design: dsp_netlist
INFO: ANL: ##################################################
INFO: ANL: Analyze command: /nfs_eda_sw/softwares/Raptor/instl_dir/12_05_2024_09_15_01/bin/yosys -s /nfs_scratch/scratch/CompilerValidation/zaheer_ahmad/os_fpga2/Validation/RTL_testcases/Netlist-RTL_mix_testcases/dsp_netlist/results_dir/dsp_netlist/run_1/synth_1_1/analysis/dsp_netlist_analyzer.cmd
Command: /nfs_eda_sw/softwares/Raptor/instl_dir/12_05_2024_09_15_01/bin/yosys -s /nfs_scratch/scratch/CompilerValidation/zaheer_ahmad/os_fpga2/Validation/RTL_testcases/Netlist-RTL_mix_testcases/dsp_netlist/results_dir/dsp_netlist/run_1/synth_1_1/analysis/dsp_netlist_analyzer.cmd

 /----------------------------------------------------------------------------\
 |  yosys -- Yosys Open SYnthesis Suite                                       |
 |  Copyright (C) 2012 - 2024  Claire Xenia Wolf <claire@yosyshq.com>         |
 |  Distributed under an ISC-like license, type "license" to see terms        |
 \----------------------------------------------------------------------------/

 Yosys 0.44 (git sha1 8ecee74c1, g++ 11.2.1 -fPIC -O3)

-- Executing script file `/nfs_scratch/scratch/CompilerValidation/zaheer_ahmad/os_fpga2/Validation/RTL_testcases/Netlist-RTL_mix_testcases/dsp_netlist/results_dir/dsp_netlist/run_1/synth_1_1/analysis/dsp_netlist_analyzer.cmd' --

1. Executing Verilog-2005 frontend: /nfs_eda_sw/softwares/Raptor/instl_dir/12_05_2024_09_15_01/share/raptor/sim_models/rapidsilicon/genesis3/FPGA_PRIMITIVES_MODELS/blackbox_models/cell_sim_blackbox.v
Parsing SystemVerilog input from `/nfs_eda_sw/softwares/Raptor/instl_dir/12_05_2024_09_15_01/share/raptor/sim_models/rapidsilicon/genesis3/FPGA_PRIMITIVES_MODELS/blackbox_models/cell_sim_blackbox.v' to AST representation.
Generating RTLIL representation for module `\BOOT_CLOCK'.
Generating RTLIL representation for module `\CARRY_BREAK'.
Generating RTLIL representation for module `\CARRY'.
Generating RTLIL representation for module `\CLK_BUF'.
Generating RTLIL representation for module `\DFFNRE'.
Generating RTLIL representation for module `\DFFRE'.
Generating RTLIL representation for module `\DLY_SEL_DECODER'.
Generating RTLIL representation for module `\DLY_VALUE_MUX'.
Generating RTLIL representation for module `\DSP19X2'.
Generating RTLIL representation for module `\DSP38'.
Generating RTLIL representation for module `\FCLK_BUF'.
Generating RTLIL representation for module `\FIFO18KX2'.
Generating RTLIL representation for module `\FIFO36K'.
Generating RTLIL representation for module `\I_BUF_DS'.
Generating RTLIL representation for module `\I_BUF'.
Generating RTLIL representation for module `\I_DDR'.
Generating RTLIL representation for module `\I_DELAY'.
Generating RTLIL representation for module `\I_FAB'.
Generating RTLIL representation for module `\I_SERDES'.
Generating RTLIL representation for module `\LATCHNR'.
Generating RTLIL representation for module `\LATCHNS'.
Generating RTLIL representation for module `\LATCHN'.
Generating RTLIL representation for module `\LATCHR'.
Generating RTLIL representation for module `\LATCHS'.
Generating RTLIL representation for module `\LATCH'.
Generating RTLIL representation for module `\LUT1'.
Generating RTLIL representation for module `\LUT2'.
Generating RTLIL representation for module `\LUT3'.
Generating RTLIL representation for module `\LUT4'.
Generating RTLIL representation for module `\LUT5'.
Generating RTLIL representation for module `\LUT6'.
Generating RTLIL representation for module `\MIPI_RX'.
Generating RTLIL representation for module `\MIPI_TX'.
Generating RTLIL representation for module `\O_BUF_DS'.
Generating RTLIL representation for module `\O_BUFT_DS'.
Generating RTLIL representation for module `\O_BUFT'.
Generating RTLIL representation for module `\O_BUF'.
Generating RTLIL representation for module `\O_DDR'.
Generating RTLIL representation for module `\O_DELAY'.
Generating RTLIL representation for module `\O_FAB'.
Generating RTLIL representation for module `\O_SERDES_CLK'.
Generating RTLIL representation for module `\O_SERDES'.
Generating RTLIL representation for module `\PLL'.
Generating RTLIL representation for module `\SOC_FPGA_INTF_AHB_M'.
Generating RTLIL representation for module `\SOC_FPGA_INTF_AHB_S'.
Generating RTLIL representation for module `\SOC_FPGA_INTF_AXI_M0'.
Generating RTLIL representation for module `\SOC_FPGA_INTF_AXI_M1'.
Generating RTLIL representation for module `\SOC_FPGA_INTF_DMA'.
Generating RTLIL representation for module `\SOC_FPGA_INTF_IRQ'.
Generating RTLIL representation for module `\SOC_FPGA_INTF_JTAG'.
Generating RTLIL representation for module `\SOC_FPGA_TEMPERATURE'.
Generating RTLIL representation for module `\TDP_RAM18KX2'.
Generating RTLIL representation for module `\TDP_RAM36K'.
Successfully finished Verilog frontend.

2. Executing Verilog-2005 frontend: /nfs_scratch/scratch/CompilerValidation/zaheer_ahmad/os_fpga2/Validation/RTL_testcases/Netlist-RTL_mix_testcases/dsp_netlist/results_dir/.././rtl/dsp_netlist.v
Parsing Verilog input from `/nfs_scratch/scratch/CompilerValidation/zaheer_ahmad/os_fpga2/Validation/RTL_testcases/Netlist-RTL_mix_testcases/dsp_netlist/results_dir/.././rtl/dsp_netlist.v' to AST representation.
Generating RTLIL representation for module `\dsp_netlist'.
Successfully finished Verilog frontend.

-- Running command `hierarchy -top dsp_netlist' --

3. Executing HIERARCHY pass (managing design hierarchy).

3.1. Analyzing design hierarchy..
Top module:  \dsp_netlist

3.2. Analyzing design hierarchy..
Top module:  \dsp_netlist
Removed 0 unused modules.

Dumping file hier_info.json ...
 Process module "CARRY"
 Process module "DFFRE"
 Process module "DSP38"
 Process module "LUT1"
 Process module "LUT2"
 Process module "LUT3"
Dumping file port_info.json ...

End of script. Logfile hash: 4597c28a73, CPU: user 0.16s system 0.02s, MEM: 19.24 MB peak
Yosys 0.44 (git sha1 8ecee74c1, g++ 11.2.1 -fPIC -O3)
Time spent: 97% 4x read_verilog (0 sec), 1% 1x analyze (0 sec), ...
INFO: ANL: Design dsp_netlist is analyzed
INFO: ANL: Top Modules: dsp_netlist

INFO: SYN: ##################################################
INFO: SYN: Synthesis for design: dsp_netlist
INFO: SYN: ##################################################
INFO: SYN: RS Synthesis
INFO: SYN: Synthesis command: /nfs_eda_sw/softwares/Raptor/instl_dir/12_05_2024_09_15_01/bin/yosys -s dsp_netlist.ys -l dsp_netlist_synth.log
Command: /nfs_eda_sw/softwares/Raptor/instl_dir/12_05_2024_09_15_01/bin/yosys -s dsp_netlist.ys -l dsp_netlist_synth.log

 /----------------------------------------------------------------------------\
 |  yosys -- Yosys Open SYnthesis Suite                                       |
 |  Copyright (C) 2012 - 2024  Claire Xenia Wolf <claire@yosyshq.com>         |
 |  Distributed under an ISC-like license, type "license" to see terms        |
 \----------------------------------------------------------------------------/

 Yosys 0.44 (git sha1 8ecee74c1, g++ 11.2.1 -fPIC -O3)

-- Executing script file `dsp_netlist.ys' --

1. Executing Verilog-2005 frontend: /nfs_eda_sw/softwares/Raptor/instl_dir/12_05_2024_09_15_01/share/raptor/sim_models/rapidsilicon/genesis3/FPGA_PRIMITIVES_MODELS/blackbox_models/cell_sim_blackbox.v
Parsing SystemVerilog input from `/nfs_eda_sw/softwares/Raptor/instl_dir/12_05_2024_09_15_01/share/raptor/sim_models/rapidsilicon/genesis3/FPGA_PRIMITIVES_MODELS/blackbox_models/cell_sim_blackbox.v' to AST representation.
Generating RTLIL representation for module `\BOOT_CLOCK'.
Generating RTLIL representation for module `\CARRY_BREAK'.
Generating RTLIL representation for module `\CARRY'.
Generating RTLIL representation for module `\CLK_BUF'.
Generating RTLIL representation for module `\DFFNRE'.
Generating RTLIL representation for module `\DFFRE'.
Generating RTLIL representation for module `\DLY_SEL_DECODER'.
Generating RTLIL representation for module `\DLY_VALUE_MUX'.
Generating RTLIL representation for module `\DSP19X2'.
Generating RTLIL representation for module `\DSP38'.
Generating RTLIL representation for module `\FCLK_BUF'.
Generating RTLIL representation for module `\FIFO18KX2'.
Generating RTLIL representation for module `\FIFO36K'.
Generating RTLIL representation for module `\I_BUF_DS'.
Generating RTLIL representation for module `\I_BUF'.
Generating RTLIL representation for module `\I_DDR'.
Generating RTLIL representation for module `\I_DELAY'.
Generating RTLIL representation for module `\I_FAB'.
Generating RTLIL representation for module `\I_SERDES'.
Generating RTLIL representation for module `\LATCHNR'.
Generating RTLIL representation for module `\LATCHNS'.
Generating RTLIL representation for module `\LATCHN'.
Generating RTLIL representation for module `\LATCHR'.
Generating RTLIL representation for module `\LATCHS'.
Generating RTLIL representation for module `\LATCH'.
Generating RTLIL representation for module `\LUT1'.
Generating RTLIL representation for module `\LUT2'.
Generating RTLIL representation for module `\LUT3'.
Generating RTLIL representation for module `\LUT4'.
Generating RTLIL representation for module `\LUT5'.
Generating RTLIL representation for module `\LUT6'.
Generating RTLIL representation for module `\MIPI_RX'.
Generating RTLIL representation for module `\MIPI_TX'.
Generating RTLIL representation for module `\O_BUF_DS'.
Generating RTLIL representation for module `\O_BUFT_DS'.
Generating RTLIL representation for module `\O_BUFT'.
Generating RTLIL representation for module `\O_BUF'.
Generating RTLIL representation for module `\O_DDR'.
Generating RTLIL representation for module `\O_DELAY'.
Generating RTLIL representation for module `\O_FAB'.
Generating RTLIL representation for module `\O_SERDES_CLK'.
Generating RTLIL representation for module `\O_SERDES'.
Generating RTLIL representation for module `\PLL'.
Generating RTLIL representation for module `\SOC_FPGA_INTF_AHB_M'.
Generating RTLIL representation for module `\SOC_FPGA_INTF_AHB_S'.
Generating RTLIL representation for module `\SOC_FPGA_INTF_AXI_M0'.
Generating RTLIL representation for module `\SOC_FPGA_INTF_AXI_M1'.
Generating RTLIL representation for module `\SOC_FPGA_INTF_DMA'.
Generating RTLIL representation for module `\SOC_FPGA_INTF_IRQ'.
Generating RTLIL representation for module `\SOC_FPGA_INTF_JTAG'.
Generating RTLIL representation for module `\SOC_FPGA_TEMPERATURE'.
Generating RTLIL representation for module `\TDP_RAM18KX2'.
Generating RTLIL representation for module `\TDP_RAM36K'.
Successfully finished Verilog frontend.

2. Executing Verilog-2005 frontend: /nfs_scratch/scratch/CompilerValidation/zaheer_ahmad/os_fpga2/Validation/RTL_testcases/Netlist-RTL_mix_testcases/dsp_netlist/results_dir/.././rtl/dsp_netlist.v
Parsing Verilog input from `/nfs_scratch/scratch/CompilerValidation/zaheer_ahmad/os_fpga2/Validation/RTL_testcases/Netlist-RTL_mix_testcases/dsp_netlist/results_dir/.././rtl/dsp_netlist.v' to AST representation.
Generating RTLIL representation for module `\dsp_netlist'.
Successfully finished Verilog frontend.

3. Executing HIERARCHY pass (managing design hierarchy).

3.1. Analyzing design hierarchy..
Top module:  \dsp_netlist

3.2. Analyzing design hierarchy..
Top module:  \dsp_netlist
Removed 0 unused modules.

4. Executing synth_rs pass: v0.4.218

4.1. Executing Verilog-2005 frontend: /nfs_eda_sw/softwares/Raptor/instl_dir/12_05_2024_09_15_01/bin/../share/yosys/rapidsilicon/common/cells_sim.v
Parsing Verilog input from `/nfs_eda_sw/softwares/Raptor/instl_dir/12_05_2024_09_15_01/bin/../share/yosys/rapidsilicon/common/cells_sim.v' to AST representation.
Generating RTLIL representation for module `\inv'.
Generating RTLIL representation for module `\buff'.
Generating RTLIL representation for module `\logic_0'.
Generating RTLIL representation for module `\logic_1'.
Generating RTLIL representation for module `\gclkbuff'.
Successfully finished Verilog frontend.

4.2. Executing Verilog-2005 frontend: /nfs_eda_sw/softwares/Raptor/instl_dir/12_05_2024_09_15_01/bin/../share/yosys/rapidsilicon/genesis3/FPGA_PRIMITIVES_MODELS/sim_models/verilog/CARRY.v
Parsing Verilog input from `/nfs_eda_sw/softwares/Raptor/instl_dir/12_05_2024_09_15_01/bin/../share/yosys/rapidsilicon/genesis3/FPGA_PRIMITIVES_MODELS/sim_models/verilog/CARRY.v' to AST representation.
Replacing existing blackbox module `\CARRY' at /nfs_eda_sw/softwares/Raptor/instl_dir/12_05_2024_09_15_01/bin/../share/yosys/rapidsilicon/genesis3/FPGA_PRIMITIVES_MODELS/sim_models/verilog/CARRY.v:10.1-41.10.
Generating RTLIL representation for module `\CARRY'.
Successfully finished Verilog frontend.

4.3. Executing Verilog-2005 frontend: /nfs_eda_sw/softwares/Raptor/instl_dir/12_05_2024_09_15_01/bin/../share/yosys/rapidsilicon/genesis3/llatches_sim.v
Parsing Verilog input from `/nfs_eda_sw/softwares/Raptor/instl_dir/12_05_2024_09_15_01/bin/../share/yosys/rapidsilicon/genesis3/llatches_sim.v' to AST representation.
Replacing existing blackbox module `\LATCH' at /nfs_eda_sw/softwares/Raptor/instl_dir/12_05_2024_09_15_01/bin/../share/yosys/rapidsilicon/genesis3/llatches_sim.v:20.1-34.10.
Generating RTLIL representation for module `\LATCH'.
Replacing existing blackbox module `\LATCHN' at /nfs_eda_sw/softwares/Raptor/instl_dir/12_05_2024_09_15_01/bin/../share/yosys/rapidsilicon/genesis3/llatches_sim.v:48.1-62.10.
Generating RTLIL representation for module `\LATCHN'.
Replacing existing blackbox module `\LATCHR' at /nfs_eda_sw/softwares/Raptor/instl_dir/12_05_2024_09_15_01/bin/../share/yosys/rapidsilicon/genesis3/llatches_sim.v:81.1-97.10.
Generating RTLIL representation for module `\LATCHR'.
Replacing existing blackbox module `\LATCHS' at /nfs_eda_sw/softwares/Raptor/instl_dir/12_05_2024_09_15_01/bin/../share/yosys/rapidsilicon/genesis3/llatches_sim.v:115.1-131.10.
Generating RTLIL representation for module `\LATCHS'.
Replacing existing blackbox module `\LATCHNR' at /nfs_eda_sw/softwares/Raptor/instl_dir/12_05_2024_09_15_01/bin/../share/yosys/rapidsilicon/genesis3/llatches_sim.v:150.1-166.10.
Generating RTLIL representation for module `\LATCHNR'.
Replacing existing blackbox module `\LATCHNS' at /nfs_eda_sw/softwares/Raptor/instl_dir/12_05_2024_09_15_01/bin/../share/yosys/rapidsilicon/genesis3/llatches_sim.v:184.1-200.10.
Generating RTLIL representation for module `\LATCHNS'.
Generating RTLIL representation for module `\LATCHSRE'.
Generating RTLIL representation for module `\LATCHNSRE'.
Successfully finished Verilog frontend.

4.4. Executing Verilog-2005 frontend: /nfs_eda_sw/softwares/Raptor/instl_dir/12_05_2024_09_15_01/bin/../share/yosys/rapidsilicon/genesis3/FPGA_PRIMITIVES_MODELS/sim_models/verilog/DFFRE.v
Parsing Verilog input from `/nfs_eda_sw/softwares/Raptor/instl_dir/12_05_2024_09_15_01/bin/../share/yosys/rapidsilicon/genesis3/FPGA_PRIMITIVES_MODELS/sim_models/verilog/DFFRE.v' to AST representation.
Replacing existing blackbox module `\DFFRE' at /nfs_eda_sw/softwares/Raptor/instl_dir/12_05_2024_09_15_01/bin/../share/yosys/rapidsilicon/genesis3/FPGA_PRIMITIVES_MODELS/sim_models/verilog/DFFRE.v:11.1-91.10.
Generating RTLIL representation for module `\DFFRE'.
Successfully finished Verilog frontend.

4.5. Executing Verilog-2005 frontend: /nfs_eda_sw/softwares/Raptor/instl_dir/12_05_2024_09_15_01/bin/../share/yosys/rapidsilicon/genesis3/FPGA_PRIMITIVES_MODELS/sim_models/verilog/DFFNRE.v
Parsing Verilog input from `/nfs_eda_sw/softwares/Raptor/instl_dir/12_05_2024_09_15_01/bin/../share/yosys/rapidsilicon/genesis3/FPGA_PRIMITIVES_MODELS/sim_models/verilog/DFFNRE.v' to AST representation.
Replacing existing blackbox module `\DFFNRE' at /nfs_eda_sw/softwares/Raptor/instl_dir/12_05_2024_09_15_01/bin/../share/yosys/rapidsilicon/genesis3/FPGA_PRIMITIVES_MODELS/sim_models/verilog/DFFNRE.v:11.1-84.10.
Generating RTLIL representation for module `\DFFNRE'.
Successfully finished Verilog frontend.

4.6. Executing Verilog-2005 frontend: /nfs_eda_sw/softwares/Raptor/instl_dir/12_05_2024_09_15_01/bin/../share/yosys/rapidsilicon/genesis3/FPGA_PRIMITIVES_MODELS/sim_models/verilog/LUT1.v
Parsing Verilog input from `/nfs_eda_sw/softwares/Raptor/instl_dir/12_05_2024_09_15_01/bin/../share/yosys/rapidsilicon/genesis3/FPGA_PRIMITIVES_MODELS/sim_models/verilog/LUT1.v' to AST representation.
Replacing existing blackbox module `\LUT1' at /nfs_eda_sw/softwares/Raptor/instl_dir/12_05_2024_09_15_01/bin/../share/yosys/rapidsilicon/genesis3/FPGA_PRIMITIVES_MODELS/sim_models/verilog/LUT1.v:10.1-30.10.
Generating RTLIL representation for module `\LUT1'.
Successfully finished Verilog frontend.

4.7. Executing Verilog-2005 frontend: /nfs_eda_sw/softwares/Raptor/instl_dir/12_05_2024_09_15_01/bin/../share/yosys/rapidsilicon/genesis3/FPGA_PRIMITIVES_MODELS/sim_models/verilog/LUT2.v
Parsing Verilog input from `/nfs_eda_sw/softwares/Raptor/instl_dir/12_05_2024_09_15_01/bin/../share/yosys/rapidsilicon/genesis3/FPGA_PRIMITIVES_MODELS/sim_models/verilog/LUT2.v' to AST representation.
Replacing existing blackbox module `\LUT2' at /nfs_eda_sw/softwares/Raptor/instl_dir/12_05_2024_09_15_01/bin/../share/yosys/rapidsilicon/genesis3/FPGA_PRIMITIVES_MODELS/sim_models/verilog/LUT2.v:10.1-31.10.
Generating RTLIL representation for module `\LUT2'.
Successfully finished Verilog frontend.

4.8. Executing Verilog-2005 frontend: /nfs_eda_sw/softwares/Raptor/instl_dir/12_05_2024_09_15_01/bin/../share/yosys/rapidsilicon/genesis3/FPGA_PRIMITIVES_MODELS/sim_models/verilog/LUT3.v
Parsing Verilog input from `/nfs_eda_sw/softwares/Raptor/instl_dir/12_05_2024_09_15_01/bin/../share/yosys/rapidsilicon/genesis3/FPGA_PRIMITIVES_MODELS/sim_models/verilog/LUT3.v' to AST representation.
Replacing existing blackbox module `\LUT3' at /nfs_eda_sw/softwares/Raptor/instl_dir/12_05_2024_09_15_01/bin/../share/yosys/rapidsilicon/genesis3/FPGA_PRIMITIVES_MODELS/sim_models/verilog/LUT3.v:10.1-33.10.
Generating RTLIL representation for module `\LUT3'.
Successfully finished Verilog frontend.

4.9. Executing Verilog-2005 frontend: /nfs_eda_sw/softwares/Raptor/instl_dir/12_05_2024_09_15_01/bin/../share/yosys/rapidsilicon/genesis3/FPGA_PRIMITIVES_MODELS/sim_models/verilog/LUT4.v
Parsing Verilog input from `/nfs_eda_sw/softwares/Raptor/instl_dir/12_05_2024_09_15_01/bin/../share/yosys/rapidsilicon/genesis3/FPGA_PRIMITIVES_MODELS/sim_models/verilog/LUT4.v' to AST representation.
Replacing existing blackbox module `\LUT4' at /nfs_eda_sw/softwares/Raptor/instl_dir/12_05_2024_09_15_01/bin/../share/yosys/rapidsilicon/genesis3/FPGA_PRIMITIVES_MODELS/sim_models/verilog/LUT4.v:11.1-35.10.
Generating RTLIL representation for module `\LUT4'.
Successfully finished Verilog frontend.

4.10. Executing Verilog-2005 frontend: /nfs_eda_sw/softwares/Raptor/instl_dir/12_05_2024_09_15_01/bin/../share/yosys/rapidsilicon/genesis3/FPGA_PRIMITIVES_MODELS/sim_models/verilog/LUT5.v
Parsing Verilog input from `/nfs_eda_sw/softwares/Raptor/instl_dir/12_05_2024_09_15_01/bin/../share/yosys/rapidsilicon/genesis3/FPGA_PRIMITIVES_MODELS/sim_models/verilog/LUT5.v' to AST representation.
Replacing existing blackbox module `\LUT5' at /nfs_eda_sw/softwares/Raptor/instl_dir/12_05_2024_09_15_01/bin/../share/yosys/rapidsilicon/genesis3/FPGA_PRIMITIVES_MODELS/sim_models/verilog/LUT5.v:10.1-34.10.
Generating RTLIL representation for module `\LUT5'.
Successfully finished Verilog frontend.

4.11. Executing Verilog-2005 frontend: /nfs_eda_sw/softwares/Raptor/instl_dir/12_05_2024_09_15_01/bin/../share/yosys/rapidsilicon/genesis3/FPGA_PRIMITIVES_MODELS/sim_models/verilog/LUT6.v
Parsing Verilog input from `/nfs_eda_sw/softwares/Raptor/instl_dir/12_05_2024_09_15_01/bin/../share/yosys/rapidsilicon/genesis3/FPGA_PRIMITIVES_MODELS/sim_models/verilog/LUT6.v' to AST representation.
Replacing existing blackbox module `\LUT6' at /nfs_eda_sw/softwares/Raptor/instl_dir/12_05_2024_09_15_01/bin/../share/yosys/rapidsilicon/genesis3/FPGA_PRIMITIVES_MODELS/sim_models/verilog/LUT6.v:10.1-34.10.
Generating RTLIL representation for module `\LUT6'.
Successfully finished Verilog frontend.

4.12. Executing Verilog-2005 frontend: /nfs_eda_sw/softwares/Raptor/instl_dir/12_05_2024_09_15_01/bin/../share/yosys/rapidsilicon/genesis3/FPGA_PRIMITIVES_MODELS/sim_models/verilog/CLK_BUF.v
Parsing Verilog input from `/nfs_eda_sw/softwares/Raptor/instl_dir/12_05_2024_09_15_01/bin/../share/yosys/rapidsilicon/genesis3/FPGA_PRIMITIVES_MODELS/sim_models/verilog/CLK_BUF.v' to AST representation.
Replacing existing blackbox module `\CLK_BUF' at /nfs_eda_sw/softwares/Raptor/instl_dir/12_05_2024_09_15_01/bin/../share/yosys/rapidsilicon/genesis3/FPGA_PRIMITIVES_MODELS/sim_models/verilog/CLK_BUF.v:10.1-29.10.
Generating RTLIL representation for module `\CLK_BUF'.
Successfully finished Verilog frontend.

4.13. Executing Verilog-2005 frontend: /nfs_eda_sw/softwares/Raptor/instl_dir/12_05_2024_09_15_01/bin/../share/yosys/rapidsilicon/genesis3/FPGA_PRIMITIVES_MODELS/sim_models/verilog/O_BUF.v
Parsing Verilog input from `/nfs_eda_sw/softwares/Raptor/instl_dir/12_05_2024_09_15_01/bin/../share/yosys/rapidsilicon/genesis3/FPGA_PRIMITIVES_MODELS/sim_models/verilog/O_BUF.v' to AST representation.
Replacing existing blackbox module `\O_BUF' at /nfs_eda_sw/softwares/Raptor/instl_dir/12_05_2024_09_15_01/bin/../share/yosys/rapidsilicon/genesis3/FPGA_PRIMITIVES_MODELS/sim_models/verilog/O_BUF.v:10.1-89.10.
Generating RTLIL representation for module `\O_BUF'.
Successfully finished Verilog frontend.

4.14. Executing Verilog-2005 frontend: /nfs_eda_sw/softwares/Raptor/instl_dir/12_05_2024_09_15_01/bin/../share/yosys/rapidsilicon/genesis3/FPGA_PRIMITIVES_MODELS/sim_models/verilog/DSP38.v
Parsing Verilog input from `/nfs_eda_sw/softwares/Raptor/instl_dir/12_05_2024_09_15_01/bin/../share/yosys/rapidsilicon/genesis3/FPGA_PRIMITIVES_MODELS/sim_models/verilog/DSP38.v' to AST representation.
Replacing existing blackbox module `\DSP38' at /nfs_eda_sw/softwares/Raptor/instl_dir/12_05_2024_09_15_01/bin/../share/yosys/rapidsilicon/genesis3/FPGA_PRIMITIVES_MODELS/sim_models/verilog/DSP38.v:10.1-341.10.
Generating RTLIL representation for module `\DSP38'.
Successfully finished Verilog frontend.

4.15. Executing Verilog-2005 frontend: /nfs_eda_sw/softwares/Raptor/instl_dir/12_05_2024_09_15_01/bin/../share/yosys/rapidsilicon/genesis3/bram_map_rs.v
Parsing Verilog input from `/nfs_eda_sw/softwares/Raptor/instl_dir/12_05_2024_09_15_01/bin/../share/yosys/rapidsilicon/genesis3/bram_map_rs.v' to AST representation.
Replacing existing blackbox module `\TDP_RAM36K' at /nfs_eda_sw/softwares/Raptor/instl_dir/12_05_2024_09_15_01/bin/../share/yosys/rapidsilicon/genesis3/bram_map_rs.v:2.1-29.10.
Generating RTLIL representation for module `\TDP_RAM36K'.
Replacing existing blackbox module `\TDP_RAM18KX2' at /nfs_eda_sw/softwares/Raptor/instl_dir/12_05_2024_09_15_01/bin/../share/yosys/rapidsilicon/genesis3/bram_map_rs.v:33.1-84.10.
Generating RTLIL representation for module `\TDP_RAM18KX2'.
Generating RTLIL representation for module `\RS_DSP3'.
Replacing existing blackbox module `\DSP19X2' at /nfs_eda_sw/softwares/Raptor/instl_dir/12_05_2024_09_15_01/bin/../share/yosys/rapidsilicon/genesis3/bram_map_rs.v:116.1-149.10.
Generating RTLIL representation for module `\DSP19X2'.
Successfully finished Verilog frontend.

4.16. Executing Verilog-2005 frontend: /nfs_eda_sw/softwares/Raptor/instl_dir/12_05_2024_09_15_01/bin/../share/yosys/rapidsilicon/genesis3/brams_sim.v
Parsing Verilog input from `/nfs_eda_sw/softwares/Raptor/instl_dir/12_05_2024_09_15_01/bin/../share/yosys/rapidsilicon/genesis3/brams_sim.v' to AST representation.
Generating RTLIL representation for module `\TDP_BRAM18'.
Generating RTLIL representation for module `\BRAM2x18_TDP'.
Generating RTLIL representation for module `\BRAM2x18_SDP'.
Generating RTLIL representation for module `\_$_mem_v2_asymmetric'.
Successfully finished Verilog frontend.

4.17. Executing HIERARCHY pass (managing design hierarchy).

4.17.1. Analyzing design hierarchy..
Top module:  \dsp_netlist

4.17.2. Analyzing design hierarchy..
Top module:  \dsp_netlist
Removed 0 unused modules.

4.18. Executing PROC pass (convert processes to netlists).

4.18.1. Executing PROC_CLEAN pass (remove empty switches from decision trees).
Cleaned up 0 empty switches.

4.18.2. Executing PROC_RMDEAD pass (remove dead branches from decision trees).
Removed a total of 0 dead cases.

4.18.3. Executing PROC_PRUNE pass (remove redundant assignments in processes).
Removed 0 redundant assignments.
Promoted 0 assignments to connections.

4.18.4. Executing PROC_INIT pass (extract init attributes).

4.18.5. Executing PROC_ARST pass (detect async resets in processes).

4.18.6. Executing PROC_ROM pass (convert switches to ROMs).
Converted 0 switches.

4.18.7. Executing PROC_MUX pass (convert decision trees to multiplexers).

4.18.8. Executing PROC_DLATCH pass (convert process syncs to latches).

4.18.9. Executing PROC_DFF pass (convert process syncs to FFs).

4.18.10. Executing PROC_MEMWR pass (convert process memory writes to cells).

4.18.11. Executing PROC_CLEAN pass (remove empty switches from decision trees).
Cleaned up 0 empty switches.

4.18.12. Executing OPT_EXPR pass (perform const folding).
Optimizing module dsp_netlist.

4.19. Executing FLATTEN pass (flatten design).

# -------------------- 
#  Design entry stats  
# -------------------- 

4.20. Printing statistics.

=== dsp_netlist ===

   Number of wires:                368
   Number of wire bits:           1742
   Number of public wires:         368
   Number of public wire bits:    1742
   Number of ports:                 19
   Number of port bits:            167
   Number of memories:               0
   Number of memory bits:            0
   Number of processes:              0
   Number of cells:                420
     CARRY                         137
     DFFRE                         137
     DSP38                           8
     LUT1                            1
     LUT2                          123
     LUT3                           14

4.21. Executing SPLITNETS pass (splitting up multi-bit signals).

4.22. Executing DEMUXMAP pass.

4.23. Executing FLATTEN pass (flatten design).

4.24. Executing DEMUXMAP pass.

4.25. Executing TRIBUF pass.
Warning: Ignored -no_iobuf because -keep_tribuf is used.

4.26. Executing DEMINOUT pass (demote inout ports to input or output).

4.27. Executing OPT_EXPR pass (perform const folding).
Optimizing module dsp_netlist.

4.28. Executing OPT_CLEAN pass (remove unused cells and wires).
Finding unused cells or wires in module \dsp_netlist..
Removed 0 unused cells and 284 unused wires.
<suppressed ~1 debug messages>

4.29. Executing CHECK pass (checking for obvious problems).
Checking module dsp_netlist...
Found and reported 0 problems.

4.30. Printing statistics.

=== dsp_netlist ===

   Number of wires:                 84
   Number of wire bits:           1171
   Number of public wires:          84
   Number of public wire bits:    1171
   Number of ports:                 19
   Number of port bits:            167
   Number of memories:               0
   Number of memory bits:            0
   Number of processes:              0
   Number of cells:                420
     CARRY                         137
     DFFRE                         137
     DSP38                           8
     LUT1                            1
     LUT2                          123
     LUT3                           14

4.31. Executing OPT_EXPR pass (perform const folding).
Optimizing module dsp_netlist.

4.32. Executing OPT_MERGE pass (detect identical cells).
Finding identical cells in module `\dsp_netlist'.
Removed a total of 0 cells.

4.33. Executing OPT_MUXTREE pass (detect dead branches in mux trees).
Running muxtree optimizer on module \dsp_netlist..
  Creating internal representation of mux trees.
  No muxes found in this module.
Removed 0 multiplexer ports.

4.34. Executing OPT_REDUCE pass (consolidate $*mux and $reduce_* inputs).
  Optimizing cells in module \dsp_netlist.
Performed a total of 0 changes.

4.35. Executing OPT_MERGE pass (detect identical cells).
Finding identical cells in module `\dsp_netlist'.
Removed a total of 0 cells.

4.36. Executing OPT_SHARE pass.

4.37. Executing OPT_DFF pass (perform DFF optimizations).
[#visit=0, #solve=0, #remove=0, time=0.00 sec.]

4.38. Executing OPT_CLEAN pass (remove unused cells and wires).
Finding unused cells or wires in module \dsp_netlist..

4.39. Executing OPT_EXPR pass (perform const folding).
Optimizing module dsp_netlist.

RUN-OPT ITERATIONS DONE : 1

4.40. Executing FSM pass (extract and optimize FSM).

4.40.1. Executing FSM_DETECT pass (finding FSMs in design).

4.40.2. Executing FSM_EXTRACT pass (extracting FSM from design).

4.40.3. Executing FSM_OPT pass (simple optimizations of FSMs).

4.40.4. Executing OPT_CLEAN pass (remove unused cells and wires).
Finding unused cells or wires in module \dsp_netlist..

4.40.5. Executing FSM_OPT pass (simple optimizations of FSMs).

4.40.6. Executing FSM_RECODE pass (re-assigning FSM state encoding).

4.40.7. Executing FSM_INFO pass (dumping all available information on FSM cells).

4.40.8. Executing FSM_MAP pass (mapping FSMs to basic logic).

4.41. Executing WREDUCE pass (reducing word size of cells).

4.42. Executing PEEPOPT pass (run peephole optimizers).

4.43. Executing OPT_CLEAN pass (remove unused cells and wires).
Finding unused cells or wires in module \dsp_netlist..

4.44. Executing OPT_EXPR pass (perform const folding).
Optimizing module dsp_netlist.

4.45. Executing OPT_MERGE pass (detect identical cells).
Finding identical cells in module `\dsp_netlist'.
Removed a total of 0 cells.

4.46. Executing OPT_MUXTREE pass (detect dead branches in mux trees).
Running muxtree optimizer on module \dsp_netlist..
  Creating internal representation of mux trees.
  No muxes found in this module.
Removed 0 multiplexer ports.

4.47. Executing OPT_REDUCE pass (consolidate $*mux and $reduce_* inputs).
  Optimizing cells in module \dsp_netlist.
Performed a total of 0 changes.

4.48. Executing OPT_MERGE pass (detect identical cells).
Finding identical cells in module `\dsp_netlist'.
Removed a total of 0 cells.

4.49. Executing OPT_SHARE pass.

4.50. Executing OPT_DFF pass (perform DFF optimizations).
[#visit=0, #solve=0, #remove=0, time=0.00 sec.]

4.51. Executing OPT_CLEAN pass (remove unused cells and wires).
Finding unused cells or wires in module \dsp_netlist..

4.52. Executing OPT_EXPR pass (perform const folding).
Optimizing module dsp_netlist.

RUN-OPT ITERATIONS DONE : 1

4.53. Executing OPT_EXPR pass (perform const folding).
Optimizing module dsp_netlist.

4.54. Executing OPT_MERGE pass (detect identical cells).
Finding identical cells in module `\dsp_netlist'.
Removed a total of 0 cells.

4.55. Executing OPT_MUXTREE pass (detect dead branches in mux trees).
Running muxtree optimizer on module \dsp_netlist..
  Creating internal representation of mux trees.
  No muxes found in this module.
Removed 0 multiplexer ports.

4.56. Executing OPT_REDUCE pass (consolidate $*mux and $reduce_* inputs).
  Optimizing cells in module \dsp_netlist.
Performed a total of 0 changes.

4.57. Executing OPT_MERGE pass (detect identical cells).
Finding identical cells in module `\dsp_netlist'.
Removed a total of 0 cells.

4.58. Executing OPT_SHARE pass.

4.59. Executing OPT_DFF pass (perform DFF optimizations).
[#visit=0, #solve=0, #remove=0, time=0.00 sec.]

4.60. Executing OPT_CLEAN pass (remove unused cells and wires).
Finding unused cells or wires in module \dsp_netlist..

4.61. Executing OPT_EXPR pass (perform const folding).
Optimizing module dsp_netlist.

RUN-OPT ITERATIONS DONE : 1

4.62. Executing OPT_EXPR pass (perform const folding).
Optimizing module dsp_netlist.

4.63. Executing OPT_MERGE pass (detect identical cells).
Finding identical cells in module `\dsp_netlist'.
Removed a total of 0 cells.

4.64. Executing OPT_MUXTREE pass (detect dead branches in mux trees).
Running muxtree optimizer on module \dsp_netlist..
  Creating internal representation of mux trees.
  No muxes found in this module.
Removed 0 multiplexer ports.

4.65. Executing OPT_REDUCE pass (consolidate $*mux and $reduce_* inputs).
  Optimizing cells in module \dsp_netlist.
Performed a total of 0 changes.

4.66. Executing OPT_MERGE pass (detect identical cells).
Finding identical cells in module `\dsp_netlist'.
Removed a total of 0 cells.

4.67. Executing OPT_SHARE pass.

4.68. Executing OPT_DFF pass (perform DFF optimizations).
[#visit=0, #solve=0, #remove=0, time=0.00 sec.]

4.69. Executing OPT_DFF pass (perform DFF optimizations).
[#visit=0, #solve=0, #remove=0, time=0.00 sec.]

4.70. Executing OPT_CLEAN pass (remove unused cells and wires).
Finding unused cells or wires in module \dsp_netlist..

4.71. Executing OPT_EXPR pass (perform const folding).
Optimizing module dsp_netlist.

RUN-OPT ITERATIONS DONE : 1

4.72. Executing WREDUCE pass (reducing word size of cells).

4.73. Executing PEEPOPT pass (run peephole optimizers).

4.74. Executing OPT_CLEAN pass (remove unused cells and wires).
Finding unused cells or wires in module \dsp_netlist..

4.75. Executing DEMUXMAP pass.

4.76. Executing SPLITNETS pass (splitting up multi-bit signals).

4.77. Printing statistics.

=== dsp_netlist ===

   Number of wires:                 84
   Number of wire bits:           1171
   Number of public wires:          84
   Number of public wire bits:    1171
   Number of ports:                 19
   Number of port bits:            167
   Number of memories:               0
   Number of memory bits:            0
   Number of processes:              0
   Number of cells:                420
     CARRY                         137
     DFFRE                         137
     DSP38                           8
     LUT1                            1
     LUT2                          123
     LUT3                           14

4.78. Executing RS_DSP_MULTADD pass.

4.79. Executing WREDUCE pass (reducing word size of cells).

4.80. Executing RS_DSP_MACC pass.

4.81. Executing OPT_CLEAN pass (remove unused cells and wires).
Finding unused cells or wires in module \dsp_netlist..

4.82. Executing TECHMAP pass (map to technology primitives).

4.82.1. Executing Verilog-2005 frontend: /nfs_eda_sw/softwares/Raptor/instl_dir/12_05_2024_09_15_01/bin/../share/yosys/mul2dsp_check_maxwidth.v
Parsing Verilog input from `/nfs_eda_sw/softwares/Raptor/instl_dir/12_05_2024_09_15_01/bin/../share/yosys/mul2dsp_check_maxwidth.v' to AST representation.
Generating RTLIL representation for module `\_80_mul'.
Generating RTLIL representation for module `\_90_soft_mul'.
Successfully finished Verilog frontend.

4.82.2. Continuing TECHMAP pass.
No more expansions possible.
<suppressed ~4 debug messages>

4.83. Printing statistics.

=== dsp_netlist ===

   Number of wires:                 84
   Number of wire bits:           1171
   Number of public wires:          84
   Number of public wire bits:    1171
   Number of ports:                 19
   Number of port bits:            167
   Number of memories:               0
   Number of memory bits:            0
   Number of processes:              0
   Number of cells:                420
     CARRY                         137
     DFFRE                         137
     DSP38                           8
     LUT1                            1
     LUT2                          123
     LUT3                           14

4.84. Executing TECHMAP pass (map to technology primitives).

4.84.1. Executing Verilog-2005 frontend: /nfs_eda_sw/softwares/Raptor/instl_dir/12_05_2024_09_15_01/bin/../share/yosys/mul2dsp_check_maxwidth.v
Parsing Verilog input from `/nfs_eda_sw/softwares/Raptor/instl_dir/12_05_2024_09_15_01/bin/../share/yosys/mul2dsp_check_maxwidth.v' to AST representation.
Generating RTLIL representation for module `\_80_mul'.
Generating RTLIL representation for module `\_90_soft_mul'.
Successfully finished Verilog frontend.

4.84.2. Continuing TECHMAP pass.
No more expansions possible.
<suppressed ~4 debug messages>

4.85. Printing statistics.

=== dsp_netlist ===

   Number of wires:                 84
   Number of wire bits:           1171
   Number of public wires:          84
   Number of public wire bits:    1171
   Number of ports:                 19
   Number of port bits:            167
   Number of memories:               0
   Number of memory bits:            0
   Number of processes:              0
   Number of cells:                420
     CARRY                         137
     DFFRE                         137
     DSP38                           8
     LUT1                            1
     LUT2                          123
     LUT3                           14

4.86. Executing TECHMAP pass (map to technology primitives).

4.86.1. Executing Verilog-2005 frontend: /nfs_eda_sw/softwares/Raptor/instl_dir/12_05_2024_09_15_01/bin/../share/yosys/mul2dsp.v
Parsing Verilog input from `/nfs_eda_sw/softwares/Raptor/instl_dir/12_05_2024_09_15_01/bin/../share/yosys/mul2dsp.v' to AST representation.
Generating RTLIL representation for module `\_80_mul'.
Generating RTLIL representation for module `\_90_soft_mul'.
Successfully finished Verilog frontend.

4.86.2. Continuing TECHMAP pass.
No more expansions possible.
<suppressed ~4 debug messages>

4.87. Executing TECHMAP pass (map to technology primitives).

4.87.1. Executing Verilog-2005 frontend: /nfs_eda_sw/softwares/Raptor/instl_dir/12_05_2024_09_15_01/bin/../share/yosys/mul2dsp.v
Parsing Verilog input from `/nfs_eda_sw/softwares/Raptor/instl_dir/12_05_2024_09_15_01/bin/../share/yosys/mul2dsp.v' to AST representation.
Generating RTLIL representation for module `\_80_mul'.
Generating RTLIL representation for module `\_90_soft_mul'.
Successfully finished Verilog frontend.

4.87.2. Continuing TECHMAP pass.
No more expansions possible.
<suppressed ~4 debug messages>

4.88. Executing TECHMAP pass (map to technology primitives).

4.88.1. Executing Verilog-2005 frontend: /nfs_eda_sw/softwares/Raptor/instl_dir/12_05_2024_09_15_01/bin/../share/yosys/rapidsilicon/genesis3/dsp_map.v
Parsing Verilog input from `/nfs_eda_sw/softwares/Raptor/instl_dir/12_05_2024_09_15_01/bin/../share/yosys/rapidsilicon/genesis3/dsp_map.v' to AST representation.
Generating RTLIL representation for module `\$__RS_MUL20X18'.
Generating RTLIL representation for module `\$__RS_MUL10X9'.
Successfully finished Verilog frontend.

4.88.2. Continuing TECHMAP pass.
No more expansions possible.
<suppressed ~4 debug messages>

4.89. Executing RS_DSP_SIMD pass.

4.90. Executing TECHMAP pass (map to technology primitives).

4.90.1. Executing Verilog-2005 frontend: /nfs_eda_sw/softwares/Raptor/instl_dir/12_05_2024_09_15_01/bin/../share/yosys/rapidsilicon/genesis3/dsp_final_map.v
Parsing Verilog input from `/nfs_eda_sw/softwares/Raptor/instl_dir/12_05_2024_09_15_01/bin/../share/yosys/rapidsilicon/genesis3/dsp_final_map.v' to AST representation.
Generating RTLIL representation for module `\dsp_t1_20x18x64_cfg_ports'.
Generating RTLIL representation for module `\dsp_t1_10x9x32_cfg_params'.
Successfully finished Verilog frontend.

4.90.2. Continuing TECHMAP pass.
No more expansions possible.
<suppressed ~4 debug messages>

4.91. Executing TECHMAP pass (map to technology primitives).

4.91.1. Executing Verilog-2005 frontend: /nfs_eda_sw/softwares/Raptor/instl_dir/12_05_2024_09_15_01/bin/../share/yosys/rapidsilicon/genesis3/dsp19x2_map.v
Parsing Verilog input from `/nfs_eda_sw/softwares/Raptor/instl_dir/12_05_2024_09_15_01/bin/../share/yosys/rapidsilicon/genesis3/dsp19x2_map.v' to AST representation.
Generating RTLIL representation for module `\RS_DSPX2_MULTACC'.
Generating RTLIL representation for module `\RS_DSPX2_MULT'.
Generating RTLIL representation for module `\RS_DSPX2_MULT_REGIN'.
Generating RTLIL representation for module `\RS_DSPX2_MULT_REGOUT'.
Generating RTLIL representation for module `\RS_DSPX2_MULT_REGIN_REGOUT'.
Generating RTLIL representation for module `\RS_DSPX2_MULTADD'.
Generating RTLIL representation for module `\RS_DSPX2_MULTADD_REGIN'.
Generating RTLIL representation for module `\RS_DSPX2_MULTADD_REGOUT'.
Generating RTLIL representation for module `\RS_DSPX2_MULTADD_REGIN_REGOUT'.
Generating RTLIL representation for module `\RS_DSPX2_MULTACC_REGIN'.
Generating RTLIL representation for module `\RS_DSPX2_MULTACC_REGOUT'.
Generating RTLIL representation for module `\RS_DSPX2_MULTACC_REGIN_REGOUT'.
Generating RTLIL representation for module `\RS_DSP3'.
Successfully finished Verilog frontend.

4.91.2. Continuing TECHMAP pass.
No more expansions possible.
<suppressed ~15 debug messages>

4.92. Executing rs_pack_dsp_regs pass.

4.93. Executing RS_DSP_IO_REGS pass.

4.94. Executing TECHMAP pass (map to technology primitives).

4.94.1. Executing Verilog-2005 frontend: /nfs_eda_sw/softwares/Raptor/instl_dir/12_05_2024_09_15_01/bin/../share/yosys/rapidsilicon/genesis3/dsp38_map.v
Parsing Verilog input from `/nfs_eda_sw/softwares/Raptor/instl_dir/12_05_2024_09_15_01/bin/../share/yosys/rapidsilicon/genesis3/dsp38_map.v' to AST representation.
Generating RTLIL representation for module `\RS_DSP_MULTACC'.
Generating RTLIL representation for module `\RS_DSP_MULT'.
Generating RTLIL representation for module `\RS_DSP_MULT_REGIN'.
Generating RTLIL representation for module `\RS_DSP_MULT_REGOUT'.
Generating RTLIL representation for module `\RS_DSP_MULT_REGIN_REGOUT'.
Generating RTLIL representation for module `\RS_DSP_MULTADD'.
Generating RTLIL representation for module `\RS_DSP_MULTADD_REGIN'.
Generating RTLIL representation for module `\RS_DSP_MULTADD_REGOUT'.
Generating RTLIL representation for module `\RS_DSP_MULTADD_REGIN_REGOUT'.
Generating RTLIL representation for module `\RS_DSP_MULTACC_REGIN'.
Generating RTLIL representation for module `\RS_DSP_MULTACC_REGOUT'.
Generating RTLIL representation for module `\RS_DSP_MULTACC_REGIN_REGOUT'.
Successfully finished Verilog frontend.

4.94.2. Continuing TECHMAP pass.
No more expansions possible.
<suppressed ~14 debug messages>

4.95. Executing TECHMAP pass (map to technology primitives).

4.95.1. Executing Verilog-2005 frontend: /nfs_eda_sw/softwares/Raptor/instl_dir/12_05_2024_09_15_01/bin/../share/yosys/rapidsilicon/genesis3/dsp19x2_map.v
Parsing Verilog input from `/nfs_eda_sw/softwares/Raptor/instl_dir/12_05_2024_09_15_01/bin/../share/yosys/rapidsilicon/genesis3/dsp19x2_map.v' to AST representation.
Generating RTLIL representation for module `\RS_DSPX2_MULTACC'.
Generating RTLIL representation for module `\RS_DSPX2_MULT'.
Generating RTLIL representation for module `\RS_DSPX2_MULT_REGIN'.
Generating RTLIL representation for module `\RS_DSPX2_MULT_REGOUT'.
Generating RTLIL representation for module `\RS_DSPX2_MULT_REGIN_REGOUT'.
Generating RTLIL representation for module `\RS_DSPX2_MULTADD'.
Generating RTLIL representation for module `\RS_DSPX2_MULTADD_REGIN'.
Generating RTLIL representation for module `\RS_DSPX2_MULTADD_REGOUT'.
Generating RTLIL representation for module `\RS_DSPX2_MULTADD_REGIN_REGOUT'.
Generating RTLIL representation for module `\RS_DSPX2_MULTACC_REGIN'.
Generating RTLIL representation for module `\RS_DSPX2_MULTACC_REGOUT'.
Generating RTLIL representation for module `\RS_DSPX2_MULTACC_REGIN_REGOUT'.
Generating RTLIL representation for module `\RS_DSP3'.
Successfully finished Verilog frontend.

4.95.2. Continuing TECHMAP pass.
No more expansions possible.
<suppressed ~15 debug messages>

4.96. Printing statistics.

=== dsp_netlist ===

   Number of wires:                 84
   Number of wire bits:           1171
   Number of public wires:          84
   Number of public wire bits:    1171
   Number of ports:                 19
   Number of port bits:            167
   Number of memories:               0
   Number of memory bits:            0
   Number of processes:              0
   Number of cells:                420
     CARRY                         137
     DFFRE                         137
     DSP38                           8
     LUT1                            1
     LUT2                          123
     LUT3                           14

4.97. Executing ALUMACC pass (create $alu and $macc cells).
Extracting $alu and $macc cells in module dsp_netlist:
  created 0 $alu and 0 $macc cells.

4.98. Executing OPT_EXPR pass (perform const folding).
Optimizing module dsp_netlist.

4.99. Executing OPT_MERGE pass (detect identical cells).
Finding identical cells in module `\dsp_netlist'.
Removed a total of 0 cells.

4.100. Executing OPT_MUXTREE pass (detect dead branches in mux trees).
Running muxtree optimizer on module \dsp_netlist..
  Creating internal representation of mux trees.
  No muxes found in this module.
Removed 0 multiplexer ports.

4.101. Executing OPT_REDUCE pass (consolidate $*mux and $reduce_* inputs).
  Optimizing cells in module \dsp_netlist.
Performed a total of 0 changes.

4.102. Executing OPT_MERGE pass (detect identical cells).
Finding identical cells in module `\dsp_netlist'.
Removed a total of 0 cells.

4.103. Executing OPT_SHARE pass.

4.104. Executing OPT_DFF pass (perform DFF optimizations).
[#visit=0, #solve=0, #remove=0, time=0.00 sec.]

4.105. Executing OPT_CLEAN pass (remove unused cells and wires).
Finding unused cells or wires in module \dsp_netlist..

4.106. Executing OPT_EXPR pass (perform const folding).
Optimizing module dsp_netlist.

RUN-OPT ITERATIONS DONE : 1

4.107. Printing statistics.

=== dsp_netlist ===

   Number of wires:                 84
   Number of wire bits:           1171
   Number of public wires:          84
   Number of public wire bits:    1171
   Number of ports:                 19
   Number of port bits:            167
   Number of memories:               0
   Number of memory bits:            0
   Number of processes:              0
   Number of cells:                420
     CARRY                         137
     DFFRE                         137
     DSP38                           8
     LUT1                            1
     LUT2                          123
     LUT3                           14

4.108. Executing MEMORY pass.

4.108.1. Executing OPT_MEM pass (optimize memories).
Performed a total of 0 transformations.

4.108.2. Executing OPT_MEM_PRIORITY pass (removing unnecessary memory write priority relations).
Performed a total of 0 transformations.

4.108.3. Executing OPT_MEM_FEEDBACK pass (finding memory read-to-write feedback paths).

4.108.4. Executing MEMORY_BMUX2ROM pass (converting muxes to ROMs).

4.108.5. Executing MEMORY_DFF pass (merging $dff cells to $memrd).

4.108.6. Executing OPT_CLEAN pass (remove unused cells and wires).
Finding unused cells or wires in module \dsp_netlist..

4.108.7. Executing MEMORY_SHARE pass (consolidating $memrd/$memwr cells).

4.108.8. Executing OPT_MEM_WIDEN pass (optimize memories where all ports are wide).
Performed a total of 0 transformations.

4.108.9. Executing OPT_CLEAN pass (remove unused cells and wires).
Finding unused cells or wires in module \dsp_netlist..

4.108.10. Executing MEMORY_COLLECT pass (generating $mem cells).

4.109. Printing statistics.

=== dsp_netlist ===

   Number of wires:                 84
   Number of wire bits:           1171
   Number of public wires:          84
   Number of public wire bits:    1171
   Number of ports:                 19
   Number of port bits:            167
   Number of memories:               0
   Number of memory bits:            0
   Number of processes:              0
   Number of cells:                420
     CARRY                         137
     DFFRE                         137
     DSP38                           8
     LUT1                            1
     LUT2                          123
     LUT3                           14

4.110. Executing MUXPACK pass ($mux cell cascades to $pmux).
Converted 0 (p)mux cells into 0 pmux cells.

4.111. Executing OPT_CLEAN pass (remove unused cells and wires).
Finding unused cells or wires in module \dsp_netlist..

4.112. Executing MEMORY_LIBMAP pass (mapping memories to cells).

4.113. Executing MEMORY_LIBMAP pass (mapping memories to cells).

4.114. Executing Rs_BRAM_Split pass.

4.115. Executing TECHMAP pass (map to technology primitives).

4.115.1. Executing Verilog-2005 frontend: /nfs_eda_sw/softwares/Raptor/instl_dir/12_05_2024_09_15_01/bin/../share/yosys/rapidsilicon/genesis3/brams_map_new_version.v
Parsing Verilog input from `/nfs_eda_sw/softwares/Raptor/instl_dir/12_05_2024_09_15_01/bin/../share/yosys/rapidsilicon/genesis3/brams_map_new_version.v' to AST representation.
Generating RTLIL representation for module `\$__RS_FACTOR_BRAM36_TDP'.
Generating RTLIL representation for module `\$__RS_FACTOR_BRAM18_TDP'.
Generating RTLIL representation for module `\$__RS_FACTOR_BRAM18_SDP'.
Generating RTLIL representation for module `\$__RS_FACTOR_BRAM36_SDP'.
Successfully finished Verilog frontend.

4.115.2. Continuing TECHMAP pass.
No more expansions possible.
<suppressed ~6 debug messages>

4.116. Executing TECHMAP pass (map to technology primitives).

4.116.1. Executing Verilog-2005 frontend: /nfs_eda_sw/softwares/Raptor/instl_dir/12_05_2024_09_15_01/bin/../share/yosys/rapidsilicon/genesis3/brams_final_map_new_version.v
Parsing Verilog input from `/nfs_eda_sw/softwares/Raptor/instl_dir/12_05_2024_09_15_01/bin/../share/yosys/rapidsilicon/genesis3/brams_final_map_new_version.v' to AST representation.
Generating RTLIL representation for module `\BRAM2x18_TDP'.
Generating RTLIL representation for module `\BRAM2x18_SDP'.
Successfully finished Verilog frontend.

4.116.2. Continuing TECHMAP pass.
No more expansions possible.
<suppressed ~4 debug messages>

4.117. Executing DFFUNMAP pass (unmap clock enable and synchronous reset from FFs).

4.118. Executing OPT_EXPR pass (perform const folding).
Optimizing module dsp_netlist.

4.119. Executing OPT_MERGE pass (detect identical cells).
Finding identical cells in module `\dsp_netlist'.
Removed a total of 0 cells.

4.120. Executing OPT_MUXTREE pass (detect dead branches in mux trees).
Running muxtree optimizer on module \dsp_netlist..
  Creating internal representation of mux trees.
  No muxes found in this module.
Removed 0 multiplexer ports.

4.121. Executing OPT_REDUCE pass (consolidate $*mux and $reduce_* inputs).
  Optimizing cells in module \dsp_netlist.
Performed a total of 0 changes.

4.122. Executing OPT_MERGE pass (detect identical cells).
Finding identical cells in module `\dsp_netlist'.
Removed a total of 0 cells.

4.123. Executing OPT_SHARE pass.

4.124. Executing OPT_DFF pass (perform DFF optimizations).
[#visit=0, #solve=0, #remove=0, time=0.00 sec.]

4.125. Executing OPT_CLEAN pass (remove unused cells and wires).
Finding unused cells or wires in module \dsp_netlist..

4.126. Executing OPT_EXPR pass (perform const folding).
Optimizing module dsp_netlist.

RUN-OPT ITERATIONS DONE : 1

4.127. Executing PMUXTREE pass.

4.128. Executing MUXPACK pass ($mux cell cascades to $pmux).
Converted 0 (p)mux cells into 0 pmux cells.

4.129. Executing MEMORY_MAP pass (converting memories to logic and flip-flops).

4.130. Executing TECHMAP pass (map to technology primitives).

4.130.1. Executing Verilog-2005 frontend: /nfs_eda_sw/softwares/Raptor/instl_dir/12_05_2024_09_15_01/bin/../share/yosys/techmap.v
Parsing Verilog input from `/nfs_eda_sw/softwares/Raptor/instl_dir/12_05_2024_09_15_01/bin/../share/yosys/techmap.v' to AST representation.
Generating RTLIL representation for module `\_90_simplemap_bool_ops'.
Generating RTLIL representation for module `\_90_simplemap_reduce_ops'.
Generating RTLIL representation for module `\_90_simplemap_logic_ops'.
Generating RTLIL representation for module `\_90_simplemap_compare_ops'.
Generating RTLIL representation for module `\_90_simplemap_various'.
Generating RTLIL representation for module `\_90_simplemap_registers'.
Generating RTLIL representation for module `\_90_shift_ops_shr_shl_sshl_sshr'.
Generating RTLIL representation for module `\_90_shift_shiftx'.
Generating RTLIL representation for module `\_90_fa'.
Generating RTLIL representation for module `\_90_lcu_brent_kung'.
Generating RTLIL representation for module `\_90_alu'.
Generating RTLIL representation for module `\_90_macc'.
Generating RTLIL representation for module `\_90_alumacc'.
Generating RTLIL representation for module `\$__div_mod_u'.
Generating RTLIL representation for module `\$__div_mod_trunc'.
Generating RTLIL representation for module `\_90_div'.
Generating RTLIL representation for module `\_90_mod'.
Generating RTLIL representation for module `\$__div_mod_floor'.
Generating RTLIL representation for module `\_90_divfloor'.
Generating RTLIL representation for module `\_90_modfloor'.
Generating RTLIL representation for module `\_90_pow'.
Generating RTLIL representation for module `\_90_pmux'.
Generating RTLIL representation for module `\_90_demux'.
Generating RTLIL representation for module `\_90_lut'.
Successfully finished Verilog frontend.

4.130.2. Executing Verilog-2005 frontend: /nfs_eda_sw/softwares/Raptor/instl_dir/12_05_2024_09_15_01/bin/../share/yosys/rapidsilicon/genesis3/arith_map.v
Parsing Verilog input from `/nfs_eda_sw/softwares/Raptor/instl_dir/12_05_2024_09_15_01/bin/../share/yosys/rapidsilicon/genesis3/arith_map.v' to AST representation.
Generating RTLIL representation for module `\_80_rs_alu'.
Successfully finished Verilog frontend.

4.130.3. Continuing TECHMAP pass.
No more expansions possible.
<suppressed ~73 debug messages>
terminate called after throwing an instance of 'std::out_of_range'
  what():  dict::at()
ERROR: SYN: Design dsp_netlist Synthesis failed
Design dsp_netlist Synthesis failed
    while executing
"synthesize delay"
    (file "../raptor_tcl.tcl" line 9)


#########Raptor Performance Data#########
/*******************************************************************************
Copyright (c) 2022-2024 Rapid Silicon
This source code contains proprietary information belonging to Rapid Silicon
(the "licensor") released under license and non-disclosure agreement to the
recipient (the "licensee").

The information shared and protected by the license and non-disclosure agreement
includes but is not limited to the following:
* operational algorithms of the product
* logos, graphics, source code, and visual presentation of the product
* confidential operational information of the licensor

The recipient of this source code is NOT permitted to publicly disclose,
re-use, archive beyond the period of the license agreement, transfer to a
sub-licensee, or re-implement any portion of the content covered by the license
and non-disclosure agreement without the prior written consent of the licensor.
*********************************************************************************/

Version  : 2024.12
Build    : 1.2.38
Hash     : 8dd56ae
Date     : Dec  5 2024
Type     : Engineering
Log Time   : Fri Dec  6 04:47:35 2024 GMT

[ 09:47:35 ] Analysis has started
[ 09:47:35 ] Command: /nfs_eda_sw/softwares/Raptor/instl_dir/12_05_2024_09_15_01/bin/yosys -s /nfs_scratch/scratch/CompilerValidation/zaheer_ahmad/os_fpga2/Validation/RTL_testcases/Netlist-RTL_mix_testcases/dsp_netlist/results_dir/dsp_netlist/run_1/synth_1_1/analysis/dsp_netlist_analyzer.cmd
[ 09:47:35 ] Duration: 210 ms. Max utilization: 64 MB
[ 09:47:35 ] Synthesize has started
[ 09:47:35 ] Command: /nfs_eda_sw/softwares/Raptor/instl_dir/12_05_2024_09_15_01/bin/yosys -s dsp_netlist.ys -l dsp_netlist_synth.log
[ 09:47:36 ] Duration: 902 ms. Max utilization: 83 MB
#############################################


Total RunTime to run raptor_run.sh: 2
Peak Memory Usage: 117360
ExecEndTime: 1733460456
Rapid Silicon Raptor Design Suite
Version  : 2024.12
Build    : 1.2.38
Hash     : 8dd56ae
Date     : Dec  5 2024
Type     : Engineering
