VPR FPGA Placement and Routing.
Version: 
Revision: 
Compiled: 
Compiler: GNU 11.2.1 on Linux-3.10.0-1160.90.1.el7.x86_64 x86_64
Build Info: Release VTR_ASSERT_LEVEL=2

University of Toronto
verilogtorouting.org
vtr-users@googlegroups.com
This is free open source code under MIT license.

VPR was run with the following command-line:
/nfs_eda_sw/softwares/Raptor/instl_dir/10_31_2024_09_15_01/bin/vpr /nfs_eda_sw/softwares/Raptor/instl_dir/10_31_2024_09_15_01/share/raptor/etc/devices/gemini_compact_320x218/gemini_vpr.xml /nfs_scratch/scratch/CompilerValidation/zaheer_ahmad/os-fpga/Validation/RTL_testcases/titan_benchmarks/bitonic_mesh/bitonic_mesh/run_1/synth_1_1/synthesis/fabric_bitonic_mesh_post_synth.eblif --sdc_file /nfs_scratch/scratch/CompilerValidation/zaheer_ahmad/os-fpga/Validation/RTL_testcases/titan_benchmarks/bitonic_mesh/bitonic_mesh/run_1/synth_1_1/impl_1_1_1/packing/fabric_bitonic_mesh_openfpga.sdc --route_chan_width 300 --suppress_warnings check_rr_node_warnings.log,check_rr_node --clock_modeling ideal --absorb_buffer_luts off --skip_sync_clustering_and_routing_results off --constant_net_method route --post_place_timing_report bitonic_mesh_post_place_timing.rpt --device castor320x218_heterogeneous --allow_unrelated_clustering on --allow_dangling_combinational_nodes on --place_delta_delay_matrix_calculation_method dijkstra --gen_post_synthesis_netlist on --post_synth_netlist_unconn_inputs gnd --inner_loop_recompute_divider 1 --max_router_iterations 1500 --timing_report_detail detailed --timing_report_npaths 100 --top system100 --net_file /nfs_scratch/scratch/CompilerValidation/zaheer_ahmad/os-fpga/Validation/RTL_testcases/titan_benchmarks/bitonic_mesh/bitonic_mesh/run_1/synth_1_1/impl_1_1_1/packing/fabric_bitonic_mesh_post_synth.net --place_file /nfs_scratch/scratch/CompilerValidation/zaheer_ahmad/os-fpga/Validation/RTL_testcases/titan_benchmarks/bitonic_mesh/bitonic_mesh/run_1/synth_1_1/impl_1_1_1/placement/fabric_bitonic_mesh_post_synth.place --route_file /nfs_scratch/scratch/CompilerValidation/zaheer_ahmad/os-fpga/Validation/RTL_testcases/titan_benchmarks/bitonic_mesh/bitonic_mesh/run_1/synth_1_1/impl_1_1_1/routing/fabric_bitonic_mesh_post_synth.route --place

Using up to 1 parallel worker(s)

Architecture file: /nfs_eda_sw/softwares/Raptor/instl_dir/10_31_2024_09_15_01/share/raptor/etc/devices/gemini_compact_320x218/gemini_vpr.xml
Circuit name: fabric_bitonic_mesh_post_synth

# Loading Architecture Description
Warning 1: Model 'io' input port 'outpad' has no timing specification (no clock specified to create a sequential input port, not combinationally connected to any outputs, not a clock input)
Warning 2: Model 'io' output port 'inpad' has no timing specification (no clock specified to create a sequential output port, not combinationally connected to any inputs, not a clock output)
Warning 3: Model 'dsp_phy' input port 'sc_in' has no timing specification (no clock specified to create a sequential input port, not combinationally connected to any outputs, not a clock input)
Warning 4: Model 'dsp_phy' input port 'lreset' has no timing specification (no clock specified to create a sequential input port, not combinationally connected to any outputs, not a clock input)
Warning 5: Model 'dsp_phy' output port 'sc_out' has no timing specification (no clock specified to create a sequential output port, not combinationally connected to any inputs, not a clock output)
Warning 6: Model 'RS_DSP_MULT' input port 'feedback' has no timing specification (no clock specified to create a sequential input port, not combinationally connected to any outputs, not a clock input)
Warning 7: Model 'RS_DSP_MULT' input port 'unsigned_b' has no timing specification (no clock specified to create a sequential input port, not combinationally connected to any outputs, not a clock input)
Warning 8: Model 'RS_DSP_MULT' input port 'unsigned_a' has no timing specification (no clock specified to create a sequential input port, not combinationally connected to any outputs, not a clock input)
Warning 9: Model 'RS_DSP_MULT_REGIN' input port 'lreset' has no timing specification (no clock specified to create a sequential input port, not combinationally connected to any outputs, not a clock input)
Warning 10: Model 'RS_DSP_MULT_REGIN' input port 'unsigned_b' has no timing specification (no clock specified to create a sequential input port, not combinationally connected to any outputs, not a clock input)
Warning 11: Model 'RS_DSP_MULT_REGIN' input port 'unsigned_a' has no timing specification (no clock specified to create a sequential input port, not combinationally connected to any outputs, not a clock input)
Warning 12: Model 'RS_DSP_MULT_REGOUT' input port 'lreset' has no timing specification (no clock specified to create a sequential input port, not combinationally connected to any outputs, not a clock input)
Warning 13: Model 'RS_DSP_MULT_REGOUT' input port 'unsigned_b' has no timing specification (no clock specified to create a sequential input port, not combinationally connected to any outputs, not a clock input)
Warning 14: Model 'RS_DSP_MULT_REGOUT' input port 'unsigned_a' has no timing specification (no clock specified to create a sequential input port, not combinationally connected to any outputs, not a clock input)
Warning 15: Model 'RS_DSP_MULT_REGIN_REGOUT' input port 'lreset' has no timing specification (no clock specified to create a sequential input port, not combinationally connected to any outputs, not a clock input)
Warning 16: Model 'RS_DSP_MULT_REGIN_REGOUT' input port 'unsigned_b' has no timing specification (no clock specified to create a sequential input port, not combinationally connected to any outputs, not a clock input)
Warning 17: Model 'RS_DSP_MULT_REGIN_REGOUT' input port 'unsigned_a' has no timing specification (no clock specified to create a sequential input port, not combinationally connected to any outputs, not a clock input)
Warning 18: Model 'RS_DSP_MULTADD' input port 'round' has no timing specification (no clock specified to create a sequential input port, not combinationally connected to any outputs, not a clock input)
Warning 19: Model 'RS_DSP_MULTADD' input port 'shift_right' has no timing specification (no clock specified to create a sequential input port, not combinationally connected to any outputs, not a clock input)
Warning 20: Model 'RS_DSP_MULTADD' input port 'saturate_enable' has no timing specification (no clock specified to create a sequential input port, not combinationally connected to any outputs, not a clock input)
Warning 21: Model 'RS_DSP_MULTADD' input port 'lreset' has no timing specification (no clock specified to create a sequential input port, not combinationally connected to any outputs, not a clock input)
Warning 22: Model 'RS_DSP_MULTADD' input port 'unsigned_b' has no timing specification (no clock specified to create a sequential input port, not combinationally connected to any outputs, not a clock input)
Warning 23: Model 'RS_DSP_MULTADD' input port 'unsigned_a' has no timing specification (no clock specified to create a sequential input port, not combinationally connected to any outputs, not a clock input)
Warning 24: Model 'RS_DSP_MULTADD_REGIN' input port 'round' has no timing specification (no clock specified to create a sequential input port, not combinationally connected to any outputs, not a clock input)
Warning 25: Model 'RS_DSP_MULTADD_REGIN' input port 'shift_right' has no timing specification (no clock specified to create a sequential input port, not combinationally connected to any outputs, not a clock input)
Warning 26: Model 'RS_DSP_MULTADD_REGIN' input port 'saturate_enable' has no timing specification (no clock specified to create a sequential input port, not combinationally connected to any outputs, not a clock input)
Warning 27: Model 'RS_DSP_MULTADD_REGIN' input port 'lreset' has no timing specification (no clock specified to create a sequential input port, not combinationally connected to any outputs, not a clock input)
Warning 28: Model 'RS_DSP_MULTADD_REGIN' input port 'unsigned_b' has no timing specification (no clock specified to create a sequential input port, not combinationally connected to any outputs, not a clock input)
Warning 29: Model 'RS_DSP_MULTADD_REGIN' input port 'unsigned_a' has no timing specification (no clock specified to create a sequential input port, not combinationally connected to any outputs, not a clock input)
Warning 30: Model 'RS_DSP_MULTADD_REGOUT' input port 'round' has no timing specification (no clock specified to create a sequential input port, not combinationally connected to any outputs, not a clock input)
Warning 31: Model 'RS_DSP_MULTADD_REGOUT' input port 'shift_right' has no timing specification (no clock specified to create a sequential input port, not combinationally connected to any outputs, not a clock input)
Warning 32: Model 'RS_DSP_MULTADD_REGOUT' input port 'saturate_enable' has no timing specification (no clock specified to create a sequential input port, not combinationally connected to any outputs, not a clock input)
Warning 33: Model 'RS_DSP_MULTADD_REGOUT' input port 'lreset' has no timing specification (no clock specified to create a sequential input port, not combinationally connected to any outputs, not a clock input)
Warning 34: Model 'RS_DSP_MULTADD_REGOUT' input port 'unsigned_b' has no timing specification (no clock specified to create a sequential input port, not combinationally connected to any outputs, not a clock input)
Warning 35: Model 'RS_DSP_MULTADD_REGOUT' input port 'unsigned_a' has no timing specification (no clock specified to create a sequential input port, not combinationally connected to any outputs, not a clock input)
Warning 36: Model 'RS_DSP_MULTADD_REGIN_REGOUT' input port 'round' has no timing specification (no clock specified to create a sequential input port, not combinationally connected to any outputs, not a clock input)
Warning 37: Model 'RS_DSP_MULTADD_REGIN_REGOUT' input port 'shift_right' has no timing specification (no clock specified to create a sequential input port, not combinationally connected to any outputs, not a clock input)
Warning 38: Model 'RS_DSP_MULTADD_REGIN_REGOUT' input port 'saturate_enable' has no timing specification (no clock specified to create a sequential input port, not combinationally connected to any outputs, not a clock input)
Warning 39: Model 'RS_DSP_MULTADD_REGIN_REGOUT' input port 'lreset' has no timing specification (no clock specified to create a sequential input port, not combinationally connected to any outputs, not a clock input)
Warning 40: Model 'RS_DSP_MULTADD_REGIN_REGOUT' input port 'unsigned_b' has no timing specification (no clock specified to create a sequential input port, not combinationally connected to any outputs, not a clock input)
Warning 41: Model 'RS_DSP_MULTADD_REGIN_REGOUT' input port 'unsigned_a' has no timing specification (no clock specified to create a sequential input port, not combinationally connected to any outputs, not a clock input)
Warning 42: Model 'RS_DSP_MULTACC' input port 'round' has no timing specification (no clock specified to create a sequential input port, not combinationally connected to any outputs, not a clock input)
Warning 43: Model 'RS_DSP_MULTACC' input port 'shift_right' has no timing specification (no clock specified to create a sequential input port, not combinationally connected to any outputs, not a clock input)
Warning 44: Model 'RS_DSP_MULTACC' input port 'saturate_enable' has no timing specification (no clock specified to create a sequential input port, not combinationally connected to any outputs, not a clock input)
Warning 45: Model 'RS_DSP_MULTACC' input port 'lreset' has no timing specification (no clock specified to create a sequential input port, not combinationally connected to any outputs, not a clock input)
Warning 46: Model 'RS_DSP_MULTACC' input port 'unsigned_b' has no timing specification (no clock specified to create a sequential input port, not combinationally connected to any outputs, not a clock input)
Warning 47: Model 'RS_DSP_MULTACC' input port 'unsigned_a' has no timing specification (no clock specified to create a sequential input port, not combinationally connected to any outputs, not a clock input)
Warning 48: Model 'RS_DSP_MULTACC_REGIN' input port 'round' has no timing specification (no clock specified to create a sequential input port, not combinationally connected to any outputs, not a clock input)
Warning 49: Model 'RS_DSP_MULTACC_REGIN' input port 'shift_right' has no timing specification (no clock specified to create a sequential input port, not combinationally connected to any outputs, not a clock input)
Warning 50: Model 'RS_DSP_MULTACC_REGIN' input port 'saturate_enable' has no timing specification (no clock specified to create a sequential input port, not combinationally connected to any outputs, not a clock input)
Warning 51: Model 'RS_DSP_MULTACC_REGIN' input port 'lreset' has no timing specification (no clock specified to create a sequential input port, not combinationally connected to any outputs, not a clock input)
Warning 52: Model 'RS_DSP_MULTACC_REGIN' input port 'unsigned_b' has no timing specification (no clock specified to create a sequential input port, not combinationally connected to any outputs, not a clock input)
Warning 53: Model 'RS_DSP_MULTACC_REGIN' input port 'unsigned_a' has no timing specification (no clock specified to create a sequential input port, not combinationally connected to any outputs, not a clock input)
Warning 54: Model 'RS_DSP_MULTACC_REGOUT' input port 'round' has no timing specification (no clock specified to create a sequential input port, not combinationally connected to any outputs, not a clock input)
Warning 55: Model 'RS_DSP_MULTACC_REGOUT' input port 'shift_right' has no timing specification (no clock specified to create a sequential input port, not combinationally connected to any outputs, not a clock input)
Warning 56: Model 'RS_DSP_MULTACC_REGOUT' input port 'saturate_enable' has no timing specification (no clock specified to create a sequential input port, not combinationally connected to any outputs, not a clock input)
Warning 57: Model 'RS_DSP_MULTACC_REGOUT' input port 'lreset' has no timing specification (no clock specified to create a sequential input port, not combinationally connected to any outputs, not a clock input)
Warning 58: Model 'RS_DSP_MULTACC_REGOUT' input port 'unsigned_b' has no timing specification (no clock specified to create a sequential input port, not combinationally connected to any outputs, not a clock input)
Warning 59: Model 'RS_DSP_MULTACC_REGOUT' input port 'unsigned_a' has no timing specification (no clock specified to create a sequential input port, not combinationally connected to any outputs, not a clock input)
Warning 60: Model 'RS_DSP_MULTACC_REGIN_REGOUT' input port 'round' has no timing specification (no clock specified to create a sequential input port, not combinationally connected to any outputs, not a clock input)
Warning 61: Model 'RS_DSP_MULTACC_REGIN_REGOUT' input port 'shift_right' has no timing specification (no clock specified to create a sequential input port, not combinationally connected to any outputs, not a clock input)
Warning 62: Model 'RS_DSP_MULTACC_REGIN_REGOUT' input port 'saturate_enable' has no timing specification (no clock specified to create a sequential input port, not combinationally connected to any outputs, not a clock input)
Warning 63: Model 'RS_DSP_MULTACC_REGIN_REGOUT' input port 'lreset' has no timing specification (no clock specified to create a sequential input port, not combinationally connected to any outputs, not a clock input)
Warning 64: Model 'RS_DSP_MULTACC_REGIN_REGOUT' input port 'unsigned_b' has no timing specification (no clock specified to create a sequential input port, not combinationally connected to any outputs, not a clock input)
Warning 65: Model 'RS_DSP_MULTACC_REGIN_REGOUT' input port 'unsigned_a' has no timing specification (no clock specified to create a sequential input port, not combinationally connected to any outputs, not a clock input)
Warning 66: Model 'bram_phy' input port 'sc_in' has no timing specification (no clock specified to create a sequential input port, not combinationally connected to any outputs, not a clock input)
Warning 67: Model 'bram_phy' output port 'sc_out' has no timing specification (no clock specified to create a sequential output port, not combinationally connected to any inputs, not a clock output)
Warning 68: Model 'bram_phy' output port 'PL_DATA_o' has no timing specification (no clock specified to create a sequential output port, not combinationally connected to any inputs, not a clock output)
Warning 69: Model 'bram_phy' output port 'PL_ADDR_o' has no timing specification (no clock specified to create a sequential output port, not combinationally connected to any inputs, not a clock output)
Warning 70: Model 'bram_phy' output port 'PL_WEN_o' has no timing specification (no clock specified to create a sequential output port, not combinationally connected to any inputs, not a clock output)
Warning 71: Model 'bram_phy' output port 'PL_CLK_o' has no timing specification (no clock specified to create a sequential output port, not combinationally connected to any inputs, not a clock output)
Warning 72: Model 'bram_phy' output port 'PL_REN_o' has no timing specification (no clock specified to create a sequential output port, not combinationally connected to any inputs, not a clock output)
Warning 73: Model 'bram_phy' output port 'PL_ENA_o' has no timing specification (no clock specified to create a sequential output port, not combinationally connected to any inputs, not a clock output)
Warning 74: Model 'bram_phy' output port 'PL_INIT_o' has no timing specification (no clock specified to create a sequential output port, not combinationally connected to any inputs, not a clock output)
mode 'io[physical]' is defined by user to be disabled in packing
mode 'iopad[default]' is defined by user to be disabled in packing
mode 'fle[physical]' is defined by user to be disabled in packing
mode 'fabric[default]' is defined by user to be disabled in packing
mode 'ff_bypass[default]' is defined by user to be disabled in packing
mode 'dsp_lr[physical]' is defined by user to be disabled in packing
mode 'bram_lr[physical]' is defined by user to be disabled in packing
# Loading Architecture Description took 0.06 seconds (max_rss 107.7 MiB, delta_rss +0.0 MiB)

Timing analysis: ON
Circuit netlist file: /nfs_scratch/scratch/CompilerValidation/zaheer_ahmad/os-fpga/Validation/RTL_testcases/titan_benchmarks/bitonic_mesh/bitonic_mesh/run_1/synth_1_1/impl_1_1_1/packing/fabric_bitonic_mesh_post_synth.net
Circuit placement file: /nfs_scratch/scratch/CompilerValidation/zaheer_ahmad/os-fpga/Validation/RTL_testcases/titan_benchmarks/bitonic_mesh/bitonic_mesh/run_1/synth_1_1/impl_1_1_1/placement/fabric_bitonic_mesh_post_synth.place
Circuit routing file: /nfs_scratch/scratch/CompilerValidation/zaheer_ahmad/os-fpga/Validation/RTL_testcases/titan_benchmarks/bitonic_mesh/bitonic_mesh/run_1/synth_1_1/impl_1_1_1/routing/fabric_bitonic_mesh_post_synth.route
Circuit SDC file: /nfs_scratch/scratch/CompilerValidation/zaheer_ahmad/os-fpga/Validation/RTL_testcases/titan_benchmarks/bitonic_mesh/bitonic_mesh/run_1/synth_1_1/impl_1_1_1/packing/fabric_bitonic_mesh_openfpga.sdc
Vpr floorplanning constraints file: not specified

Packer: ENABLED
Placer: ENABLED
Router: DISABLED
Analysis: DISABLED

VPR was run with the following options:

NetlistOpts.abosrb_buffer_luts            : false
NetlistOpts.sweep_dangling_primary_ios    : true
NetlistOpts.sweep_dangling_nets           : true
NetlistOpts.sweep_dangling_blocks         : true
NetlistOpts.sweep_constant_primary_outputs: false
NetlistOpts.netlist_verbosity             : 1
NetlistOpts.const_gen_inference           : COMB_SEQ

PackerOpts.allow_unrelated_clustering: true
PackerOpts.alpha_clustering: 0.750000
PackerOpts.beta_clustering: 0.900000
PackerOpts.cluster_seed_type: BLEND2
PackerOpts.connection_driven: true
PackerOpts.global_clocks: true
PackerOpts.hill_climbing_flag: false
PackerOpts.inter_cluster_net_delay: 1.000000
PackerOpts.timing_driven: true
PackerOpts.target_external_pin_util: auto

PlacerOpts.place_freq: PLACE_ONCE
PlacerOpts.place_algorithm: CRITICALITY_TIMING_PLACE
PlacerOpts.pad_loc_type: FREE
PlacerOpts.constraints_file: No constraints file given
PlacerOpts.place_cost_exp: 1.000000
PlacerOpts.place_chan_width: 300
PlacerOpts.inner_loop_recompute_divider: 1
PlacerOpts.recompute_crit_iter: 1
PlacerOpts.timing_tradeoff: 0.500000
PlacerOpts.td_place_exp_first: 1.000000
PlacerOpts.td_place_exp_last: 8.000000
PlacerOpts.delay_offset: 0.000000
PlacerOpts.delay_ramp_delta_threshold: -1
PlacerOpts.delay_ramp_slope: 0.000000
PlacerOpts.tsu_rel_margin: 1.000000
PlacerOpts.tsu_abs_margin: 0.000000
PlacerOpts.post_place_timing_report_file: bitonic_mesh_post_place_timing.rpt
PlacerOpts.allowed_tiles_for_delay_model: 
PlacerOpts.delay_model_reducer: MIN
PlacerOpts.delay_model_type: DELTA
PlacerOpts.rlim_escape_fraction: 0.000000
PlacerOpts.move_stats_file: 
PlacerOpts.placement_saves_per_temperature: 0
PlacerOpts.effort_scaling: CIRCUIT
PlacerOpts.place_delta_delay_matrix_calculation_method: DIJKSTRA_EXPANSION
PlaceOpts.seed: 1
AnnealSched.type: AUTO_SCHED
AnnealSched.inner_num: 0.500000

# Building complex block graph
Warning 75: clb[0].sr_in[0] unconnected pin in architecture.
Warning 76: clb[0].sr_out[0] unconnected pin in architecture.
Warning 77: dsp[0].sr_in[0] unconnected pin in architecture.
Warning 78: dsp[0].sr_in[1] unconnected pin in architecture.
Warning 79: dsp[0].sr_in[2] unconnected pin in architecture.
Warning 80: dsp[0].sr_out[0] unconnected pin in architecture.
Warning 81: dsp[0].sr_out[1] unconnected pin in architecture.
Warning 82: dsp[0].sr_out[2] unconnected pin in architecture.
Warning 83: bram[0].sr_in[0] unconnected pin in architecture.
Warning 84: bram[0].sr_in[1] unconnected pin in architecture.
Warning 85: bram[0].sr_in[2] unconnected pin in architecture.
Warning 86: bram[0].sr_in[3] unconnected pin in architecture.
Warning 87: bram[0].sr_in[4] unconnected pin in architecture.
Warning 88: bram[0].sr_in[5] unconnected pin in architecture.
Warning 89: bram[0].plr_i[0] unconnected pin in architecture.
Warning 90: bram[0].plr_i[1] unconnected pin in architecture.
Warning 91: bram[0].plr_i[2] unconnected pin in architecture.
Warning 92: bram[0].plr_i[3] unconnected pin in architecture.
Warning 93: bram[0].plr_i[4] unconnected pin in architecture.
Warning 94: bram[0].plr_i[5] unconnected pin in architecture.
Warning 95: bram[0].plr_i[6] unconnected pin in architecture.
Warning 96: bram[0].plr_i[7] unconnected pin in architecture.
Warning 97: bram[0].plr_i[8] unconnected pin in architecture.
Warning 98: bram[0].plr_i[9] unconnected pin in architecture.
Warning 99: bram[0].plr_i[10] unconnected pin in architecture.
Warning 100: bram[0].plr_i[11] unconnected pin in architecture.
Warning 101: bram[0].plr_i[12] unconnected pin in architecture.
Warning 102: bram[0].plr_i[13] unconnected pin in architecture.
Warning 103: bram[0].plr_i[14] unconnected pin in architecture.
Warning 104: bram[0].plr_i[15] unconnected pin in architecture.
Warning 105: bram[0].plr_i[16] unconnected pin in architecture.
Warning 106: bram[0].plr_i[17] unconnected pin in architecture.
Warning 107: bram[0].plr_i[18] unconnected pin in architecture.
Warning 108: bram[0].plr_i[19] unconnected pin in architecture.
Warning 109: bram[0].plr_i[20] unconnected pin in architecture.
Warning 110: bram[0].plr_i[21] unconnected pin in architecture.
Warning 111: bram[0].plr_i[22] unconnected pin in architecture.
Warning 112: bram[0].plr_i[23] unconnected pin in architecture.
Warning 113: bram[0].plr_i[24] unconnected pin in architecture.
Warning 114: bram[0].plr_i[25] unconnected pin in architecture.
Warning 115: bram[0].plr_i[26] unconnected pin in architecture.
Warning 116: bram[0].plr_i[27] unconnected pin in architecture.
Warning 117: bram[0].plr_i[28] unconnected pin in architecture.
Warning 118: bram[0].plr_i[29] unconnected pin in architecture.
Warning 119: bram[0].plr_i[30] unconnected pin in architecture.
Warning 120: bram[0].plr_i[31] unconnected pin in architecture.
Warning 121: bram[0].plr_i[32] unconnected pin in architecture.
Warning 122: bram[0].plr_i[33] unconnected pin in architecture.
Warning 123: bram[0].plr_i[34] unconnected pin in architecture.
Warning 124: bram[0].plr_i[35] unconnected pin in architecture.
Warning 125: bram[0].sr_out[0] unconnected pin in architecture.
Warning 126: bram[0].sr_out[1] unconnected pin in architecture.
Warning 127: bram[0].sr_out[2] unconnected pin in architecture.
Warning 128: bram[0].sr_out[3] unconnected pin in architecture.
Warning 129: bram[0].sr_out[4] unconnected pin in architecture.
Warning 130: bram[0].sr_out[5] unconnected pin in architecture.
Warning 131: bram[0].plr_o[0] unconnected pin in architecture.
Warning 132: bram[0].plr_o[1] unconnected pin in architecture.
Warning 133: bram[0].plr_o[2] unconnected pin in architecture.
Warning 134: bram[0].plr_o[3] unconnected pin in architecture.
Warning 135: bram[0].plr_o[4] unconnected pin in architecture.
Warning 136: bram[0].plr_o[5] unconnected pin in architecture.
Warning 137: bram[0].plr_o[6] unconnected pin in architecture.
Warning 138: bram[0].plr_o[7] unconnected pin in architecture.
Warning 139: bram[0].plr_o[8] unconnected pin in architecture.
Warning 140: bram[0].plr_o[9] unconnected pin in architecture.
Warning 141: bram[0].plr_o[10] unconnected pin in architecture.
Warning 142: bram[0].plr_o[11] unconnected pin in architecture.
Warning 143: bram[0].plr_o[12] unconnected pin in architecture.
Warning 144: bram[0].plr_o[13] unconnected pin in architecture.
Warning 145: bram[0].plr_o[14] unconnected pin in architecture.
Warning 146: bram[0].plr_o[15] unconnected pin in architecture.
Warning 147: bram[0].plr_o[16] unconnected pin in architecture.
Warning 148: bram[0].plr_o[17] unconnected pin in architecture.
Warning 149: bram[0].plr_o[18] unconnected pin in architecture.
Warning 150: bram[0].plr_o[19] unconnected pin in architecture.
Warning 151: bram[0].plr_o[20] unconnected pin in architecture.
Warning 152: bram[0].plr_o[21] unconnected pin in architecture.
Warning 153: bram[0].plr_o[22] unconnected pin in architecture.
Warning 154: bram[0].plr_o[23] unconnected pin in architecture.
Warning 155: bram[0].plr_o[24] unconnected pin in architecture.
Warning 156: bram[0].plr_o[25] unconnected pin in architecture.
Warning 157: bram[0].plr_o[26] unconnected pin in architecture.
Warning 158: bram[0].plr_o[27] unconnected pin in architecture.
Warning 159: bram[0].plr_o[28] unconnected pin in architecture.
Warning 160: bram[0].plr_o[29] unconnected pin in architecture.
Warning 161: bram[0].plr_o[30] unconnected pin in architecture.
Warning 162: bram[0].plr_o[31] unconnected pin in architecture.
Warning 163: bram[0].plr_o[32] unconnected pin in architecture.
Warning 164: bram[0].plr_o[33] unconnected pin in architecture.
Warning 165: bram[0].plr_o[34] unconnected pin in architecture.
Warning 166: bram[0].plr_o[35] unconnected pin in architecture.
# Building complex block graph took 0.04 seconds (max_rss 107.7 MiB, delta_rss +0.0 MiB)
Circuit file: /nfs_scratch/scratch/CompilerValidation/zaheer_ahmad/os-fpga/Validation/RTL_testcases/titan_benchmarks/bitonic_mesh/bitonic_mesh/run_1/synth_1_1/synthesis/fabric_bitonic_mesh_post_synth.eblif
# Load circuit
Found constant-zero generator '$false'
Found constant-one generator '$true'
Found constant-zero generator '$undef'
# Load circuit took 21.66 seconds (max_rss 1625.7 MiB, delta_rss +1518.0 MiB)
# Clean circuit
Inferred    0 additional primitive pins as constant generators since they have no combinationally connected inputs
Inferred  436 additional primitive pins as constant generators due to constant inputs
Inferred    0 additional primitive pins as constant generators since they have no combinationally connected inputs
Inferred    0 additional primitive pins as constant generators due to constant inputs
Swept input(s)      : 0
Swept output(s)     : 0 (0 dangling, 0 constant)
Swept net(s)        : 10200
Swept block(s)      : 0
Constant Pins Marked: 436
# Clean circuit took 0.55 seconds (max_rss 1625.7 MiB, delta_rss +0.0 MiB)
# Compress circuit
# Compress circuit took 2.49 seconds (max_rss 1625.7 MiB, delta_rss +0.0 MiB)
# Verify circuit
# Verify circuit took 0.70 seconds (max_rss 1625.7 MiB, delta_rss +0.0 MiB)
Circuit Statistics:
  Blocks: 359191
    .input           :     102
    .output          :     182
    0-LUT            :       3
    6-LUT            :  185702
    RS_DSP_MULT      :     300
    RS_DSP_MULT_REGIN:     100
    RS_TDP36K        :     200
    adder_carry      :    9600
    dffre            :  163002
  Nets  : 386809
    Avg Fanout:     4.4
    Max Fanout: 168210.0
    Min Fanout:     1.0
  Netlist Clocks: 1
# Build Timing Graph
  Timing Graph Nodes: 2081391
  Timing Graph Edges: 3752382
  Timing Graph Levels: 94
# Build Timing Graph took 8.86 seconds (max_rss 1625.7 MiB, delta_rss +0.0 MiB)
Netlist contains 1 clocks
  Netlist Clock '$clk_buf_$ibuf_clk' Fanout: 163902 pins (7.9%), 163302 blocks (45.5%)
# Load Timing Constraints
Warning 167: set_input_delay command matched but was not applied to primary output '$auto_14028771'
Warning 168: set_input_delay command matched but was not applied to primary output '$auto_14028772'
Warning 169: set_input_delay command matched but was not applied to primary output '$auto_14028773'
Warning 170: set_input_delay command matched but was not applied to primary output '$auto_14028774'
Warning 171: set_input_delay command matched but was not applied to primary output '$auto_14028775'
Warning 172: set_input_delay command matched but was not applied to primary output '$auto_14028776'
Warning 173: set_input_delay command matched but was not applied to primary output '$auto_14028777'
Warning 174: set_input_delay command matched but was not applied to primary output '$auto_14028778'
Warning 175: set_input_delay command matched but was not applied to primary output '$auto_14028779'
Warning 176: set_input_delay command matched but was not applied to primary output '$auto_14028780'
Warning 177: set_input_delay command matched but was not applied to primary output '$auto_14028781'
Warning 178: set_input_delay command matched but was not applied to primary output '$auto_14028782'
Warning 179: set_input_delay command matched but was not applied to primary output '$auto_14028783'
Warning 180: set_input_delay command matched but was not applied to primary output '$auto_14028784'
Warning 181: set_input_delay command matched but was not applied to primary output '$auto_14028785'
Warning 182: set_input_delay command matched but was not applied to primary output '$auto_14028786'
Warning 183: set_input_delay command matched but was not applied to primary output '$auto_14028787'
Warning 184: set_input_delay command matched but was not applied to primary output '$auto_14028788'
Warning 185: set_input_delay command matched but was not applied to primary output '$auto_14028789'
Warning 186: set_input_delay command matched but was not applied to primary output '$auto_14028790'
Warning 187: set_input_delay command matched but was not applied to primary output '$auto_14028791'
Warning 188: set_input_delay command matched but was not applied to primary output '$auto_14028792'
Warning 189: set_input_delay command matched but was not applied to primary output '$auto_14028793'
Warning 190: set_input_delay command matched but was not applied to primary output '$auto_14028794'
Warning 191: set_input_delay command matched but was not applied to primary output '$auto_14028795'
Warning 192: set_input_delay command matched but was not applied to primary output '$auto_14028796'
Warning 193: set_input_delay command matched but was not applied to primary output '$auto_14028797'
Warning 194: set_input_delay command matched but was not applied to primary output '$auto_14028798'
Warning 195: set_input_delay command matched but was not applied to primary output '$auto_14028799'
Warning 196: set_input_delay command matched but was not applied to primary output '$auto_14028800'
Warning 197: set_input_delay command matched but was not applied to primary output '$auto_14028801'
Warning 198: set_input_delay command matched but was not applied to primary output '$auto_14028802'
Warning 199: set_input_delay command matched but was not applied to primary output '$auto_14028803'
Warning 200: set_input_delay command matched but was not applied to primary output '$auto_14028804'
Warning 201: set_input_delay command matched but was not applied to primary output '$auto_14028805'
Warning 202: set_input_delay command matched but was not applied to primary output '$auto_14028806'
Warning 203: set_input_delay command matched but was not applied to primary output '$auto_14028807'
Warning 204: set_input_delay command matched but was not applied to primary output '$auto_14028808'
Warning 205: set_input_delay command matched but was not applied to primary output '$auto_14028809'
Warning 206: set_input_delay command matched but was not applied to primary output '$auto_14028810'
Warning 207: set_input_delay command matched but was not applied to primary output '$auto_14028811'
Warning 208: set_input_delay command matched but was not applied to primary output '$auto_14028812'
Warning 209: set_input_delay command matched but was not applied to primary output '$auto_14028813'
Warning 210: set_input_delay command matched but was not applied to primary output '$auto_14028814'
Warning 211: set_input_delay command matched but was not applied to primary output '$auto_14028815'
Warning 212: set_input_delay command matched but was not applied to primary output '$auto_14028816'
Warning 213: set_input_delay command matched but was not applied to primary output '$auto_14028817'
Warning 214: set_input_delay command matched but was not applied to primary output '$auto_14028818'
Warning 215: set_input_delay command matched but was not applied to primary output '$auto_14028819'
Warning 216: set_input_delay command matched but was not applied to primary output '$auto_14028820'
Warning 217: set_input_delay command matched but was not applied to primary output '$auto_14028821'
Warning 218: set_input_delay command matched but was not applied to primary output '$auto_14028822'
Warning 219: set_input_delay command matched but was not applied to primary output '$auto_14028823'
Warning 220: set_input_delay command matched but was not applied to primary output '$auto_14028824'
Warning 221: set_input_delay command matched but was not applied to primary output '$auto_14028825'
Warning 222: set_input_delay command matched but was not applied to primary output '$auto_14028826'
Warning 223: set_input_delay command matched but was not applied to primary output '$auto_14028827'
Warning 224: set_input_delay command matched but was not applied to primary output '$auto_14028828'
Warning 225: set_input_delay command matched but was not applied to primary output '$auto_14028829'
Warning 226: set_input_delay command matched but was not applied to primary output '$auto_14028830'
Warning 227: set_input_delay command matched but was not applied to primary output '$auto_14028831'
Warning 228: set_input_delay command matched but was not applied to primary output '$auto_14028832'
Warning 229: set_input_delay command matched but was not applied to primary output '$auto_14028833'
Warning 230: set_input_delay command matched but was not applied to primary output '$auto_14028834'
Warning 231: set_input_delay command matched but was not applied to primary output '$auto_14028835'
Warning 232: set_input_delay command matched but was not applied to primary output '$auto_14028836'
Warning 233: set_input_delay command matched but was not applied to primary output '$auto_14028837'
Warning 234: set_input_delay command matched but was not applied to primary output '$auto_14028838'
Warning 235: set_input_delay command matched but was not applied to primary output '$auto_14028839'
Warning 236: set_input_delay command matched but was not applied to primary output '$auto_14028840'
Warning 237: set_input_delay command matched but was not applied to primary output '$auto_14028841'
Warning 238: set_input_delay command matched but was not applied to primary output '$auto_14028842'
Warning 239: set_input_delay command matched but was not applied to primary output '$auto_14028843'
Warning 240: set_input_delay command matched but was not applied to primary output '$auto_14028844'
Warning 241: set_input_delay command matched but was not applied to primary output '$auto_14028845'
Warning 242: set_input_delay command matched but was not applied to primary output '$auto_14028846'
Warning 243: set_input_delay command matched but was not applied to primary output '$auto_14028847'
Warning 244: set_input_delay command matched but was not applied to primary output '$auto_14028848'
Warning 245: set_input_delay command matched but was not applied to primary output '$auto_14028849'
Warning 246: set_input_delay command matched but was not applied to primary output '$auto_14028850'
Warning 247: set_input_delay command matched but was not applied to primary output '$auto_14028851'
Warning 248: set_input_delay command matched but was not applied to primary output '$auto_14028852'
Warning 249: set_input_delay command matched but was not applied to primary output '$auto_14028853'
Warning 250: set_input_delay command matched but was not applied to primary output '$auto_14028854'
Warning 251: set_input_delay command matched but was not applied to primary output '$auto_14028855'
Warning 252: set_input_delay command matched but was not applied to primary output '$auto_14028856'
Warning 253: set_input_delay command matched but was not applied to primary output '$auto_14028857'
Warning 254: set_input_delay command matched but was not applied to primary output '$auto_14028858'
Warning 255: set_input_delay command matched but was not applied to primary output '$auto_14028859'
Warning 256: set_input_delay command matched but was not applied to primary output '$auto_14028860'
Warning 257: set_input_delay command matched but was not applied to primary output '$auto_14028861'
Warning 258: set_input_delay command matched but was not applied to primary output '$auto_14028862'
Warning 259: set_input_delay command matched but was not applied to primary output '$auto_14028863'
Warning 260: set_input_delay command matched but was not applied to primary output '$auto_14028864'
Warning 261: set_input_delay command matched but was not applied to primary output '$auto_14028865'
Warning 262: set_input_delay command matched but was not applied to primary output '$auto_14028866'
Warning 263: set_input_delay command matched but was not applied to primary output '$auto_14028867'
Warning 264: set_input_delay command matched but was not applied to primary output '$auto_14028868'
Warning 265: set_input_delay command matched but was not applied to primary output '$auto_14028869'
Warning 266: set_input_delay command matched but was not applied to primary output '$auto_14028870'
Warning 267: set_input_delay command matched but was not applied to primary output '$auto_14028871'
Warning 268: set_input_delay command matched but was not applied to primary output '$auto_14028872'
Warning 269: set_input_delay command matched but was not applied to primary output '$auto_14028873'
Warning 270: set_input_delay command matched but was not applied to primary output '$auto_14028874'
Warning 271: set_input_delay command matched but was not applied to primary output '$auto_14028875'
Warning 272: set_input_delay command matched but was not applied to primary output '$auto_14028876'
Warning 273: set_input_delay command matched but was not applied to primary output '$auto_14028877'
Warning 274: set_input_delay command matched but was not applied to primary output '$auto_14028878'
Warning 275: set_input_delay command matched but was not applied to primary output '$auto_14028879'
Warning 276: set_input_delay command matched but was not applied to primary output '$auto_14028880'
Warning 277: set_input_delay command matched but was not applied to primary output '$auto_14028881'
Warning 278: set_input_delay command matched but was not applied to primary output '$auto_14028882'
Warning 279: set_input_delay command matched but was not applied to primary output '$auto_14028883'
Warning 280: set_input_delay command matched but was not applied to primary output '$auto_14028884'
Warning 281: set_input_delay command matched but was not applied to primary output '$auto_14028885'
Warning 282: set_input_delay command matched but was not applied to primary output '$auto_14028886'
Warning 283: set_input_delay command matched but was not applied to primary output '$auto_14028887'
Warning 284: set_input_delay command matched but was not applied to primary output '$auto_14028888'
Warning 285: set_input_delay command matched but was not applied to primary output '$auto_14028889'
Warning 286: set_input_delay command matched but was not applied to primary output '$auto_14028890'
Warning 287: set_input_delay command matched but was not applied to primary output '$auto_14028891'
Warning 288: set_input_delay command matched but was not applied to primary output '$auto_14028892'
Warning 289: set_input_delay command matched but was not applied to primary output '$auto_14028893'
Warning 290: set_input_delay command matched but was not applied to primary output '$auto_14028894'
Warning 291: set_input_delay command matched but was not applied to primary output '$auto_14028895'
Warning 292: set_input_delay command matched but was not applied to primary output '$auto_14028896'
Warning 293: set_input_delay command matched but was not applied to primary output '$auto_14028897'
Warning 294: set_input_delay command matched but was not applied to primary output '$auto_14028898'
Warning 295: set_input_delay command matched but was not applied to primary output '$auto_14028899'
Warning 296: set_input_delay command matched but was not applied to primary output '$auto_14028900'
Warning 297: set_input_delay command matched but was not applied to primary output '$auto_14028901'
Warning 298: set_input_delay command matched but was not applied to primary output '$auto_14028902'
Warning 299: set_input_delay command matched but was not applied to primary output '$auto_14028903'
Warning 300: set_input_delay command matched but was not applied to primary output '$auto_14028904'
Warning 301: set_input_delay command matched but was not applied to primary output '$auto_14028905'
Warning 302: set_input_delay command matched but was not applied to primary output '$auto_14028906'
Warning 303: set_input_delay command matched but was not applied to primary output '$auto_14028907'
Warning 304: set_input_delay command matched but was not applied to primary output '$auto_14028908'
Warning 305: set_input_delay command matched but was not applied to primary output '$auto_14028909'
Warning 306: set_input_delay command matched but was not applied to primary output '$auto_14028910'
Warning 307: set_input_delay command matched but was not applied to primary output '$auto_14028911'
Warning 308: set_input_delay command matched but was not applied to primary output '$auto_14028912'
Warning 309: set_input_delay command matched but was not applied to primary output '$auto_14028913'
Warning 310: set_input_delay command matched but was not applied to primary output '$auto_14028914'
Warning 311: set_input_delay command matched but was not applied to primary output '$auto_14028915'
Warning 312: set_input_delay command matched but was not applied to primary output '$auto_14028916'
Warning 313: set_input_delay command matched but was not applied to primary output '$auto_14028917'
Warning 314: set_input_delay command matched but was not applied to primary output '$auto_14028918'
Warning 315: set_input_delay command matched but was not applied to primary output '$auto_14028919'
Warning 316: set_input_delay command matched but was not applied to primary output '$f2g_tx_out_proc51.reg_file.reg_file2.ram[13][9]'
Warning 317: set_input_delay command matched but was not applied to primary output '$f2g_tx_out_proc51.reg_file.reg_file2.ram[13][10]'
Warning 318: set_input_delay command matched but was not applied to primary output '$f2g_tx_out_proc51.reg_file.reg_file2.ram[13][11]'
Warning 319: set_input_delay command matched but was not applied to primary output '$f2g_tx_out_proc51.reg_file.reg_file2.ram[13][12]'
Warning 320: set_input_delay command matched but was not applied to primary output '$f2g_tx_out_proc51.reg_file.reg_file2.ram[13][13]'
Warning 321: set_input_delay command matched but was not applied to primary output '$f2g_tx_out_proc51.reg_file.reg_file2.ram[13][14]'
Warning 322: set_input_delay command matched but was not applied to primary output '$f2g_tx_out_proc51.reg_file.reg_file2.ram[13][15]'
Warning 323: set_input_delay command matched but was not applied to primary output '$f2g_tx_out_proc51.reg_file.reg_file2.ram[13][16]'
Warning 324: set_input_delay command matched but was not applied to primary output '$f2g_tx_out_proc51.reg_file.reg_file2.ram[13][17]'
Warning 325: set_input_delay command matched but was not applied to primary output '$f2g_tx_out_proc51.reg_file.reg_file2.ram[13][18]'
Warning 326: set_input_delay command matched but was not applied to primary output '$f2g_tx_out_proc51.reg_file.reg_file2.ram[13][19]'
Warning 327: set_input_delay command matched but was not applied to primary output '$f2g_tx_out_proc51.reg_file.reg_file2.ram[13][20]'
Warning 328: set_input_delay command matched but was not applied to primary output '$f2g_tx_out_proc51.reg_file.reg_file2.ram[13][21]'
Warning 329: set_input_delay command matched but was not applied to primary output '$f2g_tx_out_proc51.reg_file.reg_file2.ram[13][22]'
Warning 330: set_input_delay command matched but was not applied to primary output '$f2g_tx_out_proc51.reg_file.reg_file2.ram[13][23]'
Warning 331: set_input_delay command matched but was not applied to primary output '$f2g_tx_out_proc51.reg_file.reg_file2.ram[13][24]'
Warning 332: set_input_delay command matched but was not applied to primary output '$f2g_tx_out_proc51.reg_file.reg_file2.ram[13][25]'
Warning 333: set_input_delay command matched but was not applied to primary output '$f2g_tx_out_proc51.reg_file.reg_file2.ram[13][26]'
Warning 334: set_input_delay command matched but was not applied to primary output '$f2g_tx_out_proc51.reg_file.reg_file2.ram[13][27]'
Warning 335: set_input_delay command matched but was not applied to primary output '$f2g_tx_out_proc51.reg_file.reg_file2.ram[13][28]'
Warning 336: set_input_delay command matched but was not applied to primary output '$f2g_tx_out_proc51.reg_file.reg_file2.ram[13][29]'
Warning 337: set_input_delay command matched but was not applied to primary output '$f2g_tx_out_proc51.reg_file.reg_file2.ram[13][30]'
Warning 338: set_input_delay command matched but was not applied to primary output '$f2g_tx_out_proc51.reg_file.reg_file2.ram[13][31]'
Warning 339: set_input_delay command matched but was not applied to primary output '$f2g_tx_out_proc51.reg_file.reg_file2.ram[14][0]'
Warning 340: set_input_delay command matched but was not applied to primary output '$f2g_tx_out_proc51.reg_file.reg_file2.ram[14][1]'
Warning 341: set_input_delay command matched but was not applied to primary output '$f2g_tx_out_proc51.reg_file.reg_file2.ram[14][2]'
Warning 342: set_input_delay command matched but was not applied to primary output '$f2g_tx_out_proc51.reg_file.reg_file2.ram[14][3]'
Warning 343: set_input_delay command matched but was not applied to primary output '$f2g_tx_out_proc51.reg_file.reg_file2.ram[14][4]'
Warning 344: set_input_delay command matched but was not applied to primary output '$f2g_tx_out_proc51.reg_file.reg_file2.ram[14][5]'
Warning 345: set_input_delay command matched but was not applied to primary output '$f2g_tx_out_proc51.reg_file.reg_file2.ram[14][6]'
Warning 346: set_input_delay command matched but was not applied to primary output '$f2g_tx_out_proc51.reg_file.reg_file2.ram[14][7]'
Warning 347: set_input_delay command matched but was not applied to primary output '$f2g_tx_out_proc51.reg_file.reg_file2.ram[14][8]'
Warning 348: set_input_delay command matched but was not applied to primary output '$f2g_tx_out_proc90.writeGenOut'
Warning 349: set_output_delay command matched but was not applied to primary input '$clk_buf_$ibuf_clk'
Warning 350: set_output_delay command matched but was not applied to primary input '$ibuf_boot_daddr[0]'
Warning 351: set_output_delay command matched but was not applied to primary input '$ibuf_boot_daddr[1]'
Warning 352: set_output_delay command matched but was not applied to primary input '$ibuf_boot_daddr[2]'
Warning 353: set_output_delay command matched but was not applied to primary input '$ibuf_boot_daddr[3]'
Warning 354: set_output_delay command matched but was not applied to primary input '$ibuf_boot_daddr[4]'
Warning 355: set_output_delay command matched but was not applied to primary input '$ibuf_boot_daddr[5]'
Warning 356: set_output_delay command matched but was not applied to primary input '$ibuf_boot_daddr[6]'
Warning 357: set_output_delay command matched but was not applied to primary input '$ibuf_boot_daddr[7]'
Warning 358: set_output_delay command matched but was not applied to primary input '$ibuf_boot_daddr[8]'
Warning 359: set_output_delay command matched but was not applied to primary input '$ibuf_boot_daddr[9]'
Warning 360: set_output_delay command matched but was not applied to primary input '$ibuf_boot_daddr[10]'
Warning 361: set_output_delay command matched but was not applied to primary input '$ibuf_boot_daddr[11]'
Warning 362: set_output_delay command matched but was not applied to primary input '$ibuf_boot_daddr[12]'
Warning 363: set_output_delay command matched but was not applied to primary input '$ibuf_boot_daddr[13]'
Warning 364: set_output_delay command matched but was not applied to primary input '$ibuf_boot_ddata[0]'
Warning 365: set_output_delay command matched but was not applied to primary input '$ibuf_boot_ddata[1]'
Warning 366: set_output_delay command matched but was not applied to primary input '$ibuf_boot_ddata[2]'
Warning 367: set_output_delay command matched but was not applied to primary input '$ibuf_boot_ddata[3]'
Warning 368: set_output_delay command matched but was not applied to primary input '$ibuf_boot_ddata[4]'
Warning 369: set_output_delay command matched but was not applied to primary input '$ibuf_boot_ddata[5]'
Warning 370: set_output_delay command matched but was not applied to primary input '$ibuf_boot_ddata[6]'
Warning 371: set_output_delay command matched but was not applied to primary input '$ibuf_boot_ddata[7]'
Warning 372: set_output_delay command matched but was not applied to primary input '$ibuf_boot_ddata[8]'
Warning 373: set_output_delay command matched but was not applied to primary input '$ibuf_boot_ddata[9]'
Warning 374: set_output_delay command matched but was not applied to primary input '$ibuf_boot_ddata[10]'
Warning 375: set_output_delay command matched but was not applied to primary input '$ibuf_boot_ddata[11]'
Warning 376: set_output_delay command matched but was not applied to primary input '$ibuf_boot_ddata[12]'
Warning 377: set_output_delay command matched but was not applied to primary input '$ibuf_boot_ddata[13]'
Warning 378: set_output_delay command matched but was not applied to primary input '$ibuf_boot_ddata[14]'
Warning 379: set_output_delay command matched but was not applied to primary input '$ibuf_boot_ddata[15]'
Warning 380: set_output_delay command matched but was not applied to primary input '$ibuf_boot_ddata[16]'
Warning 381: set_output_delay command matched but was not applied to primary input '$ibuf_boot_ddata[17]'
Warning 382: set_output_delay command matched but was not applied to primary input '$ibuf_boot_ddata[18]'
Warning 383: set_output_delay command matched but was not applied to primary input '$ibuf_boot_ddata[19]'
Warning 384: set_output_delay command matched but was not applied to primary input '$ibuf_boot_ddata[20]'
Warning 385: set_output_delay command matched but was not applied to primary input '$ibuf_boot_ddata[21]'
Warning 386: set_output_delay command matched but was not applied to primary input '$ibuf_boot_ddata[22]'
Warning 387: set_output_delay command matched but was not applied to primary input '$ibuf_boot_ddata[23]'
Warning 388: set_output_delay command matched but was not applied to primary input '$ibuf_boot_ddata[24]'
Warning 389: set_output_delay command matched but was not applied to primary input '$ibuf_boot_ddata[25]'
Warning 390: set_output_delay command matched but was not applied to primary input '$ibuf_boot_ddata[26]'
Warning 391: set_output_delay command matched but was not applied to primary input '$ibuf_boot_ddata[27]'
Warning 392: set_output_delay command matched but was not applied to primary input '$ibuf_boot_ddata[28]'
Warning 393: set_output_delay command matched but was not applied to primary input '$ibuf_boot_ddata[29]'
Warning 394: set_output_delay command matched but was not applied to primary input '$ibuf_boot_ddata[30]'
Warning 395: set_output_delay command matched but was not applied to primary input '$ibuf_boot_ddata[31]'
Warning 396: set_output_delay command matched but was not applied to primary input '$ibuf_boot_iaddr[0]'
Warning 397: set_output_delay command matched but was not applied to primary input '$ibuf_boot_iaddr[1]'
Warning 398: set_output_delay command matched but was not applied to primary input '$ibuf_boot_iaddr[2]'
Warning 399: set_output_delay command matched but was not applied to primary input '$ibuf_boot_iaddr[3]'
Warning 400: set_output_delay command matched but was not applied to primary input '$ibuf_boot_iaddr[4]'
Warning 401: set_output_delay command matched but was not applied to primary input '$ibuf_boot_iaddr[5]'
Warning 402: set_output_delay command matched but was not applied to primary input '$ibuf_boot_iaddr[6]'
Warning 403: set_output_delay command matched but was not applied to primary input '$ibuf_boot_iaddr[7]'
Warning 404: set_output_delay command matched but was not applied to primary input '$ibuf_boot_iaddr[8]'
Warning 405: set_output_delay command matched but was not applied to primary input '$ibuf_boot_iaddr[9]'
Warning 406: set_output_delay command matched but was not applied to primary input '$ibuf_boot_iaddr[10]'
Warning 407: set_output_delay command matched but was not applied to primary input '$ibuf_boot_iaddr[11]'
Warning 408: set_output_delay command matched but was not applied to primary input '$ibuf_boot_iaddr[12]'
Warning 409: set_output_delay command matched but was not applied to primary input '$ibuf_boot_iaddr[13]'
Warning 410: set_output_delay command matched but was not applied to primary input '$ibuf_boot_idata[0]'
Warning 411: set_output_delay command matched but was not applied to primary input '$ibuf_boot_idata[1]'
Warning 412: set_output_delay command matched but was not applied to primary input '$ibuf_boot_idata[2]'
Warning 413: set_output_delay command matched but was not applied to primary input '$ibuf_boot_idata[3]'
Warning 414: set_output_delay command matched but was not applied to primary input '$ibuf_boot_idata[4]'
Warning 415: set_output_delay command matched but was not applied to primary input '$ibuf_boot_idata[5]'
Warning 416: set_output_delay command matched but was not applied to primary input '$ibuf_boot_idata[6]'
Warning 417: set_output_delay command matched but was not applied to primary input '$ibuf_boot_idata[7]'
Warning 418: set_output_delay command matched but was not applied to primary input '$ibuf_boot_idata[8]'
Warning 419: set_output_delay command matched but was not applied to primary input '$ibuf_boot_idata[9]'
Warning 420: set_output_delay command matched but was not applied to primary input '$ibuf_boot_idata[10]'
Warning 421: set_output_delay command matched but was not applied to primary input '$ibuf_boot_idata[11]'
Warning 422: set_output_delay command matched but was not applied to primary input '$ibuf_boot_idata[12]'
Warning 423: set_output_delay command matched but was not applied to primary input '$ibuf_boot_idata[13]'
Warning 424: set_output_delay command matched but was not applied to primary input '$ibuf_boot_idata[14]'
Warning 425: set_output_delay command matched but was not applied to primary input '$ibuf_boot_idata[15]'
Warning 426: set_output_delay command matched but was not applied to primary input '$ibuf_boot_idata[16]'
Warning 427: set_output_delay command matched but was not applied to primary input '$ibuf_boot_idata[17]'
Warning 428: set_output_delay command matched but was not applied to primary input '$ibuf_boot_idata[18]'
Warning 429: set_output_delay command matched but was not applied to primary input '$ibuf_boot_idata[19]'
Warning 430: set_output_delay command matched but was not applied to primary input '$ibuf_boot_idata[20]'
Warning 431: set_output_delay command matched but was not applied to primary input '$ibuf_boot_idata[21]'
Warning 432: set_output_delay command matched but was not applied to primary input '$ibuf_boot_idata[22]'
Warning 433: set_output_delay command matched but was not applied to primary input '$ibuf_boot_idata[23]'
Warning 434: set_output_delay command matched but was not applied to primary input '$ibuf_boot_idata[24]'
Warning 435: set_output_delay command matched but was not applied to primary input '$ibuf_boot_idata[25]'
Warning 436: set_output_delay command matched but was not applied to primary input '$ibuf_boot_idata[26]'
Warning 437: set_output_delay command matched but was not applied to primary input '$ibuf_boot_idata[27]'
Warning 438: set_output_delay command matched but was not applied to primary input '$ibuf_boot_idata[28]'
Warning 439: set_output_delay command matched but was not applied to primary input '$ibuf_boot_idata[29]'
Warning 440: set_output_delay command matched but was not applied to primary input '$ibuf_boot_idata[30]'
Warning 441: set_output_delay command matched but was not applied to primary input '$ibuf_boot_idata[31]'
Warning 442: set_output_delay command matched but was not applied to primary input '$ibuf_processor_select[0]'
Warning 443: set_output_delay command matched but was not applied to primary input '$ibuf_processor_select[1]'
Warning 444: set_output_delay command matched but was not applied to primary input '$ibuf_processor_select[2]'
Warning 445: set_output_delay command matched but was not applied to primary input '$ibuf_processor_select[3]'
Warning 446: set_output_delay command matched but was not applied to primary input '$ibuf_processor_select[4]'
Warning 447: set_output_delay command matched but was not applied to primary input '$ibuf_processor_select[5]'
Warning 448: set_output_delay command matched but was not applied to primary input '$ibuf_processor_select[6]'
Warning 449: set_output_delay command matched but was not applied to primary input '$ibuf_processor_select[7]'
Warning 450: set_output_delay command matched but was not applied to primary input '$ibuf_resetn'

Applied 3 SDC commands from '/nfs_scratch/scratch/CompilerValidation/zaheer_ahmad/os-fpga/Validation/RTL_testcases/titan_benchmarks/bitonic_mesh/bitonic_mesh/run_1/synth_1_1/impl_1_1_1/packing/fabric_bitonic_mesh_openfpga.sdc'
Timing constraints created 1 clocks
  Constrained Clock '$clk_buf_$ibuf_clk' Source: '$clk_buf_$ibuf_clk.inpad[0]'

# Load Timing Constraints took 1.04 seconds (max_rss 1625.7 MiB, delta_rss +0.0 MiB)
# Load packing
Begin loading packed FPGA netlist file.
Netlist generated from file '/nfs_scratch/scratch/CompilerValidation/zaheer_ahmad/os-fpga/Validation/RTL_testcases/titan_benchmarks/bitonic_mesh/bitonic_mesh/run_1/synth_1_1/impl_1_1_1/packing/fabric_bitonic_mesh_post_synth.net'.
Detected 3 constant generators (to see names run with higher pack verbosity)
Finished loading packed FPGA netlist file (took 57.67 seconds).
# Load packing took 60.73 seconds (max_rss 4299.6 MiB, delta_rss +2673.9 MiB)
Warning 451: Netlist contains 0 global net to non-global architecture pin connections

Pb types usage...
  io                     : 284
   io_output             : 182
    outpad               : 182
   io_input              : 102
    inpad                : 102
  clb                    : 30351
   clb_lr                : 30351
    fle                  : 240967
     fast6               : 98345
      lut6               : 98345
       lut               : 98345
     ble6                : 11026
      lut6               : 11021
       lut               : 11021
      ff                 : 11026
       DFFRE             : 11026
     ble5                : 207743
      lut5               : 73039
       lut               : 73039
      ff                 : 151976
       DFFRE             : 151976
     adder               : 9600
      lut5               : 3300
       lut               : 3300
      adder_carry        : 9600
  dsp                    : 400
   dsp_lr                : 400
    RS_DSP_MULT          : 300
    RS_DSP_MULT_REGIN    : 100
  bram                   : 200
   bram_lr               : 200
    mem_36K              : 200

# Create Device
## Build Device Grid
FPGA sized to 322 x 220: 70840 grid tiles (castor320x218_heterogeneous)

Resource usage...
	Netlist
		284	blocks of type: io
	Architecture
		22896	blocks of type: io_top
		15696	blocks of type: io_right
		22896	blocks of type: io_bottom
		15696	blocks of type: io_left
	Netlist
		30351	blocks of type: clb
	Architecture
		58320	blocks of type: clb
	Netlist
		400	blocks of type: dsp
	Architecture
		1584	blocks of type: dsp
	Netlist
		200	blocks of type: bram
	Architecture
		1872	blocks of type: bram

Device Utilization: 0.45 (target 1.00)
	Physical Tile io_top:
	Block Utilization: 0.01 Logical Block: io
	Physical Tile io_right:
	Block Utilization: 0.02 Logical Block: io
	Physical Tile io_bottom:
	Block Utilization: 0.01 Logical Block: io
	Physical Tile io_left:
	Block Utilization: 0.02 Logical Block: io
	Physical Tile clb:
	Block Utilization: 0.52 Logical Block: clb
	Physical Tile dsp:
	Block Utilization: 0.25 Logical Block: dsp
	Physical Tile bram:
	Block Utilization: 0.11 Logical Block: bram

## Build Device Grid took 0.02 seconds (max_rss 4299.6 MiB, delta_rss +0.0 MiB)
Warning 452: Tileable routing resource graph does not support clock modeling yet! Related options are ignored...
## Build tileable routing resource graph
X-direction routing channel width is 300
Y-direction routing channel width is 300
Warning 453: Sized nonsensical R=0 transistor to minimum width
Warning 454: Sized nonsensical R=0 transistor to minimum width
Warning 455: Sized nonsensical R=0 transistor to minimum width
Warning 456: Sized nonsensical R=0 transistor to minimum width
## Build tileable routing resource graph took 607.01 seconds (max_rss 16979.1 MiB, delta_rss +12679.5 MiB)
  RR Graph Nodes: 31044240
  RR Graph Edges: 259742010
# Create Device took 625.26 seconds (max_rss 16979.1 MiB, delta_rss +12679.5 MiB)

# Computing router lookahead map
## Computing wire lookahead
## Computing wire lookahead took 2488.75 seconds (max_rss 16979.1 MiB, delta_rss +0.0 MiB)
## Computing src/opin lookahead
Warning 457: Found no more ample locations for SOURCE in io_top
Warning 458: Found no more ample locations for OPIN in io_top
Warning 459: Found no more ample locations for SOURCE in io_right
Warning 460: Found no more ample locations for OPIN in io_right
Warning 461: Found no more ample locations for SOURCE in io_bottom
Warning 462: Found no more ample locations for OPIN in io_bottom
Warning 463: Found no more ample locations for SOURCE in io_left
Warning 464: Found no more ample locations for OPIN in io_left
Warning 465: Found no more ample locations for SOURCE in clb
Warning 466: Found no more ample locations for OPIN in clb
Warning 467: Found no more ample locations for SOURCE in dsp
Warning 468: Found no more ample locations for OPIN in dsp
Warning 469: Found no more ample locations for SOURCE in bram
Warning 470: Found no more ample locations for OPIN in bram
## Computing src/opin lookahead took 6.24 seconds (max_rss 16979.1 MiB, delta_rss +0.0 MiB)
# Computing router lookahead map took 2498.37 seconds (max_rss 16979.1 MiB, delta_rss +0.0 MiB)
# Computing placement delta delay look-up
RR graph channel widths unchanged, skipping RR graph rebuild
## Computing delta delays
Warning 471: Unable to route between blocks at (1,1) and (1,219) to characterize delay (setting to inf)
Warning 472: Unable to route between blocks at (1,1) and (2,219) to characterize delay (setting to inf)
Warning 473: Unable to route between blocks at (1,1) and (3,219) to characterize delay (setting to inf)
Warning 474: Unable to route between blocks at (1,1) and (4,219) to characterize delay (setting to inf)
Warning 475: Unable to route between blocks at (1,1) and (5,219) to characterize delay (setting to inf)
Warning 476: Unable to route between blocks at (1,1) and (6,219) to characterize delay (setting to inf)
Warning 477: Unable to route between blocks at (1,1) and (7,219) to characterize delay (setting to inf)
Warning 478: Unable to route between blocks at (1,1) and (8,219) to characterize delay (setting to inf)
Warning 479: Unable to route between blocks at (1,1) and (9,219) to characterize delay (setting to inf)
Warning 480: Unable to route between blocks at (1,1) and (10,219) to characterize delay (setting to inf)
Warning 481: Unable to route between blocks at (1,1) and (11,219) to characterize delay (setting to inf)
Warning 482: Unable to route between blocks at (1,1) and (12,219) to characterize delay (setting to inf)
Warning 483: Unable to route between blocks at (1,1) and (13,219) to characterize delay (setting to inf)
Warning 484: Unable to route between blocks at (1,1) and (14,219) to characterize delay (setting to inf)
Warning 485: Unable to route between blocks at (1,1) and (15,219) to characterize delay (setting to inf)
Warning 486: Unable to route between blocks at (1,1) and (16,219) to characterize delay (setting to inf)
Warning 487: Unable to route between blocks at (1,1) and (17,219) to characterize delay (setting to inf)
Warning 488: Unable to route between blocks at (1,1) and (18,219) to characterize delay (setting to inf)
Warning 489: Unable to route between blocks at (1,1) and (19,219) to characterize delay (setting to inf)
Warning 490: Unable to route between blocks at (1,1) and (20,219) to characterize delay (setting to inf)
Warning 491: Unable to route between blocks at (1,1) and (21,219) to characterize delay (setting to inf)
Warning 492: Unable to route between blocks at (1,1) and (22,219) to characterize delay (setting to inf)
Warning 493: Unable to route between blocks at (1,1) and (23,219) to characterize delay (setting to inf)
Warning 494: Unable to route between blocks at (1,1) and (24,219) to characterize delay (setting to inf)
Warning 495: Unable to route between blocks at (1,1) and (25,219) to characterize delay (setting to inf)
Warning 496: Unable to route between blocks at (1,1) and (26,219) to characterize delay (setting to inf)
Warning 497: Unable to route between blocks at (1,1) and (27,219) to characterize delay (setting to inf)
Warning 498: Unable to route between blocks at (1,1) and (28,219) to characterize delay (setting to inf)
Warning 499: Unable to route between blocks at (1,1) and (29,219) to characterize delay (setting to inf)
Warning 500: Unable to route between blocks at (1,1) and (30,219) to characterize delay (setting to inf)
Warning 501: Unable to route between blocks at (1,1) and (31,219) to characterize delay (setting to inf)
Warning 502: Unable to route between blocks at (1,1) and (32,219) to characterize delay (setting to inf)
Warning 503: Unable to route between blocks at (1,1) and (33,219) to characterize delay (setting to inf)
Warning 504: Unable to route between blocks at (1,1) and (34,219) to characterize delay (setting to inf)
Warning 505: Unable to route between blocks at (1,1) and (35,219) to characterize delay (setting to inf)
Warning 506: Unable to route between blocks at (1,1) and (36,219) to characterize delay (setting to inf)
Warning 507: Unable to route between blocks at (1,1) and (37,219) to characterize delay (setting to inf)
Warning 508: Unable to route between blocks at (1,1) and (38,219) to characterize delay (setting to inf)
Warning 509: Unable to route between blocks at (1,1) and (39,219) to characterize delay (setting to inf)
Warning 510: Unable to route between blocks at (1,1) and (40,219) to characterize delay (setting to inf)
Warning 511: Unable to route between blocks at (1,1) and (41,219) to characterize delay (setting to inf)
Warning 512: Unable to route between blocks at (1,1) and (42,219) to characterize delay (setting to inf)
Warning 513: Unable to route between blocks at (1,1) and (43,219) to characterize delay (setting to inf)
Warning 514: Unable to route between blocks at (1,1) and (44,219) to characterize delay (setting to inf)
Warning 515: Unable to route between blocks at (1,1) and (45,219) to characterize delay (setting to inf)
Warning 516: Unable to route between blocks at (1,1) and (46,219) to characterize delay (setting to inf)
Warning 517: Unable to route between blocks at (1,1) and (47,219) to characterize delay (setting to inf)
Warning 518: Unable to route between blocks at (1,1) and (48,219) to characterize delay (setting to inf)
Warning 519: Unable to route between blocks at (1,1) and (49,219) to characterize delay (setting to inf)
Warning 520: Unable to route between blocks at (1,1) and (50,219) to characterize delay (setting to inf)
Warning 521: Unable to route between blocks at (1,1) and (51,219) to characterize delay (setting to inf)
Warning 522: Unable to route between blocks at (1,1) and (52,219) to characterize delay (setting to inf)
Warning 523: Unable to route between blocks at (1,1) and (53,219) to characterize delay (setting to inf)
Warning 524: Unable to route between blocks at (1,1) and (54,219) to characterize delay (setting to inf)
Warning 525: Unable to route between blocks at (1,1) and (55,219) to characterize delay (setting to inf)
Warning 526: Unable to route between blocks at (1,1) and (56,219) to characterize delay (setting to inf)
Warning 527: Unable to route between blocks at (1,1) and (57,219) to characterize delay (setting to inf)
Warning 528: Unable to route between blocks at (1,1) and (58,219) to characterize delay (setting to inf)
Warning 529: Unable to route between blocks at (1,1) and (59,219) to characterize delay (setting to inf)
Warning 530: Unable to route between blocks at (1,1) and (60,219) to characterize delay (setting to inf)
Warning 531: Unable to route between blocks at (1,1) and (61,219) to characterize delay (setting to inf)
Warning 532: Unable to route between blocks at (1,1) and (62,219) to characterize delay (setting to inf)
Warning 533: Unable to route between blocks at (1,1) and (63,219) to characterize delay (setting to inf)
Warning 534: Unable to route between blocks at (1,1) and (64,219) to characterize delay (setting to inf)
Warning 535: Unable to route between blocks at (1,1) and (65,219) to characterize delay (setting to inf)
Warning 536: Unable to route between blocks at (1,1) and (66,219) to characterize delay (setting to inf)
Warning 537: Unable to route between blocks at (1,1) and (67,219) to characterize delay (setting to inf)
Warning 538: Unable to route between blocks at (1,1) and (68,219) to characterize delay (setting to inf)
Warning 539: Unable to route between blocks at (1,1) and (69,219) to characterize delay (setting to inf)
Warning 540: Unable to route between blocks at (1,1) and (70,219) to characterize delay (setting to inf)
Warning 541: Unable to route between blocks at (1,1) and (71,219) to characterize delay (setting to inf)
Warning 542: Unable to route between blocks at (1,1) and (72,219) to characterize delay (setting to inf)
Warning 543: Unable to route between blocks at (1,1) and (73,219) to characterize delay (setting to inf)
Warning 544: Unable to route between blocks at (1,1) and (74,219) to characterize delay (setting to inf)
Warning 545: Unable to route between blocks at (1,1) and (75,219) to characterize delay (setting to inf)
Warning 546: Unable to route between blocks at (1,1) and (76,219) to characterize delay (setting to inf)
Warning 547: Unable to route between blocks at (1,1) and (77,219) to characterize delay (setting to inf)
Warning 548: Unable to route between blocks at (1,1) and (78,219) to characterize delay (setting to inf)
Warning 549: Unable to route between blocks at (1,1) and (79,219) to characterize delay (setting to inf)
Warning 550: Unable to route between blocks at (1,1) and (80,219) to characterize delay (setting to inf)
Warning 551: Unable to route between blocks at (1,1) and (81,219) to characterize delay (setting to inf)
Warning 552: Unable to route between blocks at (1,1) and (82,219) to characterize delay (setting to inf)
Warning 553: Unable to route between blocks at (1,1) and (83,219) to characterize delay (setting to inf)
Warning 554: Unable to route between blocks at (1,1) and (84,219) to characterize delay (setting to inf)
Warning 555: Unable to route between blocks at (1,1) and (85,219) to characterize delay (setting to inf)
Warning 556: Unable to route between blocks at (1,1) and (86,219) to characterize delay (setting to inf)
Warning 557: Unable to route between blocks at (1,1) and (87,219) to characterize delay (setting to inf)
Warning 558: Unable to route between blocks at (1,1) and (88,219) to characterize delay (setting to inf)
Warning 559: Unable to route between blocks at (1,1) and (89,219) to characterize delay (setting to inf)
Warning 560: Unable to route between blocks at (1,1) and (90,219) to characterize delay (setting to inf)
Warning 561: Unable to route between blocks at (1,1) and (91,219) to characterize delay (setting to inf)
Warning 562: Unable to route between blocks at (1,1) and (92,219) to characterize delay (setting to inf)
Warning 563: Unable to route between blocks at (1,1) and (93,219) to characterize delay (setting to inf)
Warning 564: Unable to route between blocks at (1,1) and (94,219) to characterize delay (setting to inf)
Warning 565: Unable to route between blocks at (1,1) and (95,219) to characterize delay (setting to inf)
Warning 566: Unable to route between blocks at (1,1) and (96,219) to characterize delay (setting to inf)
Warning 567: Unable to route between blocks at (1,1) and (97,219) to characterize delay (setting to inf)
Warning 568: Unable to route between blocks at (1,1) and (98,219) to characterize delay (setting to inf)
Warning 569: Unable to route between blocks at (1,1) and (99,219) to characterize delay (setting to inf)
Warning 570: Unable to route between blocks at (1,1) and (100,219) to characterize delay (setting to inf)
Warning 571: Unable to route between blocks at (1,1) and (101,219) to characterize delay (setting to inf)
Warning 572: Unable to route between blocks at (1,1) and (102,219) to characterize delay (setting to inf)
Warning 573: Unable to route between blocks at (1,1) and (103,219) to characterize delay (setting to inf)
Warning 574: Unable to route between blocks at (1,1) and (104,219) to characterize delay (setting to inf)
Warning 575: Unable to route between blocks at (1,1) and (105,219) to characterize delay (setting to inf)
Warning 576: Unable to route between blocks at (1,1) and (106,219) to characterize delay (setting to inf)
Warning 577: Unable to route between blocks at (1,1) and (107,219) to characterize delay (setting to inf)
Warning 578: Unable to route between blocks at (1,1) and (108,219) to characterize delay (setting to inf)
Warning 579: Unable to route between blocks at (1,1) and (109,219) to characterize delay (setting to inf)
Warning 580: Unable to route between blocks at (1,1) and (110,219) to characterize delay (setting to inf)
Warning 581: Unable to route between blocks at (1,1) and (111,219) to characterize delay (setting to inf)
Warning 582: Unable to route between blocks at (1,1) and (112,219) to characterize delay (setting to inf)
Warning 583: Unable to route between blocks at (1,1) and (113,219) to characterize delay (setting to inf)
Warning 584: Unable to route between blocks at (1,1) and (114,219) to characterize delay (setting to inf)
Warning 585: Unable to route between blocks at (1,1) and (115,219) to characterize delay (setting to inf)
Warning 586: Unable to route between blocks at (1,1) and (116,219) to characterize delay (setting to inf)
Warning 587: Unable to route between blocks at (1,1) and (117,219) to characterize delay (setting to inf)
Warning 588: Unable to route between blocks at (1,1) and (118,219) to characterize delay (setting to inf)
Warning 589: Unable to route between blocks at (1,1) and (119,219) to characterize delay (setting to inf)
Warning 590: Unable to route between blocks at (1,1) and (120,219) to characterize delay (setting to inf)
Warning 591: Unable to route between blocks at (1,1) and (121,219) to characterize delay (setting to inf)
Warning 592: Unable to route between blocks at (1,1) and (122,219) to characterize delay (setting to inf)
Warning 593: Unable to route between blocks at (1,1) and (123,219) to characterize delay (setting to inf)
Warning 594: Unable to route between blocks at (1,1) and (124,219) to characterize delay (setting to inf)
Warning 595: Unable to route between blocks at (1,1) and (125,219) to characterize delay (setting to inf)
Warning 596: Unable to route between blocks at (1,1) and (126,219) to characterize delay (setting to inf)
Warning 597: Unable to route between blocks at (1,1) and (127,219) to characterize delay (setting to inf)
Warning 598: Unable to route between blocks at (1,1) and (128,219) to characterize delay (setting to inf)
Warning 599: Unable to route between blocks at (1,1) and (129,219) to characterize delay (setting to inf)
Warning 600: Unable to route between blocks at (1,1) and (130,219) to characterize delay (setting to inf)
Warning 601: Unable to route between blocks at (1,1) and (131,219) to characterize delay (setting to inf)
Warning 602: Unable to route between blocks at (1,1) and (132,219) to characterize delay (setting to inf)
Warning 603: Unable to route between blocks at (1,1) and (133,219) to characterize delay (setting to inf)
Warning 604: Unable to route between blocks at (1,1) and (134,219) to characterize delay (setting to inf)
Warning 605: Unable to route between blocks at (1,1) and (135,219) to characterize delay (setting to inf)
Warning 606: Unable to route between blocks at (1,1) and (136,219) to characterize delay (setting to inf)
Warning 607: Unable to route between blocks at (1,1) and (137,219) to characterize delay (setting to inf)
Warning 608: Unable to route between blocks at (1,1) and (138,219) to characterize delay (setting to inf)
Warning 609: Unable to route between blocks at (1,1) and (139,219) to characterize delay (setting to inf)
Warning 610: Unable to route between blocks at (1,1) and (140,219) to characterize delay (setting to inf)
Warning 611: Unable to route between blocks at (1,1) and (141,219) to characterize delay (setting to inf)
Warning 612: Unable to route between blocks at (1,1) and (142,219) to characterize delay (setting to inf)
Warning 613: Unable to route between blocks at (1,1) and (143,219) to characterize delay (setting to inf)
Warning 614: Unable to route between blocks at (1,1) and (144,219) to characterize delay (setting to inf)
Warning 615: Unable to route between blocks at (1,1) and (145,219) to characterize delay (setting to inf)
Warning 616: Unable to route between blocks at (1,1) and (146,219) to characterize delay (setting to inf)
Warning 617: Unable to route between blocks at (1,1) and (147,219) to characterize delay (setting to inf)
Warning 618: Unable to route between blocks at (1,1) and (148,219) to characterize delay (setting to inf)
Warning 619: Unable to route between blocks at (1,1) and (149,219) to characterize delay (setting to inf)
Warning 620: Unable to route between blocks at (1,1) and (150,219) to characterize delay (setting to inf)
Warning 621: Unable to route between blocks at (1,1) and (151,219) to characterize delay (setting to inf)
Warning 622: Unable to route between blocks at (1,1) and (152,219) to characterize delay (setting to inf)
Warning 623: Unable to route between blocks at (1,1) and (153,219) to characterize delay (setting to inf)
Warning 624: Unable to route between blocks at (1,1) and (154,219) to characterize delay (setting to inf)
Warning 625: Unable to route between blocks at (1,1) and (155,219) to characterize delay (setting to inf)
Warning 626: Unable to route between blocks at (1,1) and (156,219) to characterize delay (setting to inf)
Warning 627: Unable to route between blocks at (1,1) and (157,219) to characterize delay (setting to inf)
Warning 628: Unable to route between blocks at (1,1) and (158,219) to characterize delay (setting to inf)
Warning 629: Unable to route between blocks at (1,1) and (159,219) to characterize delay (setting to inf)
Warning 630: Unable to route between blocks at (1,1) and (160,219) to characterize delay (setting to inf)
Warning 631: Unable to route between blocks at (1,1) and (161,219) to characterize delay (setting to inf)
Warning 632: Unable to route between blocks at (1,1) and (162,219) to characterize delay (setting to inf)
Warning 633: Unable to route between blocks at (1,1) and (163,219) to characterize delay (setting to inf)
Warning 634: Unable to route between blocks at (1,1) and (164,219) to characterize delay (setting to inf)
Warning 635: Unable to route between blocks at (1,1) and (165,219) to characterize delay (setting to inf)
Warning 636: Unable to route between blocks at (1,1) and (166,219) to characterize delay (setting to inf)
Warning 637: Unable to route between blocks at (1,1) and (167,219) to characterize delay (setting to inf)
Warning 638: Unable to route between blocks at (1,1) and (168,219) to characterize delay (setting to inf)
Warning 639: Unable to route between blocks at (1,1) and (169,219) to characterize delay (setting to inf)
Warning 640: Unable to route between blocks at (1,1) and (170,219) to characterize delay (setting to inf)
Warning 641: Unable to route between blocks at (1,1) and (171,219) to characterize delay (setting to inf)
Warning 642: Unable to route between blocks at (1,1) and (172,219) to characterize delay (setting to inf)
Warning 643: Unable to route between blocks at (1,1) and (173,219) to characterize delay (setting to inf)
Warning 644: Unable to route between blocks at (1,1) and (174,219) to characterize delay (setting to inf)
Warning 645: Unable to route between blocks at (1,1) and (175,219) to characterize delay (setting to inf)
Warning 646: Unable to route between blocks at (1,1) and (176,219) to characterize delay (setting to inf)
Warning 647: Unable to route between blocks at (1,1) and (177,219) to characterize delay (setting to inf)
Warning 648: Unable to route between blocks at (1,1) and (178,219) to characterize delay (setting to inf)
Warning 649: Unable to route between blocks at (1,1) and (179,219) to characterize delay (setting to inf)
Warning 650: Unable to route between blocks at (1,1) and (180,219) to characterize delay (setting to inf)
Warning 651: Unable to route between blocks at (1,1) and (181,219) to characterize delay (setting to inf)
Warning 652: Unable to route between blocks at (1,1) and (182,219) to characterize delay (setting to inf)
Warning 653: Unable to route between blocks at (1,1) and (183,219) to characterize delay (setting to inf)
Warning 654: Unable to route between blocks at (1,1) and (184,219) to characterize delay (setting to inf)
Warning 655: Unable to route between blocks at (1,1) and (185,219) to characterize delay (setting to inf)
Warning 656: Unable to route between blocks at (1,1) and (186,219) to characterize delay (setting to inf)
Warning 657: Unable to route between blocks at (1,1) and (187,219) to characterize delay (setting to inf)
Warning 658: Unable to route between blocks at (1,1) and (188,219) to characterize delay (setting to inf)
Warning 659: Unable to route between blocks at (1,1) and (189,219) to characterize delay (setting to inf)
Warning 660: Unable to route between blocks at (1,1) and (190,219) to characterize delay (setting to inf)
Warning 661: Unable to route between blocks at (1,1) and (191,219) to characterize delay (setting to inf)
Warning 662: Unable to route between blocks at (1,1) and (192,219) to characterize delay (setting to inf)
Warning 663: Unable to route between blocks at (1,1) and (193,219) to characterize delay (setting to inf)
Warning 664: Unable to route between blocks at (1,1) and (194,219) to characterize delay (setting to inf)
Warning 665: Unable to route between blocks at (1,1) and (195,219) to characterize delay (setting to inf)
Warning 666: Unable to route between blocks at (1,1) and (196,219) to characterize delay (setting to inf)
Warning 667: Unable to route between blocks at (1,1) and (197,219) to characterize delay (setting to inf)
Warning 668: Unable to route between blocks at (1,1) and (198,219) to characterize delay (setting to inf)
Warning 669: Unable to route between blocks at (1,1) and (199,219) to characterize delay (setting to inf)
Warning 670: Unable to route between blocks at (1,1) and (200,219) to characterize delay (setting to inf)
Warning 671: Unable to route between blocks at (1,1) and (201,219) to characterize delay (setting to inf)
Warning 672: Unable to route between blocks at (1,1) and (202,219) to characterize delay (setting to inf)
Warning 673: Unable to route between blocks at (1,1) and (203,219) to characterize delay (setting to inf)
Warning 674: Unable to route between blocks at (1,1) and (204,219) to characterize delay (setting to inf)
Warning 675: Unable to route between blocks at (1,1) and (205,219) to characterize delay (setting to inf)
Warning 676: Unable to route between blocks at (1,1) and (206,219) to characterize delay (setting to inf)
Warning 677: Unable to route between blocks at (1,1) and (207,219) to characterize delay (setting to inf)
Warning 678: Unable to route between blocks at (1,1) and (208,219) to characterize delay (setting to inf)
Warning 679: Unable to route between blocks at (1,1) and (209,219) to characterize delay (setting to inf)
Warning 680: Unable to route between blocks at (1,1) and (210,219) to characterize delay (setting to inf)
Warning 681: Unable to route between blocks at (1,1) and (211,219) to characterize delay (setting to inf)
Warning 682: Unable to route between blocks at (1,1) and (212,219) to characterize delay (setting to inf)
Warning 683: Unable to route between blocks at (1,1) and (213,219) to characterize delay (setting to inf)
Warning 684: Unable to route between blocks at (1,1) and (214,219) to characterize delay (setting to inf)
Warning 685: Unable to route between blocks at (1,1) and (215,219) to characterize delay (setting to inf)
Warning 686: Unable to route between blocks at (1,1) and (216,219) to characterize delay (setting to inf)
Warning 687: Unable to route between blocks at (1,1) and (217,219) to characterize delay (setting to inf)
Warning 688: Unable to route between blocks at (1,1) and (218,219) to characterize delay (setting to inf)
Warning 689: Unable to route between blocks at (1,1) and (219,219) to characterize delay (setting to inf)
Warning 690: Unable to route between blocks at (1,1) and (220,219) to characterize delay (setting to inf)
Warning 691: Unable to route between blocks at (1,1) and (221,219) to characterize delay (setting to inf)
Warning 692: Unable to route between blocks at (1,1) and (222,219) to characterize delay (setting to inf)
Warning 693: Unable to route between blocks at (1,1) and (223,219) to characterize delay (setting to inf)
Warning 694: Unable to route between blocks at (1,1) and (224,219) to characterize delay (setting to inf)
Warning 695: Unable to route between blocks at (1,1) and (225,219) to characterize delay (setting to inf)
Warning 696: Unable to route between blocks at (1,1) and (226,219) to characterize delay (setting to inf)
Warning 697: Unable to route between blocks at (1,1) and (227,219) to characterize delay (setting to inf)
Warning 698: Unable to route between blocks at (1,1) and (228,219) to characterize delay (setting to inf)
Warning 699: Unable to route between blocks at (1,1) and (229,219) to characterize delay (setting to inf)
Warning 700: Unable to route between blocks at (1,1) and (230,219) to characterize delay (setting to inf)
Warning 701: Unable to route between blocks at (1,1) and (231,219) to characterize delay (setting to inf)
Warning 702: Unable to route between blocks at (1,1) and (232,219) to characterize delay (setting to inf)
Warning 703: Unable to route between blocks at (1,1) and (233,219) to characterize delay (setting to inf)
Warning 704: Unable to route between blocks at (1,1) and (234,219) to characterize delay (setting to inf)
Warning 705: Unable to route between blocks at (1,1) and (235,219) to characterize delay (setting to inf)
Warning 706: Unable to route between blocks at (1,1) and (236,219) to characterize delay (setting to inf)
Warning 707: Unable to route between blocks at (1,1) and (237,219) to characterize delay (setting to inf)
Warning 708: Unable to route between blocks at (1,1) and (238,219) to characterize delay (setting to inf)
Warning 709: Unable to route between blocks at (1,1) and (239,219) to characterize delay (setting to inf)
Warning 710: Unable to route between blocks at (1,1) and (240,219) to characterize delay (setting to inf)
Warning 711: Unable to route between blocks at (1,1) and (241,219) to characterize delay (setting to inf)
Warning 712: Unable to route between blocks at (1,1) and (242,219) to characterize delay (setting to inf)
Warning 713: Unable to route between blocks at (1,1) and (243,219) to characterize delay (setting to inf)
Warning 714: Unable to route between blocks at (1,1) and (244,219) to characterize delay (setting to inf)
Warning 715: Unable to route between blocks at (1,1) and (245,219) to characterize delay (setting to inf)
Warning 716: Unable to route between blocks at (1,1) and (246,219) to characterize delay (setting to inf)
Warning 717: Unable to route between blocks at (1,1) and (247,219) to characterize delay (setting to inf)
Warning 718: Unable to route between blocks at (1,1) and (248,219) to characterize delay (setting to inf)
Warning 719: Unable to route between blocks at (1,1) and (249,219) to characterize delay (setting to inf)
Warning 720: Unable to route between blocks at (1,1) and (250,219) to characterize delay (setting to inf)
Warning 721: Unable to route between blocks at (1,1) and (251,219) to characterize delay (setting to inf)
Warning 722: Unable to route between blocks at (1,1) and (252,219) to characterize delay (setting to inf)
Warning 723: Unable to route between blocks at (1,1) and (253,219) to characterize delay (setting to inf)
Warning 724: Unable to route between blocks at (1,1) and (254,219) to characterize delay (setting to inf)
Warning 725: Unable to route between blocks at (1,1) and (255,219) to characterize delay (setting to inf)
Warning 726: Unable to route between blocks at (1,1) and (256,219) to characterize delay (setting to inf)
Warning 727: Unable to route between blocks at (1,1) and (257,219) to characterize delay (setting to inf)
Warning 728: Unable to route between blocks at (1,1) and (258,219) to characterize delay (setting to inf)
Warning 729: Unable to route between blocks at (1,1) and (259,219) to characterize delay (setting to inf)
Warning 730: Unable to route between blocks at (1,1) and (260,219) to characterize delay (setting to inf)
Warning 731: Unable to route between blocks at (1,1) and (261,219) to characterize delay (setting to inf)
Warning 732: Unable to route between blocks at (1,1) and (262,219) to characterize delay (setting to inf)
Warning 733: Unable to route between blocks at (1,1) and (263,219) to characterize delay (setting to inf)
Warning 734: Unable to route between blocks at (1,1) and (264,219) to characterize delay (setting to inf)
Warning 735: Unable to route between blocks at (1,1) and (265,219) to characterize delay (setting to inf)
Warning 736: Unable to route between blocks at (1,1) and (266,219) to characterize delay (setting to inf)
Warning 737: Unable to route between blocks at (1,1) and (267,219) to characterize delay (setting to inf)
Warning 738: Unable to route between blocks at (1,1) and (268,219) to characterize delay (setting to inf)
Warning 739: Unable to route between blocks at (1,1) and (269,219) to characterize delay (setting to inf)
Warning 740: Unable to route between blocks at (1,1) and (270,219) to characterize delay (setting to inf)
Warning 741: Unable to route between blocks at (1,1) and (271,219) to characterize delay (setting to inf)
Warning 742: Unable to route between blocks at (1,1) and (272,219) to characterize delay (setting to inf)
Warning 743: Unable to route between blocks at (1,1) and (273,219) to characterize delay (setting to inf)
Warning 744: Unable to route between blocks at (1,1) and (274,219) to characterize delay (setting to inf)
Warning 745: Unable to route between blocks at (1,1) and (275,219) to characterize delay (setting to inf)
Warning 746: Unable to route between blocks at (1,1) and (276,219) to characterize delay (setting to inf)
Warning 747: Unable to route between blocks at (1,1) and (277,219) to characterize delay (setting to inf)
Warning 748: Unable to route between blocks at (1,1) and (278,219) to characterize delay (setting to inf)
Warning 749: Unable to route between blocks at (1,1) and (279,219) to characterize delay (setting to inf)
Warning 750: Unable to route between blocks at (1,1) and (280,219) to characterize delay (setting to inf)
Warning 751: Unable to route between blocks at (1,1) and (281,219) to characterize delay (setting to inf)
Warning 752: Unable to route between blocks at (1,1) and (282,219) to characterize delay (setting to inf)
Warning 753: Unable to route between blocks at (1,1) and (283,219) to characterize delay (setting to inf)
Warning 754: Unable to route between blocks at (1,1) and (284,219) to characterize delay (setting to inf)
Warning 755: Unable to route between blocks at (1,1) and (285,219) to characterize delay (setting to inf)
Warning 756: Unable to route between blocks at (1,1) and (286,219) to characterize delay (setting to inf)
Warning 757: Unable to route between blocks at (1,1) and (287,219) to characterize delay (setting to inf)
Warning 758: Unable to route between blocks at (1,1) and (288,219) to characterize delay (setting to inf)
Warning 759: Unable to route between blocks at (1,1) and (289,219) to characterize delay (setting to inf)
Warning 760: Unable to route between blocks at (1,1) and (290,219) to characterize delay (setting to inf)
Warning 761: Unable to route between blocks at (1,1) and (291,219) to characterize delay (setting to inf)
Warning 762: Unable to route between blocks at (1,1) and (292,219) to characterize delay (setting to inf)
Warning 763: Unable to route between blocks at (1,1) and (293,219) to characterize delay (setting to inf)
Warning 764: Unable to route between blocks at (1,1) and (294,219) to characterize delay (setting to inf)
Warning 765: Unable to route between blocks at (1,1) and (295,219) to characterize delay (setting to inf)
Warning 766: Unable to route between blocks at (1,1) and (296,219) to characterize delay (setting to inf)
Warning 767: Unable to route between blocks at (1,1) and (297,219) to characterize delay (setting to inf)
Warning 768: Unable to route between blocks at (1,1) and (298,219) to characterize delay (setting to inf)
Warning 769: Unable to route between blocks at (1,1) and (299,219) to characterize delay (setting to inf)
Warning 770: Unable to route between blocks at (1,1) and (300,219) to characterize delay (setting to inf)
Warning 771: Unable to route between blocks at (1,1) and (301,219) to characterize delay (setting to inf)
Warning 772: Unable to route between blocks at (1,1) and (302,219) to characterize delay (setting to inf)
Warning 773: Unable to route between blocks at (1,1) and (303,219) to characterize delay (setting to inf)
Warning 774: Unable to route between blocks at (1,1) and (304,219) to characterize delay (setting to inf)
Warning 775: Unable to route between blocks at (1,1) and (305,219) to characterize delay (setting to inf)
Warning 776: Unable to route between blocks at (1,1) and (306,219) to characterize delay (setting to inf)
Warning 777: Unable to route between blocks at (1,1) and (307,219) to characterize delay (setting to inf)
Warning 778: Unable to route between blocks at (1,1) and (308,219) to characterize delay (setting to inf)
Warning 779: Unable to route between blocks at (1,1) and (309,219) to characterize delay (setting to inf)
Warning 780: Unable to route between blocks at (1,1) and (310,219) to characterize delay (setting to inf)
Warning 781: Unable to route between blocks at (1,1) and (311,219) to characterize delay (setting to inf)
Warning 782: Unable to route between blocks at (1,1) and (312,219) to characterize delay (setting to inf)
Warning 783: Unable to route between blocks at (1,1) and (313,219) to characterize delay (setting to inf)
Warning 784: Unable to route between blocks at (1,1) and (314,219) to characterize delay (setting to inf)
Warning 785: Unable to route between blocks at (1,1) and (315,219) to characterize delay (setting to inf)
Warning 786: Unable to route between blocks at (1,1) and (316,219) to characterize delay (setting to inf)
Warning 787: Unable to route between blocks at (1,1) and (317,219) to characterize delay (setting to inf)
Warning 788: Unable to route between blocks at (1,1) and (318,219) to characterize delay (setting to inf)
Warning 789: Unable to route between blocks at (1,1) and (319,219) to characterize delay (setting to inf)
Warning 790: Unable to route between blocks at (1,1) and (320,219) to characterize delay (setting to inf)
Warning 791: Unable to route between blocks at (1,1) and (321,1) to characterize delay (setting to inf)
Warning 792: Unable to route between blocks at (1,1) and (321,2) to characterize delay (setting to inf)
Warning 793: Unable to route between blocks at (1,1) and (321,3) to characterize delay (setting to inf)
Warning 794: Unable to route between blocks at (1,1) and (321,4) to characterize delay (setting to inf)
Warning 795: Unable to route between blocks at (1,1) and (321,5) to characterize delay (setting to inf)
Warning 796: Unable to route between blocks at (1,1) and (321,6) to characterize delay (setting to inf)
Warning 797: Unable to route between blocks at (1,1) and (321,7) to characterize delay (setting to inf)
Warning 798: Unable to route between blocks at (1,1) and (321,8) to characterize delay (setting to inf)
Warning 799: Unable to route between blocks at (1,1) and (321,9) to characterize delay (setting to inf)
Warning 800: Unable to route between blocks at (1,1) and (321,10) to characterize delay (setting to inf)
Warning 801: Unable to route between blocks at (1,1) and (321,11) to characterize delay (setting to inf)
Warning 802: Unable to route between blocks at (1,1) and (321,12) to characterize delay (setting to inf)
Warning 803: Unable to route between blocks at (1,1) and (321,13) to characterize delay (setting to inf)
Warning 804: Unable to route between blocks at (1,1) and (321,14) to characterize delay (setting to inf)
Warning 805: Unable to route between blocks at (1,1) and (321,15) to characterize delay (setting to inf)
Warning 806: Unable to route between blocks at (1,1) and (321,16) to characterize delay (setting to inf)
Warning 807: Unable to route between blocks at (1,1) and (321,17) to characterize delay (setting to inf)
Warning 808: Unable to route between blocks at (1,1) and (321,18) to characterize delay (setting to inf)
Warning 809: Unable to route between blocks at (1,1) and (321,19) to characterize delay (setting to inf)
Warning 810: Unable to route between blocks at (1,1) and (321,20) to characterize delay (setting to inf)
Warning 811: Unable to route between blocks at (1,1) and (321,21) to characterize delay (setting to inf)
Warning 812: Unable to route between blocks at (1,1) and (321,22) to characterize delay (setting to inf)
Warning 813: Unable to route between blocks at (1,1) and (321,23) to characterize delay (setting to inf)
Warning 814: Unable to route between blocks at (1,1) and (321,24) to characterize delay (setting to inf)
Warning 815: Unable to route between blocks at (1,1) and (321,25) to characterize delay (setting to inf)
Warning 816: Unable to route between blocks at (1,1) and (321,26) to characterize delay (setting to inf)
Warning 817: Unable to route between blocks at (1,1) and (321,27) to characterize delay (setting to inf)
Warning 818: Unable to route between blocks at (1,1) and (321,28) to characterize delay (setting to inf)
Warning 819: Unable to route between blocks at (1,1) and (321,29) to characterize delay (setting to inf)
Warning 820: Unable to route between blocks at (1,1) and (321,30) to characterize delay (setting to inf)
Warning 821: Unable to route between blocks at (1,1) and (321,31) to characterize delay (setting to inf)
Warning 822: Unable to route between blocks at (1,1) and (321,32) to characterize delay (setting to inf)
Warning 823: Unable to route between blocks at (1,1) and (321,33) to characterize delay (setting to inf)
Warning 824: Unable to route between blocks at (1,1) and (321,34) to characterize delay (setting to inf)
Warning 825: Unable to route between blocks at (1,1) and (321,35) to characterize delay (setting to inf)
Warning 826: Unable to route between blocks at (1,1) and (321,36) to characterize delay (setting to inf)
Warning 827: Unable to route between blocks at (1,1) and (321,37) to characterize delay (setting to inf)
Warning 828: Unable to route between blocks at (1,1) and (321,38) to characterize delay (setting to inf)
Warning 829: Unable to route between blocks at (1,1) and (321,39) to characterize delay (setting to inf)
Warning 830: Unable to route between blocks at (1,1) and (321,40) to characterize delay (setting to inf)
Warning 831: Unable to route between blocks at (1,1) and (321,41) to characterize delay (setting to inf)
Warning 832: Unable to route between blocks at (1,1) and (321,42) to characterize delay (setting to inf)
Warning 833: Unable to route between blocks at (1,1) and (321,43) to characterize delay (setting to inf)
Warning 834: Unable to route between blocks at (1,1) and (321,44) to characterize delay (setting to inf)
Warning 835: Unable to route between blocks at (1,1) and (321,45) to characterize delay (setting to inf)
Warning 836: Unable to route between blocks at (1,1) and (321,46) to characterize delay (setting to inf)
Warning 837: Unable to route between blocks at (1,1) and (321,47) to characterize delay (setting to inf)
Warning 838: Unable to route between blocks at (1,1) and (321,48) to characterize delay (setting to inf)
Warning 839: Unable to route between blocks at (1,1) and (321,49) to characterize delay (setting to inf)
Warning 840: Unable to route between blocks at (1,1) and (321,50) to characterize delay (setting to inf)
Warning 841: Unable to route between blocks at (1,1) and (321,51) to characterize delay (setting to inf)
Warning 842: Unable to route between blocks at (1,1) and (321,52) to characterize delay (setting to inf)
Warning 843: Unable to route between blocks at (1,1) and (321,53) to characterize delay (setting to inf)
Warning 844: Unable to route between blocks at (1,1) and (321,54) to characterize delay (setting to inf)
Warning 845: Unable to route between blocks at (1,1) and (321,55) to characterize delay (setting to inf)
Warning 846: Unable to route between blocks at (1,1) and (321,56) to characterize delay (setting to inf)
Warning 847: Unable to route between blocks at (1,1) and (321,57) to characterize delay (setting to inf)
Warning 848: Unable to route between blocks at (1,1) and (321,58) to characterize delay (setting to inf)
Warning 849: Unable to route between blocks at (1,1) and (321,59) to characterize delay (setting to inf)
Warning 850: Unable to route between blocks at (1,1) and (321,60) to characterize delay (setting to inf)
Warning 851: Unable to route between blocks at (1,1) and (321,61) to characterize delay (setting to inf)
Warning 852: Unable to route between blocks at (1,1) and (321,62) to characterize delay (setting to inf)
Warning 853: Unable to route between blocks at (1,1) and (321,63) to characterize delay (setting to inf)
Warning 854: Unable to route between blocks at (1,1) and (321,64) to characterize delay (setting to inf)
Warning 855: Unable to route between blocks at (1,1) and (321,65) to characterize delay (setting to inf)
Warning 856: Unable to route between blocks at (1,1) and (321,66) to characterize delay (setting to inf)
Warning 857: Unable to route between blocks at (1,1) and (321,67) to characterize delay (setting to inf)
Warning 858: Unable to route between blocks at (1,1) and (321,68) to characterize delay (setting to inf)
Warning 859: Unable to route between blocks at (1,1) and (321,69) to characterize delay (setting to inf)
Warning 860: Unable to route between blocks at (1,1) and (321,70) to characterize delay (setting to inf)
Warning 861: Unable to route between blocks at (1,1) and (321,71) to characterize delay (setting to inf)
Warning 862: Unable to route between blocks at (1,1) and (321,72) to characterize delay (setting to inf)
Warning 863: Unable to route between blocks at (1,1) and (321,73) to characterize delay (setting to inf)
Warning 864: Unable to route between blocks at (1,1) and (321,74) to characterize delay (setting to inf)
Warning 865: Unable to route between blocks at (1,1) and (321,75) to characterize delay (setting to inf)
Warning 866: Unable to route between blocks at (1,1) and (321,76) to characterize delay (setting to inf)
Warning 867: Unable to route between blocks at (1,1) and (321,77) to characterize delay (setting to inf)
Warning 868: Unable to route between blocks at (1,1) and (321,78) to characterize delay (setting to inf)
Warning 869: Unable to route between blocks at (1,1) and (321,79) to characterize delay (setting to inf)
Warning 870: Unable to route between blocks at (1,1) and (321,80) to characterize delay (setting to inf)
Warning 871: Unable to route between blocks at (1,1) and (321,81) to characterize delay (setting to inf)
Warning 872: Unable to route between blocks at (1,1) and (321,82) to characterize delay (setting to inf)
Warning 873: Unable to route between blocks at (1,1) and (321,83) to characterize delay (setting to inf)
Warning 874: Unable to route between blocks at (1,1) and (321,84) to characterize delay (setting to inf)
Warning 875: Unable to route between blocks at (1,1) and (321,85) to characterize delay (setting to inf)
Warning 876: Unable to route between blocks at (1,1) and (321,86) to characterize delay (setting to inf)
Warning 877: Unable to route between blocks at (1,1) and (321,87) to characterize delay (setting to inf)
Warning 878: Unable to route between blocks at (1,1) and (321,88) to characterize delay (setting to inf)
Warning 879: Unable to route between blocks at (1,1) and (321,89) to characterize delay (setting to inf)
Warning 880: Unable to route between blocks at (1,1) and (321,90) to characterize delay (setting to inf)
Warning 881: Unable to route between blocks at (1,1) and (321,91) to characterize delay (setting to inf)
Warning 882: Unable to route between blocks at (1,1) and (321,92) to characterize delay (setting to inf)
Warning 883: Unable to route between blocks at (1,1) and (321,93) to characterize delay (setting to inf)
Warning 884: Unable to route between blocks at (1,1) and (321,94) to characterize delay (setting to inf)
Warning 885: Unable to route between blocks at (1,1) and (321,95) to characterize delay (setting to inf)
Warning 886: Unable to route between blocks at (1,1) and (321,96) to characterize delay (setting to inf)
Warning 887: Unable to route between blocks at (1,1) and (321,97) to characterize delay (setting to inf)
Warning 888: Unable to route between blocks at (1,1) and (321,98) to characterize delay (setting to inf)
Warning 889: Unable to route between blocks at (1,1) and (321,99) to characterize delay (setting to inf)
Warning 890: Unable to route between blocks at (1,1) and (321,100) to characterize delay (setting to inf)
Warning 891: Unable to route between blocks at (1,1) and (321,101) to characterize delay (setting to inf)
Warning 892: Unable to route between blocks at (1,1) and (321,102) to characterize delay (setting to inf)
Warning 893: Unable to route between blocks at (1,1) and (321,103) to characterize delay (setting to inf)
Warning 894: Unable to route between blocks at (1,1) and (321,104) to characterize delay (setting to inf)
Warning 895: Unable to route between blocks at (1,1) and (321,105) to characterize delay (setting to inf)
Warning 896: Unable to route between blocks at (1,1) and (321,106) to characterize delay (setting to inf)
Warning 897: Unable to route between blocks at (1,1) and (321,107) to characterize delay (setting to inf)
Warning 898: Unable to route between blocks at (1,1) and (321,108) to characterize delay (setting to inf)
Warning 899: Unable to route between blocks at (1,1) and (321,109) to characterize delay (setting to inf)
Warning 900: Unable to route between blocks at (1,1) and (321,110) to characterize delay (setting to inf)
Warning 901: Unable to route between blocks at (1,1) and (321,111) to characterize delay (setting to inf)
Warning 902: Unable to route between blocks at (1,1) and (321,112) to characterize delay (setting to inf)
Warning 903: Unable to route between blocks at (1,1) and (321,113) to characterize delay (setting to inf)
Warning 904: Unable to route between blocks at (1,1) and (321,114) to characterize delay (setting to inf)
Warning 905: Unable to route between blocks at (1,1) and (321,115) to characterize delay (setting to inf)
Warning 906: Unable to route between blocks at (1,1) and (321,116) to characterize delay (setting to inf)
Warning 907: Unable to route between blocks at (1,1) and (321,117) to characterize delay (setting to inf)
Warning 908: Unable to route between blocks at (1,1) and (321,118) to characterize delay (setting to inf)
Warning 909: Unable to route between blocks at (1,1) and (321,119) to characterize delay (setting to inf)
Warning 910: Unable to route between blocks at (1,1) and (321,120) to characterize delay (setting to inf)
Warning 911: Unable to route between blocks at (1,1) and (321,121) to characterize delay (setting to inf)
Warning 912: Unable to route between blocks at (1,1) and (321,122) to characterize delay (setting to inf)
Warning 913: Unable to route between blocks at (1,1) and (321,123) to characterize delay (setting to inf)
Warning 914: Unable to route between blocks at (1,1) and (321,124) to characterize delay (setting to inf)
Warning 915: Unable to route between blocks at (1,1) and (321,125) to characterize delay (setting to inf)
Warning 916: Unable to route between blocks at (1,1) and (321,126) to characterize delay (setting to inf)
Warning 917: Unable to route between blocks at (1,1) and (321,127) to characterize delay (setting to inf)
Warning 918: Unable to route between blocks at (1,1) and (321,128) to characterize delay (setting to inf)
Warning 919: Unable to route between blocks at (1,1) and (321,129) to characterize delay (setting to inf)
Warning 920: Unable to route between blocks at (1,1) and (321,130) to characterize delay (setting to inf)
Warning 921: Unable to route between blocks at (1,1) and (321,131) to characterize delay (setting to inf)
Warning 922: Unable to route between blocks at (1,1) and (321,132) to characterize delay (setting to inf)
Warning 923: Unable to route between blocks at (1,1) and (321,133) to characterize delay (setting to inf)
Warning 924: Unable to route between blocks at (1,1) and (321,134) to characterize delay (setting to inf)
Warning 925: Unable to route between blocks at (1,1) and (321,135) to characterize delay (setting to inf)
Warning 926: Unable to route between blocks at (1,1) and (321,136) to characterize delay (setting to inf)
Warning 927: Unable to route between blocks at (1,1) and (321,137) to characterize delay (setting to inf)
Warning 928: Unable to route between blocks at (1,1) and (321,138) to characterize delay (setting to inf)
Warning 929: Unable to route between blocks at (1,1) and (321,139) to characterize delay (setting to inf)
Warning 930: Unable to route between blocks at (1,1) and (321,140) to characterize delay (setting to inf)
Warning 931: Unable to route between blocks at (1,1) and (321,141) to characterize delay (setting to inf)
Warning 932: Unable to route between blocks at (1,1) and (321,142) to characterize delay (setting to inf)
Warning 933: Unable to route between blocks at (1,1) and (321,143) to characterize delay (setting to inf)
Warning 934: Unable to route between blocks at (1,1) and (321,144) to characterize delay (setting to inf)
Warning 935: Unable to route between blocks at (1,1) and (321,145) to characterize delay (setting to inf)
Warning 936: Unable to route between blocks at (1,1) and (321,146) to characterize delay (setting to inf)
Warning 937: Unable to route between blocks at (1,1) and (321,147) to characterize delay (setting to inf)
Warning 938: Unable to route between blocks at (1,1) and (321,148) to characterize delay (setting to inf)
Warning 939: Unable to route between blocks at (1,1) and (321,149) to characterize delay (setting to inf)
Warning 940: Unable to route between blocks at (1,1) and (321,150) to characterize delay (setting to inf)
Warning 941: Unable to route between blocks at (1,1) and (321,151) to characterize delay (setting to inf)
Warning 942: Unable to route between blocks at (1,1) and (321,152) to characterize delay (setting to inf)
Warning 943: Unable to route between blocks at (1,1) and (321,153) to characterize delay (setting to inf)
Warning 944: Unable to route between blocks at (1,1) and (321,154) to characterize delay (setting to inf)
Warning 945: Unable to route between blocks at (1,1) and (321,155) to characterize delay (setting to inf)
Warning 946: Unable to route between blocks at (1,1) and (321,156) to characterize delay (setting to inf)
Warning 947: Unable to route between blocks at (1,1) and (321,157) to characterize delay (setting to inf)
Warning 948: Unable to route between blocks at (1,1) and (321,158) to characterize delay (setting to inf)
Warning 949: Unable to route between blocks at (1,1) and (321,159) to characterize delay (setting to inf)
Warning 950: Unable to route between blocks at (1,1) and (321,160) to characterize delay (setting to inf)
Warning 951: Unable to route between blocks at (1,1) and (321,161) to characterize delay (setting to inf)
Warning 952: Unable to route between blocks at (1,1) and (321,162) to characterize delay (setting to inf)
Warning 953: Unable to route between blocks at (1,1) and (321,163) to characterize delay (setting to inf)
Warning 954: Unable to route between blocks at (1,1) and (321,164) to characterize delay (setting to inf)
Warning 955: Unable to route between blocks at (1,1) and (321,165) to characterize delay (setting to inf)
Warning 956: Unable to route between blocks at (1,1) and (321,166) to characterize delay (setting to inf)
Warning 957: Unable to route between blocks at (1,1) and (321,167) to characterize delay (setting to inf)
Warning 958: Unable to route between blocks at (1,1) and (321,168) to characterize delay (setting to inf)
Warning 959: Unable to route between blocks at (1,1) and (321,169) to characterize delay (setting to inf)
Warning 960: Unable to route between blocks at (1,1) and (321,170) to characterize delay (setting to inf)
Warning 961: Unable to route between blocks at (1,1) and (321,171) to characterize delay (setting to inf)
Warning 962: Unable to route between blocks at (1,1) and (321,172) to characterize delay (setting to inf)
Warning 963: Unable to route between blocks at (1,1) and (321,173) to characterize delay (setting to inf)
Warning 964: Unable to route between blocks at (1,1) and (321,174) to characterize delay (setting to inf)
Warning 965: Unable to route between blocks at (1,1) and (321,175) to characterize delay (setting to inf)
Warning 966: Unable to route between blocks at (1,1) and (321,176) to characterize delay (setting to inf)
Warning 967: Unable to route between blocks at (1,1) and (321,177) to characterize delay (setting to inf)
Warning 968: Unable to route between blocks at (1,1) and (321,178) to characterize delay (setting to inf)
Warning 969: Unable to route between blocks at (1,1) and (321,179) to characterize delay (setting to inf)
Warning 970: Unable to route between blocks at (1,1) and (321,180) to characterize delay (setting to inf)
Warning 971: Unable to route between blocks at (1,1) and (321,181) to characterize delay (setting to inf)
Warning 972: Unable to route between blocks at (1,1) and (321,182) to characterize delay (setting to inf)
Warning 973: Unable to route between blocks at (1,1) and (321,183) to characterize delay (setting to inf)
Warning 974: Unable to route between blocks at (1,1) and (321,184) to characterize delay (setting to inf)
Warning 975: Unable to route between blocks at (1,1) and (321,185) to characterize delay (setting to inf)
Warning 976: Unable to route between blocks at (1,1) and (321,186) to characterize delay (setting to inf)
Warning 977: Unable to route between blocks at (1,1) and (321,187) to characterize delay (setting to inf)
Warning 978: Unable to route between blocks at (1,1) and (321,188) to characterize delay (setting to inf)
Warning 979: Unable to route between blocks at (1,1) and (321,189) to characterize delay (setting to inf)
Warning 980: Unable to route between blocks at (1,1) and (321,190) to characterize delay (setting to inf)
Warning 981: Unable to route between blocks at (1,1) and (321,191) to characterize delay (setting to inf)
Warning 982: Unable to route between blocks at (1,1) and (321,192) to characterize delay (setting to inf)
Warning 983: Unable to route between blocks at (1,1) and (321,193) to characterize delay (setting to inf)
Warning 984: Unable to route between blocks at (1,1) and (321,194) to characterize delay (setting to inf)
Warning 985: Unable to route between blocks at (1,1) and (321,195) to characterize delay (setting to inf)
Warning 986: Unable to route between blocks at (1,1) and (321,196) to characterize delay (setting to inf)
Warning 987: Unable to route between blocks at (1,1) and (321,197) to characterize delay (setting to inf)
Warning 988: Unable to route between blocks at (1,1) and (321,198) to characterize delay (setting to inf)
Warning 989: Unable to route between blocks at (1,1) and (321,199) to characterize delay (setting to inf)
Warning 990: Unable to route between blocks at (1,1) and (321,200) to characterize delay (setting to inf)
Warning 991: Unable to route between blocks at (1,1) and (321,201) to characterize delay (setting to inf)
Warning 992: Unable to route between blocks at (1,1) and (321,202) to characterize delay (setting to inf)
Warning 993: Unable to route between blocks at (1,1) and (321,203) to characterize delay (setting to inf)
Warning 994: Unable to route between blocks at (1,1) and (321,204) to characterize delay (setting to inf)
Warning 995: Unable to route between blocks at (1,1) and (321,205) to characterize delay (setting to inf)
Warning 996: Unable to route between blocks at (1,1) and (321,206) to characterize delay (setting to inf)
Warning 997: Unable to route between blocks at (1,1) and (321,207) to characterize delay (setting to inf)
Warning 998: Unable to route between blocks at (1,1) and (321,208) to characterize delay (setting to inf)
Warning 999: Unable to route between blocks at (1,1) and (321,209) to characterize delay (setting to inf)
Warning 1000: Unable to route between blocks at (1,1) and (321,210) to characterize delay (setting to inf)
Warning 1001: Unable to route between blocks at (1,1) and (321,211) to characterize delay (setting to inf)
Warning 1002: Unable to route between blocks at (1,1) and (321,212) to characterize delay (setting to inf)
Warning 1003: Unable to route between blocks at (1,1) and (321,213) to characterize delay (setting to inf)
Warning 1004: Unable to route between blocks at (1,1) and (321,214) to characterize delay (setting to inf)
Warning 1005: Unable to route between blocks at (1,1) and (321,215) to characterize delay (setting to inf)
Warning 1006: Unable to route between blocks at (1,1) and (321,216) to characterize delay (setting to inf)
Warning 1007: Unable to route between blocks at (1,1) and (321,217) to characterize delay (setting to inf)
Warning 1008: Unable to route between blocks at (1,1) and (321,218) to characterize delay (setting to inf)
Warning 1009: Unable to route between blocks at (1,1) and (321,219) to characterize delay (setting to inf)
Warning 1010: Unable to route between blocks at (4,4) and (4,219) to characterize delay (setting to inf)
Warning 1011: Unable to route between blocks at (4,4) and (5,219) to characterize delay (setting to inf)
Warning 1012: Unable to route between blocks at (4,4) and (6,219) to characterize delay (setting to inf)
Warning 1013: Unable to route between blocks at (4,4) and (7,219) to characterize delay (setting to inf)
Warning 1014: Unable to route between blocks at (4,4) and (8,219) to characterize delay (setting to inf)
Warning 1015: Unable to route between blocks at (4,4) and (9,219) to characterize delay (setting to inf)
Warning 1016: Unable to route between blocks at (4,4) and (10,219) to characterize delay (setting to inf)
Warning 1017: Unable to route between blocks at (4,4) and (11,219) to characterize delay (setting to inf)
Warning 1018: Unable to route between blocks at (4,4) and (12,219) to characterize delay (setting to inf)
Warning 1019: Unable to route between blocks at (4,4) and (13,219) to characterize delay (setting to inf)
Warning 1020: Unable to route between blocks at (4,4) and (14,219) to characterize delay (setting to inf)
Warning 1021: Unable to route between blocks at (4,4) and (15,219) to characterize delay (setting to inf)
Warning 1022: Unable to route between blocks at (4,4) and (16,219) to characterize delay (setting to inf)
Warning 1023: Unable to route between blocks at (4,4) and (17,219) to characterize delay (setting to inf)
Warning 1024: Unable to route between blocks at (4,4) and (18,219) to characterize delay (setting to inf)
Warning 1025: Unable to route between blocks at (4,4) and (19,219) to characterize delay (setting to inf)
Warning 1026: Unable to route between blocks at (4,4) and (20,219) to characterize delay (setting to inf)
Warning 1027: Unable to route between blocks at (4,4) and (21,219) to characterize delay (setting to inf)
Warning 1028: Unable to route between blocks at (4,4) and (22,219) to characterize delay (setting to inf)
Warning 1029: Unable to route between blocks at (4,4) and (23,219) to characterize delay (setting to inf)
Warning 1030: Unable to route between blocks at (4,4) and (24,219) to characterize delay (setting to inf)
Warning 1031: Unable to route between blocks at (4,4) and (25,219) to characterize delay (setting to inf)
Warning 1032: Unable to route between blocks at (4,4) and (26,219) to characterize delay (setting to inf)
Warning 1033: Unable to route between blocks at (4,4) and (27,219) to characterize delay (setting to inf)
Warning 1034: Unable to route between blocks at (4,4) and (28,219) to characterize delay (setting to inf)
Warning 1035: Unable to route between blocks at (4,4) and (29,219) to characterize delay (setting to inf)
Warning 1036: Unable to route between blocks at (4,4) and (30,219) to characterize delay (setting to inf)
Warning 1037: Unable to route between blocks at (4,4) and (31,219) to characterize delay (setting to inf)
Warning 1038: Unable to route between blocks at (4,4) and (32,219) to characterize delay (setting to inf)
Warning 1039: Unable to route between blocks at (4,4) and (33,219) to characterize delay (setting to inf)
Warning 1040: Unable to route between blocks at (4,4) and (34,219) to characterize delay (setting to inf)
Warning 1041: Unable to route between blocks at (4,4) and (35,219) to characterize delay (setting to inf)
Warning 1042: Unable to route between blocks at (4,4) and (36,219) to characterize delay (setting to inf)
Warning 1043: Unable to route between blocks at (4,4) and (37,219) to characterize delay (setting to inf)
Warning 1044: Unable to route between blocks at (4,4) and (38,219) to characterize delay (setting to inf)
Warning 1045: Unable to route between blocks at (4,4) and (39,219) to characterize delay (setting to inf)
Warning 1046: Unable to route between blocks at (4,4) and (40,219) to characterize delay (setting to inf)
Warning 1047: Unable to route between blocks at (4,4) and (41,219) to characterize delay (setting to inf)
Warning 1048: Unable to route between blocks at (4,4) and (42,219) to characterize delay (setting to inf)
Warning 1049: Unable to route between blocks at (4,4) and (43,219) to characterize delay (setting to inf)
Warning 1050: Unable to route between blocks at (4,4) and (44,219) to characterize delay (setting to inf)
Warning 1051: Unable to route between blocks at (4,4) and (45,219) to characterize delay (setting to inf)
Warning 1052: Unable to route between blocks at (4,4) and (46,219) to characterize delay (setting to inf)
Warning 1053: Unable to route between blocks at (4,4) and (47,219) to characterize delay (setting to inf)
Warning 1054: Unable to route between blocks at (4,4) and (48,219) to characterize delay (setting to inf)
Warning 1055: Unable to route between blocks at (4,4) and (49,219) to characterize delay (setting to inf)
Warning 1056: Unable to route between blocks at (4,4) and (50,219) to characterize delay (setting to inf)
Warning 1057: Unable to route between blocks at (4,4) and (51,219) to characterize delay (setting to inf)
Warning 1058: Unable to route between blocks at (4,4) and (52,219) to characterize delay (setting to inf)
Warning 1059: Unable to route between blocks at (4,4) and (53,219) to characterize delay (setting to inf)
Warning 1060: Unable to route between blocks at (4,4) and (54,219) to characterize delay (setting to inf)
Warning 1061: Unable to route between blocks at (4,4) and (55,219) to characterize delay (setting to inf)
Warning 1062: Unable to route between blocks at (4,4) and (56,219) to characterize delay (setting to inf)
Warning 1063: Unable to route between blocks at (4,4) and (57,219) to characterize delay (setting to inf)
Warning 1064: Unable to route between blocks at (4,4) and (58,219) to characterize delay (setting to inf)
Warning 1065: Unable to route between blocks at (4,4) and (59,219) to characterize delay (setting to inf)
Warning 1066: Unable to route between blocks at (4,4) and (60,219) to characterize delay (setting to inf)
Warning 1067: Unable to route between blocks at (4,4) and (61,219) to characterize delay (setting to inf)
Warning 1068: Unable to route between blocks at (4,4) and (62,219) to characterize delay (setting to inf)
Warning 1069: Unable to route between blocks at (4,4) and (63,219) to characterize delay (setting to inf)
Warning 1070: Unable to route between blocks at (4,4) and (64,219) to characterize delay (setting to inf)
Warning 1071: Unable to route between blocks at (4,4) and (65,219) to characterize delay (setting to inf)
Warning 1072: Unable to route between blocks at (4,4) and (66,219) to characterize delay (setting to inf)
Warning 1073: Unable to route between blocks at (4,4) and (67,219) to characterize delay (setting to inf)
Warning 1074: Unable to route between blocks at (4,4) and (68,219) to characterize delay (setting to inf)
Warning 1075: Unable to route between blocks at (4,4) and (69,219) to characterize delay (setting to inf)
Warning 1076: Unable to route between blocks at (4,4) and (70,219) to characterize delay (setting to inf)
Warning 1077: Unable to route between blocks at (4,4) and (71,219) to characterize delay (setting to inf)
Warning 1078: Unable to route between blocks at (4,4) and (72,219) to characterize delay (setting to inf)
Warning 1079: Unable to route between blocks at (4,4) and (73,219) to characterize delay (setting to inf)
Warning 1080: Unable to route between blocks at (4,4) and (74,219) to characterize delay (setting to inf)
Warning 1081: Unable to route between blocks at (4,4) and (75,219) to characterize delay (setting to inf)
Warning 1082: Unable to route between blocks at (4,4) and (76,219) to characterize delay (setting to inf)
Warning 1083: Unable to route between blocks at (4,4) and (77,219) to characterize delay (setting to inf)
Warning 1084: Unable to route between blocks at (4,4) and (78,219) to characterize delay (setting to inf)
Warning 1085: Unable to route between blocks at (4,4) and (79,219) to characterize delay (setting to inf)
Warning 1086: Unable to route between blocks at (4,4) and (80,219) to characterize delay (setting to inf)
Warning 1087: Unable to route between blocks at (4,4) and (81,219) to characterize delay (setting to inf)
Warning 1088: Unable to route between blocks at (4,4) and (82,219) to characterize delay (setting to inf)
Warning 1089: Unable to route between blocks at (4,4) and (83,219) to characterize delay (setting to inf)
Warning 1090: Unable to route between blocks at (4,4) and (84,219) to characterize delay (setting to inf)
Warning 1091: Unable to route between blocks at (4,4) and (85,219) to characterize delay (setting to inf)
Warning 1092: Unable to route between blocks at (4,4) and (86,219) to characterize delay (setting to inf)
Warning 1093: Unable to route between blocks at (4,4) and (87,219) to characterize delay (setting to inf)
Warning 1094: Unable to route between blocks at (4,4) and (88,219) to characterize delay (setting to inf)
Warning 1095: Unable to route between blocks at (4,4) and (89,219) to characterize delay (setting to inf)
Warning 1096: Unable to route between blocks at (4,4) and (90,219) to characterize delay (setting to inf)
Warning 1097: Unable to route between blocks at (4,4) and (91,219) to characterize delay (setting to inf)
Warning 1098: Unable to route between blocks at (4,4) and (92,219) to characterize delay (setting to inf)
Warning 1099: Unable to route between blocks at (4,4) and (93,219) to characterize delay (setting to inf)
Warning 1100: Unable to route between blocks at (4,4) and (94,219) to characterize delay (setting to inf)
Warning 1101: Unable to route between blocks at (4,4) and (95,219) to characterize delay (setting to inf)
Warning 1102: Unable to route between blocks at (4,4) and (96,219) to characterize delay (setting to inf)
Warning 1103: Unable to route between blocks at (4,4) and (97,219) to characterize delay (setting to inf)
Warning 1104: Unable to route between blocks at (4,4) and (98,219) to characterize delay (setting to inf)
Warning 1105: Unable to route between blocks at (4,4) and (99,219) to characterize delay (setting to inf)
Warning 1106: Unable to route between blocks at (4,4) and (100,219) to characterize delay (setting to inf)
Warning 1107: Unable to route between blocks at (4,4) and (101,219) to characterize delay (setting to inf)
Warning 1108: Unable to route between blocks at (4,4) and (102,219) to characterize delay (setting to inf)
Warning 1109: Unable to route between blocks at (4,4) and (103,219) to characterize delay (setting to inf)
Warning 1110: Unable to route between blocks at (4,4) and (104,219) to characterize delay (setting to inf)
Warning 1111: Unable to route between blocks at (4,4) and (105,219) to characterize delay (setting to inf)
Warning 1112: Unable to route between blocks at (4,4) and (106,219) to characterize delay (setting to inf)
Warning 1113: Unable to route between blocks at (4,4) and (107,219) to characterize delay (setting to inf)
Warning 1114: Unable to route between blocks at (4,4) and (108,219) to characterize delay (setting to inf)
Warning 1115: Unable to route between blocks at (4,4) and (109,219) to characterize delay (setting to inf)
Warning 1116: Unable to route between blocks at (4,4) and (110,219) to characterize delay (setting to inf)
Warning 1117: Unable to route between blocks at (4,4) and (111,219) to characterize delay (setting to inf)
Warning 1118: Unable to route between blocks at (4,4) and (112,219) to characterize delay (setting to inf)
Warning 1119: Unable to route between blocks at (4,4) and (113,219) to characterize delay (setting to inf)
Warning 1120: Unable to route between blocks at (4,4) and (114,219) to characterize delay (setting to inf)
Warning 1121: Unable to route between blocks at (4,4) and (115,219) to characterize delay (setting to inf)
Warning 1122: Unable to route between blocks at (4,4) and (116,219) to characterize delay (setting to inf)
Warning 1123: Unable to route between blocks at (4,4) and (117,219) to characterize delay (setting to inf)
Warning 1124: Unable to route between blocks at (4,4) and (118,219) to characterize delay (setting to inf)
Warning 1125: Unable to route between blocks at (4,4) and (119,219) to characterize delay (setting to inf)
Warning 1126: Unable to route between blocks at (4,4) and (120,219) to characterize delay (setting to inf)
Warning 1127: Unable to route between blocks at (4,4) and (121,219) to characterize delay (setting to inf)
Warning 1128: Unable to route between blocks at (4,4) and (122,219) to characterize delay (setting to inf)
Warning 1129: Unable to route between blocks at (4,4) and (123,219) to characterize delay (setting to inf)
Warning 1130: Unable to route between blocks at (4,4) and (124,219) to characterize delay (setting to inf)
Warning 1131: Unable to route between blocks at (4,4) and (125,219) to characterize delay (setting to inf)
Warning 1132: Unable to route between blocks at (4,4) and (126,219) to characterize delay (setting to inf)
Warning 1133: Unable to route between blocks at (4,4) and (127,219) to characterize delay (setting to inf)
Warning 1134: Unable to route between blocks at (4,4) and (128,219) to characterize delay (setting to inf)
Warning 1135: Unable to route between blocks at (4,4) and (129,219) to characterize delay (setting to inf)
Warning 1136: Unable to route between blocks at (4,4) and (130,219) to characterize delay (setting to inf)
Warning 1137: Unable to route between blocks at (4,4) and (131,219) to characterize delay (setting to inf)
Warning 1138: Unable to route between blocks at (4,4) and (132,219) to characterize delay (setting to inf)
Warning 1139: Unable to route between blocks at (4,4) and (133,219) to characterize delay (setting to inf)
Warning 1140: Unable to route between blocks at (4,4) and (134,219) to characterize delay (setting to inf)
Warning 1141: Unable to route between blocks at (4,4) and (135,219) to characterize delay (setting to inf)
Warning 1142: Unable to route between blocks at (4,4) and (136,219) to characterize delay (setting to inf)
Warning 1143: Unable to route between blocks at (4,4) and (137,219) to characterize delay (setting to inf)
Warning 1144: Unable to route between blocks at (4,4) and (138,219) to characterize delay (setting to inf)
Warning 1145: Unable to route between blocks at (4,4) and (139,219) to characterize delay (setting to inf)
Warning 1146: Unable to route between blocks at (4,4) and (140,219) to characterize delay (setting to inf)
Warning 1147: Unable to route between blocks at (4,4) and (141,219) to characterize delay (setting to inf)
Warning 1148: Unable to route between blocks at (4,4) and (142,219) to characterize delay (setting to inf)
Warning 1149: Unable to route between blocks at (4,4) and (143,219) to characterize delay (setting to inf)
Warning 1150: Unable to route between blocks at (4,4) and (144,219) to characterize delay (setting to inf)
Warning 1151: Unable to route between blocks at (4,4) and (145,219) to characterize delay (setting to inf)
Warning 1152: Unable to route between blocks at (4,4) and (146,219) to characterize delay (setting to inf)
Warning 1153: Unable to route between blocks at (4,4) and (147,219) to characterize delay (setting to inf)
Warning 1154: Unable to route between blocks at (4,4) and (148,219) to characterize delay (setting to inf)
Warning 1155: Unable to route between blocks at (4,4) and (149,219) to characterize delay (setting to inf)
Warning 1156: Unable to route between blocks at (4,4) and (150,219) to characterize delay (setting to inf)
Warning 1157: Unable to route between blocks at (4,4) and (151,219) to characterize delay (setting to inf)
Warning 1158: Unable to route between blocks at (4,4) and (152,219) to characterize delay (setting to inf)
Warning 1159: Unable to route between blocks at (4,4) and (153,219) to characterize delay (setting to inf)
Warning 1160: Unable to route between blocks at (4,4) and (154,219) to characterize delay (setting to inf)
Warning 1161: Unable to route between blocks at (4,4) and (155,219) to characterize delay (setting to inf)
Warning 1162: Unable to route between blocks at (4,4) and (156,219) to characterize delay (setting to inf)
Warning 1163: Unable to route between blocks at (4,4) and (157,219) to characterize delay (setting to inf)
Warning 1164: Unable to route between blocks at (4,4) and (158,219) to characterize delay (setting to inf)
Warning 1165: Unable to route between blocks at (4,4) and (159,219) to characterize delay (setting to inf)
Warning 1166: Unable to route between blocks at (4,4) and (160,219) to characterize delay (setting to inf)
Warning 1167: Unable to route between blocks at (4,4) and (161,219) to characterize delay (setting to inf)
Warning 1168: Unable to route between blocks at (4,4) and (162,219) to characterize delay (setting to inf)
Warning 1169: Unable to route between blocks at (4,4) and (163,219) to characterize delay (setting to inf)
Warning 1170: Unable to route between blocks at (4,4) and (164,219) to characterize delay (setting to inf)
Warning 1171: Unable to route between blocks at (4,4) and (165,219) to characterize delay (setting to inf)
Warning 1172: Unable to route between blocks at (4,4) and (166,219) to characterize delay (setting to inf)
Warning 1173: Unable to route between blocks at (4,4) and (167,219) to characterize delay (setting to inf)
Warning 1174: Unable to route between blocks at (4,4) and (168,219) to characterize delay (setting to inf)
Warning 1175: Unable to route between blocks at (4,4) and (169,219) to characterize delay (setting to inf)
Warning 1176: Unable to route between blocks at (4,4) and (170,219) to characterize delay (setting to inf)
Warning 1177: Unable to route between blocks at (4,4) and (171,219) to characterize delay (setting to inf)
Warning 1178: Unable to route between blocks at (4,4) and (172,219) to characterize delay (setting to inf)
Warning 1179: Unable to route between blocks at (4,4) and (173,219) to characterize delay (setting to inf)
Warning 1180: Unable to route between blocks at (4,4) and (174,219) to characterize delay (setting to inf)
Warning 1181: Unable to route between blocks at (4,4) and (175,219) to characterize delay (setting to inf)
Warning 1182: Unable to route between blocks at (4,4) and (176,219) to characterize delay (setting to inf)
Warning 1183: Unable to route between blocks at (4,4) and (177,219) to characterize delay (setting to inf)
Warning 1184: Unable to route between blocks at (4,4) and (178,219) to characterize delay (setting to inf)
Warning 1185: Unable to route between blocks at (4,4) and (179,219) to characterize delay (setting to inf)
Warning 1186: Unable to route between blocks at (4,4) and (180,219) to characterize delay (setting to inf)
Warning 1187: Unable to route between blocks at (4,4) and (181,219) to characterize delay (setting to inf)
Warning 1188: Unable to route between blocks at (4,4) and (182,219) to characterize delay (setting to inf)
Warning 1189: Unable to route between blocks at (4,4) and (183,219) to characterize delay (setting to inf)
Warning 1190: Unable to route between blocks at (4,4) and (184,219) to characterize delay (setting to inf)
Warning 1191: Unable to route between blocks at (4,4) and (185,219) to characterize delay (setting to inf)
Warning 1192: Unable to route between blocks at (4,4) and (186,219) to characterize delay (setting to inf)
Warning 1193: Unable to route between blocks at (4,4) and (187,219) to characterize delay (setting to inf)
Warning 1194: Unable to route between blocks at (4,4) and (188,219) to characterize delay (setting to inf)
Warning 1195: Unable to route between blocks at (4,4) and (189,219) to characterize delay (setting to inf)
Warning 1196: Unable to route between blocks at (4,4) and (190,219) to characterize delay (setting to inf)
Warning 1197: Unable to route between blocks at (4,4) and (191,219) to characterize delay (setting to inf)
Warning 1198: Unable to route between blocks at (4,4) and (192,219) to characterize delay (setting to inf)
Warning 1199: Unable to route between blocks at (4,4) and (193,219) to characterize delay (setting to inf)
Warning 1200: Unable to route between blocks at (4,4) and (194,219) to characterize delay (setting to inf)
Warning 1201: Unable to route between blocks at (4,4) and (195,219) to characterize delay (setting to inf)
Warning 1202: Unable to route between blocks at (4,4) and (196,219) to characterize delay (setting to inf)
Warning 1203: Unable to route between blocks at (4,4) and (197,219) to characterize delay (setting to inf)
Warning 1204: Unable to route between blocks at (4,4) and (198,219) to characterize delay (setting to inf)
Warning 1205: Unable to route between blocks at (4,4) and (199,219) to characterize delay (setting to inf)
Warning 1206: Unable to route between blocks at (4,4) and (200,219) to characterize delay (setting to inf)
Warning 1207: Unable to route between blocks at (4,4) and (201,219) to characterize delay (setting to inf)
Warning 1208: Unable to route between blocks at (4,4) and (202,219) to characterize delay (setting to inf)
Warning 1209: Unable to route between blocks at (4,4) and (203,219) to characterize delay (setting to inf)
Warning 1210: Unable to route between blocks at (4,4) and (204,219) to characterize delay (setting to inf)
Warning 1211: Unable to route between blocks at (4,4) and (205,219) to characterize delay (setting to inf)
Warning 1212: Unable to route between blocks at (4,4) and (206,219) to characterize delay (setting to inf)
Warning 1213: Unable to route between blocks at (4,4) and (207,219) to characterize delay (setting to inf)
Warning 1214: Unable to route between blocks at (4,4) and (208,219) to characterize delay (setting to inf)
Warning 1215: Unable to route between blocks at (4,4) and (209,219) to characterize delay (setting to inf)
Warning 1216: Unable to route between blocks at (4,4) and (210,219) to characterize delay (setting to inf)
Warning 1217: Unable to route between blocks at (4,4) and (211,219) to characterize delay (setting to inf)
Warning 1218: Unable to route between blocks at (4,4) and (212,219) to characterize delay (setting to inf)
Warning 1219: Unable to route between blocks at (4,4) and (213,219) to characterize delay (setting to inf)
Warning 1220: Unable to route between blocks at (4,4) and (214,219) to characterize delay (setting to inf)
Warning 1221: Unable to route between blocks at (4,4) and (215,219) to characterize delay (setting to inf)
Warning 1222: Unable to route between blocks at (4,4) and (216,219) to characterize delay (setting to inf)
Warning 1223: Unable to route between blocks at (4,4) and (217,219) to characterize delay (setting to inf)
Warning 1224: Unable to route between blocks at (4,4) and (218,219) to characterize delay (setting to inf)
Warning 1225: Unable to route between blocks at (4,4) and (219,219) to characterize delay (setting to inf)
Warning 1226: Unable to route between blocks at (4,4) and (220,219) to characterize delay (setting to inf)
Warning 1227: Unable to route between blocks at (4,4) and (221,219) to characterize delay (setting to inf)
Warning 1228: Unable to route between blocks at (4,4) and (222,219) to characterize delay (setting to inf)
Warning 1229: Unable to route between blocks at (4,4) and (223,219) to characterize delay (setting to inf)
Warning 1230: Unable to route between blocks at (4,4) and (224,219) to characterize delay (setting to inf)
Warning 1231: Unable to route between blocks at (4,4) and (225,219) to characterize delay (setting to inf)
Warning 1232: Unable to route between blocks at (4,4) and (226,219) to characterize delay (setting to inf)
Warning 1233: Unable to route between blocks at (4,4) and (227,219) to characterize delay (setting to inf)
Warning 1234: Unable to route between blocks at (4,4) and (228,219) to characterize delay (setting to inf)
Warning 1235: Unable to route between blocks at (4,4) and (229,219) to characterize delay (setting to inf)
Warning 1236: Unable to route between blocks at (4,4) and (230,219) to characterize delay (setting to inf)
Warning 1237: Unable to route between blocks at (4,4) and (231,219) to characterize delay (setting to inf)
Warning 1238: Unable to route between blocks at (4,4) and (232,219) to characterize delay (setting to inf)
Warning 1239: Unable to route between blocks at (4,4) and (233,219) to characterize delay (setting to inf)
Warning 1240: Unable to route between blocks at (4,4) and (234,219) to characterize delay (setting to inf)
Warning 1241: Unable to route between blocks at (4,4) and (235,219) to characterize delay (setting to inf)
Warning 1242: Unable to route between blocks at (4,4) and (236,219) to characterize delay (setting to inf)
Warning 1243: Unable to route between blocks at (4,4) and (237,219) to characterize delay (setting to inf)
Warning 1244: Unable to route between blocks at (4,4) and (238,219) to characterize delay (setting to inf)
Warning 1245: Unable to route between blocks at (4,4) and (239,219) to characterize delay (setting to inf)
Warning 1246: Unable to route between blocks at (4,4) and (240,219) to characterize delay (setting to inf)
Warning 1247: Unable to route between blocks at (4,4) and (241,219) to characterize delay (setting to inf)
Warning 1248: Unable to route between blocks at (4,4) and (242,219) to characterize delay (setting to inf)
Warning 1249: Unable to route between blocks at (4,4) and (243,219) to characterize delay (setting to inf)
Warning 1250: Unable to route between blocks at (4,4) and (244,219) to characterize delay (setting to inf)
Warning 1251: Unable to route between blocks at (4,4) and (245,219) to characterize delay (setting to inf)
Warning 1252: Unable to route between blocks at (4,4) and (246,219) to characterize delay (setting to inf)
Warning 1253: Unable to route between blocks at (4,4) and (247,219) to characterize delay (setting to inf)
Warning 1254: Unable to route between blocks at (4,4) and (248,219) to characterize delay (setting to inf)
Warning 1255: Unable to route between blocks at (4,4) and (249,219) to characterize delay (setting to inf)
Warning 1256: Unable to route between blocks at (4,4) and (250,219) to characterize delay (setting to inf)
Warning 1257: Unable to route between blocks at (4,4) and (251,219) to characterize delay (setting to inf)
Warning 1258: Unable to route between blocks at (4,4) and (252,219) to characterize delay (setting to inf)
Warning 1259: Unable to route between blocks at (4,4) and (253,219) to characterize delay (setting to inf)
Warning 1260: Unable to route between blocks at (4,4) and (254,219) to characterize delay (setting to inf)
Warning 1261: Unable to route between blocks at (4,4) and (255,219) to characterize delay (setting to inf)
Warning 1262: Unable to route between blocks at (4,4) and (256,219) to characterize delay (setting to inf)
Warning 1263: Unable to route between blocks at (4,4) and (257,219) to characterize delay (setting to inf)
Warning 1264: Unable to route between blocks at (4,4) and (258,219) to characterize delay (setting to inf)
Warning 1265: Unable to route between blocks at (4,4) and (259,219) to characterize delay (setting to inf)
Warning 1266: Unable to route between blocks at (4,4) and (260,219) to characterize delay (setting to inf)
Warning 1267: Unable to route between blocks at (4,4) and (261,219) to characterize delay (setting to inf)
Warning 1268: Unable to route between blocks at (4,4) and (262,219) to characterize delay (setting to inf)
Warning 1269: Unable to route between blocks at (4,4) and (263,219) to characterize delay (setting to inf)
Warning 1270: Unable to route between blocks at (4,4) and (264,219) to characterize delay (setting to inf)
Warning 1271: Unable to route between blocks at (4,4) and (265,219) to characterize delay (setting to inf)
Warning 1272: Unable to route between blocks at (4,4) and (266,219) to characterize delay (setting to inf)
Warning 1273: Unable to route between blocks at (4,4) and (267,219) to characterize delay (setting to inf)
Warning 1274: Unable to route between blocks at (4,4) and (268,219) to characterize delay (setting to inf)
Warning 1275: Unable to route between blocks at (4,4) and (269,219) to characterize delay (setting to inf)
Warning 1276: Unable to route between blocks at (4,4) and (270,219) to characterize delay (setting to inf)
Warning 1277: Unable to route between blocks at (4,4) and (271,219) to characterize delay (setting to inf)
Warning 1278: Unable to route between blocks at (4,4) and (272,219) to characterize delay (setting to inf)
Warning 1279: Unable to route between blocks at (4,4) and (273,219) to characterize delay (setting to inf)
Warning 1280: Unable to route between blocks at (4,4) and (274,219) to characterize delay (setting to inf)
Warning 1281: Unable to route between blocks at (4,4) and (275,219) to characterize delay (setting to inf)
Warning 1282: Unable to route between blocks at (4,4) and (276,219) to characterize delay (setting to inf)
Warning 1283: Unable to route between blocks at (4,4) and (277,219) to characterize delay (setting to inf)
Warning 1284: Unable to route between blocks at (4,4) and (278,219) to characterize delay (setting to inf)
Warning 1285: Unable to route between blocks at (4,4) and (279,219) to characterize delay (setting to inf)
Warning 1286: Unable to route between blocks at (4,4) and (280,219) to characterize delay (setting to inf)
Warning 1287: Unable to route between blocks at (4,4) and (281,219) to characterize delay (setting to inf)
Warning 1288: Unable to route between blocks at (4,4) and (282,219) to characterize delay (setting to inf)
Warning 1289: Unable to route between blocks at (4,4) and (283,219) to characterize delay (setting to inf)
Warning 1290: Unable to route between blocks at (4,4) and (284,219) to characterize delay (setting to inf)
Warning 1291: Unable to route between blocks at (4,4) and (285,219) to characterize delay (setting to inf)
Warning 1292: Unable to route between blocks at (4,4) and (286,219) to characterize delay (setting to inf)
Warning 1293: Unable to route between blocks at (4,4) and (287,219) to characterize delay (setting to inf)
Warning 1294: Unable to route between blocks at (4,4) and (288,219) to characterize delay (setting to inf)
Warning 1295: Unable to route between blocks at (4,4) and (289,219) to characterize delay (setting to inf)
Warning 1296: Unable to route between blocks at (4,4) and (290,219) to characterize delay (setting to inf)
Warning 1297: Unable to route between blocks at (4,4) and (291,219) to characterize delay (setting to inf)
Warning 1298: Unable to route between blocks at (4,4) and (292,219) to characterize delay (setting to inf)
Warning 1299: Unable to route between blocks at (4,4) and (293,219) to characterize delay (setting to inf)
Warning 1300: Unable to route between blocks at (4,4) and (294,219) to characterize delay (setting to inf)
Warning 1301: Unable to route between blocks at (4,4) and (295,219) to characterize delay (setting to inf)
Warning 1302: Unable to route between blocks at (4,4) and (296,219) to characterize delay (setting to inf)
Warning 1303: Unable to route between blocks at (4,4) and (297,219) to characterize delay (setting to inf)
Warning 1304: Unable to route between blocks at (4,4) and (298,219) to characterize delay (setting to inf)
Warning 1305: Unable to route between blocks at (4,4) and (299,219) to characterize delay (setting to inf)
Warning 1306: Unable to route between blocks at (4,4) and (300,219) to characterize delay (setting to inf)
Warning 1307: Unable to route between blocks at (4,4) and (301,219) to characterize delay (setting to inf)
Warning 1308: Unable to route between blocks at (4,4) and (302,219) to characterize delay (setting to inf)
Warning 1309: Unable to route between blocks at (4,4) and (303,219) to characterize delay (setting to inf)
Warning 1310: Unable to route between blocks at (4,4) and (304,219) to characterize delay (setting to inf)
Warning 1311: Unable to route between blocks at (4,4) and (305,219) to characterize delay (setting to inf)
Warning 1312: Unable to route between blocks at (4,4) and (306,219) to characterize delay (setting to inf)
Warning 1313: Unable to route between blocks at (4,4) and (307,219) to characterize delay (setting to inf)
Warning 1314: Unable to route between blocks at (4,4) and (308,219) to characterize delay (setting to inf)
Warning 1315: Unable to route between blocks at (4,4) and (309,219) to characterize delay (setting to inf)
Warning 1316: Unable to route between blocks at (4,4) and (310,219) to characterize delay (setting to inf)
Warning 1317: Unable to route between blocks at (4,4) and (311,219) to characterize delay (setting to inf)
Warning 1318: Unable to route between blocks at (4,4) and (312,219) to characterize delay (setting to inf)
Warning 1319: Unable to route between blocks at (4,4) and (313,219) to characterize delay (setting to inf)
Warning 1320: Unable to route between blocks at (4,4) and (314,219) to characterize delay (setting to inf)
Warning 1321: Unable to route between blocks at (4,4) and (315,219) to characterize delay (setting to inf)
Warning 1322: Unable to route between blocks at (4,4) and (316,219) to characterize delay (setting to inf)
Warning 1323: Unable to route between blocks at (4,4) and (317,219) to characterize delay (setting to inf)
Warning 1324: Unable to route between blocks at (4,4) and (318,219) to characterize delay (setting to inf)
Warning 1325: Unable to route between blocks at (4,4) and (319,219) to characterize delay (setting to inf)
Warning 1326: Unable to route between blocks at (4,4) and (320,219) to characterize delay (setting to inf)
Warning 1327: Unable to route between blocks at (4,4) and (321,4) to characterize delay (setting to inf)
Warning 1328: Unable to route between blocks at (4,4) and (321,5) to characterize delay (setting to inf)
Warning 1329: Unable to route between blocks at (4,4) and (321,6) to characterize delay (setting to inf)
Warning 1330: Unable to route between blocks at (4,4) and (321,7) to characterize delay (setting to inf)
Warning 1331: Unable to route between blocks at (4,4) and (321,8) to characterize delay (setting to inf)
Warning 1332: Unable to route between blocks at (4,4) and (321,9) to characterize delay (setting to inf)
Warning 1333: Unable to route between blocks at (4,4) and (321,10) to characterize delay (setting to inf)
Warning 1334: Unable to route between blocks at (4,4) and (321,11) to characterize delay (setting to inf)
Warning 1335: Unable to route between blocks at (4,4) and (321,12) to characterize delay (setting to inf)
Warning 1336: Unable to route between blocks at (4,4) and (321,13) to characterize delay (setting to inf)
Warning 1337: Unable to route between blocks at (4,4) and (321,14) to characterize delay (setting to inf)
Warning 1338: Unable to route between blocks at (4,4) and (321,15) to characterize delay (setting to inf)
Warning 1339: Unable to route between blocks at (4,4) and (321,16) to characterize delay (setting to inf)
Warning 1340: Unable to route between blocks at (4,4) and (321,17) to characterize delay (setting to inf)
Warning 1341: Unable to route between blocks at (4,4) and (321,18) to characterize delay (setting to inf)
Warning 1342: Unable to route between blocks at (4,4) and (321,19) to characterize delay (setting to inf)
Warning 1343: Unable to route between blocks at (4,4) and (321,20) to characterize delay (setting to inf)
Warning 1344: Unable to route between blocks at (4,4) and (321,21) to characterize delay (setting to inf)
Warning 1345: Unable to route between blocks at (4,4) and (321,22) to characterize delay (setting to inf)
Warning 1346: Unable to route between blocks at (4,4) and (321,23) to characterize delay (setting to inf)
Warning 1347: Unable to route between blocks at (4,4) and (321,24) to characterize delay (setting to inf)
Warning 1348: Unable to route between blocks at (4,4) and (321,25) to characterize delay (setting to inf)
Warning 1349: Unable to route between blocks at (4,4) and (321,26) to characterize delay (setting to inf)
Warning 1350: Unable to route between blocks at (4,4) and (321,27) to characterize delay (setting to inf)
Warning 1351: Unable to route between blocks at (4,4) and (321,28) to characterize delay (setting to inf)
Warning 1352: Unable to route between blocks at (4,4) and (321,29) to characterize delay (setting to inf)
Warning 1353: Unable to route between blocks at (4,4) and (321,30) to characterize delay (setting to inf)
Warning 1354: Unable to route between blocks at (4,4) and (321,31) to characterize delay (setting to inf)
Warning 1355: Unable to route between blocks at (4,4) and (321,32) to characterize delay (setting to inf)
Warning 1356: Unable to route between blocks at (4,4) and (321,33) to characterize delay (setting to inf)
Warning 1357: Unable to route between blocks at (4,4) and (321,34) to characterize delay (setting to inf)
Warning 1358: Unable to route between blocks at (4,4) and (321,35) to characterize delay (setting to inf)
Warning 1359: Unable to route between blocks at (4,4) and (321,36) to characterize delay (setting to inf)
Warning 1360: Unable to route between blocks at (4,4) and (321,37) to characterize delay (setting to inf)
Warning 1361: Unable to route between blocks at (4,4) and (321,38) to characterize delay (setting to inf)
Warning 1362: Unable to route between blocks at (4,4) and (321,39) to characterize delay (setting to inf)
Warning 1363: Unable to route between blocks at (4,4) and (321,40) to characterize delay (setting to inf)
Warning 1364: Unable to route between blocks at (4,4) and (321,41) to characterize delay (setting to inf)
Warning 1365: Unable to route between blocks at (4,4) and (321,42) to characterize delay (setting to inf)
Warning 1366: Unable to route between blocks at (4,4) and (321,43) to characterize delay (setting to inf)
Warning 1367: Unable to route between blocks at (4,4) and (321,44) to characterize delay (setting to inf)
Warning 1368: Unable to route between blocks at (4,4) and (321,45) to characterize delay (setting to inf)
Warning 1369: Unable to route between blocks at (4,4) and (321,46) to characterize delay (setting to inf)
Warning 1370: Unable to route between blocks at (4,4) and (321,47) to characterize delay (setting to inf)
Warning 1371: Unable to route between blocks at (4,4) and (321,48) to characterize delay (setting to inf)
Warning 1372: Unable to route between blocks at (4,4) and (321,49) to characterize delay (setting to inf)
Warning 1373: Unable to route between blocks at (4,4) and (321,50) to characterize delay (setting to inf)
Warning 1374: Unable to route between blocks at (4,4) and (321,51) to characterize delay (setting to inf)
Warning 1375: Unable to route between blocks at (4,4) and (321,52) to characterize delay (setting to inf)
Warning 1376: Unable to route between blocks at (4,4) and (321,53) to characterize delay (setting to inf)
Warning 1377: Unable to route between blocks at (4,4) and (321,54) to characterize delay (setting to inf)
Warning 1378: Unable to route between blocks at (4,4) and (321,55) to characterize delay (setting to inf)
Warning 1379: Unable to route between blocks at (4,4) and (321,56) to characterize delay (setting to inf)
Warning 1380: Unable to route between blocks at (4,4) and (321,57) to characterize delay (setting to inf)
Warning 1381: Unable to route between blocks at (4,4) and (321,58) to characterize delay (setting to inf)
Warning 1382: Unable to route between blocks at (4,4) and (321,59) to characterize delay (setting to inf)
Warning 1383: Unable to route between blocks at (4,4) and (321,60) to characterize delay (setting to inf)
Warning 1384: Unable to route between blocks at (4,4) and (321,61) to characterize delay (setting to inf)
Warning 1385: Unable to route between blocks at (4,4) and (321,62) to characterize delay (setting to inf)
Warning 1386: Unable to route between blocks at (4,4) and (321,63) to characterize delay (setting to inf)
Warning 1387: Unable to route between blocks at (4,4) and (321,64) to characterize delay (setting to inf)
Warning 1388: Unable to route between blocks at (4,4) and (321,65) to characterize delay (setting to inf)
Warning 1389: Unable to route between blocks at (4,4) and (321,66) to characterize delay (setting to inf)
Warning 1390: Unable to route between blocks at (4,4) and (321,67) to characterize delay (setting to inf)
Warning 1391: Unable to route between blocks at (4,4) and (321,68) to characterize delay (setting to inf)
Warning 1392: Unable to route between blocks at (4,4) and (321,69) to characterize delay (setting to inf)
Warning 1393: Unable to route between blocks at (4,4) and (321,70) to characterize delay (setting to inf)
Warning 1394: Unable to route between blocks at (4,4) and (321,71) to characterize delay (setting to inf)
Warning 1395: Unable to route between blocks at (4,4) and (321,72) to characterize delay (setting to inf)
Warning 1396: Unable to route between blocks at (4,4) and (321,73) to characterize delay (setting to inf)
Warning 1397: Unable to route between blocks at (4,4) and (321,74) to characterize delay (setting to inf)
Warning 1398: Unable to route between blocks at (4,4) and (321,75) to characterize delay (setting to inf)
Warning 1399: Unable to route between blocks at (4,4) and (321,76) to characterize delay (setting to inf)
Warning 1400: Unable to route between blocks at (4,4) and (321,77) to characterize delay (setting to inf)
Warning 1401: Unable to route between blocks at (4,4) and (321,78) to characterize delay (setting to inf)
Warning 1402: Unable to route between blocks at (4,4) and (321,79) to characterize delay (setting to inf)
Warning 1403: Unable to route between blocks at (4,4) and (321,80) to characterize delay (setting to inf)
Warning 1404: Unable to route between blocks at (4,4) and (321,81) to characterize delay (setting to inf)
Warning 1405: Unable to route between blocks at (4,4) and (321,82) to characterize delay (setting to inf)
Warning 1406: Unable to route between blocks at (4,4) and (321,83) to characterize delay (setting to inf)
Warning 1407: Unable to route between blocks at (4,4) and (321,84) to characterize delay (setting to inf)
Warning 1408: Unable to route between blocks at (4,4) and (321,85) to characterize delay (setting to inf)
Warning 1409: Unable to route between blocks at (4,4) and (321,86) to characterize delay (setting to inf)
Warning 1410: Unable to route between blocks at (4,4) and (321,87) to characterize delay (setting to inf)
Warning 1411: Unable to route between blocks at (4,4) and (321,88) to characterize delay (setting to inf)
Warning 1412: Unable to route between blocks at (4,4) and (321,89) to characterize delay (setting to inf)
Warning 1413: Unable to route between blocks at (4,4) and (321,90) to characterize delay (setting to inf)
Warning 1414: Unable to route between blocks at (4,4) and (321,91) to characterize delay (setting to inf)
Warning 1415: Unable to route between blocks at (4,4) and (321,92) to characterize delay (setting to inf)
Warning 1416: Unable to route between blocks at (4,4) and (321,93) to characterize delay (setting to inf)
Warning 1417: Unable to route between blocks at (4,4) and (321,94) to characterize delay (setting to inf)
Warning 1418: Unable to route between blocks at (4,4) and (321,95) to characterize delay (setting to inf)
Warning 1419: Unable to route between blocks at (4,4) and (321,96) to characterize delay (setting to inf)
Warning 1420: Unable to route between blocks at (4,4) and (321,97) to characterize delay (setting to inf)
Warning 1421: Unable to route between blocks at (4,4) and (321,98) to characterize delay (setting to inf)
Warning 1422: Unable to route between blocks at (4,4) and (321,99) to characterize delay (setting to inf)
Warning 1423: Unable to route between blocks at (4,4) and (321,100) to characterize delay (setting to inf)
Warning 1424: Unable to route between blocks at (4,4) and (321,101) to characterize delay (setting to inf)
Warning 1425: Unable to route between blocks at (4,4) and (321,102) to characterize delay (setting to inf)
Warning 1426: Unable to route between blocks at (4,4) and (321,103) to characterize delay (setting to inf)
Warning 1427: Unable to route between blocks at (4,4) and (321,104) to characterize delay (setting to inf)
Warning 1428: Unable to route between blocks at (4,4) and (321,105) to characterize delay (setting to inf)
Warning 1429: Unable to route between blocks at (4,4) and (321,106) to characterize delay (setting to inf)
Warning 1430: Unable to route between blocks at (4,4) and (321,107) to characterize delay (setting to inf)
Warning 1431: Unable to route between blocks at (4,4) and (321,108) to characterize delay (setting to inf)
Warning 1432: Unable to route between blocks at (4,4) and (321,109) to characterize delay (setting to inf)
Warning 1433: Unable to route between blocks at (4,4) and (321,110) to characterize delay (setting to inf)
Warning 1434: Unable to route between blocks at (4,4) and (321,111) to characterize delay (setting to inf)
Warning 1435: Unable to route between blocks at (4,4) and (321,112) to characterize delay (setting to inf)
Warning 1436: Unable to route between blocks at (4,4) and (321,113) to characterize delay (setting to inf)
Warning 1437: Unable to route between blocks at (4,4) and (321,114) to characterize delay (setting to inf)
Warning 1438: Unable to route between blocks at (4,4) and (321,115) to characterize delay (setting to inf)
Warning 1439: Unable to route between blocks at (4,4) and (321,116) to characterize delay (setting to inf)
Warning 1440: Unable to route between blocks at (4,4) and (321,117) to characterize delay (setting to inf)
Warning 1441: Unable to route between blocks at (4,4) and (321,118) to characterize delay (setting to inf)
Warning 1442: Unable to route between blocks at (4,4) and (321,119) to characterize delay (setting to inf)
Warning 1443: Unable to route between blocks at (4,4) and (321,120) to characterize delay (setting to inf)
Warning 1444: Unable to route between blocks at (4,4) and (321,121) to characterize delay (setting to inf)
Warning 1445: Unable to route between blocks at (4,4) and (321,122) to characterize delay (setting to inf)
Warning 1446: Unable to route between blocks at (4,4) and (321,123) to characterize delay (setting to inf)
Warning 1447: Unable to route between blocks at (4,4) and (321,124) to characterize delay (setting to inf)
Warning 1448: Unable to route between blocks at (4,4) and (321,125) to characterize delay (setting to inf)
Warning 1449: Unable to route between blocks at (4,4) and (321,126) to characterize delay (setting to inf)
Warning 1450: Unable to route between blocks at (4,4) and (321,127) to characterize delay (setting to inf)
Warning 1451: Unable to route between blocks at (4,4) and (321,128) to characterize delay (setting to inf)
Warning 1452: Unable to route between blocks at (4,4) and (321,129) to characterize delay (setting to inf)
Warning 1453: Unable to route between blocks at (4,4) and (321,130) to characterize delay (setting to inf)
Warning 1454: Unable to route between blocks at (4,4) and (321,131) to characterize delay (setting to inf)
Warning 1455: Unable to route between blocks at (4,4) and (321,132) to characterize delay (setting to inf)
Warning 1456: Unable to route between blocks at (4,4) and (321,133) to characterize delay (setting to inf)
Warning 1457: Unable to route between blocks at (4,4) and (321,134) to characterize delay (setting to inf)
Warning 1458: Unable to route between blocks at (4,4) and (321,135) to characterize delay (setting to inf)
Warning 1459: Unable to route between blocks at (4,4) and (321,136) to characterize delay (setting to inf)
Warning 1460: Unable to route between blocks at (4,4) and (321,137) to characterize delay (setting to inf)
Warning 1461: Unable to route between blocks at (4,4) and (321,138) to characterize delay (setting to inf)
Warning 1462: Unable to route between blocks at (4,4) and (321,139) to characterize delay (setting to inf)
Warning 1463: Unable to route between blocks at (4,4) and (321,140) to characterize delay (setting to inf)
Warning 1464: Unable to route between blocks at (4,4) and (321,141) to characterize delay (setting to inf)
Warning 1465: Unable to route between blocks at (4,4) and (321,142) to characterize delay (setting to inf)
Warning 1466: Unable to route between blocks at (4,4) and (321,143) to characterize delay (setting to inf)
Warning 1467: Unable to route between blocks at (4,4) and (321,144) to characterize delay (setting to inf)
Warning 1468: Unable to route between blocks at (4,4) and (321,145) to characterize delay (setting to inf)
Warning 1469: Unable to route between blocks at (4,4) and (321,146) to characterize delay (setting to inf)
Warning 1470: Unable to route between blocks at (4,4) and (321,147) to characterize delay (setting to inf)
Warning 1471: Unable to route between blocks at (4,4) and (321,148) to characterize delay (setting to inf)
Warning 1472: Unable to route between blocks at (4,4) and (321,149) to characterize delay (setting to inf)
Warning 1473: Unable to route between blocks at (4,4) and (321,150) to characterize delay (setting to inf)
Warning 1474: Unable to route between blocks at (4,4) and (321,151) to characterize delay (setting to inf)
Warning 1475: Unable to route between blocks at (4,4) and (321,152) to characterize delay (setting to inf)
Warning 1476: Unable to route between blocks at (4,4) and (321,153) to characterize delay (setting to inf)
Warning 1477: Unable to route between blocks at (4,4) and (321,154) to characterize delay (setting to inf)
Warning 1478: Unable to route between blocks at (4,4) and (321,155) to characterize delay (setting to inf)
Warning 1479: Unable to route between blocks at (4,4) and (321,156) to characterize delay (setting to inf)
Warning 1480: Unable to route between blocks at (4,4) and (321,157) to characterize delay (setting to inf)
Warning 1481: Unable to route between blocks at (4,4) and (321,158) to characterize delay (setting to inf)
Warning 1482: Unable to route between blocks at (4,4) and (321,159) to characterize delay (setting to inf)
Warning 1483: Unable to route between blocks at (4,4) and (321,160) to characterize delay (setting to inf)
Warning 1484: Unable to route between blocks at (4,4) and (321,161) to characterize delay (setting to inf)
Warning 1485: Unable to route between blocks at (4,4) and (321,162) to characterize delay (setting to inf)
Warning 1486: Unable to route between blocks at (4,4) and (321,163) to characterize delay (setting to inf)
Warning 1487: Unable to route between blocks at (4,4) and (321,164) to characterize delay (setting to inf)
Warning 1488: Unable to route between blocks at (4,4) and (321,165) to characterize delay (setting to inf)
Warning 1489: Unable to route between blocks at (4,4) and (321,166) to characterize delay (setting to inf)
Warning 1490: Unable to route between blocks at (4,4) and (321,167) to characterize delay (setting to inf)
Warning 1491: Unable to route between blocks at (4,4) and (321,168) to characterize delay (setting to inf)
Warning 1492: Unable to route between blocks at (4,4) and (321,169) to characterize delay (setting to inf)
Warning 1493: Unable to route between blocks at (4,4) and (321,170) to characterize delay (setting to inf)
Warning 1494: Unable to route between blocks at (4,4) and (321,171) to characterize delay (setting to inf)
Warning 1495: Unable to route between blocks at (4,4) and (321,172) to characterize delay (setting to inf)
Warning 1496: Unable to route between blocks at (4,4) and (321,173) to characterize delay (setting to inf)
Warning 1497: Unable to route between blocks at (4,4) and (321,174) to characterize delay (setting to inf)
Warning 1498: Unable to route between blocks at (4,4) and (321,175) to characterize delay (setting to inf)
Warning 1499: Unable to route between blocks at (4,4) and (321,176) to characterize delay (setting to inf)
Warning 1500: Unable to route between blocks at (4,4) and (321,177) to characterize delay (setting to inf)
Warning 1501: Unable to route between blocks at (4,4) and (321,178) to characterize delay (setting to inf)
Warning 1502: Unable to route between blocks at (4,4) and (321,179) to characterize delay (setting to inf)
Warning 1503: Unable to route between blocks at (4,4) and (321,180) to characterize delay (setting to inf)
Warning 1504: Unable to route between blocks at (4,4) and (321,181) to characterize delay (setting to inf)
Warning 1505: Unable to route between blocks at (4,4) and (321,182) to characterize delay (setting to inf)
Warning 1506: Unable to route between blocks at (4,4) and (321,183) to characterize delay (setting to inf)
Warning 1507: Unable to route between blocks at (4,4) and (321,184) to characterize delay (setting to inf)
Warning 1508: Unable to route between blocks at (4,4) and (321,185) to characterize delay (setting to inf)
Warning 1509: Unable to route between blocks at (4,4) and (321,186) to characterize delay (setting to inf)
Warning 1510: Unable to route between blocks at (4,4) and (321,187) to characterize delay (setting to inf)
Warning 1511: Unable to route between blocks at (4,4) and (321,188) to characterize delay (setting to inf)
Warning 1512: Unable to route between blocks at (4,4) and (321,189) to characterize delay (setting to inf)
Warning 1513: Unable to route between blocks at (4,4) and (321,190) to characterize delay (setting to inf)
Warning 1514: Unable to route between blocks at (4,4) and (321,191) to characterize delay (setting to inf)
Warning 1515: Unable to route between blocks at (4,4) and (321,192) to characterize delay (setting to inf)
Warning 1516: Unable to route between blocks at (4,4) and (321,193) to characterize delay (setting to inf)
Warning 1517: Unable to route between blocks at (4,4) and (321,194) to characterize delay (setting to inf)
Warning 1518: Unable to route between blocks at (4,4) and (321,195) to characterize delay (setting to inf)
Warning 1519: Unable to route between blocks at (4,4) and (321,196) to characterize delay (setting to inf)
Warning 1520: Unable to route between blocks at (4,4) and (321,197) to characterize delay (setting to inf)
Warning 1521: Unable to route between blocks at (4,4) and (321,198) to characterize delay (setting to inf)
Warning 1522: Unable to route between blocks at (4,4) and (321,199) to characterize delay (setting to inf)
Warning 1523: Unable to route between blocks at (4,4) and (321,200) to characterize delay (setting to inf)
Warning 1524: Unable to route between blocks at (4,4) and (321,201) to characterize delay (setting to inf)
Warning 1525: Unable to route between blocks at (4,4) and (321,202) to characterize delay (setting to inf)
Warning 1526: Unable to route between blocks at (4,4) and (321,203) to characterize delay (setting to inf)
Warning 1527: Unable to route between blocks at (4,4) and (321,204) to characterize delay (setting to inf)
Warning 1528: Unable to route between blocks at (4,4) and (321,205) to characterize delay (setting to inf)
Warning 1529: Unable to route between blocks at (4,4) and (321,206) to characterize delay (setting to inf)
Warning 1530: Unable to route between blocks at (4,4) and (321,207) to characterize delay (setting to inf)
Warning 1531: Unable to route between blocks at (4,4) and (321,208) to characterize delay (setting to inf)
Warning 1532: Unable to route between blocks at (4,4) and (321,209) to characterize delay (setting to inf)
Warning 1533: Unable to route between blocks at (4,4) and (321,210) to characterize delay (setting to inf)
Warning 1534: Unable to route between blocks at (4,4) and (321,211) to characterize delay (setting to inf)
Warning 1535: Unable to route between blocks at (4,4) and (321,212) to characterize delay (setting to inf)
Warning 1536: Unable to route between blocks at (4,4) and (321,213) to characterize delay (setting to inf)
Warning 1537: Unable to route between blocks at (4,4) and (321,214) to characterize delay (setting to inf)
Warning 1538: Unable to route between blocks at (4,4) and (321,215) to characterize delay (setting to inf)
Warning 1539: Unable to route between blocks at (4,4) and (321,216) to characterize delay (setting to inf)
Warning 1540: Unable to route between blocks at (4,4) and (321,217) to characterize delay (setting to inf)
Warning 1541: Unable to route between blocks at (4,4) and (321,218) to characterize delay (setting to inf)
Warning 1542: Unable to route between blocks at (4,4) and (321,219) to characterize delay (setting to inf)
Warning 1543: Unable to route between blocks at (318,216) and (0,0) to characterize delay (setting to inf)
Warning 1544: Unable to route between blocks at (318,216) and (0,1) to characterize delay (setting to inf)
Warning 1545: Unable to route between blocks at (318,216) and (0,2) to characterize delay (setting to inf)
Warning 1546: Unable to route between blocks at (318,216) and (0,3) to characterize delay (setting to inf)
Warning 1547: Unable to route between blocks at (318,216) and (0,4) to characterize delay (setting to inf)
Warning 1548: Unable to route between blocks at (318,216) and (0,5) to characterize delay (setting to inf)
Warning 1549: Unable to route between blocks at (318,216) and (0,6) to characterize delay (setting to inf)
Warning 1550: Unable to route between blocks at (318,216) and (0,7) to characterize delay (setting to inf)
Warning 1551: Unable to route between blocks at (318,216) and (0,8) to characterize delay (setting to inf)
Warning 1552: Unable to route between blocks at (318,216) and (0,9) to characterize delay (setting to inf)
Warning 1553: Unable to route between blocks at (318,216) and (0,10) to characterize delay (setting to inf)
Warning 1554: Unable to route between blocks at (318,216) and (0,11) to characterize delay (setting to inf)
Warning 1555: Unable to route between blocks at (318,216) and (0,12) to characterize delay (setting to inf)
Warning 1556: Unable to route between blocks at (318,216) and (0,13) to characterize delay (setting to inf)
Warning 1557: Unable to route between blocks at (318,216) and (0,14) to characterize delay (setting to inf)
Warning 1558: Unable to route between blocks at (318,216) and (0,15) to characterize delay (setting to inf)
Warning 1559: Unable to route between blocks at (318,216) and (0,16) to characterize delay (setting to inf)
Warning 1560: Unable to route between blocks at (318,216) and (0,17) to characterize delay (setting to inf)
Warning 1561: Unable to route between blocks at (318,216) and (0,18) to characterize delay (setting to inf)
Warning 1562: Unable to route between blocks at (318,216) and (0,19) to characterize delay (setting to inf)
Warning 1563: Unable to route between blocks at (318,216) and (0,20) to characterize delay (setting to inf)
Warning 1564: Unable to route between blocks at (318,216) and (0,21) to characterize delay (setting to inf)
Warning 1565: Unable to route between blocks at (318,216) and (0,22) to characterize delay (setting to inf)
Warning 1566: Unable to route between blocks at (318,216) and (0,23) to characterize delay (setting to inf)
Warning 1567: Unable to route between blocks at (318,216) and (0,24) to characterize delay (setting to inf)
Warning 1568: Unable to route between blocks at (318,216) and (0,25) to characterize delay (setting to inf)
Warning 1569: Unable to route between blocks at (318,216) and (0,26) to characterize delay (setting to inf)
Warning 1570: Unable to route between blocks at (318,216) and (0,27) to characterize delay (setting to inf)
Warning 1571: Unable to route between blocks at (318,216) and (0,28) to characterize delay (setting to inf)
Warning 1572: Unable to route between blocks at (318,216) and (0,29) to characterize delay (setting to inf)
Warning 1573: Unable to route between blocks at (318,216) and (0,30) to characterize delay (setting to inf)
Warning 1574: Unable to route between blocks at (318,216) and (0,31) to characterize delay (setting to inf)
Warning 1575: Unable to route between blocks at (318,216) and (0,32) to characterize delay (setting to inf)
Warning 1576: Unable to route between blocks at (318,216) and (0,33) to characterize delay (setting to inf)
Warning 1577: Unable to route between blocks at (318,216) and (0,34) to characterize delay (setting to inf)
Warning 1578: Unable to route between blocks at (318,216) and (0,35) to characterize delay (setting to inf)
Warning 1579: Unable to route between blocks at (318,216) and (0,36) to characterize delay (setting to inf)
Warning 1580: Unable to route between blocks at (318,216) and (0,37) to characterize delay (setting to inf)
Warning 1581: Unable to route between blocks at (318,216) and (0,38) to characterize delay (setting to inf)
Warning 1582: Unable to route between blocks at (318,216) and (0,39) to characterize delay (setting to inf)
Warning 1583: Unable to route between blocks at (318,216) and (0,40) to characterize delay (setting to inf)
Warning 1584: Unable to route between blocks at (318,216) and (0,41) to characterize delay (setting to inf)
Warning 1585: Unable to route between blocks at (318,216) and (0,42) to characterize delay (setting to inf)
Warning 1586: Unable to route between blocks at (318,216) and (0,43) to characterize delay (setting to inf)
Warning 1587: Unable to route between blocks at (318,216) and (0,44) to characterize delay (setting to inf)
Warning 1588: Unable to route between blocks at (318,216) and (0,45) to characterize delay (setting to inf)
Warning 1589: Unable to route between blocks at (318,216) and (0,46) to characterize delay (setting to inf)
Warning 1590: Unable to route between blocks at (318,216) and (0,47) to characterize delay (setting to inf)
Warning 1591: Unable to route between blocks at (318,216) and (0,48) to characterize delay (setting to inf)
Warning 1592: Unable to route between blocks at (318,216) and (0,49) to characterize delay (setting to inf)
Warning 1593: Unable to route between blocks at (318,216) and (0,50) to characterize delay (setting to inf)
Warning 1594: Unable to route between blocks at (318,216) and (0,51) to characterize delay (setting to inf)
Warning 1595: Unable to route between blocks at (318,216) and (0,52) to characterize delay (setting to inf)
Warning 1596: Unable to route between blocks at (318,216) and (0,53) to characterize delay (setting to inf)
Warning 1597: Unable to route between blocks at (318,216) and (0,54) to characterize delay (setting to inf)
Warning 1598: Unable to route between blocks at (318,216) and (0,55) to characterize delay (setting to inf)
Warning 1599: Unable to route between blocks at (318,216) and (0,56) to characterize delay (setting to inf)
Warning 1600: Unable to route between blocks at (318,216) and (0,57) to characterize delay (setting to inf)
Warning 1601: Unable to route between blocks at (318,216) and (0,58) to characterize delay (setting to inf)
Warning 1602: Unable to route between blocks at (318,216) and (0,59) to characterize delay (setting to inf)
Warning 1603: Unable to route between blocks at (318,216) and (0,60) to characterize delay (setting to inf)
Warning 1604: Unable to route between blocks at (318,216) and (0,61) to characterize delay (setting to inf)
Warning 1605: Unable to route between blocks at (318,216) and (0,62) to characterize delay (setting to inf)
Warning 1606: Unable to route between blocks at (318,216) and (0,63) to characterize delay (setting to inf)
Warning 1607: Unable to route between blocks at (318,216) and (0,64) to characterize delay (setting to inf)
Warning 1608: Unable to route between blocks at (318,216) and (0,65) to characterize delay (setting to inf)
Warning 1609: Unable to route between blocks at (318,216) and (0,66) to characterize delay (setting to inf)
Warning 1610: Unable to route between blocks at (318,216) and (0,67) to characterize delay (setting to inf)
Warning 1611: Unable to route between blocks at (318,216) and (0,68) to characterize delay (setting to inf)
Warning 1612: Unable to route between blocks at (318,216) and (0,69) to characterize delay (setting to inf)
Warning 1613: Unable to route between blocks at (318,216) and (0,70) to characterize delay (setting to inf)
Warning 1614: Unable to route between blocks at (318,216) and (0,71) to characterize delay (setting to inf)
Warning 1615: Unable to route between blocks at (318,216) and (0,72) to characterize delay (setting to inf)
Warning 1616: Unable to route between blocks at (318,216) and (0,73) to characterize delay (setting to inf)
Warning 1617: Unable to route between blocks at (318,216) and (0,74) to characterize delay (setting to inf)
Warning 1618: Unable to route between blocks at (318,216) and (0,75) to characterize delay (setting to inf)
Warning 1619: Unable to route between blocks at (318,216) and (0,76) to characterize delay (setting to inf)
Warning 1620: Unable to route between blocks at (318,216) and (0,77) to characterize delay (setting to inf)
Warning 1621: Unable to route between blocks at (318,216) and (0,78) to characterize delay (setting to inf)
Warning 1622: Unable to route between blocks at (318,216) and (0,79) to characterize delay (setting to inf)
Warning 1623: Unable to route between blocks at (318,216) and (0,80) to characterize delay (setting to inf)
Warning 1624: Unable to route between blocks at (318,216) and (0,81) to characterize delay (setting to inf)
Warning 1625: Unable to route between blocks at (318,216) and (0,82) to characterize delay (setting to inf)
Warning 1626: Unable to route between blocks at (318,216) and (0,83) to characterize delay (setting to inf)
Warning 1627: Unable to route between blocks at (318,216) and (0,84) to characterize delay (setting to inf)
Warning 1628: Unable to route between blocks at (318,216) and (0,85) to characterize delay (setting to inf)
Warning 1629: Unable to route between blocks at (318,216) and (0,86) to characterize delay (setting to inf)
Warning 1630: Unable to route between blocks at (318,216) and (0,87) to characterize delay (setting to inf)
Warning 1631: Unable to route between blocks at (318,216) and (0,88) to characterize delay (setting to inf)
Warning 1632: Unable to route between blocks at (318,216) and (0,89) to characterize delay (setting to inf)
Warning 1633: Unable to route between blocks at (318,216) and (0,90) to characterize delay (setting to inf)
Warning 1634: Unable to route between blocks at (318,216) and (0,91) to characterize delay (setting to inf)
Warning 1635: Unable to route between blocks at (318,216) and (0,92) to characterize delay (setting to inf)
Warning 1636: Unable to route between blocks at (318,216) and (0,93) to characterize delay (setting to inf)
Warning 1637: Unable to route between blocks at (318,216) and (0,94) to characterize delay (setting to inf)
Warning 1638: Unable to route between blocks at (318,216) and (0,95) to characterize delay (setting to inf)
Warning 1639: Unable to route between blocks at (318,216) and (0,96) to characterize delay (setting to inf)
Warning 1640: Unable to route between blocks at (318,216) and (0,97) to characterize delay (setting to inf)
Warning 1641: Unable to route between blocks at (318,216) and (0,98) to characterize delay (setting to inf)
Warning 1642: Unable to route between blocks at (318,216) and (0,99) to characterize delay (setting to inf)
Warning 1643: Unable to route between blocks at (318,216) and (0,100) to characterize delay (setting to inf)
Warning 1644: Unable to route between blocks at (318,216) and (0,101) to characterize delay (setting to inf)
Warning 1645: Unable to route between blocks at (318,216) and (0,102) to characterize delay (setting to inf)
Warning 1646: Unable to route between blocks at (318,216) and (0,103) to characterize delay (setting to inf)
Warning 1647: Unable to route between blocks at (318,216) and (0,104) to characterize delay (setting to inf)
Warning 1648: Unable to route between blocks at (318,216) and (0,105) to characterize delay (setting to inf)
Warning 1649: Unable to route between blocks at (318,216) and (0,106) to characterize delay (setting to inf)
Warning 1650: Unable to route between blocks at (318,216) and (0,107) to characterize delay (setting to inf)
Warning 1651: Unable to route between blocks at (318,216) and (0,108) to characterize delay (setting to inf)
Warning 1652: Unable to route between blocks at (318,216) and (0,109) to characterize delay (setting to inf)
Warning 1653: Unable to route between blocks at (318,216) and (0,110) to characterize delay (setting to inf)
Warning 1654: Unable to route between blocks at (318,216) and (0,111) to characterize delay (setting to inf)
Warning 1655: Unable to route between blocks at (318,216) and (0,112) to characterize delay (setting to inf)
Warning 1656: Unable to route between blocks at (318,216) and (0,113) to characterize delay (setting to inf)
Warning 1657: Unable to route between blocks at (318,216) and (0,114) to characterize delay (setting to inf)
Warning 1658: Unable to route between blocks at (318,216) and (0,115) to characterize delay (setting to inf)
Warning 1659: Unable to route between blocks at (318,216) and (0,116) to characterize delay (setting to inf)
Warning 1660: Unable to route between blocks at (318,216) and (0,117) to characterize delay (setting to inf)
Warning 1661: Unable to route between blocks at (318,216) and (0,118) to characterize delay (setting to inf)
Warning 1662: Unable to route between blocks at (318,216) and (0,119) to characterize delay (setting to inf)
Warning 1663: Unable to route between blocks at (318,216) and (0,120) to characterize delay (setting to inf)
Warning 1664: Unable to route between blocks at (318,216) and (0,121) to characterize delay (setting to inf)
Warning 1665: Unable to route between blocks at (318,216) and (0,122) to characterize delay (setting to inf)
Warning 1666: Unable to route between blocks at (318,216) and (0,123) to characterize delay (setting to inf)
Warning 1667: Unable to route between blocks at (318,216) and (0,124) to characterize delay (setting to inf)
Warning 1668: Unable to route between blocks at (318,216) and (0,125) to characterize delay (setting to inf)
Warning 1669: Unable to route between blocks at (318,216) and (0,126) to characterize delay (setting to inf)
Warning 1670: Unable to route between blocks at (318,216) and (0,127) to characterize delay (setting to inf)
Warning 1671: Unable to route between blocks at (318,216) and (0,128) to characterize delay (setting to inf)
Warning 1672: Unable to route between blocks at (318,216) and (0,129) to characterize delay (setting to inf)
Warning 1673: Unable to route between blocks at (318,216) and (0,130) to characterize delay (setting to inf)
Warning 1674: Unable to route between blocks at (318,216) and (0,131) to characterize delay (setting to inf)
Warning 1675: Unable to route between blocks at (318,216) and (0,132) to characterize delay (setting to inf)
Warning 1676: Unable to route between blocks at (318,216) and (0,133) to characterize delay (setting to inf)
Warning 1677: Unable to route between blocks at (318,216) and (0,134) to characterize delay (setting to inf)
Warning 1678: Unable to route between blocks at (318,216) and (0,135) to characterize delay (setting to inf)
Warning 1679: Unable to route between blocks at (318,216) and (0,136) to characterize delay (setting to inf)
Warning 1680: Unable to route between blocks at (318,216) and (0,137) to characterize delay (setting to inf)
Warning 1681: Unable to route between blocks at (318,216) and (0,138) to characterize delay (setting to inf)
Warning 1682: Unable to route between blocks at (318,216) and (0,139) to characterize delay (setting to inf)
Warning 1683: Unable to route between blocks at (318,216) and (0,140) to characterize delay (setting to inf)
Warning 1684: Unable to route between blocks at (318,216) and (0,141) to characterize delay (setting to inf)
Warning 1685: Unable to route between blocks at (318,216) and (0,142) to characterize delay (setting to inf)
Warning 1686: Unable to route between blocks at (318,216) and (0,143) to characterize delay (setting to inf)
Warning 1687: Unable to route between blocks at (318,216) and (0,144) to characterize delay (setting to inf)
Warning 1688: Unable to route between blocks at (318,216) and (0,145) to characterize delay (setting to inf)
Warning 1689: Unable to route between blocks at (318,216) and (0,146) to characterize delay (setting to inf)
Warning 1690: Unable to route between blocks at (318,216) and (0,147) to characterize delay (setting to inf)
Warning 1691: Unable to route between blocks at (318,216) and (0,148) to characterize delay (setting to inf)
Warning 1692: Unable to route between blocks at (318,216) and (0,149) to characterize delay (setting to inf)
Warning 1693: Unable to route between blocks at (318,216) and (0,150) to characterize delay (setting to inf)
Warning 1694: Unable to route between blocks at (318,216) and (0,151) to characterize delay (setting to inf)
Warning 1695: Unable to route between blocks at (318,216) and (0,152) to characterize delay (setting to inf)
Warning 1696: Unable to route between blocks at (318,216) and (0,153) to characterize delay (setting to inf)
Warning 1697: Unable to route between blocks at (318,216) and (0,154) to characterize delay (setting to inf)
Warning 1698: Unable to route between blocks at (318,216) and (0,155) to characterize delay (setting to inf)
Warning 1699: Unable to route between blocks at (318,216) and (0,156) to characterize delay (setting to inf)
Warning 1700: Unable to route between blocks at (318,216) and (0,157) to characterize delay (setting to inf)
Warning 1701: Unable to route between blocks at (318,216) and (0,158) to characterize delay (setting to inf)
Warning 1702: Unable to route between blocks at (318,216) and (0,159) to characterize delay (setting to inf)
Warning 1703: Unable to route between blocks at (318,216) and (0,160) to characterize delay (setting to inf)
Warning 1704: Unable to route between blocks at (318,216) and (0,161) to characterize delay (setting to inf)
Warning 1705: Unable to route between blocks at (318,216) and (0,162) to characterize delay (setting to inf)
Warning 1706: Unable to route between blocks at (318,216) and (0,163) to characterize delay (setting to inf)
Warning 1707: Unable to route between blocks at (318,216) and (0,164) to characterize delay (setting to inf)
Warning 1708: Unable to route between blocks at (318,216) and (0,165) to characterize delay (setting to inf)
Warning 1709: Unable to route between blocks at (318,216) and (0,166) to characterize delay (setting to inf)
Warning 1710: Unable to route between blocks at (318,216) and (0,167) to characterize delay (setting to inf)
Warning 1711: Unable to route between blocks at (318,216) and (0,168) to characterize delay (setting to inf)
Warning 1712: Unable to route between blocks at (318,216) and (0,169) to characterize delay (setting to inf)
Warning 1713: Unable to route between blocks at (318,216) and (0,170) to characterize delay (setting to inf)
Warning 1714: Unable to route between blocks at (318,216) and (0,171) to characterize delay (setting to inf)
Warning 1715: Unable to route between blocks at (318,216) and (0,172) to characterize delay (setting to inf)
Warning 1716: Unable to route between blocks at (318,216) and (0,173) to characterize delay (setting to inf)
Warning 1717: Unable to route between blocks at (318,216) and (0,174) to characterize delay (setting to inf)
Warning 1718: Unable to route between blocks at (318,216) and (0,175) to characterize delay (setting to inf)
Warning 1719: Unable to route between blocks at (318,216) and (0,176) to characterize delay (setting to inf)
Warning 1720: Unable to route between blocks at (318,216) and (0,177) to characterize delay (setting to inf)
Warning 1721: Unable to route between blocks at (318,216) and (0,178) to characterize delay (setting to inf)
Warning 1722: Unable to route between blocks at (318,216) and (0,179) to characterize delay (setting to inf)
Warning 1723: Unable to route between blocks at (318,216) and (0,180) to characterize delay (setting to inf)
Warning 1724: Unable to route between blocks at (318,216) and (0,181) to characterize delay (setting to inf)
Warning 1725: Unable to route between blocks at (318,216) and (0,182) to characterize delay (setting to inf)
Warning 1726: Unable to route between blocks at (318,216) and (0,183) to characterize delay (setting to inf)
Warning 1727: Unable to route between blocks at (318,216) and (0,184) to characterize delay (setting to inf)
Warning 1728: Unable to route between blocks at (318,216) and (0,185) to characterize delay (setting to inf)
Warning 1729: Unable to route between blocks at (318,216) and (0,186) to characterize delay (setting to inf)
Warning 1730: Unable to route between blocks at (318,216) and (0,187) to characterize delay (setting to inf)
Warning 1731: Unable to route between blocks at (318,216) and (0,188) to characterize delay (setting to inf)
Warning 1732: Unable to route between blocks at (318,216) and (0,189) to characterize delay (setting to inf)
Warning 1733: Unable to route between blocks at (318,216) and (0,190) to characterize delay (setting to inf)
Warning 1734: Unable to route between blocks at (318,216) and (0,191) to characterize delay (setting to inf)
Warning 1735: Unable to route between blocks at (318,216) and (0,192) to characterize delay (setting to inf)
Warning 1736: Unable to route between blocks at (318,216) and (0,193) to characterize delay (setting to inf)
Warning 1737: Unable to route between blocks at (318,216) and (0,194) to characterize delay (setting to inf)
Warning 1738: Unable to route between blocks at (318,216) and (0,195) to characterize delay (setting to inf)
Warning 1739: Unable to route between blocks at (318,216) and (0,196) to characterize delay (setting to inf)
Warning 1740: Unable to route between blocks at (318,216) and (0,197) to characterize delay (setting to inf)
Warning 1741: Unable to route between blocks at (318,216) and (0,198) to characterize delay (setting to inf)
Warning 1742: Unable to route between blocks at (318,216) and (0,199) to characterize delay (setting to inf)
Warning 1743: Unable to route between blocks at (318,216) and (0,200) to characterize delay (setting to inf)
Warning 1744: Unable to route between blocks at (318,216) and (0,201) to characterize delay (setting to inf)
Warning 1745: Unable to route between blocks at (318,216) and (0,202) to characterize delay (setting to inf)
Warning 1746: Unable to route between blocks at (318,216) and (0,203) to characterize delay (setting to inf)
Warning 1747: Unable to route between blocks at (318,216) and (0,204) to characterize delay (setting to inf)
Warning 1748: Unable to route between blocks at (318,216) and (0,205) to characterize delay (setting to inf)
Warning 1749: Unable to route between blocks at (318,216) and (0,206) to characterize delay (setting to inf)
Warning 1750: Unable to route between blocks at (318,216) and (0,207) to characterize delay (setting to inf)
Warning 1751: Unable to route between blocks at (318,216) and (0,208) to characterize delay (setting to inf)
Warning 1752: Unable to route between blocks at (318,216) and (0,209) to characterize delay (setting to inf)
Warning 1753: Unable to route between blocks at (318,216) and (0,210) to characterize delay (setting to inf)
Warning 1754: Unable to route between blocks at (318,216) and (0,211) to characterize delay (setting to inf)
Warning 1755: Unable to route between blocks at (318,216) and (0,212) to characterize delay (setting to inf)
Warning 1756: Unable to route between blocks at (318,216) and (0,213) to characterize delay (setting to inf)
Warning 1757: Unable to route between blocks at (318,216) and (0,214) to characterize delay (setting to inf)
Warning 1758: Unable to route between blocks at (318,216) and (0,215) to characterize delay (setting to inf)
Warning 1759: Unable to route between blocks at (318,216) and (0,216) to characterize delay (setting to inf)
Warning 1760: Unable to route between blocks at (318,216) and (1,0) to characterize delay (setting to inf)
Warning 1761: Unable to route between blocks at (318,216) and (2,0) to characterize delay (setting to inf)
Warning 1762: Unable to route between blocks at (318,216) and (3,0) to characterize delay (setting to inf)
Warning 1763: Unable to route between blocks at (318,216) and (4,0) to characterize delay (setting to inf)
Warning 1764: Unable to route between blocks at (318,216) and (5,0) to characterize delay (setting to inf)
Warning 1765: Unable to route between blocks at (318,216) and (6,0) to characterize delay (setting to inf)
Warning 1766: Unable to route between blocks at (318,216) and (7,0) to characterize delay (setting to inf)
Warning 1767: Unable to route between blocks at (318,216) and (8,0) to characterize delay (setting to inf)
Warning 1768: Unable to route between blocks at (318,216) and (9,0) to characterize delay (setting to inf)
Warning 1769: Unable to route between blocks at (318,216) and (10,0) to characterize delay (setting to inf)
Warning 1770: Unable to route between blocks at (318,216) and (11,0) to characterize delay (setting to inf)
Warning 1771: Unable to route between blocks at (318,216) and (12,0) to characterize delay (setting to inf)
Warning 1772: Unable to route between blocks at (318,216) and (13,0) to characterize delay (setting to inf)
Warning 1773: Unable to route between blocks at (318,216) and (14,0) to characterize delay (setting to inf)
Warning 1774: Unable to route between blocks at (318,216) and (15,0) to characterize delay (setting to inf)
Warning 1775: Unable to route between blocks at (318,216) and (16,0) to characterize delay (setting to inf)
Warning 1776: Unable to route between blocks at (318,216) and (17,0) to characterize delay (setting to inf)
Warning 1777: Unable to route between blocks at (318,216) and (18,0) to characterize delay (setting to inf)
Warning 1778: Unable to route between blocks at (318,216) and (19,0) to characterize delay (setting to inf)
Warning 1779: Unable to route between blocks at (318,216) and (20,0) to characterize delay (setting to inf)
Warning 1780: Unable to route between blocks at (318,216) and (21,0) to characterize delay (setting to inf)
Warning 1781: Unable to route between blocks at (318,216) and (22,0) to characterize delay (setting to inf)
Warning 1782: Unable to route between blocks at (318,216) and (23,0) to characterize delay (setting to inf)
Warning 1783: Unable to route between blocks at (318,216) and (24,0) to characterize delay (setting to inf)
Warning 1784: Unable to route between blocks at (318,216) and (25,0) to characterize delay (setting to inf)
Warning 1785: Unable to route between blocks at (318,216) and (26,0) to characterize delay (setting to inf)
Warning 1786: Unable to route between blocks at (318,216) and (27,0) to characterize delay (setting to inf)
Warning 1787: Unable to route between blocks at (318,216) and (28,0) to characterize delay (setting to inf)
Warning 1788: Unable to route between blocks at (318,216) and (29,0) to characterize delay (setting to inf)
Warning 1789: Unable to route between blocks at (318,216) and (30,0) to characterize delay (setting to inf)
Warning 1790: Unable to route between blocks at (318,216) and (31,0) to characterize delay (setting to inf)
Warning 1791: Unable to route between blocks at (318,216) and (32,0) to characterize delay (setting to inf)
Warning 1792: Unable to route between blocks at (318,216) and (33,0) to characterize delay (setting to inf)
Warning 1793: Unable to route between blocks at (318,216) and (34,0) to characterize delay (setting to inf)
Warning 1794: Unable to route between blocks at (318,216) and (35,0) to characterize delay (setting to inf)
Warning 1795: Unable to route between blocks at (318,216) and (36,0) to characterize delay (setting to inf)
Warning 1796: Unable to route between blocks at (318,216) and (37,0) to characterize delay (setting to inf)
Warning 1797: Unable to route between blocks at (318,216) and (38,0) to characterize delay (setting to inf)
Warning 1798: Unable to route between blocks at (318,216) and (39,0) to characterize delay (setting to inf)
Warning 1799: Unable to route between blocks at (318,216) and (40,0) to characterize delay (setting to inf)
Warning 1800: Unable to route between blocks at (318,216) and (41,0) to characterize delay (setting to inf)
Warning 1801: Unable to route between blocks at (318,216) and (42,0) to characterize delay (setting to inf)
Warning 1802: Unable to route between blocks at (318,216) and (43,0) to characterize delay (setting to inf)
Warning 1803: Unable to route between blocks at (318,216) and (44,0) to characterize delay (setting to inf)
Warning 1804: Unable to route between blocks at (318,216) and (45,0) to characterize delay (setting to inf)
Warning 1805: Unable to route between blocks at (318,216) and (46,0) to characterize delay (setting to inf)
Warning 1806: Unable to route between blocks at (318,216) and (47,0) to characterize delay (setting to inf)
Warning 1807: Unable to route between blocks at (318,216) and (48,0) to characterize delay (setting to inf)
Warning 1808: Unable to route between blocks at (318,216) and (49,0) to characterize delay (setting to inf)
Warning 1809: Unable to route between blocks at (318,216) and (50,0) to characterize delay (setting to inf)
Warning 1810: Unable to route between blocks at (318,216) and (51,0) to characterize delay (setting to inf)
Warning 1811: Unable to route between blocks at (318,216) and (52,0) to characterize delay (setting to inf)
Warning 1812: Unable to route between blocks at (318,216) and (53,0) to characterize delay (setting to inf)
Warning 1813: Unable to route between blocks at (318,216) and (54,0) to characterize delay (setting to inf)
Warning 1814: Unable to route between blocks at (318,216) and (55,0) to characterize delay (setting to inf)
Warning 1815: Unable to route between blocks at (318,216) and (56,0) to characterize delay (setting to inf)
Warning 1816: Unable to route between blocks at (318,216) and (57,0) to characterize delay (setting to inf)
Warning 1817: Unable to route between blocks at (318,216) and (58,0) to characterize delay (setting to inf)
Warning 1818: Unable to route between blocks at (318,216) and (59,0) to characterize delay (setting to inf)
Warning 1819: Unable to route between blocks at (318,216) and (60,0) to characterize delay (setting to inf)
Warning 1820: Unable to route between blocks at (318,216) and (61,0) to characterize delay (setting to inf)
Warning 1821: Unable to route between blocks at (318,216) and (62,0) to characterize delay (setting to inf)
Warning 1822: Unable to route between blocks at (318,216) and (63,0) to characterize delay (setting to inf)
Warning 1823: Unable to route between blocks at (318,216) and (64,0) to characterize delay (setting to inf)
Warning 1824: Unable to route between blocks at (318,216) and (65,0) to characterize delay (setting to inf)
Warning 1825: Unable to route between blocks at (318,216) and (66,0) to characterize delay (setting to inf)
Warning 1826: Unable to route between blocks at (318,216) and (67,0) to characterize delay (setting to inf)
Warning 1827: Unable to route between blocks at (318,216) and (68,0) to characterize delay (setting to inf)
Warning 1828: Unable to route between blocks at (318,216) and (69,0) to characterize delay (setting to inf)
Warning 1829: Unable to route between blocks at (318,216) and (70,0) to characterize delay (setting to inf)
Warning 1830: Unable to route between blocks at (318,216) and (71,0) to characterize delay (setting to inf)
Warning 1831: Unable to route between blocks at (318,216) and (72,0) to characterize delay (setting to inf)
Warning 1832: Unable to route between blocks at (318,216) and (73,0) to characterize delay (setting to inf)
Warning 1833: Unable to route between blocks at (318,216) and (74,0) to characterize delay (setting to inf)
Warning 1834: Unable to route between blocks at (318,216) and (75,0) to characterize delay (setting to inf)
Warning 1835: Unable to route between blocks at (318,216) and (76,0) to characterize delay (setting to inf)
Warning 1836: Unable to route between blocks at (318,216) and (77,0) to characterize delay (setting to inf)
Warning 1837: Unable to route between blocks at (318,216) and (78,0) to characterize delay (setting to inf)
Warning 1838: Unable to route between blocks at (318,216) and (79,0) to characterize delay (setting to inf)
Warning 1839: Unable to route between blocks at (318,216) and (80,0) to characterize delay (setting to inf)
Warning 1840: Unable to route between blocks at (318,216) and (81,0) to characterize delay (setting to inf)
Warning 1841: Unable to route between blocks at (318,216) and (82,0) to characterize delay (setting to inf)
Warning 1842: Unable to route between blocks at (318,216) and (83,0) to characterize delay (setting to inf)
Warning 1843: Unable to route between blocks at (318,216) and (84,0) to characterize delay (setting to inf)
Warning 1844: Unable to route between blocks at (318,216) and (85,0) to characterize delay (setting to inf)
Warning 1845: Unable to route between blocks at (318,216) and (86,0) to characterize delay (setting to inf)
Warning 1846: Unable to route between blocks at (318,216) and (87,0) to characterize delay (setting to inf)
Warning 1847: Unable to route between blocks at (318,216) and (88,0) to characterize delay (setting to inf)
Warning 1848: Unable to route between blocks at (318,216) and (89,0) to characterize delay (setting to inf)
Warning 1849: Unable to route between blocks at (318,216) and (90,0) to characterize delay (setting to inf)
Warning 1850: Unable to route between blocks at (318,216) and (91,0) to characterize delay (setting to inf)
Warning 1851: Unable to route between blocks at (318,216) and (92,0) to characterize delay (setting to inf)
Warning 1852: Unable to route between blocks at (318,216) and (93,0) to characterize delay (setting to inf)
Warning 1853: Unable to route between blocks at (318,216) and (94,0) to characterize delay (setting to inf)
Warning 1854: Unable to route between blocks at (318,216) and (95,0) to characterize delay (setting to inf)
Warning 1855: Unable to route between blocks at (318,216) and (96,0) to characterize delay (setting to inf)
Warning 1856: Unable to route between blocks at (318,216) and (97,0) to characterize delay (setting to inf)
Warning 1857: Unable to route between blocks at (318,216) and (98,0) to characterize delay (setting to inf)
Warning 1858: Unable to route between blocks at (318,216) and (99,0) to characterize delay (setting to inf)
Warning 1859: Unable to route between blocks at (318,216) and (100,0) to characterize delay (setting to inf)
Warning 1860: Unable to route between blocks at (318,216) and (101,0) to characterize delay (setting to inf)
Warning 1861: Unable to route between blocks at (318,216) and (102,0) to characterize delay (setting to inf)
Warning 1862: Unable to route between blocks at (318,216) and (103,0) to characterize delay (setting to inf)
Warning 1863: Unable to route between blocks at (318,216) and (104,0) to characterize delay (setting to inf)
Warning 1864: Unable to route between blocks at (318,216) and (105,0) to characterize delay (setting to inf)
Warning 1865: Unable to route between blocks at (318,216) and (106,0) to characterize delay (setting to inf)
Warning 1866: Unable to route between blocks at (318,216) and (107,0) to characterize delay (setting to inf)
Warning 1867: Unable to route between blocks at (318,216) and (108,0) to characterize delay (setting to inf)
Warning 1868: Unable to route between blocks at (318,216) and (109,0) to characterize delay (setting to inf)
Warning 1869: Unable to route between blocks at (318,216) and (110,0) to characterize delay (setting to inf)
Warning 1870: Unable to route between blocks at (318,216) and (111,0) to characterize delay (setting to inf)
Warning 1871: Unable to route between blocks at (318,216) and (112,0) to characterize delay (setting to inf)
Warning 1872: Unable to route between blocks at (318,216) and (113,0) to characterize delay (setting to inf)
Warning 1873: Unable to route between blocks at (318,216) and (114,0) to characterize delay (setting to inf)
Warning 1874: Unable to route between blocks at (318,216) and (115,0) to characterize delay (setting to inf)
Warning 1875: Unable to route between blocks at (318,216) and (116,0) to characterize delay (setting to inf)
Warning 1876: Unable to route between blocks at (318,216) and (117,0) to characterize delay (setting to inf)
Warning 1877: Unable to route between blocks at (318,216) and (118,0) to characterize delay (setting to inf)
Warning 1878: Unable to route between blocks at (318,216) and (119,0) to characterize delay (setting to inf)
Warning 1879: Unable to route between blocks at (318,216) and (120,0) to characterize delay (setting to inf)
Warning 1880: Unable to route between blocks at (318,216) and (121,0) to characterize delay (setting to inf)
Warning 1881: Unable to route between blocks at (318,216) and (122,0) to characterize delay (setting to inf)
Warning 1882: Unable to route between blocks at (318,216) and (123,0) to characterize delay (setting to inf)
Warning 1883: Unable to route between blocks at (318,216) and (124,0) to characterize delay (setting to inf)
Warning 1884: Unable to route between blocks at (318,216) and (125,0) to characterize delay (setting to inf)
Warning 1885: Unable to route between blocks at (318,216) and (126,0) to characterize delay (setting to inf)
Warning 1886: Unable to route between blocks at (318,216) and (127,0) to characterize delay (setting to inf)
Warning 1887: Unable to route between blocks at (318,216) and (128,0) to characterize delay (setting to inf)
Warning 1888: Unable to route between blocks at (318,216) and (129,0) to characterize delay (setting to inf)
Warning 1889: Unable to route between blocks at (318,216) and (130,0) to characterize delay (setting to inf)
Warning 1890: Unable to route between blocks at (318,216) and (131,0) to characterize delay (setting to inf)
Warning 1891: Unable to route between blocks at (318,216) and (132,0) to characterize delay (setting to inf)
Warning 1892: Unable to route between blocks at (318,216) and (133,0) to characterize delay (setting to inf)
Warning 1893: Unable to route between blocks at (318,216) and (134,0) to characterize delay (setting to inf)
Warning 1894: Unable to route between blocks at (318,216) and (135,0) to characterize delay (setting to inf)
Warning 1895: Unable to route between blocks at (318,216) and (136,0) to characterize delay (setting to inf)
Warning 1896: Unable to route between blocks at (318,216) and (137,0) to characterize delay (setting to inf)
Warning 1897: Unable to route between blocks at (318,216) and (138,0) to characterize delay (setting to inf)
Warning 1898: Unable to route between blocks at (318,216) and (139,0) to characterize delay (setting to inf)
Warning 1899: Unable to route between blocks at (318,216) and (140,0) to characterize delay (setting to inf)
Warning 1900: Unable to route between blocks at (318,216) and (141,0) to characterize delay (setting to inf)
Warning 1901: Unable to route between blocks at (318,216) and (142,0) to characterize delay (setting to inf)
Warning 1902: Unable to route between blocks at (318,216) and (143,0) to characterize delay (setting to inf)
Warning 1903: Unable to route between blocks at (318,216) and (144,0) to characterize delay (setting to inf)
Warning 1904: Unable to route between blocks at (318,216) and (145,0) to characterize delay (setting to inf)
Warning 1905: Unable to route between blocks at (318,216) and (146,0) to characterize delay (setting to inf)
Warning 1906: Unable to route between blocks at (318,216) and (147,0) to characterize delay (setting to inf)
Warning 1907: Unable to route between blocks at (318,216) and (148,0) to characterize delay (setting to inf)
Warning 1908: Unable to route between blocks at (318,216) and (149,0) to characterize delay (setting to inf)
Warning 1909: Unable to route between blocks at (318,216) and (150,0) to characterize delay (setting to inf)
Warning 1910: Unable to route between blocks at (318,216) and (151,0) to characterize delay (setting to inf)
Warning 1911: Unable to route between blocks at (318,216) and (152,0) to characterize delay (setting to inf)
Warning 1912: Unable to route between blocks at (318,216) and (153,0) to characterize delay (setting to inf)
Warning 1913: Unable to route between blocks at (318,216) and (154,0) to characterize delay (setting to inf)
Warning 1914: Unable to route between blocks at (318,216) and (155,0) to characterize delay (setting to inf)
Warning 1915: Unable to route between blocks at (318,216) and (156,0) to characterize delay (setting to inf)
Warning 1916: Unable to route between blocks at (318,216) and (157,0) to characterize delay (setting to inf)
Warning 1917: Unable to route between blocks at (318,216) and (158,0) to characterize delay (setting to inf)
Warning 1918: Unable to route between blocks at (318,216) and (159,0) to characterize delay (setting to inf)
Warning 1919: Unable to route between blocks at (318,216) and (160,0) to characterize delay (setting to inf)
Warning 1920: Unable to route between blocks at (318,216) and (161,0) to characterize delay (setting to inf)
Warning 1921: Unable to route between blocks at (318,216) and (162,0) to characterize delay (setting to inf)
Warning 1922: Unable to route between blocks at (318,216) and (163,0) to characterize delay (setting to inf)
Warning 1923: Unable to route between blocks at (318,216) and (164,0) to characterize delay (setting to inf)
Warning 1924: Unable to route between blocks at (318,216) and (165,0) to characterize delay (setting to inf)
Warning 1925: Unable to route between blocks at (318,216) and (166,0) to characterize delay (setting to inf)
Warning 1926: Unable to route between blocks at (318,216) and (167,0) to characterize delay (setting to inf)
Warning 1927: Unable to route between blocks at (318,216) and (168,0) to characterize delay (setting to inf)
Warning 1928: Unable to route between blocks at (318,216) and (169,0) to characterize delay (setting to inf)
Warning 1929: Unable to route between blocks at (318,216) and (170,0) to characterize delay (setting to inf)
Warning 1930: Unable to route between blocks at (318,216) and (171,0) to characterize delay (setting to inf)
Warning 1931: Unable to route between blocks at (318,216) and (172,0) to characterize delay (setting to inf)
Warning 1932: Unable to route between blocks at (318,216) and (173,0) to characterize delay (setting to inf)
Warning 1933: Unable to route between blocks at (318,216) and (174,0) to characterize delay (setting to inf)
Warning 1934: Unable to route between blocks at (318,216) and (175,0) to characterize delay (setting to inf)
Warning 1935: Unable to route between blocks at (318,216) and (176,0) to characterize delay (setting to inf)
Warning 1936: Unable to route between blocks at (318,216) and (177,0) to characterize delay (setting to inf)
Warning 1937: Unable to route between blocks at (318,216) and (178,0) to characterize delay (setting to inf)
Warning 1938: Unable to route between blocks at (318,216) and (179,0) to characterize delay (setting to inf)
Warning 1939: Unable to route between blocks at (318,216) and (180,0) to characterize delay (setting to inf)
Warning 1940: Unable to route between blocks at (318,216) and (181,0) to characterize delay (setting to inf)
Warning 1941: Unable to route between blocks at (318,216) and (182,0) to characterize delay (setting to inf)
Warning 1942: Unable to route between blocks at (318,216) and (183,0) to characterize delay (setting to inf)
Warning 1943: Unable to route between blocks at (318,216) and (184,0) to characterize delay (setting to inf)
Warning 1944: Unable to route between blocks at (318,216) and (185,0) to characterize delay (setting to inf)
Warning 1945: Unable to route between blocks at (318,216) and (186,0) to characterize delay (setting to inf)
Warning 1946: Unable to route between blocks at (318,216) and (187,0) to characterize delay (setting to inf)
Warning 1947: Unable to route between blocks at (318,216) and (188,0) to characterize delay (setting to inf)
Warning 1948: Unable to route between blocks at (318,216) and (189,0) to characterize delay (setting to inf)
Warning 1949: Unable to route between blocks at (318,216) and (190,0) to characterize delay (setting to inf)
Warning 1950: Unable to route between blocks at (318,216) and (191,0) to characterize delay (setting to inf)
Warning 1951: Unable to route between blocks at (318,216) and (192,0) to characterize delay (setting to inf)
Warning 1952: Unable to route between blocks at (318,216) and (193,0) to characterize delay (setting to inf)
Warning 1953: Unable to route between blocks at (318,216) and (194,0) to characterize delay (setting to inf)
Warning 1954: Unable to route between blocks at (318,216) and (195,0) to characterize delay (setting to inf)
Warning 1955: Unable to route between blocks at (318,216) and (196,0) to characterize delay (setting to inf)
Warning 1956: Unable to route between blocks at (318,216) and (197,0) to characterize delay (setting to inf)
Warning 1957: Unable to route between blocks at (318,216) and (198,0) to characterize delay (setting to inf)
Warning 1958: Unable to route between blocks at (318,216) and (199,0) to characterize delay (setting to inf)
Warning 1959: Unable to route between blocks at (318,216) and (200,0) to characterize delay (setting to inf)
Warning 1960: Unable to route between blocks at (318,216) and (201,0) to characterize delay (setting to inf)
Warning 1961: Unable to route between blocks at (318,216) and (202,0) to characterize delay (setting to inf)
Warning 1962: Unable to route between blocks at (318,216) and (203,0) to characterize delay (setting to inf)
Warning 1963: Unable to route between blocks at (318,216) and (204,0) to characterize delay (setting to inf)
Warning 1964: Unable to route between blocks at (318,216) and (205,0) to characterize delay (setting to inf)
Warning 1965: Unable to route between blocks at (318,216) and (206,0) to characterize delay (setting to inf)
Warning 1966: Unable to route between blocks at (318,216) and (207,0) to characterize delay (setting to inf)
Warning 1967: Unable to route between blocks at (318,216) and (208,0) to characterize delay (setting to inf)
Warning 1968: Unable to route between blocks at (318,216) and (209,0) to characterize delay (setting to inf)
Warning 1969: Unable to route between blocks at (318,216) and (210,0) to characterize delay (setting to inf)
Warning 1970: Unable to route between blocks at (318,216) and (211,0) to characterize delay (setting to inf)
Warning 1971: Unable to route between blocks at (318,216) and (212,0) to characterize delay (setting to inf)
Warning 1972: Unable to route between blocks at (318,216) and (213,0) to characterize delay (setting to inf)
Warning 1973: Unable to route between blocks at (318,216) and (214,0) to characterize delay (setting to inf)
Warning 1974: Unable to route between blocks at (318,216) and (215,0) to characterize delay (setting to inf)
Warning 1975: Unable to route between blocks at (318,216) and (216,0) to characterize delay (setting to inf)
Warning 1976: Unable to route between blocks at (318,216) and (217,0) to characterize delay (setting to inf)
Warning 1977: Unable to route between blocks at (318,216) and (218,0) to characterize delay (setting to inf)
Warning 1978: Unable to route between blocks at (318,216) and (219,0) to characterize delay (setting to inf)
Warning 1979: Unable to route between blocks at (318,216) and (220,0) to characterize delay (setting to inf)
Warning 1980: Unable to route between blocks at (318,216) and (221,0) to characterize delay (setting to inf)
Warning 1981: Unable to route between blocks at (318,216) and (222,0) to characterize delay (setting to inf)
Warning 1982: Unable to route between blocks at (318,216) and (223,0) to characterize delay (setting to inf)
Warning 1983: Unable to route between blocks at (318,216) and (224,0) to characterize delay (setting to inf)
Warning 1984: Unable to route between blocks at (318,216) and (225,0) to characterize delay (setting to inf)
Warning 1985: Unable to route between blocks at (318,216) and (226,0) to characterize delay (setting to inf)
Warning 1986: Unable to route between blocks at (318,216) and (227,0) to characterize delay (setting to inf)
Warning 1987: Unable to route between blocks at (318,216) and (228,0) to characterize delay (setting to inf)
Warning 1988: Unable to route between blocks at (318,216) and (229,0) to characterize delay (setting to inf)
Warning 1989: Unable to route between blocks at (318,216) and (230,0) to characterize delay (setting to inf)
Warning 1990: Unable to route between blocks at (318,216) and (231,0) to characterize delay (setting to inf)
Warning 1991: Unable to route between blocks at (318,216) and (232,0) to characterize delay (setting to inf)
Warning 1992: Unable to route between blocks at (318,216) and (233,0) to characterize delay (setting to inf)
Warning 1993: Unable to route between blocks at (318,216) and (234,0) to characterize delay (setting to inf)
Warning 1994: Unable to route between blocks at (318,216) and (235,0) to characterize delay (setting to inf)
Warning 1995: Unable to route between blocks at (318,216) and (236,0) to characterize delay (setting to inf)
Warning 1996: Unable to route between blocks at (318,216) and (237,0) to characterize delay (setting to inf)
Warning 1997: Unable to route between blocks at (318,216) and (238,0) to characterize delay (setting to inf)
Warning 1998: Unable to route between blocks at (318,216) and (239,0) to characterize delay (setting to inf)
Warning 1999: Unable to route between blocks at (318,216) and (240,0) to characterize delay (setting to inf)
Warning 2000: Unable to route between blocks at (318,216) and (241,0) to characterize delay (setting to inf)
Warning 2001: Unable to route between blocks at (318,216) and (242,0) to characterize delay (setting to inf)
Warning 2002: Unable to route between blocks at (318,216) and (243,0) to characterize delay (setting to inf)
Warning 2003: Unable to route between blocks at (318,216) and (244,0) to characterize delay (setting to inf)
Warning 2004: Unable to route between blocks at (318,216) and (245,0) to characterize delay (setting to inf)
Warning 2005: Unable to route between blocks at (318,216) and (246,0) to characterize delay (setting to inf)
Warning 2006: Unable to route between blocks at (318,216) and (247,0) to characterize delay (setting to inf)
Warning 2007: Unable to route between blocks at (318,216) and (248,0) to characterize delay (setting to inf)
Warning 2008: Unable to route between blocks at (318,216) and (249,0) to characterize delay (setting to inf)
Warning 2009: Unable to route between blocks at (318,216) and (250,0) to characterize delay (setting to inf)
Warning 2010: Unable to route between blocks at (318,216) and (251,0) to characterize delay (setting to inf)
Warning 2011: Unable to route between blocks at (318,216) and (252,0) to characterize delay (setting to inf)
Warning 2012: Unable to route between blocks at (318,216) and (253,0) to characterize delay (setting to inf)
Warning 2013: Unable to route between blocks at (318,216) and (254,0) to characterize delay (setting to inf)
Warning 2014: Unable to route between blocks at (318,216) and (255,0) to characterize delay (setting to inf)
Warning 2015: Unable to route between blocks at (318,216) and (256,0) to characterize delay (setting to inf)
Warning 2016: Unable to route between blocks at (318,216) and (257,0) to characterize delay (setting to inf)
Warning 2017: Unable to route between blocks at (318,216) and (258,0) to characterize delay (setting to inf)
Warning 2018: Unable to route between blocks at (318,216) and (259,0) to characterize delay (setting to inf)
Warning 2019: Unable to route between blocks at (318,216) and (260,0) to characterize delay (setting to inf)
Warning 2020: Unable to route between blocks at (318,216) and (261,0) to characterize delay (setting to inf)
Warning 2021: Unable to route between blocks at (318,216) and (262,0) to characterize delay (setting to inf)
Warning 2022: Unable to route between blocks at (318,216) and (263,0) to characterize delay (setting to inf)
Warning 2023: Unable to route between blocks at (318,216) and (264,0) to characterize delay (setting to inf)
Warning 2024: Unable to route between blocks at (318,216) and (265,0) to characterize delay (setting to inf)
Warning 2025: Unable to route between blocks at (318,216) and (266,0) to characterize delay (setting to inf)
Warning 2026: Unable to route between blocks at (318,216) and (267,0) to characterize delay (setting to inf)
Warning 2027: Unable to route between blocks at (318,216) and (268,0) to characterize delay (setting to inf)
Warning 2028: Unable to route between blocks at (318,216) and (269,0) to characterize delay (setting to inf)
Warning 2029: Unable to route between blocks at (318,216) and (270,0) to characterize delay (setting to inf)
Warning 2030: Unable to route between blocks at (318,216) and (271,0) to characterize delay (setting to inf)
Warning 2031: Unable to route between blocks at (318,216) and (272,0) to characterize delay (setting to inf)
Warning 2032: Unable to route between blocks at (318,216) and (273,0) to characterize delay (setting to inf)
Warning 2033: Unable to route between blocks at (318,216) and (274,0) to characterize delay (setting to inf)
Warning 2034: Unable to route between blocks at (318,216) and (275,0) to characterize delay (setting to inf)
Warning 2035: Unable to route between blocks at (318,216) and (276,0) to characterize delay (setting to inf)
Warning 2036: Unable to route between blocks at (318,216) and (277,0) to characterize delay (setting to inf)
Warning 2037: Unable to route between blocks at (318,216) and (278,0) to characterize delay (setting to inf)
Warning 2038: Unable to route between blocks at (318,216) and (279,0) to characterize delay (setting to inf)
Warning 2039: Unable to route between blocks at (318,216) and (280,0) to characterize delay (setting to inf)
Warning 2040: Unable to route between blocks at (318,216) and (281,0) to characterize delay (setting to inf)
Warning 2041: Unable to route between blocks at (318,216) and (282,0) to characterize delay (setting to inf)
Warning 2042: Unable to route between blocks at (318,216) and (283,0) to characterize delay (setting to inf)
Warning 2043: Unable to route between blocks at (318,216) and (284,0) to characterize delay (setting to inf)
Warning 2044: Unable to route between blocks at (318,216) and (285,0) to characterize delay (setting to inf)
Warning 2045: Unable to route between blocks at (318,216) and (286,0) to characterize delay (setting to inf)
Warning 2046: Unable to route between blocks at (318,216) and (287,0) to characterize delay (setting to inf)
Warning 2047: Unable to route between blocks at (318,216) and (288,0) to characterize delay (setting to inf)
Warning 2048: Unable to route between blocks at (318,216) and (289,0) to characterize delay (setting to inf)
Warning 2049: Unable to route between blocks at (318,216) and (290,0) to characterize delay (setting to inf)
Warning 2050: Unable to route between blocks at (318,216) and (291,0) to characterize delay (setting to inf)
Warning 2051: Unable to route between blocks at (318,216) and (292,0) to characterize delay (setting to inf)
Warning 2052: Unable to route between blocks at (318,216) and (293,0) to characterize delay (setting to inf)
Warning 2053: Unable to route between blocks at (318,216) and (294,0) to characterize delay (setting to inf)
Warning 2054: Unable to route between blocks at (318,216) and (295,0) to characterize delay (setting to inf)
Warning 2055: Unable to route between blocks at (318,216) and (296,0) to characterize delay (setting to inf)
Warning 2056: Unable to route between blocks at (318,216) and (297,0) to characterize delay (setting to inf)
Warning 2057: Unable to route between blocks at (318,216) and (298,0) to characterize delay (setting to inf)
Warning 2058: Unable to route between blocks at (318,216) and (299,0) to characterize delay (setting to inf)
Warning 2059: Unable to route between blocks at (318,216) and (300,0) to characterize delay (setting to inf)
Warning 2060: Unable to route between blocks at (318,216) and (301,0) to characterize delay (setting to inf)
Warning 2061: Unable to route between blocks at (318,216) and (302,0) to characterize delay (setting to inf)
Warning 2062: Unable to route between blocks at (318,216) and (303,0) to characterize delay (setting to inf)
Warning 2063: Unable to route between blocks at (318,216) and (304,0) to characterize delay (setting to inf)
Warning 2064: Unable to route between blocks at (318,216) and (305,0) to characterize delay (setting to inf)
Warning 2065: Unable to route between blocks at (318,216) and (306,0) to characterize delay (setting to inf)
Warning 2066: Unable to route between blocks at (318,216) and (307,0) to characterize delay (setting to inf)
Warning 2067: Unable to route between blocks at (318,216) and (308,0) to characterize delay (setting to inf)
Warning 2068: Unable to route between blocks at (318,216) and (309,0) to characterize delay (setting to inf)
Warning 2069: Unable to route between blocks at (318,216) and (310,0) to characterize delay (setting to inf)
Warning 2070: Unable to route between blocks at (318,216) and (311,0) to characterize delay (setting to inf)
Warning 2071: Unable to route between blocks at (318,216) and (312,0) to characterize delay (setting to inf)
Warning 2072: Unable to route between blocks at (318,216) and (313,0) to characterize delay (setting to inf)
Warning 2073: Unable to route between blocks at (318,216) and (314,0) to characterize delay (setting to inf)
Warning 2074: Unable to route between blocks at (318,216) and (315,0) to characterize delay (setting to inf)
Warning 2075: Unable to route between blocks at (318,216) and (316,0) to characterize delay (setting to inf)
Warning 2076: Unable to route between blocks at (318,216) and (317,0) to characterize delay (setting to inf)
Warning 2077: Unable to route between blocks at (318,216) and (318,0) to characterize delay (setting to inf)
Warning 2078: Unable to route between blocks at (318,4) and (0,4) to characterize delay (setting to inf)
Warning 2079: Unable to route between blocks at (318,4) and (0,5) to characterize delay (setting to inf)
Warning 2080: Unable to route between blocks at (318,4) and (0,6) to characterize delay (setting to inf)
Warning 2081: Unable to route between blocks at (318,4) and (0,7) to characterize delay (setting to inf)
Warning 2082: Unable to route between blocks at (318,4) and (0,8) to characterize delay (setting to inf)
Warning 2083: Unable to route between blocks at (318,4) and (0,9) to characterize delay (setting to inf)
Warning 2084: Unable to route between blocks at (318,4) and (0,10) to characterize delay (setting to inf)
Warning 2085: Unable to route between blocks at (318,4) and (0,11) to characterize delay (setting to inf)
Warning 2086: Unable to route between blocks at (318,4) and (0,12) to characterize delay (setting to inf)
Warning 2087: Unable to route between blocks at (318,4) and (0,13) to characterize delay (setting to inf)
Warning 2088: Unable to route between blocks at (318,4) and (0,14) to characterize delay (setting to inf)
Warning 2089: Unable to route between blocks at (318,4) and (0,15) to characterize delay (setting to inf)
Warning 2090: Unable to route between blocks at (318,4) and (0,16) to characterize delay (setting to inf)
Warning 2091: Unable to route between blocks at (318,4) and (0,17) to characterize delay (setting to inf)
Warning 2092: Unable to route between blocks at (318,4) and (0,18) to characterize delay (setting to inf)
Warning 2093: Unable to route between blocks at (318,4) and (0,19) to characterize delay (setting to inf)
Warning 2094: Unable to route between blocks at (318,4) and (0,20) to characterize delay (setting to inf)
Warning 2095: Unable to route between blocks at (318,4) and (0,21) to characterize delay (setting to inf)
Warning 2096: Unable to route between blocks at (318,4) and (0,22) to characterize delay (setting to inf)
Warning 2097: Unable to route between blocks at (318,4) and (0,23) to characterize delay (setting to inf)
Warning 2098: Unable to route between blocks at (318,4) and (0,24) to characterize delay (setting to inf)
Warning 2099: Unable to route between blocks at (318,4) and (0,25) to characterize delay (setting to inf)
Warning 2100: Unable to route between blocks at (318,4) and (0,26) to characterize delay (setting to inf)
Warning 2101: Unable to route between blocks at (318,4) and (0,27) to characterize delay (setting to inf)
Warning 2102: Unable to route between blocks at (318,4) and (0,28) to characterize delay (setting to inf)
Warning 2103: Unable to route between blocks at (318,4) and (0,29) to characterize delay (setting to inf)
Warning 2104: Unable to route between blocks at (318,4) and (0,30) to characterize delay (setting to inf)
Warning 2105: Unable to route between blocks at (318,4) and (0,31) to characterize delay (setting to inf)
Warning 2106: Unable to route between blocks at (318,4) and (0,32) to characterize delay (setting to inf)
Warning 2107: Unable to route between blocks at (318,4) and (0,33) to characterize delay (setting to inf)
Warning 2108: Unable to route between blocks at (318,4) and (0,34) to characterize delay (setting to inf)
Warning 2109: Unable to route between blocks at (318,4) and (0,35) to characterize delay (setting to inf)
Warning 2110: Unable to route between blocks at (318,4) and (0,36) to characterize delay (setting to inf)
Warning 2111: Unable to route between blocks at (318,4) and (0,37) to characterize delay (setting to inf)
Warning 2112: Unable to route between blocks at (318,4) and (0,38) to characterize delay (setting to inf)
Warning 2113: Unable to route between blocks at (318,4) and (0,39) to characterize delay (setting to inf)
Warning 2114: Unable to route between blocks at (318,4) and (0,40) to characterize delay (setting to inf)
Warning 2115: Unable to route between blocks at (318,4) and (0,41) to characterize delay (setting to inf)
Warning 2116: Unable to route between blocks at (318,4) and (0,42) to characterize delay (setting to inf)
Warning 2117: Unable to route between blocks at (318,4) and (0,43) to characterize delay (setting to inf)
Warning 2118: Unable to route between blocks at (318,4) and (0,44) to characterize delay (setting to inf)
Warning 2119: Unable to route between blocks at (318,4) and (0,45) to characterize delay (setting to inf)
Warning 2120: Unable to route between blocks at (318,4) and (0,46) to characterize delay (setting to inf)
Warning 2121: Unable to route between blocks at (318,4) and (0,47) to characterize delay (setting to inf)
Warning 2122: Unable to route between blocks at (318,4) and (0,48) to characterize delay (setting to inf)
Warning 2123: Unable to route between blocks at (318,4) and (0,49) to characterize delay (setting to inf)
Warning 2124: Unable to route between blocks at (318,4) and (0,50) to characterize delay (setting to inf)
Warning 2125: Unable to route between blocks at (318,4) and (0,51) to characterize delay (setting to inf)
Warning 2126: Unable to route between blocks at (318,4) and (0,52) to characterize delay (setting to inf)
Warning 2127: Unable to route between blocks at (318,4) and (0,53) to characterize delay (setting to inf)
Warning 2128: Unable to route between blocks at (318,4) and (0,54) to characterize delay (setting to inf)
Warning 2129: Unable to route between blocks at (318,4) and (0,55) to characterize delay (setting to inf)
Warning 2130: Unable to route between blocks at (318,4) and (0,56) to characterize delay (setting to inf)
Warning 2131: Unable to route between blocks at (318,4) and (0,57) to characterize delay (setting to inf)
Warning 2132: Unable to route between blocks at (318,4) and (0,58) to characterize delay (setting to inf)
Warning 2133: Unable to route between blocks at (318,4) and (0,59) to characterize delay (setting to inf)
Warning 2134: Unable to route between blocks at (318,4) and (0,60) to characterize delay (setting to inf)
Warning 2135: Unable to route between blocks at (318,4) and (0,61) to characterize delay (setting to inf)
Warning 2136: Unable to route between blocks at (318,4) and (0,62) to characterize delay (setting to inf)
Warning 2137: Unable to route between blocks at (318,4) and (0,63) to characterize delay (setting to inf)
Warning 2138: Unable to route between blocks at (318,4) and (0,64) to characterize delay (setting to inf)
Warning 2139: Unable to route between blocks at (318,4) and (0,65) to characterize delay (setting to inf)
Warning 2140: Unable to route between blocks at (318,4) and (0,66) to characterize delay (setting to inf)
Warning 2141: Unable to route between blocks at (318,4) and (0,67) to characterize delay (setting to inf)
Warning 2142: Unable to route between blocks at (318,4) and (0,68) to characterize delay (setting to inf)
Warning 2143: Unable to route between blocks at (318,4) and (0,69) to characterize delay (setting to inf)
Warning 2144: Unable to route between blocks at (318,4) and (0,70) to characterize delay (setting to inf)
Warning 2145: Unable to route between blocks at (318,4) and (0,71) to characterize delay (setting to inf)
Warning 2146: Unable to route between blocks at (318,4) and (0,72) to characterize delay (setting to inf)
Warning 2147: Unable to route between blocks at (318,4) and (0,73) to characterize delay (setting to inf)
Warning 2148: Unable to route between blocks at (318,4) and (0,74) to characterize delay (setting to inf)
Warning 2149: Unable to route between blocks at (318,4) and (0,75) to characterize delay (setting to inf)
Warning 2150: Unable to route between blocks at (318,4) and (0,76) to characterize delay (setting to inf)
Warning 2151: Unable to route between blocks at (318,4) and (0,77) to characterize delay (setting to inf)
Warning 2152: Unable to route between blocks at (318,4) and (0,78) to characterize delay (setting to inf)
Warning 2153: Unable to route between blocks at (318,4) and (0,79) to characterize delay (setting to inf)
Warning 2154: Unable to route between blocks at (318,4) and (0,80) to characterize delay (setting to inf)
Warning 2155: Unable to route between blocks at (318,4) and (0,81) to characterize delay (setting to inf)
Warning 2156: Unable to route between blocks at (318,4) and (0,82) to characterize delay (setting to inf)
Warning 2157: Unable to route between blocks at (318,4) and (0,83) to characterize delay (setting to inf)
Warning 2158: Unable to route between blocks at (318,4) and (0,84) to characterize delay (setting to inf)
Warning 2159: Unable to route between blocks at (318,4) and (0,85) to characterize delay (setting to inf)
Warning 2160: Unable to route between blocks at (318,4) and (0,86) to characterize delay (setting to inf)
Warning 2161: Unable to route between blocks at (318,4) and (0,87) to characterize delay (setting to inf)
Warning 2162: Unable to route between blocks at (318,4) and (0,88) to characterize delay (setting to inf)
Warning 2163: Unable to route between blocks at (318,4) and (0,89) to characterize delay (setting to inf)
Warning 2164: Unable to route between blocks at (318,4) and (0,90) to characterize delay (setting to inf)
Warning 2165: Unable to route between blocks at (318,4) and (0,91) to characterize delay (setting to inf)
Warning 2166: Unable to route between blocks at (318,4) and (0,92) to characterize delay (setting to inf)
Warning 2167: Unable to route between blocks at (318,4) and (0,93) to characterize delay (setting to inf)
Warning 2168: Unable to route between blocks at (318,4) and (0,94) to characterize delay (setting to inf)
Warning 2169: Unable to route between blocks at (318,4) and (0,95) to characterize delay (setting to inf)
Warning 2170: Unable to route between blocks at (318,4) and (0,96) to characterize delay (setting to inf)
Warning 2171: Unable to route between blocks at (318,4) and (0,97) to characterize delay (setting to inf)
Warning 2172: Unable to route between blocks at (318,4) and (0,98) to characterize delay (setting to inf)
Warning 2173: Unable to route between blocks at (318,4) and (0,99) to characterize delay (setting to inf)
Warning 2174: Unable to route between blocks at (318,4) and (0,100) to characterize delay (setting to inf)
Warning 2175: Unable to route between blocks at (318,4) and (0,101) to characterize delay (setting to inf)
Warning 2176: Unable to route between blocks at (318,4) and (0,102) to characterize delay (setting to inf)
Warning 2177: Unable to route between blocks at (318,4) and (0,103) to characterize delay (setting to inf)
Warning 2178: Unable to route between blocks at (318,4) and (0,104) to characterize delay (setting to inf)
Warning 2179: Unable to route between blocks at (318,4) and (0,105) to characterize delay (setting to inf)
Warning 2180: Unable to route between blocks at (318,4) and (0,106) to characterize delay (setting to inf)
Warning 2181: Unable to route between blocks at (318,4) and (0,107) to characterize delay (setting to inf)
Warning 2182: Unable to route between blocks at (318,4) and (0,108) to characterize delay (setting to inf)
Warning 2183: Unable to route between blocks at (318,4) and (0,109) to characterize delay (setting to inf)
Warning 2184: Unable to route between blocks at (318,4) and (0,110) to characterize delay (setting to inf)
Warning 2185: Unable to route between blocks at (318,4) and (0,111) to characterize delay (setting to inf)
Warning 2186: Unable to route between blocks at (318,4) and (0,112) to characterize delay (setting to inf)
Warning 2187: Unable to route between blocks at (318,4) and (0,113) to characterize delay (setting to inf)
Warning 2188: Unable to route between blocks at (318,4) and (0,114) to characterize delay (setting to inf)
Warning 2189: Unable to route between blocks at (318,4) and (0,115) to characterize delay (setting to inf)
Warning 2190: Unable to route between blocks at (318,4) and (0,116) to characterize delay (setting to inf)
Warning 2191: Unable to route between blocks at (318,4) and (0,117) to characterize delay (setting to inf)
Warning 2192: Unable to route between blocks at (318,4) and (0,118) to characterize delay (setting to inf)
Warning 2193: Unable to route between blocks at (318,4) and (0,119) to characterize delay (setting to inf)
Warning 2194: Unable to route between blocks at (318,4) and (0,120) to characterize delay (setting to inf)
Warning 2195: Unable to route between blocks at (318,4) and (0,121) to characterize delay (setting to inf)
Warning 2196: Unable to route between blocks at (318,4) and (0,122) to characterize delay (setting to inf)
Warning 2197: Unable to route between blocks at (318,4) and (0,123) to characterize delay (setting to inf)
Warning 2198: Unable to route between blocks at (318,4) and (0,124) to characterize delay (setting to inf)
Warning 2199: Unable to route between blocks at (318,4) and (0,125) to characterize delay (setting to inf)
Warning 2200: Unable to route between blocks at (318,4) and (0,126) to characterize delay (setting to inf)
Warning 2201: Unable to route between blocks at (318,4) and (0,127) to characterize delay (setting to inf)
Warning 2202: Unable to route between blocks at (318,4) and (0,128) to characterize delay (setting to inf)
Warning 2203: Unable to route between blocks at (318,4) and (0,129) to characterize delay (setting to inf)
Warning 2204: Unable to route between blocks at (318,4) and (0,130) to characterize delay (setting to inf)
Warning 2205: Unable to route between blocks at (318,4) and (0,131) to characterize delay (setting to inf)
Warning 2206: Unable to route between blocks at (318,4) and (0,132) to characterize delay (setting to inf)
Warning 2207: Unable to route between blocks at (318,4) and (0,133) to characterize delay (setting to inf)
Warning 2208: Unable to route between blocks at (318,4) and (0,134) to characterize delay (setting to inf)
Warning 2209: Unable to route between blocks at (318,4) and (0,135) to characterize delay (setting to inf)
Warning 2210: Unable to route between blocks at (318,4) and (0,136) to characterize delay (setting to inf)
Warning 2211: Unable to route between blocks at (318,4) and (0,137) to characterize delay (setting to inf)
Warning 2212: Unable to route between blocks at (318,4) and (0,138) to characterize delay (setting to inf)
Warning 2213: Unable to route between blocks at (318,4) and (0,139) to characterize delay (setting to inf)
Warning 2214: Unable to route between blocks at (318,4) and (0,140) to characterize delay (setting to inf)
Warning 2215: Unable to route between blocks at (318,4) and (0,141) to characterize delay (setting to inf)
Warning 2216: Unable to route between blocks at (318,4) and (0,142) to characterize delay (setting to inf)
Warning 2217: Unable to route between blocks at (318,4) and (0,143) to characterize delay (setting to inf)
Warning 2218: Unable to route between blocks at (318,4) and (0,144) to characterize delay (setting to inf)
Warning 2219: Unable to route between blocks at (318,4) and (0,145) to characterize delay (setting to inf)
Warning 2220: Unable to route between blocks at (318,4) and (0,146) to characterize delay (setting to inf)
Warning 2221: Unable to route between blocks at (318,4) and (0,147) to characterize delay (setting to inf)
Warning 2222: Unable to route between blocks at (318,4) and (0,148) to characterize delay (setting to inf)
Warning 2223: Unable to route between blocks at (318,4) and (0,149) to characterize delay (setting to inf)
Warning 2224: Unable to route between blocks at (318,4) and (0,150) to characterize delay (setting to inf)
Warning 2225: Unable to route between blocks at (318,4) and (0,151) to characterize delay (setting to inf)
Warning 2226: Unable to route between blocks at (318,4) and (0,152) to characterize delay (setting to inf)
Warning 2227: Unable to route between blocks at (318,4) and (0,153) to characterize delay (setting to inf)
Warning 2228: Unable to route between blocks at (318,4) and (0,154) to characterize delay (setting to inf)
Warning 2229: Unable to route between blocks at (318,4) and (0,155) to characterize delay (setting to inf)
Warning 2230: Unable to route between blocks at (318,4) and (0,156) to characterize delay (setting to inf)
Warning 2231: Unable to route between blocks at (318,4) and (0,157) to characterize delay (setting to inf)
Warning 2232: Unable to route between blocks at (318,4) and (0,158) to characterize delay (setting to inf)
Warning 2233: Unable to route between blocks at (318,4) and (0,159) to characterize delay (setting to inf)
Warning 2234: Unable to route between blocks at (318,4) and (0,160) to characterize delay (setting to inf)
Warning 2235: Unable to route between blocks at (318,4) and (0,161) to characterize delay (setting to inf)
Warning 2236: Unable to route between blocks at (318,4) and (0,162) to characterize delay (setting to inf)
Warning 2237: Unable to route between blocks at (318,4) and (0,163) to characterize delay (setting to inf)
Warning 2238: Unable to route between blocks at (318,4) and (0,164) to characterize delay (setting to inf)
Warning 2239: Unable to route between blocks at (318,4) and (0,165) to characterize delay (setting to inf)
Warning 2240: Unable to route between blocks at (318,4) and (0,166) to characterize delay (setting to inf)
Warning 2241: Unable to route between blocks at (318,4) and (0,167) to characterize delay (setting to inf)
Warning 2242: Unable to route between blocks at (318,4) and (0,168) to characterize delay (setting to inf)
Warning 2243: Unable to route between blocks at (318,4) and (0,169) to characterize delay (setting to inf)
Warning 2244: Unable to route between blocks at (318,4) and (0,170) to characterize delay (setting to inf)
Warning 2245: Unable to route between blocks at (318,4) and (0,171) to characterize delay (setting to inf)
Warning 2246: Unable to route between blocks at (318,4) and (0,172) to characterize delay (setting to inf)
Warning 2247: Unable to route between blocks at (318,4) and (0,173) to characterize delay (setting to inf)
Warning 2248: Unable to route between blocks at (318,4) and (0,174) to characterize delay (setting to inf)
Warning 2249: Unable to route between blocks at (318,4) and (0,175) to characterize delay (setting to inf)
Warning 2250: Unable to route between blocks at (318,4) and (0,176) to characterize delay (setting to inf)
Warning 2251: Unable to route between blocks at (318,4) and (0,177) to characterize delay (setting to inf)
Warning 2252: Unable to route between blocks at (318,4) and (0,178) to characterize delay (setting to inf)
Warning 2253: Unable to route between blocks at (318,4) and (0,179) to characterize delay (setting to inf)
Warning 2254: Unable to route between blocks at (318,4) and (0,180) to characterize delay (setting to inf)
Warning 2255: Unable to route between blocks at (318,4) and (0,181) to characterize delay (setting to inf)
Warning 2256: Unable to route between blocks at (318,4) and (0,182) to characterize delay (setting to inf)
Warning 2257: Unable to route between blocks at (318,4) and (0,183) to characterize delay (setting to inf)
Warning 2258: Unable to route between blocks at (318,4) and (0,184) to characterize delay (setting to inf)
Warning 2259: Unable to route between blocks at (318,4) and (0,185) to characterize delay (setting to inf)
Warning 2260: Unable to route between blocks at (318,4) and (0,186) to characterize delay (setting to inf)
Warning 2261: Unable to route between blocks at (318,4) and (0,187) to characterize delay (setting to inf)
Warning 2262: Unable to route between blocks at (318,4) and (0,188) to characterize delay (setting to inf)
Warning 2263: Unable to route between blocks at (318,4) and (0,189) to characterize delay (setting to inf)
Warning 2264: Unable to route between blocks at (318,4) and (0,190) to characterize delay (setting to inf)
Warning 2265: Unable to route between blocks at (318,4) and (0,191) to characterize delay (setting to inf)
Warning 2266: Unable to route between blocks at (318,4) and (0,192) to characterize delay (setting to inf)
Warning 2267: Unable to route between blocks at (318,4) and (0,193) to characterize delay (setting to inf)
Warning 2268: Unable to route between blocks at (318,4) and (0,194) to characterize delay (setting to inf)
Warning 2269: Unable to route between blocks at (318,4) and (0,195) to characterize delay (setting to inf)
Warning 2270: Unable to route between blocks at (318,4) and (0,196) to characterize delay (setting to inf)
Warning 2271: Unable to route between blocks at (318,4) and (0,197) to characterize delay (setting to inf)
Warning 2272: Unable to route between blocks at (318,4) and (0,198) to characterize delay (setting to inf)
Warning 2273: Unable to route between blocks at (318,4) and (0,199) to characterize delay (setting to inf)
Warning 2274: Unable to route between blocks at (318,4) and (0,200) to characterize delay (setting to inf)
Warning 2275: Unable to route between blocks at (318,4) and (0,201) to characterize delay (setting to inf)
Warning 2276: Unable to route between blocks at (318,4) and (0,202) to characterize delay (setting to inf)
Warning 2277: Unable to route between blocks at (318,4) and (0,203) to characterize delay (setting to inf)
Warning 2278: Unable to route between blocks at (318,4) and (0,204) to characterize delay (setting to inf)
Warning 2279: Unable to route between blocks at (318,4) and (0,205) to characterize delay (setting to inf)
Warning 2280: Unable to route between blocks at (318,4) and (0,206) to characterize delay (setting to inf)
Warning 2281: Unable to route between blocks at (318,4) and (0,207) to characterize delay (setting to inf)
Warning 2282: Unable to route between blocks at (318,4) and (0,208) to characterize delay (setting to inf)
Warning 2283: Unable to route between blocks at (318,4) and (0,209) to characterize delay (setting to inf)
Warning 2284: Unable to route between blocks at (318,4) and (0,210) to characterize delay (setting to inf)
Warning 2285: Unable to route between blocks at (318,4) and (0,211) to characterize delay (setting to inf)
Warning 2286: Unable to route between blocks at (318,4) and (0,212) to characterize delay (setting to inf)
Warning 2287: Unable to route between blocks at (318,4) and (0,213) to characterize delay (setting to inf)
Warning 2288: Unable to route between blocks at (318,4) and (0,214) to characterize delay (setting to inf)
Warning 2289: Unable to route between blocks at (318,4) and (0,215) to characterize delay (setting to inf)
Warning 2290: Unable to route between blocks at (318,4) and (0,216) to characterize delay (setting to inf)
Warning 2291: Unable to route between blocks at (318,4) and (0,217) to characterize delay (setting to inf)
Warning 2292: Unable to route between blocks at (318,4) and (0,218) to characterize delay (setting to inf)
Warning 2293: Unable to route between blocks at (318,4) and (0,219) to characterize delay (setting to inf)
Warning 2294: Unable to route between blocks at (318,4) and (1,219) to characterize delay (setting to inf)
Warning 2295: Unable to route between blocks at (318,4) and (2,219) to characterize delay (setting to inf)
Warning 2296: Unable to route between blocks at (318,4) and (3,219) to characterize delay (setting to inf)
Warning 2297: Unable to route between blocks at (318,4) and (4,219) to characterize delay (setting to inf)
Warning 2298: Unable to route between blocks at (318,4) and (5,219) to characterize delay (setting to inf)
Warning 2299: Unable to route between blocks at (318,4) and (6,219) to characterize delay (setting to inf)
Warning 2300: Unable to route between blocks at (318,4) and (7,219) to characterize delay (setting to inf)
Warning 2301: Unable to route between blocks at (318,4) and (8,219) to characterize delay (setting to inf)
Warning 2302: Unable to route between blocks at (318,4) and (9,219) to characterize delay (setting to inf)
Warning 2303: Unable to route between blocks at (318,4) and (10,219) to characterize delay (setting to inf)
Warning 2304: Unable to route between blocks at (318,4) and (11,219) to characterize delay (setting to inf)
Warning 2305: Unable to route between blocks at (318,4) and (12,219) to characterize delay (setting to inf)
Warning 2306: Unable to route between blocks at (318,4) and (13,219) to characterize delay (setting to inf)
Warning 2307: Unable to route between blocks at (318,4) and (14,219) to characterize delay (setting to inf)
Warning 2308: Unable to route between blocks at (318,4) and (15,219) to characterize delay (setting to inf)
Warning 2309: Unable to route between blocks at (318,4) and (16,219) to characterize delay (setting to inf)
Warning 2310: Unable to route between blocks at (318,4) and (17,219) to characterize delay (setting to inf)
Warning 2311: Unable to route between blocks at (318,4) and (18,219) to characterize delay (setting to inf)
Warning 2312: Unable to route between blocks at (318,4) and (19,219) to characterize delay (setting to inf)
Warning 2313: Unable to route between blocks at (318,4) and (20,219) to characterize delay (setting to inf)
Warning 2314: Unable to route between blocks at (318,4) and (21,219) to characterize delay (setting to inf)
Warning 2315: Unable to route between blocks at (318,4) and (22,219) to characterize delay (setting to inf)
Warning 2316: Unable to route between blocks at (318,4) and (23,219) to characterize delay (setting to inf)
Warning 2317: Unable to route between blocks at (318,4) and (24,219) to characterize delay (setting to inf)
Warning 2318: Unable to route between blocks at (318,4) and (25,219) to characterize delay (setting to inf)
Warning 2319: Unable to route between blocks at (318,4) and (26,219) to characterize delay (setting to inf)
Warning 2320: Unable to route between blocks at (318,4) and (27,219) to characterize delay (setting to inf)
Warning 2321: Unable to route between blocks at (318,4) and (28,219) to characterize delay (setting to inf)
Warning 2322: Unable to route between blocks at (318,4) and (29,219) to characterize delay (setting to inf)
Warning 2323: Unable to route between blocks at (318,4) and (30,219) to characterize delay (setting to inf)
Warning 2324: Unable to route between blocks at (318,4) and (31,219) to characterize delay (setting to inf)
Warning 2325: Unable to route between blocks at (318,4) and (32,219) to characterize delay (setting to inf)
Warning 2326: Unable to route between blocks at (318,4) and (33,219) to characterize delay (setting to inf)
Warning 2327: Unable to route between blocks at (318,4) and (34,219) to characterize delay (setting to inf)
Warning 2328: Unable to route between blocks at (318,4) and (35,219) to characterize delay (setting to inf)
Warning 2329: Unable to route between blocks at (318,4) and (36,219) to characterize delay (setting to inf)
Warning 2330: Unable to route between blocks at (318,4) and (37,219) to characterize delay (setting to inf)
Warning 2331: Unable to route between blocks at (318,4) and (38,219) to characterize delay (setting to inf)
Warning 2332: Unable to route between blocks at (318,4) and (39,219) to characterize delay (setting to inf)
Warning 2333: Unable to route between blocks at (318,4) and (40,219) to characterize delay (setting to inf)
Warning 2334: Unable to route between blocks at (318,4) and (41,219) to characterize delay (setting to inf)
Warning 2335: Unable to route between blocks at (318,4) and (42,219) to characterize delay (setting to inf)
Warning 2336: Unable to route between blocks at (318,4) and (43,219) to characterize delay (setting to inf)
Warning 2337: Unable to route between blocks at (318,4) and (44,219) to characterize delay (setting to inf)
Warning 2338: Unable to route between blocks at (318,4) and (45,219) to characterize delay (setting to inf)
Warning 2339: Unable to route between blocks at (318,4) and (46,219) to characterize delay (setting to inf)
Warning 2340: Unable to route between blocks at (318,4) and (47,219) to characterize delay (setting to inf)
Warning 2341: Unable to route between blocks at (318,4) and (48,219) to characterize delay (setting to inf)
Warning 2342: Unable to route between blocks at (318,4) and (49,219) to characterize delay (setting to inf)
Warning 2343: Unable to route between blocks at (318,4) and (50,219) to characterize delay (setting to inf)
Warning 2344: Unable to route between blocks at (318,4) and (51,219) to characterize delay (setting to inf)
Warning 2345: Unable to route between blocks at (318,4) and (52,219) to characterize delay (setting to inf)
Warning 2346: Unable to route between blocks at (318,4) and (53,219) to characterize delay (setting to inf)
Warning 2347: Unable to route between blocks at (318,4) and (54,219) to characterize delay (setting to inf)
Warning 2348: Unable to route between blocks at (318,4) and (55,219) to characterize delay (setting to inf)
Warning 2349: Unable to route between blocks at (318,4) and (56,219) to characterize delay (setting to inf)
Warning 2350: Unable to route between blocks at (318,4) and (57,219) to characterize delay (setting to inf)
Warning 2351: Unable to route between blocks at (318,4) and (58,219) to characterize delay (setting to inf)
Warning 2352: Unable to route between blocks at (318,4) and (59,219) to characterize delay (setting to inf)
Warning 2353: Unable to route between blocks at (318,4) and (60,219) to characterize delay (setting to inf)
Warning 2354: Unable to route between blocks at (318,4) and (61,219) to characterize delay (setting to inf)
Warning 2355: Unable to route between blocks at (318,4) and (62,219) to characterize delay (setting to inf)
Warning 2356: Unable to route between blocks at (318,4) and (63,219) to characterize delay (setting to inf)
Warning 2357: Unable to route between blocks at (318,4) and (64,219) to characterize delay (setting to inf)
Warning 2358: Unable to route between blocks at (318,4) and (65,219) to characterize delay (setting to inf)
Warning 2359: Unable to route between blocks at (318,4) and (66,219) to characterize delay (setting to inf)
Warning 2360: Unable to route between blocks at (318,4) and (67,219) to characterize delay (setting to inf)
Warning 2361: Unable to route between blocks at (318,4) and (68,219) to characterize delay (setting to inf)
Warning 2362: Unable to route between blocks at (318,4) and (69,219) to characterize delay (setting to inf)
Warning 2363: Unable to route between blocks at (318,4) and (70,219) to characterize delay (setting to inf)
Warning 2364: Unable to route between blocks at (318,4) and (71,219) to characterize delay (setting to inf)
Warning 2365: Unable to route between blocks at (318,4) and (72,219) to characterize delay (setting to inf)
Warning 2366: Unable to route between blocks at (318,4) and (73,219) to characterize delay (setting to inf)
Warning 2367: Unable to route between blocks at (318,4) and (74,219) to characterize delay (setting to inf)
Warning 2368: Unable to route between blocks at (318,4) and (75,219) to characterize delay (setting to inf)
Warning 2369: Unable to route between blocks at (318,4) and (76,219) to characterize delay (setting to inf)
Warning 2370: Unable to route between blocks at (318,4) and (77,219) to characterize delay (setting to inf)
Warning 2371: Unable to route between blocks at (318,4) and (78,219) to characterize delay (setting to inf)
Warning 2372: Unable to route between blocks at (318,4) and (79,219) to characterize delay (setting to inf)
Warning 2373: Unable to route between blocks at (318,4) and (80,219) to characterize delay (setting to inf)
Warning 2374: Unable to route between blocks at (318,4) and (81,219) to characterize delay (setting to inf)
Warning 2375: Unable to route between blocks at (318,4) and (82,219) to characterize delay (setting to inf)
Warning 2376: Unable to route between blocks at (318,4) and (83,219) to characterize delay (setting to inf)
Warning 2377: Unable to route between blocks at (318,4) and (84,219) to characterize delay (setting to inf)
Warning 2378: Unable to route between blocks at (318,4) and (85,219) to characterize delay (setting to inf)
Warning 2379: Unable to route between blocks at (318,4) and (86,219) to characterize delay (setting to inf)
Warning 2380: Unable to route between blocks at (318,4) and (87,219) to characterize delay (setting to inf)
Warning 2381: Unable to route between blocks at (318,4) and (88,219) to characterize delay (setting to inf)
Warning 2382: Unable to route between blocks at (318,4) and (89,219) to characterize delay (setting to inf)
Warning 2383: Unable to route between blocks at (318,4) and (90,219) to characterize delay (setting to inf)
Warning 2384: Unable to route between blocks at (318,4) and (91,219) to characterize delay (setting to inf)
Warning 2385: Unable to route between blocks at (318,4) and (92,219) to characterize delay (setting to inf)
Warning 2386: Unable to route between blocks at (318,4) and (93,219) to characterize delay (setting to inf)
Warning 2387: Unable to route between blocks at (318,4) and (94,219) to characterize delay (setting to inf)
Warning 2388: Unable to route between blocks at (318,4) and (95,219) to characterize delay (setting to inf)
Warning 2389: Unable to route between blocks at (318,4) and (96,219) to characterize delay (setting to inf)
Warning 2390: Unable to route between blocks at (318,4) and (97,219) to characterize delay (setting to inf)
Warning 2391: Unable to route between blocks at (318,4) and (98,219) to characterize delay (setting to inf)
Warning 2392: Unable to route between blocks at (318,4) and (99,219) to characterize delay (setting to inf)
Warning 2393: Unable to route between blocks at (318,4) and (100,219) to characterize delay (setting to inf)
Warning 2394: Unable to route between blocks at (318,4) and (101,219) to characterize delay (setting to inf)
Warning 2395: Unable to route between blocks at (318,4) and (102,219) to characterize delay (setting to inf)
Warning 2396: Unable to route between blocks at (318,4) and (103,219) to characterize delay (setting to inf)
Warning 2397: Unable to route between blocks at (318,4) and (104,219) to characterize delay (setting to inf)
Warning 2398: Unable to route between blocks at (318,4) and (105,219) to characterize delay (setting to inf)
Warning 2399: Unable to route between blocks at (318,4) and (106,219) to characterize delay (setting to inf)
Warning 2400: Unable to route between blocks at (318,4) and (107,219) to characterize delay (setting to inf)
Warning 2401: Unable to route between blocks at (318,4) and (108,219) to characterize delay (setting to inf)
Warning 2402: Unable to route between blocks at (318,4) and (109,219) to characterize delay (setting to inf)
Warning 2403: Unable to route between blocks at (318,4) and (110,219) to characterize delay (setting to inf)
Warning 2404: Unable to route between blocks at (318,4) and (111,219) to characterize delay (setting to inf)
Warning 2405: Unable to route between blocks at (318,4) and (112,219) to characterize delay (setting to inf)
Warning 2406: Unable to route between blocks at (318,4) and (113,219) to characterize delay (setting to inf)
Warning 2407: Unable to route between blocks at (318,4) and (114,219) to characterize delay (setting to inf)
Warning 2408: Unable to route between blocks at (318,4) and (115,219) to characterize delay (setting to inf)
Warning 2409: Unable to route between blocks at (318,4) and (116,219) to characterize delay (setting to inf)
Warning 2410: Unable to route between blocks at (318,4) and (117,219) to characterize delay (setting to inf)
Warning 2411: Unable to route between blocks at (318,4) and (118,219) to characterize delay (setting to inf)
Warning 2412: Unable to route between blocks at (318,4) and (119,219) to characterize delay (setting to inf)
Warning 2413: Unable to route between blocks at (318,4) and (120,219) to characterize delay (setting to inf)
Warning 2414: Unable to route between blocks at (318,4) and (121,219) to characterize delay (setting to inf)
Warning 2415: Unable to route between blocks at (318,4) and (122,219) to characterize delay (setting to inf)
Warning 2416: Unable to route between blocks at (318,4) and (123,219) to characterize delay (setting to inf)
Warning 2417: Unable to route between blocks at (318,4) and (124,219) to characterize delay (setting to inf)
Warning 2418: Unable to route between blocks at (318,4) and (125,219) to characterize delay (setting to inf)
Warning 2419: Unable to route between blocks at (318,4) and (126,219) to characterize delay (setting to inf)
Warning 2420: Unable to route between blocks at (318,4) and (127,219) to characterize delay (setting to inf)
Warning 2421: Unable to route between blocks at (318,4) and (128,219) to characterize delay (setting to inf)
Warning 2422: Unable to route between blocks at (318,4) and (129,219) to characterize delay (setting to inf)
Warning 2423: Unable to route between blocks at (318,4) and (130,219) to characterize delay (setting to inf)
Warning 2424: Unable to route between blocks at (318,4) and (131,219) to characterize delay (setting to inf)
Warning 2425: Unable to route between blocks at (318,4) and (132,219) to characterize delay (setting to inf)
Warning 2426: Unable to route between blocks at (318,4) and (133,219) to characterize delay (setting to inf)
Warning 2427: Unable to route between blocks at (318,4) and (134,219) to characterize delay (setting to inf)
Warning 2428: Unable to route between blocks at (318,4) and (135,219) to characterize delay (setting to inf)
Warning 2429: Unable to route between blocks at (318,4) and (136,219) to characterize delay (setting to inf)
Warning 2430: Unable to route between blocks at (318,4) and (137,219) to characterize delay (setting to inf)
Warning 2431: Unable to route between blocks at (318,4) and (138,219) to characterize delay (setting to inf)
Warning 2432: Unable to route between blocks at (318,4) and (139,219) to characterize delay (setting to inf)
Warning 2433: Unable to route between blocks at (318,4) and (140,219) to characterize delay (setting to inf)
Warning 2434: Unable to route between blocks at (318,4) and (141,219) to characterize delay (setting to inf)
Warning 2435: Unable to route between blocks at (318,4) and (142,219) to characterize delay (setting to inf)
Warning 2436: Unable to route between blocks at (318,4) and (143,219) to characterize delay (setting to inf)
Warning 2437: Unable to route between blocks at (318,4) and (144,219) to characterize delay (setting to inf)
Warning 2438: Unable to route between blocks at (318,4) and (145,219) to characterize delay (setting to inf)
Warning 2439: Unable to route between blocks at (318,4) and (146,219) to characterize delay (setting to inf)
Warning 2440: Unable to route between blocks at (318,4) and (147,219) to characterize delay (setting to inf)
Warning 2441: Unable to route between blocks at (318,4) and (148,219) to characterize delay (setting to inf)
Warning 2442: Unable to route between blocks at (318,4) and (149,219) to characterize delay (setting to inf)
Warning 2443: Unable to route between blocks at (318,4) and (150,219) to characterize delay (setting to inf)
Warning 2444: Unable to route between blocks at (318,4) and (151,219) to characterize delay (setting to inf)
Warning 2445: Unable to route between blocks at (318,4) and (152,219) to characterize delay (setting to inf)
Warning 2446: Unable to route between blocks at (318,4) and (153,219) to characterize delay (setting to inf)
Warning 2447: Unable to route between blocks at (318,4) and (154,219) to characterize delay (setting to inf)
Warning 2448: Unable to route between blocks at (318,4) and (155,219) to characterize delay (setting to inf)
Warning 2449: Unable to route between blocks at (318,4) and (156,219) to characterize delay (setting to inf)
Warning 2450: Unable to route between blocks at (318,4) and (157,219) to characterize delay (setting to inf)
Warning 2451: Unable to route between blocks at (318,4) and (158,219) to characterize delay (setting to inf)
Warning 2452: Unable to route between blocks at (318,4) and (159,219) to characterize delay (setting to inf)
Warning 2453: Unable to route between blocks at (318,4) and (160,219) to characterize delay (setting to inf)
Warning 2454: Unable to route between blocks at (318,4) and (161,219) to characterize delay (setting to inf)
Warning 2455: Unable to route between blocks at (318,4) and (162,219) to characterize delay (setting to inf)
Warning 2456: Unable to route between blocks at (318,4) and (163,219) to characterize delay (setting to inf)
Warning 2457: Unable to route between blocks at (318,4) and (164,219) to characterize delay (setting to inf)
Warning 2458: Unable to route between blocks at (318,4) and (165,219) to characterize delay (setting to inf)
Warning 2459: Unable to route between blocks at (318,4) and (166,219) to characterize delay (setting to inf)
Warning 2460: Unable to route between blocks at (318,4) and (167,219) to characterize delay (setting to inf)
Warning 2461: Unable to route between blocks at (318,4) and (168,219) to characterize delay (setting to inf)
Warning 2462: Unable to route between blocks at (318,4) and (169,219) to characterize delay (setting to inf)
Warning 2463: Unable to route between blocks at (318,4) and (170,219) to characterize delay (setting to inf)
Warning 2464: Unable to route between blocks at (318,4) and (171,219) to characterize delay (setting to inf)
Warning 2465: Unable to route between blocks at (318,4) and (172,219) to characterize delay (setting to inf)
Warning 2466: Unable to route between blocks at (318,4) and (173,219) to characterize delay (setting to inf)
Warning 2467: Unable to route between blocks at (318,4) and (174,219) to characterize delay (setting to inf)
Warning 2468: Unable to route between blocks at (318,4) and (175,219) to characterize delay (setting to inf)
Warning 2469: Unable to route between blocks at (318,4) and (176,219) to characterize delay (setting to inf)
Warning 2470: Unable to route between blocks at (318,4) and (177,219) to characterize delay (setting to inf)
Warning 2471: Unable to route between blocks at (318,4) and (178,219) to characterize delay (setting to inf)
Warning 2472: Unable to route between blocks at (318,4) and (179,219) to characterize delay (setting to inf)
Warning 2473: Unable to route between blocks at (318,4) and (180,219) to characterize delay (setting to inf)
Warning 2474: Unable to route between blocks at (318,4) and (181,219) to characterize delay (setting to inf)
Warning 2475: Unable to route between blocks at (318,4) and (182,219) to characterize delay (setting to inf)
Warning 2476: Unable to route between blocks at (318,4) and (183,219) to characterize delay (setting to inf)
Warning 2477: Unable to route between blocks at (318,4) and (184,219) to characterize delay (setting to inf)
Warning 2478: Unable to route between blocks at (318,4) and (185,219) to characterize delay (setting to inf)
Warning 2479: Unable to route between blocks at (318,4) and (186,219) to characterize delay (setting to inf)
Warning 2480: Unable to route between blocks at (318,4) and (187,219) to characterize delay (setting to inf)
Warning 2481: Unable to route between blocks at (318,4) and (188,219) to characterize delay (setting to inf)
Warning 2482: Unable to route between blocks at (318,4) and (189,219) to characterize delay (setting to inf)
Warning 2483: Unable to route between blocks at (318,4) and (190,219) to characterize delay (setting to inf)
Warning 2484: Unable to route between blocks at (318,4) and (191,219) to characterize delay (setting to inf)
Warning 2485: Unable to route between blocks at (318,4) and (192,219) to characterize delay (setting to inf)
Warning 2486: Unable to route between blocks at (318,4) and (193,219) to characterize delay (setting to inf)
Warning 2487: Unable to route between blocks at (318,4) and (194,219) to characterize delay (setting to inf)
Warning 2488: Unable to route between blocks at (318,4) and (195,219) to characterize delay (setting to inf)
Warning 2489: Unable to route between blocks at (318,4) and (196,219) to characterize delay (setting to inf)
Warning 2490: Unable to route between blocks at (318,4) and (197,219) to characterize delay (setting to inf)
Warning 2491: Unable to route between blocks at (318,4) and (198,219) to characterize delay (setting to inf)
Warning 2492: Unable to route between blocks at (318,4) and (199,219) to characterize delay (setting to inf)
Warning 2493: Unable to route between blocks at (318,4) and (200,219) to characterize delay (setting to inf)
Warning 2494: Unable to route between blocks at (318,4) and (201,219) to characterize delay (setting to inf)
Warning 2495: Unable to route between blocks at (318,4) and (202,219) to characterize delay (setting to inf)
Warning 2496: Unable to route between blocks at (318,4) and (203,219) to characterize delay (setting to inf)
Warning 2497: Unable to route between blocks at (318,4) and (204,219) to characterize delay (setting to inf)
Warning 2498: Unable to route between blocks at (318,4) and (205,219) to characterize delay (setting to inf)
Warning 2499: Unable to route between blocks at (318,4) and (206,219) to characterize delay (setting to inf)
Warning 2500: Unable to route between blocks at (318,4) and (207,219) to characterize delay (setting to inf)
Warning 2501: Unable to route between blocks at (318,4) and (208,219) to characterize delay (setting to inf)
Warning 2502: Unable to route between blocks at (318,4) and (209,219) to characterize delay (setting to inf)
Warning 2503: Unable to route between blocks at (318,4) and (210,219) to characterize delay (setting to inf)
Warning 2504: Unable to route between blocks at (318,4) and (211,219) to characterize delay (setting to inf)
Warning 2505: Unable to route between blocks at (318,4) and (212,219) to characterize delay (setting to inf)
Warning 2506: Unable to route between blocks at (318,4) and (213,219) to characterize delay (setting to inf)
Warning 2507: Unable to route between blocks at (318,4) and (214,219) to characterize delay (setting to inf)
Warning 2508: Unable to route between blocks at (318,4) and (215,219) to characterize delay (setting to inf)
Warning 2509: Unable to route between blocks at (318,4) and (216,219) to characterize delay (setting to inf)
Warning 2510: Unable to route between blocks at (318,4) and (217,219) to characterize delay (setting to inf)
Warning 2511: Unable to route between blocks at (318,4) and (218,219) to characterize delay (setting to inf)
Warning 2512: Unable to route between blocks at (318,4) and (219,219) to characterize delay (setting to inf)
Warning 2513: Unable to route between blocks at (318,4) and (220,219) to characterize delay (setting to inf)
Warning 2514: Unable to route between blocks at (318,4) and (221,219) to characterize delay (setting to inf)
Warning 2515: Unable to route between blocks at (318,4) and (222,219) to characterize delay (setting to inf)
Warning 2516: Unable to route between blocks at (318,4) and (223,219) to characterize delay (setting to inf)
Warning 2517: Unable to route between blocks at (318,4) and (224,219) to characterize delay (setting to inf)
Warning 2518: Unable to route between blocks at (318,4) and (225,219) to characterize delay (setting to inf)
Warning 2519: Unable to route between blocks at (318,4) and (226,219) to characterize delay (setting to inf)
Warning 2520: Unable to route between blocks at (318,4) and (227,219) to characterize delay (setting to inf)
Warning 2521: Unable to route between blocks at (318,4) and (228,219) to characterize delay (setting to inf)
Warning 2522: Unable to route between blocks at (318,4) and (229,219) to characterize delay (setting to inf)
Warning 2523: Unable to route between blocks at (318,4) and (230,219) to characterize delay (setting to inf)
Warning 2524: Unable to route between blocks at (318,4) and (231,219) to characterize delay (setting to inf)
Warning 2525: Unable to route between blocks at (318,4) and (232,219) to characterize delay (setting to inf)
Warning 2526: Unable to route between blocks at (318,4) and (233,219) to characterize delay (setting to inf)
Warning 2527: Unable to route between blocks at (318,4) and (234,219) to characterize delay (setting to inf)
Warning 2528: Unable to route between blocks at (318,4) and (235,219) to characterize delay (setting to inf)
Warning 2529: Unable to route between blocks at (318,4) and (236,219) to characterize delay (setting to inf)
Warning 2530: Unable to route between blocks at (318,4) and (237,219) to characterize delay (setting to inf)
Warning 2531: Unable to route between blocks at (318,4) and (238,219) to characterize delay (setting to inf)
Warning 2532: Unable to route between blocks at (318,4) and (239,219) to characterize delay (setting to inf)
Warning 2533: Unable to route between blocks at (318,4) and (240,219) to characterize delay (setting to inf)
Warning 2534: Unable to route between blocks at (318,4) and (241,219) to characterize delay (setting to inf)
Warning 2535: Unable to route between blocks at (318,4) and (242,219) to characterize delay (setting to inf)
Warning 2536: Unable to route between blocks at (318,4) and (243,219) to characterize delay (setting to inf)
Warning 2537: Unable to route between blocks at (318,4) and (244,219) to characterize delay (setting to inf)
Warning 2538: Unable to route between blocks at (318,4) and (245,219) to characterize delay (setting to inf)
Warning 2539: Unable to route between blocks at (318,4) and (246,219) to characterize delay (setting to inf)
Warning 2540: Unable to route between blocks at (318,4) and (247,219) to characterize delay (setting to inf)
Warning 2541: Unable to route between blocks at (318,4) and (248,219) to characterize delay (setting to inf)
Warning 2542: Unable to route between blocks at (318,4) and (249,219) to characterize delay (setting to inf)
Warning 2543: Unable to route between blocks at (318,4) and (250,219) to characterize delay (setting to inf)
Warning 2544: Unable to route between blocks at (318,4) and (251,219) to characterize delay (setting to inf)
Warning 2545: Unable to route between blocks at (318,4) and (252,219) to characterize delay (setting to inf)
Warning 2546: Unable to route between blocks at (318,4) and (253,219) to characterize delay (setting to inf)
Warning 2547: Unable to route between blocks at (318,4) and (254,219) to characterize delay (setting to inf)
Warning 2548: Unable to route between blocks at (318,4) and (255,219) to characterize delay (setting to inf)
Warning 2549: Unable to route between blocks at (318,4) and (256,219) to characterize delay (setting to inf)
Warning 2550: Unable to route between blocks at (318,4) and (257,219) to characterize delay (setting to inf)
Warning 2551: Unable to route between blocks at (318,4) and (258,219) to characterize delay (setting to inf)
Warning 2552: Unable to route between blocks at (318,4) and (259,219) to characterize delay (setting to inf)
Warning 2553: Unable to route between blocks at (318,4) and (260,219) to characterize delay (setting to inf)
Warning 2554: Unable to route between blocks at (318,4) and (261,219) to characterize delay (setting to inf)
Warning 2555: Unable to route between blocks at (318,4) and (262,219) to characterize delay (setting to inf)
Warning 2556: Unable to route between blocks at (318,4) and (263,219) to characterize delay (setting to inf)
Warning 2557: Unable to route between blocks at (318,4) and (264,219) to characterize delay (setting to inf)
Warning 2558: Unable to route between blocks at (318,4) and (265,219) to characterize delay (setting to inf)
Warning 2559: Unable to route between blocks at (318,4) and (266,219) to characterize delay (setting to inf)
Warning 2560: Unable to route between blocks at (318,4) and (267,219) to characterize delay (setting to inf)
Warning 2561: Unable to route between blocks at (318,4) and (268,219) to characterize delay (setting to inf)
Warning 2562: Unable to route between blocks at (318,4) and (269,219) to characterize delay (setting to inf)
Warning 2563: Unable to route between blocks at (318,4) and (270,219) to characterize delay (setting to inf)
Warning 2564: Unable to route between blocks at (318,4) and (271,219) to characterize delay (setting to inf)
Warning 2565: Unable to route between blocks at (318,4) and (272,219) to characterize delay (setting to inf)
Warning 2566: Unable to route between blocks at (318,4) and (273,219) to characterize delay (setting to inf)
Warning 2567: Unable to route between blocks at (318,4) and (274,219) to characterize delay (setting to inf)
Warning 2568: Unable to route between blocks at (318,4) and (275,219) to characterize delay (setting to inf)
Warning 2569: Unable to route between blocks at (318,4) and (276,219) to characterize delay (setting to inf)
Warning 2570: Unable to route between blocks at (318,4) and (277,219) to characterize delay (setting to inf)
Warning 2571: Unable to route between blocks at (318,4) and (278,219) to characterize delay (setting to inf)
Warning 2572: Unable to route between blocks at (318,4) and (279,219) to characterize delay (setting to inf)
Warning 2573: Unable to route between blocks at (318,4) and (280,219) to characterize delay (setting to inf)
Warning 2574: Unable to route between blocks at (318,4) and (281,219) to characterize delay (setting to inf)
Warning 2575: Unable to route between blocks at (318,4) and (282,219) to characterize delay (setting to inf)
Warning 2576: Unable to route between blocks at (318,4) and (283,219) to characterize delay (setting to inf)
Warning 2577: Unable to route between blocks at (318,4) and (284,219) to characterize delay (setting to inf)
Warning 2578: Unable to route between blocks at (318,4) and (285,219) to characterize delay (setting to inf)
Warning 2579: Unable to route between blocks at (318,4) and (286,219) to characterize delay (setting to inf)
Warning 2580: Unable to route between blocks at (318,4) and (287,219) to characterize delay (setting to inf)
Warning 2581: Unable to route between blocks at (318,4) and (288,219) to characterize delay (setting to inf)
Warning 2582: Unable to route between blocks at (318,4) and (289,219) to characterize delay (setting to inf)
Warning 2583: Unable to route between blocks at (318,4) and (290,219) to characterize delay (setting to inf)
Warning 2584: Unable to route between blocks at (318,4) and (291,219) to characterize delay (setting to inf)
Warning 2585: Unable to route between blocks at (318,4) and (292,219) to characterize delay (setting to inf)
Warning 2586: Unable to route between blocks at (318,4) and (293,219) to characterize delay (setting to inf)
Warning 2587: Unable to route between blocks at (318,4) and (294,219) to characterize delay (setting to inf)
Warning 2588: Unable to route between blocks at (318,4) and (295,219) to characterize delay (setting to inf)
Warning 2589: Unable to route between blocks at (318,4) and (296,219) to characterize delay (setting to inf)
Warning 2590: Unable to route between blocks at (318,4) and (297,219) to characterize delay (setting to inf)
Warning 2591: Unable to route between blocks at (318,4) and (298,219) to characterize delay (setting to inf)
Warning 2592: Unable to route between blocks at (318,4) and (299,219) to characterize delay (setting to inf)
Warning 2593: Unable to route between blocks at (318,4) and (300,219) to characterize delay (setting to inf)
Warning 2594: Unable to route between blocks at (318,4) and (301,219) to characterize delay (setting to inf)
Warning 2595: Unable to route between blocks at (318,4) and (302,219) to characterize delay (setting to inf)
Warning 2596: Unable to route between blocks at (318,4) and (303,219) to characterize delay (setting to inf)
Warning 2597: Unable to route between blocks at (318,4) and (304,219) to characterize delay (setting to inf)
Warning 2598: Unable to route between blocks at (318,4) and (305,219) to characterize delay (setting to inf)
Warning 2599: Unable to route between blocks at (318,4) and (306,219) to characterize delay (setting to inf)
Warning 2600: Unable to route between blocks at (318,4) and (307,219) to characterize delay (setting to inf)
Warning 2601: Unable to route between blocks at (318,4) and (308,219) to characterize delay (setting to inf)
Warning 2602: Unable to route between blocks at (318,4) and (309,219) to characterize delay (setting to inf)
Warning 2603: Unable to route between blocks at (318,4) and (310,219) to characterize delay (setting to inf)
Warning 2604: Unable to route between blocks at (318,4) and (311,219) to characterize delay (setting to inf)
Warning 2605: Unable to route between blocks at (318,4) and (312,219) to characterize delay (setting to inf)
Warning 2606: Unable to route between blocks at (318,4) and (313,219) to characterize delay (setting to inf)
Warning 2607: Unable to route between blocks at (318,4) and (314,219) to characterize delay (setting to inf)
Warning 2608: Unable to route between blocks at (318,4) and (315,219) to characterize delay (setting to inf)
Warning 2609: Unable to route between blocks at (318,4) and (316,219) to characterize delay (setting to inf)
Warning 2610: Unable to route between blocks at (318,4) and (317,219) to characterize delay (setting to inf)
Warning 2611: Unable to route between blocks at (318,4) and (318,219) to characterize delay (setting to inf)
Warning 2612: Unable to route between blocks at (4,216) and (4,0) to characterize delay (setting to inf)
Warning 2613: Unable to route between blocks at (4,216) and (5,0) to characterize delay (setting to inf)
Warning 2614: Unable to route between blocks at (4,216) and (6,0) to characterize delay (setting to inf)
Warning 2615: Unable to route between blocks at (4,216) and (7,0) to characterize delay (setting to inf)
Warning 2616: Unable to route between blocks at (4,216) and (8,0) to characterize delay (setting to inf)
Warning 2617: Unable to route between blocks at (4,216) and (9,0) to characterize delay (setting to inf)
Warning 2618: Unable to route between blocks at (4,216) and (10,0) to characterize delay (setting to inf)
Warning 2619: Unable to route between blocks at (4,216) and (11,0) to characterize delay (setting to inf)
Warning 2620: Unable to route between blocks at (4,216) and (12,0) to characterize delay (setting to inf)
Warning 2621: Unable to route between blocks at (4,216) and (13,0) to characterize delay (setting to inf)
Warning 2622: Unable to route between blocks at (4,216) and (14,0) to characterize delay (setting to inf)
Warning 2623: Unable to route between blocks at (4,216) and (15,0) to characterize delay (setting to inf)
Warning 2624: Unable to route between blocks at (4,216) and (16,0) to characterize delay (setting to inf)
Warning 2625: Unable to route between blocks at (4,216) and (17,0) to characterize delay (setting to inf)
Warning 2626: Unable to route between blocks at (4,216) and (18,0) to characterize delay (setting to inf)
Warning 2627: Unable to route between blocks at (4,216) and (19,0) to characterize delay (setting to inf)
Warning 2628: Unable to route between blocks at (4,216) and (20,0) to characterize delay (setting to inf)
Warning 2629: Unable to route between blocks at (4,216) and (21,0) to characterize delay (setting to inf)
Warning 2630: Unable to route between blocks at (4,216) and (22,0) to characterize delay (setting to inf)
Warning 2631: Unable to route between blocks at (4,216) and (23,0) to characterize delay (setting to inf)
Warning 2632: Unable to route between blocks at (4,216) and (24,0) to characterize delay (setting to inf)
Warning 2633: Unable to route between blocks at (4,216) and (25,0) to characterize delay (setting to inf)
Warning 2634: Unable to route between blocks at (4,216) and (26,0) to characterize delay (setting to inf)
Warning 2635: Unable to route between blocks at (4,216) and (27,0) to characterize delay (setting to inf)
Warning 2636: Unable to route between blocks at (4,216) and (28,0) to characterize delay (setting to inf)
Warning 2637: Unable to route between blocks at (4,216) and (29,0) to characterize delay (setting to inf)
Warning 2638: Unable to route between blocks at (4,216) and (30,0) to characterize delay (setting to inf)
Warning 2639: Unable to route between blocks at (4,216) and (31,0) to characterize delay (setting to inf)
Warning 2640: Unable to route between blocks at (4,216) and (32,0) to characterize delay (setting to inf)
Warning 2641: Unable to route between blocks at (4,216) and (33,0) to characterize delay (setting to inf)
Warning 2642: Unable to route between blocks at (4,216) and (34,0) to characterize delay (setting to inf)
Warning 2643: Unable to route between blocks at (4,216) and (35,0) to characterize delay (setting to inf)
Warning 2644: Unable to route between blocks at (4,216) and (36,0) to characterize delay (setting to inf)
Warning 2645: Unable to route between blocks at (4,216) and (37,0) to characterize delay (setting to inf)
Warning 2646: Unable to route between blocks at (4,216) and (38,0) to characterize delay (setting to inf)
Warning 2647: Unable to route between blocks at (4,216) and (39,0) to characterize delay (setting to inf)
Warning 2648: Unable to route between blocks at (4,216) and (40,0) to characterize delay (setting to inf)
Warning 2649: Unable to route between blocks at (4,216) and (41,0) to characterize delay (setting to inf)
Warning 2650: Unable to route between blocks at (4,216) and (42,0) to characterize delay (setting to inf)
Warning 2651: Unable to route between blocks at (4,216) and (43,0) to characterize delay (setting to inf)
Warning 2652: Unable to route between blocks at (4,216) and (44,0) to characterize delay (setting to inf)
Warning 2653: Unable to route between blocks at (4,216) and (45,0) to characterize delay (setting to inf)
Warning 2654: Unable to route between blocks at (4,216) and (46,0) to characterize delay (setting to inf)
Warning 2655: Unable to route between blocks at (4,216) and (47,0) to characterize delay (setting to inf)
Warning 2656: Unable to route between blocks at (4,216) and (48,0) to characterize delay (setting to inf)
Warning 2657: Unable to route between blocks at (4,216) and (49,0) to characterize delay (setting to inf)
Warning 2658: Unable to route between blocks at (4,216) and (50,0) to characterize delay (setting to inf)
Warning 2659: Unable to route between blocks at (4,216) and (51,0) to characterize delay (setting to inf)
Warning 2660: Unable to route between blocks at (4,216) and (52,0) to characterize delay (setting to inf)
Warning 2661: Unable to route between blocks at (4,216) and (53,0) to characterize delay (setting to inf)
Warning 2662: Unable to route between blocks at (4,216) and (54,0) to characterize delay (setting to inf)
Warning 2663: Unable to route between blocks at (4,216) and (55,0) to characterize delay (setting to inf)
Warning 2664: Unable to route between blocks at (4,216) and (56,0) to characterize delay (setting to inf)
Warning 2665: Unable to route between blocks at (4,216) and (57,0) to characterize delay (setting to inf)
Warning 2666: Unable to route between blocks at (4,216) and (58,0) to characterize delay (setting to inf)
Warning 2667: Unable to route between blocks at (4,216) and (59,0) to characterize delay (setting to inf)
Warning 2668: Unable to route between blocks at (4,216) and (60,0) to characterize delay (setting to inf)
Warning 2669: Unable to route between blocks at (4,216) and (61,0) to characterize delay (setting to inf)
Warning 2670: Unable to route between blocks at (4,216) and (62,0) to characterize delay (setting to inf)
Warning 2671: Unable to route between blocks at (4,216) and (63,0) to characterize delay (setting to inf)
Warning 2672: Unable to route between blocks at (4,216) and (64,0) to characterize delay (setting to inf)
Warning 2673: Unable to route between blocks at (4,216) and (65,0) to characterize delay (setting to inf)
Warning 2674: Unable to route between blocks at (4,216) and (66,0) to characterize delay (setting to inf)
Warning 2675: Unable to route between blocks at (4,216) and (67,0) to characterize delay (setting to inf)
Warning 2676: Unable to route between blocks at (4,216) and (68,0) to characterize delay (setting to inf)
Warning 2677: Unable to route between blocks at (4,216) and (69,0) to characterize delay (setting to inf)
Warning 2678: Unable to route between blocks at (4,216) and (70,0) to characterize delay (setting to inf)
Warning 2679: Unable to route between blocks at (4,216) and (71,0) to characterize delay (setting to inf)
Warning 2680: Unable to route between blocks at (4,216) and (72,0) to characterize delay (setting to inf)
Warning 2681: Unable to route between blocks at (4,216) and (73,0) to characterize delay (setting to inf)
Warning 2682: Unable to route between blocks at (4,216) and (74,0) to characterize delay (setting to inf)
Warning 2683: Unable to route between blocks at (4,216) and (75,0) to characterize delay (setting to inf)
Warning 2684: Unable to route between blocks at (4,216) and (76,0) to characterize delay (setting to inf)
Warning 2685: Unable to route between blocks at (4,216) and (77,0) to characterize delay (setting to inf)
Warning 2686: Unable to route between blocks at (4,216) and (78,0) to characterize delay (setting to inf)
Warning 2687: Unable to route between blocks at (4,216) and (79,0) to characterize delay (setting to inf)
Warning 2688: Unable to route between blocks at (4,216) and (80,0) to characterize delay (setting to inf)
Warning 2689: Unable to route between blocks at (4,216) and (81,0) to characterize delay (setting to inf)
Warning 2690: Unable to route between blocks at (4,216) and (82,0) to characterize delay (setting to inf)
Warning 2691: Unable to route between blocks at (4,216) and (83,0) to characterize delay (setting to inf)
Warning 2692: Unable to route between blocks at (4,216) and (84,0) to characterize delay (setting to inf)
Warning 2693: Unable to route between blocks at (4,216) and (85,0) to characterize delay (setting to inf)
Warning 2694: Unable to route between blocks at (4,216) and (86,0) to characterize delay (setting to inf)
Warning 2695: Unable to route between blocks at (4,216) and (87,0) to characterize delay (setting to inf)
Warning 2696: Unable to route between blocks at (4,216) and (88,0) to characterize delay (setting to inf)
Warning 2697: Unable to route between blocks at (4,216) and (89,0) to characterize delay (setting to inf)
Warning 2698: Unable to route between blocks at (4,216) and (90,0) to characterize delay (setting to inf)
Warning 2699: Unable to route between blocks at (4,216) and (91,0) to characterize delay (setting to inf)
Warning 2700: Unable to route between blocks at (4,216) and (92,0) to characterize delay (setting to inf)
Warning 2701: Unable to route between blocks at (4,216) and (93,0) to characterize delay (setting to inf)
Warning 2702: Unable to route between blocks at (4,216) and (94,0) to characterize delay (setting to inf)
Warning 2703: Unable to route between blocks at (4,216) and (95,0) to characterize delay (setting to inf)
Warning 2704: Unable to route between blocks at (4,216) and (96,0) to characterize delay (setting to inf)
Warning 2705: Unable to route between blocks at (4,216) and (97,0) to characterize delay (setting to inf)
Warning 2706: Unable to route between blocks at (4,216) and (98,0) to characterize delay (setting to inf)
Warning 2707: Unable to route between blocks at (4,216) and (99,0) to characterize delay (setting to inf)
Warning 2708: Unable to route between blocks at (4,216) and (100,0) to characterize delay (setting to inf)
Warning 2709: Unable to route between blocks at (4,216) and (101,0) to characterize delay (setting to inf)
Warning 2710: Unable to route between blocks at (4,216) and (102,0) to characterize delay (setting to inf)
Warning 2711: Unable to route between blocks at (4,216) and (103,0) to characterize delay (setting to inf)
Warning 2712: Unable to route between blocks at (4,216) and (104,0) to characterize delay (setting to inf)
Warning 2713: Unable to route between blocks at (4,216) and (105,0) to characterize delay (setting to inf)
Warning 2714: Unable to route between blocks at (4,216) and (106,0) to characterize delay (setting to inf)
Warning 2715: Unable to route between blocks at (4,216) and (107,0) to characterize delay (setting to inf)
Warning 2716: Unable to route between blocks at (4,216) and (108,0) to characterize delay (setting to inf)
Warning 2717: Unable to route between blocks at (4,216) and (109,0) to characterize delay (setting to inf)
Warning 2718: Unable to route between blocks at (4,216) and (110,0) to characterize delay (setting to inf)
Warning 2719: Unable to route between blocks at (4,216) and (111,0) to characterize delay (setting to inf)
Warning 2720: Unable to route between blocks at (4,216) and (112,0) to characterize delay (setting to inf)
Warning 2721: Unable to route between blocks at (4,216) and (113,0) to characterize delay (setting to inf)
Warning 2722: Unable to route between blocks at (4,216) and (114,0) to characterize delay (setting to inf)
Warning 2723: Unable to route between blocks at (4,216) and (115,0) to characterize delay (setting to inf)
Warning 2724: Unable to route between blocks at (4,216) and (116,0) to characterize delay (setting to inf)
Warning 2725: Unable to route between blocks at (4,216) and (117,0) to characterize delay (setting to inf)
Warning 2726: Unable to route between blocks at (4,216) and (118,0) to characterize delay (setting to inf)
Warning 2727: Unable to route between blocks at (4,216) and (119,0) to characterize delay (setting to inf)
Warning 2728: Unable to route between blocks at (4,216) and (120,0) to characterize delay (setting to inf)
Warning 2729: Unable to route between blocks at (4,216) and (121,0) to characterize delay (setting to inf)
Warning 2730: Unable to route between blocks at (4,216) and (122,0) to characterize delay (setting to inf)
Warning 2731: Unable to route between blocks at (4,216) and (123,0) to characterize delay (setting to inf)
Warning 2732: Unable to route between blocks at (4,216) and (124,0) to characterize delay (setting to inf)
Warning 2733: Unable to route between blocks at (4,216) and (125,0) to characterize delay (setting to inf)
Warning 2734: Unable to route between blocks at (4,216) and (126,0) to characterize delay (setting to inf)
Warning 2735: Unable to route between blocks at (4,216) and (127,0) to characterize delay (setting to inf)
Warning 2736: Unable to route between blocks at (4,216) and (128,0) to characterize delay (setting to inf)
Warning 2737: Unable to route between blocks at (4,216) and (129,0) to characterize delay (setting to inf)
Warning 2738: Unable to route between blocks at (4,216) and (130,0) to characterize delay (setting to inf)
Warning 2739: Unable to route between blocks at (4,216) and (131,0) to characterize delay (setting to inf)
Warning 2740: Unable to route between blocks at (4,216) and (132,0) to characterize delay (setting to inf)
Warning 2741: Unable to route between blocks at (4,216) and (133,0) to characterize delay (setting to inf)
Warning 2742: Unable to route between blocks at (4,216) and (134,0) to characterize delay (setting to inf)
Warning 2743: Unable to route between blocks at (4,216) and (135,0) to characterize delay (setting to inf)
Warning 2744: Unable to route between blocks at (4,216) and (136,0) to characterize delay (setting to inf)
Warning 2745: Unable to route between blocks at (4,216) and (137,0) to characterize delay (setting to inf)
Warning 2746: Unable to route between blocks at (4,216) and (138,0) to characterize delay (setting to inf)
Warning 2747: Unable to route between blocks at (4,216) and (139,0) to characterize delay (setting to inf)
Warning 2748: Unable to route between blocks at (4,216) and (140,0) to characterize delay (setting to inf)
Warning 2749: Unable to route between blocks at (4,216) and (141,0) to characterize delay (setting to inf)
Warning 2750: Unable to route between blocks at (4,216) and (142,0) to characterize delay (setting to inf)
Warning 2751: Unable to route between blocks at (4,216) and (143,0) to characterize delay (setting to inf)
Warning 2752: Unable to route between blocks at (4,216) and (144,0) to characterize delay (setting to inf)
Warning 2753: Unable to route between blocks at (4,216) and (145,0) to characterize delay (setting to inf)
Warning 2754: Unable to route between blocks at (4,216) and (146,0) to characterize delay (setting to inf)
Warning 2755: Unable to route between blocks at (4,216) and (147,0) to characterize delay (setting to inf)
Warning 2756: Unable to route between blocks at (4,216) and (148,0) to characterize delay (setting to inf)
Warning 2757: Unable to route between blocks at (4,216) and (149,0) to characterize delay (setting to inf)
Warning 2758: Unable to route between blocks at (4,216) and (150,0) to characterize delay (setting to inf)
Warning 2759: Unable to route between blocks at (4,216) and (151,0) to characterize delay (setting to inf)
Warning 2760: Unable to route between blocks at (4,216) and (152,0) to characterize delay (setting to inf)
Warning 2761: Unable to route between blocks at (4,216) and (153,0) to characterize delay (setting to inf)
Warning 2762: Unable to route between blocks at (4,216) and (154,0) to characterize delay (setting to inf)
Warning 2763: Unable to route between blocks at (4,216) and (155,0) to characterize delay (setting to inf)
Warning 2764: Unable to route between blocks at (4,216) and (156,0) to characterize delay (setting to inf)
Warning 2765: Unable to route between blocks at (4,216) and (157,0) to characterize delay (setting to inf)
Warning 2766: Unable to route between blocks at (4,216) and (158,0) to characterize delay (setting to inf)
Warning 2767: Unable to route between blocks at (4,216) and (159,0) to characterize delay (setting to inf)
Warning 2768: Unable to route between blocks at (4,216) and (160,0) to characterize delay (setting to inf)
Warning 2769: Unable to route between blocks at (4,216) and (161,0) to characterize delay (setting to inf)
Warning 2770: Unable to route between blocks at (4,216) and (162,0) to characterize delay (setting to inf)
Warning 2771: Unable to route between blocks at (4,216) and (163,0) to characterize delay (setting to inf)
Warning 2772: Unable to route between blocks at (4,216) and (164,0) to characterize delay (setting to inf)
Warning 2773: Unable to route between blocks at (4,216) and (165,0) to characterize delay (setting to inf)
Warning 2774: Unable to route between blocks at (4,216) and (166,0) to characterize delay (setting to inf)
Warning 2775: Unable to route between blocks at (4,216) and (167,0) to characterize delay (setting to inf)
Warning 2776: Unable to route between blocks at (4,216) and (168,0) to characterize delay (setting to inf)
Warning 2777: Unable to route between blocks at (4,216) and (169,0) to characterize delay (setting to inf)
Warning 2778: Unable to route between blocks at (4,216) and (170,0) to characterize delay (setting to inf)
Warning 2779: Unable to route between blocks at (4,216) and (171,0) to characterize delay (setting to inf)
Warning 2780: Unable to route between blocks at (4,216) and (172,0) to characterize delay (setting to inf)
Warning 2781: Unable to route between blocks at (4,216) and (173,0) to characterize delay (setting to inf)
Warning 2782: Unable to route between blocks at (4,216) and (174,0) to characterize delay (setting to inf)
Warning 2783: Unable to route between blocks at (4,216) and (175,0) to characterize delay (setting to inf)
Warning 2784: Unable to route between blocks at (4,216) and (176,0) to characterize delay (setting to inf)
Warning 2785: Unable to route between blocks at (4,216) and (177,0) to characterize delay (setting to inf)
Warning 2786: Unable to route between blocks at (4,216) and (178,0) to characterize delay (setting to inf)
Warning 2787: Unable to route between blocks at (4,216) and (179,0) to characterize delay (setting to inf)
Warning 2788: Unable to route between blocks at (4,216) and (180,0) to characterize delay (setting to inf)
Warning 2789: Unable to route between blocks at (4,216) and (181,0) to characterize delay (setting to inf)
Warning 2790: Unable to route between blocks at (4,216) and (182,0) to characterize delay (setting to inf)
Warning 2791: Unable to route between blocks at (4,216) and (183,0) to characterize delay (setting to inf)
Warning 2792: Unable to route between blocks at (4,216) and (184,0) to characterize delay (setting to inf)
Warning 2793: Unable to route between blocks at (4,216) and (185,0) to characterize delay (setting to inf)
Warning 2794: Unable to route between blocks at (4,216) and (186,0) to characterize delay (setting to inf)
Warning 2795: Unable to route between blocks at (4,216) and (187,0) to characterize delay (setting to inf)
Warning 2796: Unable to route between blocks at (4,216) and (188,0) to characterize delay (setting to inf)
Warning 2797: Unable to route between blocks at (4,216) and (189,0) to characterize delay (setting to inf)
Warning 2798: Unable to route between blocks at (4,216) and (190,0) to characterize delay (setting to inf)
Warning 2799: Unable to route between blocks at (4,216) and (191,0) to characterize delay (setting to inf)
Warning 2800: Unable to route between blocks at (4,216) and (192,0) to characterize delay (setting to inf)
Warning 2801: Unable to route between blocks at (4,216) and (193,0) to characterize delay (setting to inf)
Warning 2802: Unable to route between blocks at (4,216) and (194,0) to characterize delay (setting to inf)
Warning 2803: Unable to route between blocks at (4,216) and (195,0) to characterize delay (setting to inf)
Warning 2804: Unable to route between blocks at (4,216) and (196,0) to characterize delay (setting to inf)
Warning 2805: Unable to route between blocks at (4,216) and (197,0) to characterize delay (setting to inf)
Warning 2806: Unable to route between blocks at (4,216) and (198,0) to characterize delay (setting to inf)
Warning 2807: Unable to route between blocks at (4,216) and (199,0) to characterize delay (setting to inf)
Warning 2808: Unable to route between blocks at (4,216) and (200,0) to characterize delay (setting to inf)
Warning 2809: Unable to route between blocks at (4,216) and (201,0) to characterize delay (setting to inf)
Warning 2810: Unable to route between blocks at (4,216) and (202,0) to characterize delay (setting to inf)
Warning 2811: Unable to route between blocks at (4,216) and (203,0) to characterize delay (setting to inf)
Warning 2812: Unable to route between blocks at (4,216) and (204,0) to characterize delay (setting to inf)
Warning 2813: Unable to route between blocks at (4,216) and (205,0) to characterize delay (setting to inf)
Warning 2814: Unable to route between blocks at (4,216) and (206,0) to characterize delay (setting to inf)
Warning 2815: Unable to route between blocks at (4,216) and (207,0) to characterize delay (setting to inf)
Warning 2816: Unable to route between blocks at (4,216) and (208,0) to characterize delay (setting to inf)
Warning 2817: Unable to route between blocks at (4,216) and (209,0) to characterize delay (setting to inf)
Warning 2818: Unable to route between blocks at (4,216) and (210,0) to characterize delay (setting to inf)
Warning 2819: Unable to route between blocks at (4,216) and (211,0) to characterize delay (setting to inf)
Warning 2820: Unable to route between blocks at (4,216) and (212,0) to characterize delay (setting to inf)
Warning 2821: Unable to route between blocks at (4,216) and (213,0) to characterize delay (setting to inf)
Warning 2822: Unable to route between blocks at (4,216) and (214,0) to characterize delay (setting to inf)
Warning 2823: Unable to route between blocks at (4,216) and (215,0) to characterize delay (setting to inf)
Warning 2824: Unable to route between blocks at (4,216) and (216,0) to characterize delay (setting to inf)
Warning 2825: Unable to route between blocks at (4,216) and (217,0) to characterize delay (setting to inf)
Warning 2826: Unable to route between blocks at (4,216) and (218,0) to characterize delay (setting to inf)
Warning 2827: Unable to route between blocks at (4,216) and (219,0) to characterize delay (setting to inf)
Warning 2828: Unable to route between blocks at (4,216) and (220,0) to characterize delay (setting to inf)
Warning 2829: Unable to route between blocks at (4,216) and (221,0) to characterize delay (setting to inf)
Warning 2830: Unable to route between blocks at (4,216) and (222,0) to characterize delay (setting to inf)
Warning 2831: Unable to route between blocks at (4,216) and (223,0) to characterize delay (setting to inf)
Warning 2832: Unable to route between blocks at (4,216) and (224,0) to characterize delay (setting to inf)
Warning 2833: Unable to route between blocks at (4,216) and (225,0) to characterize delay (setting to inf)
Warning 2834: Unable to route between blocks at (4,216) and (226,0) to characterize delay (setting to inf)
Warning 2835: Unable to route between blocks at (4,216) and (227,0) to characterize delay (setting to inf)
Warning 2836: Unable to route between blocks at (4,216) and (228,0) to characterize delay (setting to inf)
Warning 2837: Unable to route between blocks at (4,216) and (229,0) to characterize delay (setting to inf)
Warning 2838: Unable to route between blocks at (4,216) and (230,0) to characterize delay (setting to inf)
Warning 2839: Unable to route between blocks at (4,216) and (231,0) to characterize delay (setting to inf)
Warning 2840: Unable to route between blocks at (4,216) and (232,0) to characterize delay (setting to inf)
Warning 2841: Unable to route between blocks at (4,216) and (233,0) to characterize delay (setting to inf)
Warning 2842: Unable to route between blocks at (4,216) and (234,0) to characterize delay (setting to inf)
Warning 2843: Unable to route between blocks at (4,216) and (235,0) to characterize delay (setting to inf)
Warning 2844: Unable to route between blocks at (4,216) and (236,0) to characterize delay (setting to inf)
Warning 2845: Unable to route between blocks at (4,216) and (237,0) to characterize delay (setting to inf)
Warning 2846: Unable to route between blocks at (4,216) and (238,0) to characterize delay (setting to inf)
Warning 2847: Unable to route between blocks at (4,216) and (239,0) to characterize delay (setting to inf)
Warning 2848: Unable to route between blocks at (4,216) and (240,0) to characterize delay (setting to inf)
Warning 2849: Unable to route between blocks at (4,216) and (241,0) to characterize delay (setting to inf)
Warning 2850: Unable to route between blocks at (4,216) and (242,0) to characterize delay (setting to inf)
Warning 2851: Unable to route between blocks at (4,216) and (243,0) to characterize delay (setting to inf)
Warning 2852: Unable to route between blocks at (4,216) and (244,0) to characterize delay (setting to inf)
Warning 2853: Unable to route between blocks at (4,216) and (245,0) to characterize delay (setting to inf)
Warning 2854: Unable to route between blocks at (4,216) and (246,0) to characterize delay (setting to inf)
Warning 2855: Unable to route between blocks at (4,216) and (247,0) to characterize delay (setting to inf)
Warning 2856: Unable to route between blocks at (4,216) and (248,0) to characterize delay (setting to inf)
Warning 2857: Unable to route between blocks at (4,216) and (249,0) to characterize delay (setting to inf)
Warning 2858: Unable to route between blocks at (4,216) and (250,0) to characterize delay (setting to inf)
Warning 2859: Unable to route between blocks at (4,216) and (251,0) to characterize delay (setting to inf)
Warning 2860: Unable to route between blocks at (4,216) and (252,0) to characterize delay (setting to inf)
Warning 2861: Unable to route between blocks at (4,216) and (253,0) to characterize delay (setting to inf)
Warning 2862: Unable to route between blocks at (4,216) and (254,0) to characterize delay (setting to inf)
Warning 2863: Unable to route between blocks at (4,216) and (255,0) to characterize delay (setting to inf)
Warning 2864: Unable to route between blocks at (4,216) and (256,0) to characterize delay (setting to inf)
Warning 2865: Unable to route between blocks at (4,216) and (257,0) to characterize delay (setting to inf)
Warning 2866: Unable to route between blocks at (4,216) and (258,0) to characterize delay (setting to inf)
Warning 2867: Unable to route between blocks at (4,216) and (259,0) to characterize delay (setting to inf)
Warning 2868: Unable to route between blocks at (4,216) and (260,0) to characterize delay (setting to inf)
Warning 2869: Unable to route between blocks at (4,216) and (261,0) to characterize delay (setting to inf)
Warning 2870: Unable to route between blocks at (4,216) and (262,0) to characterize delay (setting to inf)
Warning 2871: Unable to route between blocks at (4,216) and (263,0) to characterize delay (setting to inf)
Warning 2872: Unable to route between blocks at (4,216) and (264,0) to characterize delay (setting to inf)
Warning 2873: Unable to route between blocks at (4,216) and (265,0) to characterize delay (setting to inf)
Warning 2874: Unable to route between blocks at (4,216) and (266,0) to characterize delay (setting to inf)
Warning 2875: Unable to route between blocks at (4,216) and (267,0) to characterize delay (setting to inf)
Warning 2876: Unable to route between blocks at (4,216) and (268,0) to characterize delay (setting to inf)
Warning 2877: Unable to route between blocks at (4,216) and (269,0) to characterize delay (setting to inf)
Warning 2878: Unable to route between blocks at (4,216) and (270,0) to characterize delay (setting to inf)
Warning 2879: Unable to route between blocks at (4,216) and (271,0) to characterize delay (setting to inf)
Warning 2880: Unable to route between blocks at (4,216) and (272,0) to characterize delay (setting to inf)
Warning 2881: Unable to route between blocks at (4,216) and (273,0) to characterize delay (setting to inf)
Warning 2882: Unable to route between blocks at (4,216) and (274,0) to characterize delay (setting to inf)
Warning 2883: Unable to route between blocks at (4,216) and (275,0) to characterize delay (setting to inf)
Warning 2884: Unable to route between blocks at (4,216) and (276,0) to characterize delay (setting to inf)
Warning 2885: Unable to route between blocks at (4,216) and (277,0) to characterize delay (setting to inf)
Warning 2886: Unable to route between blocks at (4,216) and (278,0) to characterize delay (setting to inf)
Warning 2887: Unable to route between blocks at (4,216) and (279,0) to characterize delay (setting to inf)
Warning 2888: Unable to route between blocks at (4,216) and (280,0) to characterize delay (setting to inf)
Warning 2889: Unable to route between blocks at (4,216) and (281,0) to characterize delay (setting to inf)
Warning 2890: Unable to route between blocks at (4,216) and (282,0) to characterize delay (setting to inf)
Warning 2891: Unable to route between blocks at (4,216) and (283,0) to characterize delay (setting to inf)
Warning 2892: Unable to route between blocks at (4,216) and (284,0) to characterize delay (setting to inf)
Warning 2893: Unable to route between blocks at (4,216) and (285,0) to characterize delay (setting to inf)
Warning 2894: Unable to route between blocks at (4,216) and (286,0) to characterize delay (setting to inf)
Warning 2895: Unable to route between blocks at (4,216) and (287,0) to characterize delay (setting to inf)
Warning 2896: Unable to route between blocks at (4,216) and (288,0) to characterize delay (setting to inf)
Warning 2897: Unable to route between blocks at (4,216) and (289,0) to characterize delay (setting to inf)
Warning 2898: Unable to route between blocks at (4,216) and (290,0) to characterize delay (setting to inf)
Warning 2899: Unable to route between blocks at (4,216) and (291,0) to characterize delay (setting to inf)
Warning 2900: Unable to route between blocks at (4,216) and (292,0) to characterize delay (setting to inf)
Warning 2901: Unable to route between blocks at (4,216) and (293,0) to characterize delay (setting to inf)
Warning 2902: Unable to route between blocks at (4,216) and (294,0) to characterize delay (setting to inf)
Warning 2903: Unable to route between blocks at (4,216) and (295,0) to characterize delay (setting to inf)
Warning 2904: Unable to route between blocks at (4,216) and (296,0) to characterize delay (setting to inf)
Warning 2905: Unable to route between blocks at (4,216) and (297,0) to characterize delay (setting to inf)
Warning 2906: Unable to route between blocks at (4,216) and (298,0) to characterize delay (setting to inf)
Warning 2907: Unable to route between blocks at (4,216) and (299,0) to characterize delay (setting to inf)
Warning 2908: Unable to route between blocks at (4,216) and (300,0) to characterize delay (setting to inf)
Warning 2909: Unable to route between blocks at (4,216) and (301,0) to characterize delay (setting to inf)
Warning 2910: Unable to route between blocks at (4,216) and (302,0) to characterize delay (setting to inf)
Warning 2911: Unable to route between blocks at (4,216) and (303,0) to characterize delay (setting to inf)
Warning 2912: Unable to route between blocks at (4,216) and (304,0) to characterize delay (setting to inf)
Warning 2913: Unable to route between blocks at (4,216) and (305,0) to characterize delay (setting to inf)
Warning 2914: Unable to route between blocks at (4,216) and (306,0) to characterize delay (setting to inf)
Warning 2915: Unable to route between blocks at (4,216) and (307,0) to characterize delay (setting to inf)
Warning 2916: Unable to route between blocks at (4,216) and (308,0) to characterize delay (setting to inf)
Warning 2917: Unable to route between blocks at (4,216) and (309,0) to characterize delay (setting to inf)
Warning 2918: Unable to route between blocks at (4,216) and (310,0) to characterize delay (setting to inf)
Warning 2919: Unable to route between blocks at (4,216) and (311,0) to characterize delay (setting to inf)
Warning 2920: Unable to route between blocks at (4,216) and (312,0) to characterize delay (setting to inf)
Warning 2921: Unable to route between blocks at (4,216) and (313,0) to characterize delay (setting to inf)
Warning 2922: Unable to route between blocks at (4,216) and (314,0) to characterize delay (setting to inf)
Warning 2923: Unable to route between blocks at (4,216) and (315,0) to characterize delay (setting to inf)
Warning 2924: Unable to route between blocks at (4,216) and (316,0) to characterize delay (setting to inf)
Warning 2925: Unable to route between blocks at (4,216) and (317,0) to characterize delay (setting to inf)
Warning 2926: Unable to route between blocks at (4,216) and (318,0) to characterize delay (setting to inf)
Warning 2927: Unable to route between blocks at (4,216) and (319,0) to characterize delay (setting to inf)
Warning 2928: Unable to route between blocks at (4,216) and (320,0) to characterize delay (setting to inf)
Warning 2929: Unable to route between blocks at (4,216) and (321,0) to characterize delay (setting to inf)
Warning 2930: Unable to route between blocks at (4,216) and (321,1) to characterize delay (setting to inf)
Warning 2931: Unable to route between blocks at (4,216) and (321,2) to characterize delay (setting to inf)
Warning 2932: Unable to route between blocks at (4,216) and (321,3) to characterize delay (setting to inf)
Warning 2933: Unable to route between blocks at (4,216) and (321,4) to characterize delay (setting to inf)
Warning 2934: Unable to route between blocks at (4,216) and (321,5) to characterize delay (setting to inf)
Warning 2935: Unable to route between blocks at (4,216) and (321,6) to characterize delay (setting to inf)
Warning 2936: Unable to route between blocks at (4,216) and (321,7) to characterize delay (setting to inf)
Warning 2937: Unable to route between blocks at (4,216) and (321,8) to characterize delay (setting to inf)
Warning 2938: Unable to route between blocks at (4,216) and (321,9) to characterize delay (setting to inf)
Warning 2939: Unable to route between blocks at (4,216) and (321,10) to characterize delay (setting to inf)
Warning 2940: Unable to route between blocks at (4,216) and (321,11) to characterize delay (setting to inf)
Warning 2941: Unable to route between blocks at (4,216) and (321,12) to characterize delay (setting to inf)
Warning 2942: Unable to route between blocks at (4,216) and (321,13) to characterize delay (setting to inf)
Warning 2943: Unable to route between blocks at (4,216) and (321,14) to characterize delay (setting to inf)
Warning 2944: Unable to route between blocks at (4,216) and (321,15) to characterize delay (setting to inf)
Warning 2945: Unable to route between blocks at (4,216) and (321,16) to characterize delay (setting to inf)
Warning 2946: Unable to route between blocks at (4,216) and (321,17) to characterize delay (setting to inf)
Warning 2947: Unable to route between blocks at (4,216) and (321,18) to characterize delay (setting to inf)
Warning 2948: Unable to route between blocks at (4,216) and (321,19) to characterize delay (setting to inf)
Warning 2949: Unable to route between blocks at (4,216) and (321,20) to characterize delay (setting to inf)
Warning 2950: Unable to route between blocks at (4,216) and (321,21) to characterize delay (setting to inf)
Warning 2951: Unable to route between blocks at (4,216) and (321,22) to characterize delay (setting to inf)
Warning 2952: Unable to route between blocks at (4,216) and (321,23) to characterize delay (setting to inf)
Warning 2953: Unable to route between blocks at (4,216) and (321,24) to characterize delay (setting to inf)
Warning 2954: Unable to route between blocks at (4,216) and (321,25) to characterize delay (setting to inf)
Warning 2955: Unable to route between blocks at (4,216) and (321,26) to characterize delay (setting to inf)
Warning 2956: Unable to route between blocks at (4,216) and (321,27) to characterize delay (setting to inf)
Warning 2957: Unable to route between blocks at (4,216) and (321,28) to characterize delay (setting to inf)
Warning 2958: Unable to route between blocks at (4,216) and (321,29) to characterize delay (setting to inf)
Warning 2959: Unable to route between blocks at (4,216) and (321,30) to characterize delay (setting to inf)
Warning 2960: Unable to route between blocks at (4,216) and (321,31) to characterize delay (setting to inf)
Warning 2961: Unable to route between blocks at (4,216) and (321,32) to characterize delay (setting to inf)
Warning 2962: Unable to route between blocks at (4,216) and (321,33) to characterize delay (setting to inf)
Warning 2963: Unable to route between blocks at (4,216) and (321,34) to characterize delay (setting to inf)
Warning 2964: Unable to route between blocks at (4,216) and (321,35) to characterize delay (setting to inf)
Warning 2965: Unable to route between blocks at (4,216) and (321,36) to characterize delay (setting to inf)
Warning 2966: Unable to route between blocks at (4,216) and (321,37) to characterize delay (setting to inf)
Warning 2967: Unable to route between blocks at (4,216) and (321,38) to characterize delay (setting to inf)
Warning 2968: Unable to route between blocks at (4,216) and (321,39) to characterize delay (setting to inf)
Warning 2969: Unable to route between blocks at (4,216) and (321,40) to characterize delay (setting to inf)
Warning 2970: Unable to route between blocks at (4,216) and (321,41) to characterize delay (setting to inf)
Warning 2971: Unable to route between blocks at (4,216) and (321,42) to characterize delay (setting to inf)
Warning 2972: Unable to route between blocks at (4,216) and (321,43) to characterize delay (setting to inf)
Warning 2973: Unable to route between blocks at (4,216) and (321,44) to characterize delay (setting to inf)
Warning 2974: Unable to route between blocks at (4,216) and (321,45) to characterize delay (setting to inf)
Warning 2975: Unable to route between blocks at (4,216) and (321,46) to characterize delay (setting to inf)
Warning 2976: Unable to route between blocks at (4,216) and (321,47) to characterize delay (setting to inf)
Warning 2977: Unable to route between blocks at (4,216) and (321,48) to characterize delay (setting to inf)
Warning 2978: Unable to route between blocks at (4,216) and (321,49) to characterize delay (setting to inf)
Warning 2979: Unable to route between blocks at (4,216) and (321,50) to characterize delay (setting to inf)
Warning 2980: Unable to route between blocks at (4,216) and (321,51) to characterize delay (setting to inf)
Warning 2981: Unable to route between blocks at (4,216) and (321,52) to characterize delay (setting to inf)
Warning 2982: Unable to route between blocks at (4,216) and (321,53) to characterize delay (setting to inf)
Warning 2983: Unable to route between blocks at (4,216) and (321,54) to characterize delay (setting to inf)
Warning 2984: Unable to route between blocks at (4,216) and (321,55) to characterize delay (setting to inf)
Warning 2985: Unable to route between blocks at (4,216) and (321,56) to characterize delay (setting to inf)
Warning 2986: Unable to route between blocks at (4,216) and (321,57) to characterize delay (setting to inf)
Warning 2987: Unable to route between blocks at (4,216) and (321,58) to characterize delay (setting to inf)
Warning 2988: Unable to route between blocks at (4,216) and (321,59) to characterize delay (setting to inf)
Warning 2989: Unable to route between blocks at (4,216) and (321,60) to characterize delay (setting to inf)
Warning 2990: Unable to route between blocks at (4,216) and (321,61) to characterize delay (setting to inf)
Warning 2991: Unable to route between blocks at (4,216) and (321,62) to characterize delay (setting to inf)
Warning 2992: Unable to route between blocks at (4,216) and (321,63) to characterize delay (setting to inf)
Warning 2993: Unable to route between blocks at (4,216) and (321,64) to characterize delay (setting to inf)
Warning 2994: Unable to route between blocks at (4,216) and (321,65) to characterize delay (setting to inf)
Warning 2995: Unable to route between blocks at (4,216) and (321,66) to characterize delay (setting to inf)
Warning 2996: Unable to route between blocks at (4,216) and (321,67) to characterize delay (setting to inf)
Warning 2997: Unable to route between blocks at (4,216) and (321,68) to characterize delay (setting to inf)
Warning 2998: Unable to route between blocks at (4,216) and (321,69) to characterize delay (setting to inf)
Warning 2999: Unable to route between blocks at (4,216) and (321,70) to characterize delay (setting to inf)
Warning 3000: Unable to route between blocks at (4,216) and (321,71) to characterize delay (setting to inf)
Warning 3001: Unable to route between blocks at (4,216) and (321,72) to characterize delay (setting to inf)
Warning 3002: Unable to route between blocks at (4,216) and (321,73) to characterize delay (setting to inf)
Warning 3003: Unable to route between blocks at (4,216) and (321,74) to characterize delay (setting to inf)
Warning 3004: Unable to route between blocks at (4,216) and (321,75) to characterize delay (setting to inf)
Warning 3005: Unable to route between blocks at (4,216) and (321,76) to characterize delay (setting to inf)
Warning 3006: Unable to route between blocks at (4,216) and (321,77) to characterize delay (setting to inf)
Warning 3007: Unable to route between blocks at (4,216) and (321,78) to characterize delay (setting to inf)
Warning 3008: Unable to route between blocks at (4,216) and (321,79) to characterize delay (setting to inf)
Warning 3009: Unable to route between blocks at (4,216) and (321,80) to characterize delay (setting to inf)
Warning 3010: Unable to route between blocks at (4,216) and (321,81) to characterize delay (setting to inf)
Warning 3011: Unable to route between blocks at (4,216) and (321,82) to characterize delay (setting to inf)
Warning 3012: Unable to route between blocks at (4,216) and (321,83) to characterize delay (setting to inf)
Warning 3013: Unable to route between blocks at (4,216) and (321,84) to characterize delay (setting to inf)
Warning 3014: Unable to route between blocks at (4,216) and (321,85) to characterize delay (setting to inf)
Warning 3015: Unable to route between blocks at (4,216) and (321,86) to characterize delay (setting to inf)
Warning 3016: Unable to route between blocks at (4,216) and (321,87) to characterize delay (setting to inf)
Warning 3017: Unable to route between blocks at (4,216) and (321,88) to characterize delay (setting to inf)
Warning 3018: Unable to route between blocks at (4,216) and (321,89) to characterize delay (setting to inf)
Warning 3019: Unable to route between blocks at (4,216) and (321,90) to characterize delay (setting to inf)
Warning 3020: Unable to route between blocks at (4,216) and (321,91) to characterize delay (setting to inf)
Warning 3021: Unable to route between blocks at (4,216) and (321,92) to characterize delay (setting to inf)
Warning 3022: Unable to route between blocks at (4,216) and (321,93) to characterize delay (setting to inf)
Warning 3023: Unable to route between blocks at (4,216) and (321,94) to characterize delay (setting to inf)
Warning 3024: Unable to route between blocks at (4,216) and (321,95) to characterize delay (setting to inf)
Warning 3025: Unable to route between blocks at (4,216) and (321,96) to characterize delay (setting to inf)
Warning 3026: Unable to route between blocks at (4,216) and (321,97) to characterize delay (setting to inf)
Warning 3027: Unable to route between blocks at (4,216) and (321,98) to characterize delay (setting to inf)
Warning 3028: Unable to route between blocks at (4,216) and (321,99) to characterize delay (setting to inf)
Warning 3029: Unable to route between blocks at (4,216) and (321,100) to characterize delay (setting to inf)
Warning 3030: Unable to route between blocks at (4,216) and (321,101) to characterize delay (setting to inf)
Warning 3031: Unable to route between blocks at (4,216) and (321,102) to characterize delay (setting to inf)
Warning 3032: Unable to route between blocks at (4,216) and (321,103) to characterize delay (setting to inf)
Warning 3033: Unable to route between blocks at (4,216) and (321,104) to characterize delay (setting to inf)
Warning 3034: Unable to route between blocks at (4,216) and (321,105) to characterize delay (setting to inf)
Warning 3035: Unable to route between blocks at (4,216) and (321,106) to characterize delay (setting to inf)
Warning 3036: Unable to route between blocks at (4,216) and (321,107) to characterize delay (setting to inf)
Warning 3037: Unable to route between blocks at (4,216) and (321,108) to characterize delay (setting to inf)
Warning 3038: Unable to route between blocks at (4,216) and (321,109) to characterize delay (setting to inf)
Warning 3039: Unable to route between blocks at (4,216) and (321,110) to characterize delay (setting to inf)
Warning 3040: Unable to route between blocks at (4,216) and (321,111) to characterize delay (setting to inf)
Warning 3041: Unable to route between blocks at (4,216) and (321,112) to characterize delay (setting to inf)
Warning 3042: Unable to route between blocks at (4,216) and (321,113) to characterize delay (setting to inf)
Warning 3043: Unable to route between blocks at (4,216) and (321,114) to characterize delay (setting to inf)
Warning 3044: Unable to route between blocks at (4,216) and (321,115) to characterize delay (setting to inf)
Warning 3045: Unable to route between blocks at (4,216) and (321,116) to characterize delay (setting to inf)
Warning 3046: Unable to route between blocks at (4,216) and (321,117) to characterize delay (setting to inf)
Warning 3047: Unable to route between blocks at (4,216) and (321,118) to characterize delay (setting to inf)
Warning 3048: Unable to route between blocks at (4,216) and (321,119) to characterize delay (setting to inf)
Warning 3049: Unable to route between blocks at (4,216) and (321,120) to characterize delay (setting to inf)
Warning 3050: Unable to route between blocks at (4,216) and (321,121) to characterize delay (setting to inf)
Warning 3051: Unable to route between blocks at (4,216) and (321,122) to characterize delay (setting to inf)
Warning 3052: Unable to route between blocks at (4,216) and (321,123) to characterize delay (setting to inf)
Warning 3053: Unable to route between blocks at (4,216) and (321,124) to characterize delay (setting to inf)
Warning 3054: Unable to route between blocks at (4,216) and (321,125) to characterize delay (setting to inf)
Warning 3055: Unable to route between blocks at (4,216) and (321,126) to characterize delay (setting to inf)
Warning 3056: Unable to route between blocks at (4,216) and (321,127) to characterize delay (setting to inf)
Warning 3057: Unable to route between blocks at (4,216) and (321,128) to characterize delay (setting to inf)
Warning 3058: Unable to route between blocks at (4,216) and (321,129) to characterize delay (setting to inf)
Warning 3059: Unable to route between blocks at (4,216) and (321,130) to characterize delay (setting to inf)
Warning 3060: Unable to route between blocks at (4,216) and (321,131) to characterize delay (setting to inf)
Warning 3061: Unable to route between blocks at (4,216) and (321,132) to characterize delay (setting to inf)
Warning 3062: Unable to route between blocks at (4,216) and (321,133) to characterize delay (setting to inf)
Warning 3063: Unable to route between blocks at (4,216) and (321,134) to characterize delay (setting to inf)
Warning 3064: Unable to route between blocks at (4,216) and (321,135) to characterize delay (setting to inf)
Warning 3065: Unable to route between blocks at (4,216) and (321,136) to characterize delay (setting to inf)
Warning 3066: Unable to route between blocks at (4,216) and (321,137) to characterize delay (setting to inf)
Warning 3067: Unable to route between blocks at (4,216) and (321,138) to characterize delay (setting to inf)
Warning 3068: Unable to route between blocks at (4,216) and (321,139) to characterize delay (setting to inf)
Warning 3069: Unable to route between blocks at (4,216) and (321,140) to characterize delay (setting to inf)
Warning 3070: Unable to route between blocks at (4,216) and (321,141) to characterize delay (setting to inf)
Warning 3071: Unable to route between blocks at (4,216) and (321,142) to characterize delay (setting to inf)
Warning 3072: Unable to route between blocks at (4,216) and (321,143) to characterize delay (setting to inf)
Warning 3073: Unable to route between blocks at (4,216) and (321,144) to characterize delay (setting to inf)
Warning 3074: Unable to route between blocks at (4,216) and (321,145) to characterize delay (setting to inf)
Warning 3075: Unable to route between blocks at (4,216) and (321,146) to characterize delay (setting to inf)
Warning 3076: Unable to route between blocks at (4,216) and (321,147) to characterize delay (setting to inf)
Warning 3077: Unable to route between blocks at (4,216) and (321,148) to characterize delay (setting to inf)
Warning 3078: Unable to route between blocks at (4,216) and (321,149) to characterize delay (setting to inf)
Warning 3079: Unable to route between blocks at (4,216) and (321,150) to characterize delay (setting to inf)
Warning 3080: Unable to route between blocks at (4,216) and (321,151) to characterize delay (setting to inf)
Warning 3081: Unable to route between blocks at (4,216) and (321,152) to characterize delay (setting to inf)
Warning 3082: Unable to route between blocks at (4,216) and (321,153) to characterize delay (setting to inf)
Warning 3083: Unable to route between blocks at (4,216) and (321,154) to characterize delay (setting to inf)
Warning 3084: Unable to route between blocks at (4,216) and (321,155) to characterize delay (setting to inf)
Warning 3085: Unable to route between blocks at (4,216) and (321,156) to characterize delay (setting to inf)
Warning 3086: Unable to route between blocks at (4,216) and (321,157) to characterize delay (setting to inf)
Warning 3087: Unable to route between blocks at (4,216) and (321,158) to characterize delay (setting to inf)
Warning 3088: Unable to route between blocks at (4,216) and (321,159) to characterize delay (setting to inf)
Warning 3089: Unable to route between blocks at (4,216) and (321,160) to characterize delay (setting to inf)
Warning 3090: Unable to route between blocks at (4,216) and (321,161) to characterize delay (setting to inf)
Warning 3091: Unable to route between blocks at (4,216) and (321,162) to characterize delay (setting to inf)
Warning 3092: Unable to route between blocks at (4,216) and (321,163) to characterize delay (setting to inf)
Warning 3093: Unable to route between blocks at (4,216) and (321,164) to characterize delay (setting to inf)
Warning 3094: Unable to route between blocks at (4,216) and (321,165) to characterize delay (setting to inf)
Warning 3095: Unable to route between blocks at (4,216) and (321,166) to characterize delay (setting to inf)
Warning 3096: Unable to route between blocks at (4,216) and (321,167) to characterize delay (setting to inf)
Warning 3097: Unable to route between blocks at (4,216) and (321,168) to characterize delay (setting to inf)
Warning 3098: Unable to route between blocks at (4,216) and (321,169) to characterize delay (setting to inf)
Warning 3099: Unable to route between blocks at (4,216) and (321,170) to characterize delay (setting to inf)
Warning 3100: Unable to route between blocks at (4,216) and (321,171) to characterize delay (setting to inf)
Warning 3101: Unable to route between blocks at (4,216) and (321,172) to characterize delay (setting to inf)
Warning 3102: Unable to route between blocks at (4,216) and (321,173) to characterize delay (setting to inf)
Warning 3103: Unable to route between blocks at (4,216) and (321,174) to characterize delay (setting to inf)
Warning 3104: Unable to route between blocks at (4,216) and (321,175) to characterize delay (setting to inf)
Warning 3105: Unable to route between blocks at (4,216) and (321,176) to characterize delay (setting to inf)
Warning 3106: Unable to route between blocks at (4,216) and (321,177) to characterize delay (setting to inf)
Warning 3107: Unable to route between blocks at (4,216) and (321,178) to characterize delay (setting to inf)
Warning 3108: Unable to route between blocks at (4,216) and (321,179) to characterize delay (setting to inf)
Warning 3109: Unable to route between blocks at (4,216) and (321,180) to characterize delay (setting to inf)
Warning 3110: Unable to route between blocks at (4,216) and (321,181) to characterize delay (setting to inf)
Warning 3111: Unable to route between blocks at (4,216) and (321,182) to characterize delay (setting to inf)
Warning 3112: Unable to route between blocks at (4,216) and (321,183) to characterize delay (setting to inf)
Warning 3113: Unable to route between blocks at (4,216) and (321,184) to characterize delay (setting to inf)
Warning 3114: Unable to route between blocks at (4,216) and (321,185) to characterize delay (setting to inf)
Warning 3115: Unable to route between blocks at (4,216) and (321,186) to characterize delay (setting to inf)
Warning 3116: Unable to route between blocks at (4,216) and (321,187) to characterize delay (setting to inf)
Warning 3117: Unable to route between blocks at (4,216) and (321,188) to characterize delay (setting to inf)
Warning 3118: Unable to route between blocks at (4,216) and (321,189) to characterize delay (setting to inf)
Warning 3119: Unable to route between blocks at (4,216) and (321,190) to characterize delay (setting to inf)
Warning 3120: Unable to route between blocks at (4,216) and (321,191) to characterize delay (setting to inf)
Warning 3121: Unable to route between blocks at (4,216) and (321,192) to characterize delay (setting to inf)
Warning 3122: Unable to route between blocks at (4,216) and (321,193) to characterize delay (setting to inf)
Warning 3123: Unable to route between blocks at (4,216) and (321,194) to characterize delay (setting to inf)
Warning 3124: Unable to route between blocks at (4,216) and (321,195) to characterize delay (setting to inf)
Warning 3125: Unable to route between blocks at (4,216) and (321,196) to characterize delay (setting to inf)
Warning 3126: Unable to route between blocks at (4,216) and (321,197) to characterize delay (setting to inf)
Warning 3127: Unable to route between blocks at (4,216) and (321,198) to characterize delay (setting to inf)
Warning 3128: Unable to route between blocks at (4,216) and (321,199) to characterize delay (setting to inf)
Warning 3129: Unable to route between blocks at (4,216) and (321,200) to characterize delay (setting to inf)
Warning 3130: Unable to route between blocks at (4,216) and (321,201) to characterize delay (setting to inf)
Warning 3131: Unable to route between blocks at (4,216) and (321,202) to characterize delay (setting to inf)
Warning 3132: Unable to route between blocks at (4,216) and (321,203) to characterize delay (setting to inf)
Warning 3133: Unable to route between blocks at (4,216) and (321,204) to characterize delay (setting to inf)
Warning 3134: Unable to route between blocks at (4,216) and (321,205) to characterize delay (setting to inf)
Warning 3135: Unable to route between blocks at (4,216) and (321,206) to characterize delay (setting to inf)
Warning 3136: Unable to route between blocks at (4,216) and (321,207) to characterize delay (setting to inf)
Warning 3137: Unable to route between blocks at (4,216) and (321,208) to characterize delay (setting to inf)
Warning 3138: Unable to route between blocks at (4,216) and (321,209) to characterize delay (setting to inf)
Warning 3139: Unable to route between blocks at (4,216) and (321,210) to characterize delay (setting to inf)
Warning 3140: Unable to route between blocks at (4,216) and (321,211) to characterize delay (setting to inf)
Warning 3141: Unable to route between blocks at (4,216) and (321,212) to characterize delay (setting to inf)
Warning 3142: Unable to route between blocks at (4,216) and (321,213) to characterize delay (setting to inf)
Warning 3143: Unable to route between blocks at (4,216) and (321,214) to characterize delay (setting to inf)
Warning 3144: Unable to route between blocks at (4,216) and (321,215) to characterize delay (setting to inf)
Warning 3145: Unable to route between blocks at (4,216) and (321,216) to characterize delay (setting to inf)
## Computing delta delays took 19065.01 seconds (max_rss 16979.1 MiB, delta_rss +0.0 MiB)
# Computing placement delta delay look-up took 19066.10 seconds (max_rss 16979.1 MiB, delta_rss +0.0 MiB)

Bounding box mode is Cube

# Placement
## Initial Placement
Initial placement iteration 0 has finished successfully
## Initial Placement took 0.47 seconds (max_rss 16979.1 MiB, delta_rss +0.0 MiB)
Using simple RL 'Softmax agent' for choosing move and block types

There are 815079 point to point connections in this circuit.


BB estimate of min-dist (placement) wire length: 61456673

Completed placement consistency check successfully.
Initial placement cost: 1 bb_cost: 204856 td_cost: 0.00112461
Initial placement estimated Critical Path Delay (CPD): 136.58 ns
Initial placement estimated setup Total Negative Slack (sTNS): -1.27621e+07 ns
Initial placement estimated setup Worst Negative Slack (sWNS): -134.08 ns

Initial placement estimated setup slack histogram:
[ -1.3e-07: -1.2e-07)   223 (  0.1%) |
[ -1.2e-07: -1.1e-07)  4288 (  1.2%) |**
[ -1.1e-07: -9.3e-08) 19708 (  5.7%) |**********
[ -9.3e-08:   -8e-08) 31731 (  9.2%) |***************
[   -8e-08: -6.6e-08) 25970 (  7.5%) |*************
[ -6.6e-08: -5.2e-08) 17563 (  5.1%) |*********
[ -5.2e-08: -3.9e-08) 22177 (  6.4%) |***********
[ -3.9e-08: -2.5e-08) 57502 ( 16.6%) |****************************
[ -2.5e-08: -1.1e-08) 74872 ( 21.6%) |************************************
[ -1.1e-08:  2.1e-09) 92444 ( 26.7%) |*********************************************
Placement contains 300 placement macros involving 1400 blocks (average macro size 4.666667)

Moves per temperature: 491672
Warning 3146: Starting t: 11015 of 31235 configurations accepted.

---- ------ ------- ------- ---------- ---------- ------- ---------- -------- ------- ------- ------ -------- --------- ------
Tnum   Time       T Av Cost Av BB Cost Av TD Cost     CPD       sTNS     sWNS Ac Rate Std Dev  R lim Crit Exp Tot Moves  Alpha
      (sec)                                          (ns)       (ns)     (ns)                                                 
---- ------ ------- ------- ---------- ---------- ------- ---------- -------- ------- ------- ------ -------- --------- ------
   1   51.0 5.8e-04   1.131  208008.31 0.0011882  112.145   -1.1e+07 -109.645   0.984  0.0171  321.0     1.00    491672  0.200
   2   50.8 2.9e-04   0.970  207791.98 0.0012721  134.587  -1.48e+07 -132.087   0.974  0.0049  321.0     1.00    983344  0.500
   3   52.5 1.4e-04   0.967  205216.41 0.001118   147.183  -1.45e+07 -144.683   0.948  0.0050  321.0     1.00   1475016  0.500
   4   51.7 1.3e-04   0.973  204075.03 0.001227   129.514  -1.41e+07 -127.014   0.941  0.0048  321.0     1.00   1966688  0.900
   5   55.6 1.2e-04   0.975  203104.35 0.001222   128.156   -1.4e+07 -125.656   0.934  0.0039  321.0     1.00   2458360  0.900
   6   53.0 1.1e-04   0.974  202430.27 0.0011888  131.178   -1.4e+07 -128.678   0.927  0.0041  321.0     1.00   2950032  0.900
   7   57.8 9.5e-05   0.971  201463.15 0.0012488  122.767  -1.39e+07 -120.267   0.920  0.0048  321.0     1.00   3441704  0.900
   8   53.4 8.6e-05   0.974  200072.97 0.001243   119.766  -1.35e+07 -117.266   0.911  0.0050  321.0     1.00   3933376  0.900
   9   57.6 7.7e-05   0.969  198154.70 0.0011704  125.207  -1.35e+07 -122.707   0.900  0.0063  321.0     1.00   4425048  0.900
  10   53.4 6.9e-05   0.971  196742.30 0.0010937  130.595  -1.33e+07 -128.095   0.888  0.0049  321.0     1.00   4916720  0.900
  11   52.0 6.2e-05   0.965  194851.44 0.0010934  127.966  -1.32e+07 -125.466   0.876  0.0068  321.0     1.00   5408392  0.900
  12   52.1 5.6e-05   0.960  192921.85 0.0010654  128.012  -1.31e+07 -125.512   0.863  0.0085  321.0     1.00   5900064  0.900
  13   57.3 5.1e-05   0.963  190499.38 0.0011577  112.915  -1.27e+07 -110.415   0.847  0.0090  321.0     1.00   6391736  0.900
  14   55.6 4.6e-05   0.948  185149.11 0.0010723  114.024  -1.25e+07 -111.524   0.824  0.0155  321.0     1.00   6883408  0.900
  15   54.2 4.1e-05   0.950  180086.95 0.00092021 122.246  -1.18e+07 -119.746   0.801  0.0153  321.0     1.00   7375080  0.900
  16   56.1 3.7e-05   0.928  170579.82 0.00092895 106.778  -1.11e+07 -104.278   0.775  0.0221  321.0     1.00   7866752  0.900
  17   59.1 3.5e-05   0.915  158755.30 0.00080146 104.291  -1.03e+07 -101.791   0.749  0.0288  321.0     1.00   8358424  0.950
  18   57.6 3.3e-05   0.898  144785.59 0.00071836  94.047  -9.24e+06  -91.547   0.724  0.0388  321.0     1.00   8850096  0.950
  19   65.5 3.2e-05   0.883  128240.69 0.00057558  91.187  -8.09e+06  -88.687   0.698  0.0460  321.0     1.00   9341768  0.950
  20   51.3 3.0e-05   0.853  108764.09 0.00041628  92.161  -7.13e+06  -89.661   0.674  0.0532  321.0     1.00   9833440  0.950
  21   50.6 2.9e-05   0.836   88675.25 0.00038069  70.088  -5.82e+06  -67.588   0.653  0.0625  321.0     1.00  10325112  0.950
  22   50.8 2.7e-05   0.849   71627.60 0.00035427  51.708  -4.69e+06  -49.208   0.634  0.0559  321.0     1.00  10816784  0.950
  23   52.7 2.6e-05   0.878   59818.67 0.00028979  46.798  -3.79e+06  -44.298   0.618  0.0459  321.0     1.00  11308456  0.950
  24   57.7 2.4e-05   0.910   52269.97 0.00028607  37.895  -3.24e+06  -35.395   0.603  0.0315  321.0     1.00  11800128  0.950
  25   57.8 2.3e-05   0.931   47921.78 0.00023961  39.953  -2.97e+06  -37.453   0.592  0.0261  321.0     1.00  12291800  0.950
  26   50.0 2.2e-05   0.940   44573.26 0.00024864  34.861  -2.77e+06  -32.361   0.582  0.0217  321.0     1.00  12783472  0.950
  27   50.4 2.1e-05   0.952   42088.40 0.00022758  35.061  -2.59e+06  -32.561   0.574  0.0169  321.0     1.00  13275144  0.950
  28   51.6 2.0e-05   0.963   40573.76 0.00021406  35.217  -2.43e+06  -32.717   0.566  0.0143  321.0     1.00  13766816  0.950
  29   49.6 1.9e-05   0.965   39165.90 0.00020031  35.874  -2.37e+06  -33.374   0.558  0.0126  321.0     1.00  14258488  0.950
  30   49.8 1.8e-05   0.969   38093.09 0.00019632  35.773  -2.35e+06  -33.273   0.548  0.0104  321.0     1.00  14750160  0.950
  31   49.1 1.7e-05   0.967   37107.03 0.00019699  34.602   -2.3e+06  -32.102   0.541  0.0118  321.0     1.00  15241832  0.950
  32   49.8 1.6e-05   0.973   36091.51 0.0002079   31.471  -2.22e+06  -28.971   0.532  0.0099  321.0     1.00  15733504  0.950
  33   54.1 1.5e-05   0.974   35341.70 0.00020612  31.093  -2.16e+06  -28.593   0.527  0.0091  321.0     1.00  16225176  0.950
  34   49.2 1.5e-05   0.973   34480.73 0.00019898  31.457  -2.15e+06  -28.957   0.518  0.0090  321.0     1.00  16716848  0.950
  35   53.7 1.4e-05   0.971   33778.40 0.0001844   33.262  -2.15e+06  -30.762   0.511  0.0093  321.0     1.00  17208520  0.950
  36   54.7 1.3e-05   0.972   33027.99 0.00016921  35.524  -2.12e+06  -33.024   0.501  0.0096  321.0     1.00  17700192  0.950
  37   50.6 1.3e-05   0.977   32449.51 0.00017248  33.856  -2.03e+06  -31.356   0.493  0.0079  321.0     1.00  18191864  0.950
  38   49.7 1.2e-05   0.976   31764.81 0.00017039  33.748  -2.04e+06  -31.248   0.483  0.0092  321.0     1.00  18683536  0.950
  39   48.5 1.1e-05   0.976   31037.70 0.00018992  29.448     -2e+06  -26.948   0.477  0.0076  321.0     1.00  19175208  0.950
  40   51.7 1.1e-05   0.976   30391.23 0.00016214  33.996  -1.96e+06  -31.496   0.466  0.0082  321.0     1.00  19666880  0.950
  41   47.6 1.0e-05   0.978   29795.33 0.00017516  30.740  -1.92e+06  -28.240   0.458  0.0086  321.0     1.00  20158552  0.950
  42   48.2 9.7e-06   0.979   29172.02 0.0001745   30.162  -1.88e+06  -27.662   0.448  0.0071  321.0     1.00  20650224  0.950
  43   48.4 9.2e-06   0.979   28634.12 0.00016823  30.940  -1.88e+06  -28.440   0.440  0.0077  321.0     1.00  21141896  0.950
  44   50.7 8.8e-06   0.982   28069.17 0.0001691   30.216  -1.86e+06  -27.716   0.430  0.0061  320.9     1.00  21633568  0.950
  45   50.0 8.3e-06   0.980   27649.46 0.00014968  30.857  -1.84e+06  -28.357   0.422  0.0068  317.6     1.07  22125240  0.950
  46   47.1 7.9e-06   0.980   27175.63 0.00011938  32.544  -1.82e+06  -30.044   0.406  0.0063  311.9     1.20  22616912  0.950
  47   46.9 7.5e-06   0.980   26838.04 9.4033e-05  31.368  -1.79e+06  -28.868   0.396  0.0063  301.3     1.43  23108584  0.950
  48   47.0 7.1e-06   0.980   26487.16 6.8992e-05  30.883  -1.76e+06  -28.383   0.379  0.0082  288.0     1.72  23600256  0.950
  49   45.4 6.8e-06   0.978   26151.55 5.4833e-05  28.165  -1.74e+06  -25.665   0.367  0.0078  270.4     2.11  24091928  0.950
  50   45.7 6.4e-06   0.979   25954.10 3.6398e-05  28.151  -1.72e+06  -25.651   0.352  0.0064  250.7     2.54  24583600  0.950
  51   46.2 6.1e-06   0.974   25851.94 1.2092e-05  35.555  -1.71e+06  -33.055   0.340  0.0072  228.7     3.02  25075272  0.950
  52   47.2 5.8e-06   0.962   25708.86 1.5653e-05  28.255  -1.69e+06  -25.755   0.328  0.0107  205.8     3.52  25566944  0.950
  53   45.5 5.5e-06   0.950   25770.45 9.9853e-06  28.851  -1.69e+06  -26.351   0.320  0.0160  182.8     4.02  26058616  0.950
  54   46.4 5.2e-06   0.923   25771.52 4.9657e-06  31.353  -1.69e+06  -28.853   0.314  0.0226  160.9     4.50  26550288  0.950
  55   45.9 5.0e-06   0.889   25931.65 1.9865e-06  36.267   -1.7e+06  -33.767   0.315  0.0288  140.7     4.94  27041960  0.950
  56   47.3 4.7e-06   0.868   25789.83 2.7886e-06  31.651  -1.71e+06  -29.151   0.307  0.0318  123.1     5.33  27533632  0.950
  57   54.0 4.5e-06   0.849   26023.12 1.461e-06   35.235  -1.72e+06  -32.735   0.307  0.0406  106.7     5.69  28025304  0.950
  58   50.6 4.3e-06   0.839   25876.29 1.704e-06   32.581  -1.75e+06  -30.081   0.299  0.0447   92.5     6.00  28516976  0.950
  59   47.5 4.1e-06   0.810   25781.24 9.2654e-07  36.808  -1.75e+06  -34.308   0.300  0.0498   79.4     6.28  29008648  0.950
  60   47.7 3.9e-06   0.812   25621.22 1.5704e-06  32.139  -1.79e+06  -29.639   0.281  0.0454   68.3     6.53  29500320  0.950
  61   49.1 3.7e-06   0.799   25591.94 9.2736e-07  34.924  -1.74e+06  -32.424   0.283  0.0566   57.4     6.77  29991992  0.950
  62   59.6 3.5e-06   0.795   25123.55 1.3321e-06  31.709  -1.78e+06  -29.209   0.272  0.0503   48.4     6.96  30483664  0.950
  63   46.5 3.3e-06   0.832   23877.26 9.2272e-07  35.668  -1.72e+06  -33.168   0.489  0.0802   40.3     7.14  30975336  0.950
  64   46.8 3.1e-06   0.883   22735.35 1.7168e-06  28.335  -1.69e+06  -25.835   0.440  0.0465   42.3     7.10  31467008  0.950
  65   49.7 3.0e-06   0.914   22254.00 2.0909e-06  27.189  -1.62e+06  -24.689   0.423  0.0363   42.3     7.10  31958680  0.950
  66   45.7 2.8e-06   0.931   21942.51 1.5804e-06  27.693  -1.62e+06  -25.193   0.403  0.0278   41.6     7.11  32450352  0.950
  67   54.3 2.7e-06   0.929   21855.62 1.4002e-06  28.277  -1.59e+06  -25.777   0.394  0.0345   40.0     7.15  32942024  0.950
  68   45.7 2.6e-06   0.912   21704.69 1.255e-06   28.258  -1.58e+06  -25.758   0.384  0.0384   38.2     7.19  33433696  0.950
  69   44.5 2.4e-06   0.921   21563.21 1.2731e-06  28.981  -1.59e+06  -26.481   0.378  0.0394   36.1     7.23  33925368  0.950
  70   53.0 2.3e-06   0.882   21395.22 1.271e-06   29.041   -1.6e+06  -26.541   0.374  0.0466   33.8     7.28  34417040  0.950
  71   44.6 2.2e-06   0.919   21303.20 2.274e-06   25.868  -1.59e+06  -23.368   0.350  0.0304   31.6     7.33  34908712  0.950
  72   44.7 2.1e-06   0.932   21175.66 1.4064e-06  27.853  -1.57e+06  -25.353   0.344  0.0334   28.8     7.39  35400384  0.950
  73   45.3 2.0e-06   0.910   21184.54 1.0667e-06  28.230  -1.55e+06  -25.730   0.331  0.0394   26.0     7.45  35892056  0.950
  74   44.4 1.9e-06   0.927   21035.01 9.5391e-07  29.274  -1.57e+06  -26.774   0.325  0.0341   23.2     7.52  36383728  0.950
  75   43.9 1.8e-06   0.927   20971.73 1.2815e-06  27.312  -1.55e+06  -24.812   0.312  0.0318   20.5     7.57  36875400  0.950
  76   44.2 1.7e-06   0.922   20883.83 1.531e-06   26.359  -1.56e+06  -23.859   0.303  0.0368   17.9     7.63  37367072  0.950
  77   50.0 1.6e-06   0.902   20758.28 7.8961e-07  29.264  -1.55e+06  -26.764   0.298  0.0425   15.4     7.68  37858744  0.950
  78   51.7 1.5e-06   0.940   20631.56 1.0411e-06  27.966  -1.55e+06  -25.466   0.286  0.0254   13.2     7.73  38350416  0.950
  79   48.4 1.5e-06   0.920   20578.10 1.5915e-06  25.536  -1.53e+06  -23.036   0.273  0.0277   11.2     7.78  38842088  0.950
  80   44.4 1.4e-06   0.948   20462.68 1.4621e-06  26.397  -1.55e+06  -23.897   0.270  0.0234    9.3     7.82  39333760  0.950
  81   50.9 1.3e-06   0.939   20440.58 1.0121e-06  26.582  -1.53e+06  -24.082   0.257  0.0230    7.7     7.85  39825432  0.950
  82   55.6 1.2e-06   0.929   20357.15 1.0301e-06  26.472  -1.52e+06  -23.972   0.253  0.0318    6.3     7.88  40317104  0.950
  83   45.1 1.2e-06   0.921   20325.58 6.7456e-07  27.767  -1.51e+06  -25.267   0.246  0.0311    5.1     7.91  40808776  0.950
  84   44.1 1.1e-06   0.937   20224.13 1.3927e-06  25.562  -1.53e+06  -23.062   0.247  0.0228    4.1     7.93  41300448  0.950
  85   44.0 1.1e-06   0.949   20207.37 7.1443e-07  27.325  -1.51e+06  -24.825   0.244  0.0221    3.3     7.95  41792120  0.950
  86   46.3 1.0e-06   0.963   20110.88 2.1651e-06  23.168  -1.52e+06  -20.668   0.317  0.0157    2.7     7.96  42283792  0.950
  87   48.4 9.7e-07   0.963   19998.88 1.0254e-06  25.692   -1.5e+06  -23.192   0.306  0.0153    2.4     7.97  42775464  0.950
  88   53.9 9.2e-07   0.961   19923.62 2.0893e-06  23.164  -1.51e+06  -20.664   0.286  0.0164    2.0     7.98  43267136  0.950
  89   46.6 8.7e-07   0.973   19847.14 1.6101e-06  23.813   -1.5e+06  -21.313   0.398  0.0110    1.7     7.98  43758808  0.950
  90   47.0 8.3e-07   0.982   19777.23 2.3958e-06  22.516  -1.49e+06  -20.016   0.383  0.0074    1.7     7.99  44250480  0.950
  91   40.8 7.9e-07   0.989   19741.60 2.3827e-06  22.397  -1.49e+06  -19.897   0.362  0.0045    1.6     7.99  44742152  0.950
  92   42.8 7.5e-07   0.988   19722.24 2.3361e-06  22.397  -1.49e+06  -19.897   0.348  0.0054    1.4     7.99  45233824  0.950
  93   40.5 7.1e-07   0.984   19694.81 2.3377e-06  22.397  -1.49e+06  -19.897   0.335  0.0069    1.3     7.99  45725496  0.950
  94   46.3 6.7e-07   0.984   19654.00 2.3539e-06  22.397  -1.48e+06  -19.897   0.322  0.0079    1.2     8.00  46217168  0.950
  95   56.1 6.4e-07   0.985   19626.18 2.3153e-06  22.397  -1.49e+06  -19.897   0.307  0.0067    1.0     8.00  46708840  0.950
  96   40.3 6.1e-07   0.988   19600.37 2.278e-06   22.397  -1.49e+06  -19.897   0.293  0.0062    1.0     8.00  47200512  0.950
  97   40.7 5.8e-07   0.987   19576.00 2.2951e-06  22.397  -1.48e+06  -19.897   0.281  0.0060    1.0     8.00  47692184  0.950
  98   39.9 5.5e-07   0.987   19547.85 2.2559e-06  22.397  -1.49e+06  -19.897   0.269  0.0055    1.0     8.00  48183856  0.950
  99   39.9 5.2e-07   0.988   19537.23 2.2809e-06  22.397  -1.48e+06  -19.897   0.257  0.0053    1.0     8.00  48675528  0.950
 100   39.6 5.0e-07   0.986   19501.21 2.2412e-06  22.397  -1.48e+06  -19.897   0.247  0.0065    1.0     8.00  49167200  0.950
 101   39.3 4.7e-07   0.991   19492.55 2.226e-06   22.397  -1.48e+06  -19.897   0.231  0.0031    1.0     8.00  49658872  0.950
 102   39.7 4.5e-07   0.990   19489.65 2.2044e-06  22.397  -1.48e+06  -19.897   0.221  0.0051    1.0     8.00  50150544  0.950
 103   39.3 4.3e-07   0.988   19460.50 2.2176e-06  22.397  -1.48e+06  -19.897   0.210  0.0045    1.0     8.00  50642216  0.950
 104   44.0 4.0e-07   0.990   19437.24 2.2178e-06  22.397  -1.47e+06  -19.897   0.198  0.0049    1.0     8.00  51133888  0.950
 105   44.4 3.8e-07   0.989   19410.66 2.2233e-06  22.397  -1.47e+06  -19.897   0.187  0.0047    1.0     8.00  51625560  0.950
 106   44.3 3.6e-07   0.990   19403.91 2.2068e-06  22.397  -1.48e+06  -19.897   0.178  0.0049    1.0     8.00  52117232  0.950
 107   40.8 3.5e-07   0.987   19398.89 2.2114e-06  22.397  -1.48e+06  -19.897   0.167  0.0046    1.0     8.00  52608904  0.950
 108   39.6 3.3e-07   0.991   19384.07 2.2158e-06  22.397  -1.47e+06  -19.897   0.158  0.0048    1.0     8.00  53100576  0.950
 109   39.3 3.1e-07   0.991   19369.50 2.2264e-06  22.397  -1.47e+06  -19.897   0.149  0.0037    1.0     8.00  53592248  0.950
 110   39.7 2.5e-07   0.991   19338.40 2.1856e-06  22.397  -1.47e+06  -19.897   0.119  0.0035    1.0     8.00  54083920  0.800
Agent's 2nd state: 
Checkpoint saved: bb_costs=19314.1, TD costs=2.24028e-06, CPD= 22.397 (ns) 
 111   36.8 2.0e-07   0.991   19305.33 2.1997e-06  22.397  -1.47e+06  -19.897   0.070  0.0036    1.0     8.00  54575592  0.800
 112   39.3 1.6e-07   0.996   19283.00 2.0894e-06  22.496  -1.47e+06  -19.996   0.053  0.0020    1.0     8.00  55067264  0.800
 113   37.5 1.3e-07   0.966   19301.77 1.5976e-06  23.407  -1.47e+06  -20.907   0.042  0.0025    1.0     8.00  55558936  0.800
 114   47.8 1.0e-07   0.958   19292.56 4.3525e-07  28.898  -1.47e+06  -26.398   0.038  0.0074    1.0     8.00  56050608  0.800
 115   37.0 8.2e-08   0.908   19300.09 9.193e-07   26.151  -1.48e+06  -23.651   0.031  0.0064    1.0     8.00  56542280  0.800
 116   34.9 6.6e-08   0.950   19299.73 3.8724e-07  29.100  -1.47e+06  -26.600   0.025  0.0025    1.0     8.00  57033952  0.800
 117   35.8 5.2e-08   0.921   19338.75 1.1123e-06  25.532  -1.48e+06  -23.032   0.021  0.0072    1.0     8.00  57525624  0.800
 118   35.6 4.2e-08   0.944   19331.03 3.8913e-07  29.386  -1.47e+06  -26.886   0.018  0.0078    1.0     8.00  58017296  0.800
 119   42.4 3.4e-08   0.917   19309.90 7.2122e-07  27.569  -1.49e+06  -25.069   0.016  0.0055    1.0     8.00  58508968  0.800
 120   38.1 2.7e-08   0.943   19333.66 1.5737e-06  24.851  -1.51e+06  -22.351   0.015  0.0055    1.0     8.00  59000640  0.800
 121   36.7 2.1e-08   0.948   19319.96 4.1176e-07  29.389  -1.49e+06  -26.889   0.013  0.0084    1.0     8.00  59492312  0.800
 122   35.4 0.0e+00   0.919   19357.03 9.9937e-07  25.970  -1.49e+06  -23.470   0.007  0.0117    1.0     8.00  59983984  0.800
## Placement Quench took 35.41 seconds (max_rss 16979.1 MiB)
post-quench CPD = 29.3285 (ns) 

Checkpoint restored

BB estimate of min-dist (placement) wire length: 5794230

Completed placement consistency check successfully.

Swaps called: 60015219

Aborted Move Reasons:
  duplicate block move from location: 1
  duplicate block move to location: 1827
  macro_from swap to location illegal: 10381

Placement estimated critical path delay (least slack): 22.3968 ns, Fmax: 44.6491 MHz
Placement estimated setup Worst Negative Slack (sWNS): -19.8968 ns
Placement estimated setup Total Negative Slack (sTNS): -1.46987e+06 ns

Placement estimated setup slack histogram:
[   -2e-08: -1.8e-08)    158 (  0.0%) |
[ -1.8e-08: -1.5e-08)    963 (  0.3%) |
[ -1.5e-08: -1.3e-08)   3006 (  0.9%) |*
[ -1.3e-08: -1.1e-08)  10218 (  2.9%) |****
[ -1.1e-08: -8.9e-09)  33110 (  9.6%) |************
[ -8.9e-09: -6.7e-09)  53387 ( 15.4%) |********************
[ -6.7e-09: -4.5e-09)  50277 ( 14.5%) |*******************
[ -4.5e-09: -2.3e-09)  37721 ( 10.9%) |**************
[ -2.3e-09: -7.3e-11) 116630 ( 33.7%) |********************************************
[ -7.3e-11:  2.1e-09)  41008 ( 11.8%) |***************

Placement estimated geomean non-virtual intra-domain period: 22.3968 ns (44.6491 MHz)
Placement estimated fanout-weighted geomean non-virtual intra-domain period: 22.3968 ns (44.6491 MHz)

Placement cost: 1, bb_cost: 19314.1, td_cost: 2.24028e-06, 

Placement resource usage:
  io   implemented as io_top   : 15
  io   implemented as io_bottom: 269
  clb  implemented as clb      : 30351
  dsp  implemented as dsp      : 400
  bram implemented as bram     : 200

Placement number of temperatures: 122
Placement total # of swap attempts: 60015219
	Swaps accepted: 24788881 (41.3 %)
	Swaps rejected: 35128037 (58.5 %)
	Swaps aborted:    98301 ( 0.2 %)


Placement perturbation distribution by block and move type: 
------------------ ----------------- ---------------- ---------------- --------------- ------------ 
    Block Type         Move Type       (%) of Total      Accepted(%)     Rejected(%)    Aborted(%)
------------------ ----------------- ---------------- ---------------- --------------- ------------ 
io                 Uniform                0.22             73.81           26.19          0.00         
                   Median                 0.22             55.55           7.07           37.38        
                   Centroid               0.22             77.10           11.17          11.73        
                   W. Centroid            0.22             68.25           19.90          11.84        
                   W. Median              0.01             6.31            7.33           86.36        

clb                Uniform                23.27            18.63           81.32          0.05         
                   Median                 23.27            55.65           44.34          0.01         
                   Centroid               23.26            49.51           50.48          0.01         
                   W. Centroid            23.28            49.40           50.59          0.01         
                   W. Median              1.37             4.45            95.55          0.00         
                   Crit. Uniform          1.41             0.15            99.85          0.00         
                   Feasible Region        1.41             0.18            99.68          0.14         

dsp                Uniform                0.31             10.22           89.78          0.00         
                   Median                 0.31             21.66           78.34          0.00         
                   Centroid               0.31             20.96           79.04          0.00         
                   W. Centroid            0.31             21.31           78.69          0.00         
                   W. Median              0.02             1.56            98.44          0.00         

bram               Uniform                0.15             9.82            90.18          0.00         
                   Median                 0.15             22.90           77.10          0.00         
                   Centroid               0.15             20.66           79.34          0.00         
                   W. Centroid            0.15             21.59           78.41          0.00         
                   W. Median              0.01             0.57            99.43          0.00         


Placement Quench timing analysis took 2.80497 seconds (2.18849 STA, 0.61648 slack) (1 full updates: 1 setup, 0 hold, 0 combined).
Placement Total  timing analysis took 360.949 seconds (286.388 STA, 74.5612 slack) (125 full updates: 125 setup, 0 hold, 0 combined).
update_td_costs: connections 0 nets 0 sum_nets 0 total 0
# Placement took 5845.33 seconds (max_rss 16979.1 MiB, delta_rss +0.0 MiB)

Flow timing analysis took 360.949 seconds (286.388 STA, 74.5612 slack) (125 full updates: 125 setup, 0 hold, 0 combined).
VPR succeeded
The entire flow of VPR took 28155.34 seconds (max_rss 16979.1 MiB)
Incr Slack updates 125 in 23.9079 sec
Full Max Req/Worst Slack updates 71 in 5.28171 sec
Incr Max Req/Worst Slack updates 54 in 4.5949 sec
Incr Criticality updates 20 in 4.5139 sec
Full Criticality updates 105 in 30.6581 sec
