#! /opt/iverilog/bin/vvp -v
:ivl_version "13.0 (devel)" "(s20221226-498-g52d049b51)";
:ivl_delay_selection "TYPICAL";
:vpi_time_precision - 12;
:vpi_module "/nfs_eda_sw/softwares/Raptor/instl_dir/11_15_2024_09_15_02/bin/HDL_simulator/iverilog/lib/ivl/system.vpi";
:vpi_module "/nfs_eda_sw/softwares/Raptor/instl_dir/11_15_2024_09_15_02/bin/HDL_simulator/iverilog/lib/ivl/vhdl_sys.vpi";
:vpi_module "/nfs_eda_sw/softwares/Raptor/instl_dir/11_15_2024_09_15_02/bin/HDL_simulator/iverilog/lib/ivl/vhdl_textio.vpi";
:vpi_module "/nfs_eda_sw/softwares/Raptor/instl_dir/11_15_2024_09_15_02/bin/HDL_simulator/iverilog/lib/ivl/v2005_math.vpi";
:vpi_module "/nfs_eda_sw/softwares/Raptor/instl_dir/11_15_2024_09_15_02/bin/HDL_simulator/iverilog/lib/ivl/va_math.vpi";
:vpi_module "/nfs_eda_sw/softwares/Raptor/instl_dir/11_15_2024_09_15_02/bin/HDL_simulator/iverilog/lib/ivl/v2009.vpi";
S_0x19a9b60 .scope package, "$unit" "$unit" 2 1;
 .timescale 0 0;
S_0x18f0610 .scope module, "co_sim_and2" "co_sim_and2" 3 2;
 .timescale -9 -12;
v0x1580fa0_0 .var "a", 0 0;
v0x1581040_0 .var "b", 0 0;
v0x15810e0_0 .net "c", 0 0, L_0x161f840;  1 drivers
v0x1581180_0 .net "c_netlist", 0 0, L_0x13f2040;  1 drivers
v0x13e7720_0 .var "clock0", 0 0;
v0x13e77c0_0 .var "id", 2 0;
v0x13e78b0_0 .var/i "mismatch", 31 0;
E_0x19415e0 .event negedge, v0x1420f30_0;
S_0x19a3c30 .scope task, "compare" "compare" 3 64, 3 64 0, S_0x18f0610;
 .timescale -9 -12;
TD_co_sim_and2.compare ;
    %load/vec4 v0x15810e0_0;
    %load/vec4 v0x1581180_0;
    %cmp/ne;
    %jmp/0xz  T_0.0, 6;
    %vpi_call/w 3 66 "$display", "Data Mismatch: Actual output: %0d, Netlist Output %0d, Time: %0t ", v0x15810e0_0, v0x1581180_0, $time {0 0 0};
    %load/vec4 v0x13e78b0_0;
    %addi 1, 0, 32;
    %store/vec4 v0x13e78b0_0, 0, 32;
    %jmp T_0.1;
T_0.0 ;
    %vpi_call/w 3 70 "$display", "Data Matched: Actual output: %0d, Netlist Output %0d, Time: %0t ", v0x15810e0_0, v0x1581180_0, $time {0 0 0};
T_0.1 ;
    %end;
S_0x19a2a70 .scope module, "golden" "and2" 3 11, 4 6 0, S_0x18f0610;
 .timescale -9 -12;
    .port_info 0 /INPUT 1 "clock0";
    .port_info 1 /INPUT 1 "a";
    .port_info 2 /INPUT 1 "b";
    .port_info 3 /OUTPUT 1 "c";
    .port_info 4 /INPUT 3 "id";
P_0x196ba30 .param/l "Total_Instances" 0 4 6, +C4<00000000000000000000000000001010>;
L_0x161f840 .functor BUFZ 1, L_0x14c04f0, C4<0>, C4<0>, C4<0>;
v0x12197d0_0 .net *"_ivl_0", 0 0, L_0x14c04f0;  1 drivers
v0x1217f00_0 .net *"_ivl_2", 4 0, L_0x14c0590;  1 drivers
L_0x7f580106e018 .functor BUFT 1, C4<00>, C4<0>, C4<0>, C4<0>;
v0x1219940_0 .net *"_ivl_5", 1 0, L_0x7f580106e018;  1 drivers
v0x1219ab0_0 .net "a", 0 0, v0x1580fa0_0;  1 drivers
v0x1219c20 .array "a_sub_in", 9 0, 0 0;
v0x1219d90_0 .net "b", 0 0, v0x1581040_0;  1 drivers
v0x1486c10 .array "b_sub_in", 9 0, 0 0;
v0x1486a60_0 .net "c", 0 0, L_0x161f840;  alias, 1 drivers
v0x1486d80 .array "c_sub_out", 9 0;
v0x1486d80_0 .net v0x1486d80 0, 0 0, L_0x13e7950; 1 drivers
v0x1486d80_1 .net v0x1486d80 1, 0 0, L_0x13e7ab0; 1 drivers
v0x1486d80_2 .net v0x1486d80 2, 0 0, L_0x161d530; 1 drivers
v0x1486d80_3 .net v0x1486d80 3, 0 0, L_0x161ccf0; 1 drivers
v0x1486d80_4 .net v0x1486d80 4, 0 0, L_0x1615f50; 1 drivers
v0x1486d80_5 .net v0x1486d80 5, 0 0, L_0x1615790; 1 drivers
v0x1486d80_6 .net v0x1486d80 6, 0 0, L_0x1617030; 1 drivers
v0x1486d80_7 .net v0x1486d80 7, 0 0, L_0x1616520; 1 drivers
v0x1486d80_8 .net v0x1486d80 8, 0 0, L_0x161d950; 1 drivers
v0x1486d80_9 .net v0x1486d80 9, 0 0, L_0x1620080; 1 drivers
v0x1420010 .array "c_sub_out_reg", 9 0, 0 0;
v0x1420f30_0 .net "clock0", 0 0, v0x13e7720_0;  1 drivers
v0x1420180_0 .net "id", 2 0, v0x13e77c0_0;  1 drivers
v0x14210a0_0 .var/i "j", 31 0;
E_0x1943440 .event posedge, v0x1420f30_0;
E_0x1942840 .event anyedge, v0x1219ab0_0, v0x1420180_0, v0x1219d90_0;
L_0x14c04f0 .array/port v0x1420010, L_0x14c0590;
L_0x14c0590 .concat [ 3 2 0 0], v0x13e77c0_0, L_0x7f580106e018;
S_0x195cde0 .scope generate, "genblk1[0]" "genblk1[0]" 4 14, 4 14 0, S_0x19a2a70;
 .timescale -9 -12;
P_0x190b250 .param/l "i" 1 4 14, +C4<00>;
S_0x195baa0 .scope module, "and2_submodule" "and2_submodule" 4 15, 4 35 0, S_0x195cde0;
 .timescale -9 -12;
    .port_info 0 /INPUT 1 "a";
    .port_info 1 /INPUT 1 "b";
    .port_info 2 /OUTPUT 1 "c";
v0x1219c20_0 .array/port v0x1219c20, 0;
v0x1486c10_0 .array/port v0x1486c10, 0;
L_0x13e7950 .functor AND 1, v0x1219c20_0, v0x1486c10_0, C4<1>, C4<1>;
v0x1153ca0_0 .net "a", 0 0, v0x1219c20_0;  1 drivers
v0x19a8c80_0 .net "b", 0 0, v0x1486c10_0;  1 drivers
v0x19a89b0_0 .net "c", 0 0, L_0x13e7950;  alias, 1 drivers
S_0x195a8e0 .scope generate, "genblk1[1]" "genblk1[1]" 4 14, 4 14 0, S_0x19a2a70;
 .timescale -9 -12;
P_0x148e1c0 .param/l "i" 1 4 14, +C4<01>;
S_0x1959720 .scope module, "and2_submodule" "and2_submodule" 4 15, 4 35 0, S_0x195a8e0;
 .timescale -9 -12;
    .port_info 0 /INPUT 1 "a";
    .port_info 1 /INPUT 1 "b";
    .port_info 2 /OUTPUT 1 "c";
v0x1219c20_1 .array/port v0x1219c20, 1;
v0x1486c10_1 .array/port v0x1486c10, 1;
L_0x13e7ab0 .functor AND 1, v0x1219c20_1, v0x1486c10_1, C4<1>, C4<1>;
v0x19a8330_0 .net "a", 0 0, v0x1219c20_1;  1 drivers
v0x19075d0_0 .net "b", 0 0, v0x1486c10_1;  1 drivers
v0x13375e0_0 .net "c", 0 0, L_0x13e7ab0;  alias, 1 drivers
S_0x1963960 .scope generate, "genblk1[2]" "genblk1[2]" 4 14, 4 14 0, S_0x19a2a70;
 .timescale -9 -12;
P_0x1487920 .param/l "i" 1 4 14, +C4<010>;
S_0x1962620 .scope module, "and2_submodule" "and2_submodule" 4 15, 4 35 0, S_0x1963960;
 .timescale -9 -12;
    .port_info 0 /INPUT 1 "a";
    .port_info 1 /INPUT 1 "b";
    .port_info 2 /OUTPUT 1 "c";
v0x1219c20_2 .array/port v0x1219c20, 2;
v0x1486c10_2 .array/port v0x1486c10, 2;
L_0x161d530 .functor AND 1, v0x1219c20_2, v0x1486c10_2, C4<1>, C4<1>;
v0x15880d0_0 .net "a", 0 0, v0x1219c20_2;  1 drivers
v0x15837a0_0 .net "b", 0 0, v0x1486c10_2;  1 drivers
v0x133fb10_0 .net "c", 0 0, L_0x161d530;  alias, 1 drivers
S_0x1961460 .scope generate, "genblk1[3]" "genblk1[3]" 4 14, 4 14 0, S_0x19a2a70;
 .timescale -9 -12;
P_0x1487730 .param/l "i" 1 4 14, +C4<011>;
S_0x19602a0 .scope module, "and2_submodule" "and2_submodule" 4 15, 4 35 0, S_0x1961460;
 .timescale -9 -12;
    .port_info 0 /INPUT 1 "a";
    .port_info 1 /INPUT 1 "b";
    .port_info 2 /OUTPUT 1 "c";
v0x1219c20_3 .array/port v0x1219c20, 3;
v0x1486c10_3 .array/port v0x1486c10, 3;
L_0x161ccf0 .functor AND 1, v0x1219c20_3, v0x1486c10_3, C4<1>, C4<1>;
v0x133f960_0 .net "a", 0 0, v0x1219c20_3;  1 drivers
v0x17959f0_0 .net "b", 0 0, v0x1486c10_3;  1 drivers
v0x179b610_0 .net "c", 0 0, L_0x161ccf0;  alias, 1 drivers
S_0x199f5b0 .scope generate, "genblk1[4]" "genblk1[4]" 4 14, 4 14 0, S_0x19a2a70;
 .timescale -9 -12;
P_0x1489cb0 .param/l "i" 1 4 14, +C4<0100>;
S_0x199e270 .scope module, "and2_submodule" "and2_submodule" 4 15, 4 35 0, S_0x199f5b0;
 .timescale -9 -12;
    .port_info 0 /INPUT 1 "a";
    .port_info 1 /INPUT 1 "b";
    .port_info 2 /OUTPUT 1 "c";
v0x1219c20_4 .array/port v0x1219c20, 4;
v0x1486c10_4 .array/port v0x1486c10, 4;
L_0x1615f50 .functor AND 1, v0x1219c20_4, v0x1486c10_4, C4<1>, C4<1>;
v0x13461e0_0 .net "a", 0 0, v0x1219c20_4;  1 drivers
v0x1349580_0 .net "b", 0 0, v0x1486c10_4;  1 drivers
v0x13496e0_0 .net "c", 0 0, L_0x1615f50;  alias, 1 drivers
S_0x199d0b0 .scope generate, "genblk1[5]" "genblk1[5]" 4 14, 4 14 0, S_0x19a2a70;
 .timescale -9 -12;
P_0x1490110 .param/l "i" 1 4 14, +C4<0101>;
S_0x199bef0 .scope module, "and2_submodule" "and2_submodule" 4 15, 4 35 0, S_0x199d0b0;
 .timescale -9 -12;
    .port_info 0 /INPUT 1 "a";
    .port_info 1 /INPUT 1 "b";
    .port_info 2 /OUTPUT 1 "c";
v0x1219c20_5 .array/port v0x1219c20, 5;
v0x1486c10_5 .array/port v0x1486c10, 5;
L_0x1615790 .functor AND 1, v0x1219c20_5, v0x1486c10_5, C4<1>, C4<1>;
v0x1218210_0 .net "a", 0 0, v0x1219c20_5;  1 drivers
v0x1217520_0 .net "b", 0 0, v0x1486c10_5;  1 drivers
v0x1218800_0 .net "c", 0 0, L_0x1615790;  alias, 1 drivers
S_0x1998a30 .scope generate, "genblk1[6]" "genblk1[6]" 4 14, 4 14 0, S_0x19a2a70;
 .timescale -9 -12;
P_0x148f030 .param/l "i" 1 4 14, +C4<0110>;
S_0x19976f0 .scope module, "and2_submodule" "and2_submodule" 4 15, 4 35 0, S_0x1998a30;
 .timescale -9 -12;
    .port_info 0 /INPUT 1 "a";
    .port_info 1 /INPUT 1 "b";
    .port_info 2 /OUTPUT 1 "c";
v0x1219c20_6 .array/port v0x1219c20, 6;
v0x1486c10_6 .array/port v0x1486c10, 6;
L_0x1617030 .functor AND 1, v0x1219c20_6, v0x1486c10_6, C4<1>, C4<1>;
v0x1218970_0 .net "a", 0 0, v0x1219c20_6;  1 drivers
v0x1218ae0_0 .net "b", 0 0, v0x1486c10_6;  1 drivers
v0x1218c50_0 .net "c", 0 0, L_0x1617030;  alias, 1 drivers
S_0x1996530 .scope generate, "genblk1[7]" "genblk1[7]" 4 14, 4 14 0, S_0x19a2a70;
 .timescale -9 -12;
P_0x14b3d80 .param/l "i" 1 4 14, +C4<0111>;
S_0x1995370 .scope module, "and2_submodule" "and2_submodule" 4 15, 4 35 0, S_0x1996530;
 .timescale -9 -12;
    .port_info 0 /INPUT 1 "a";
    .port_info 1 /INPUT 1 "b";
    .port_info 2 /OUTPUT 1 "c";
v0x1219c20_7 .array/port v0x1219c20, 7;
v0x1486c10_7 .array/port v0x1486c10, 7;
L_0x1616520 .functor AND 1, v0x1219c20_7, v0x1486c10_7, C4<1>, C4<1>;
v0x1218dc0_0 .net "a", 0 0, v0x1219c20_7;  1 drivers
v0x1218f30_0 .net "b", 0 0, v0x1486c10_7;  1 drivers
v0x12190a0_0 .net "c", 0 0, L_0x1616520;  alias, 1 drivers
S_0x1940610 .scope generate, "genblk1[8]" "genblk1[8]" 4 14, 4 14 0, S_0x19a2a70;
 .timescale -9 -12;
P_0x1489450 .param/l "i" 1 4 14, +C4<01000>;
S_0x193f2d0 .scope module, "and2_submodule" "and2_submodule" 4 15, 4 35 0, S_0x1940610;
 .timescale -9 -12;
    .port_info 0 /INPUT 1 "a";
    .port_info 1 /INPUT 1 "b";
    .port_info 2 /OUTPUT 1 "c";
v0x1219c20_8 .array/port v0x1219c20, 8;
v0x1486c10_8 .array/port v0x1486c10, 8;
L_0x161d950 .functor AND 1, v0x1219c20_8, v0x1486c10_8, C4<1>, C4<1>;
v0x1219210_0 .net "a", 0 0, v0x1219c20_8;  1 drivers
v0x1219380_0 .net "b", 0 0, v0x1486c10_8;  1 drivers
v0x12194f0_0 .net "c", 0 0, L_0x161d950;  alias, 1 drivers
S_0x193e110 .scope generate, "genblk1[9]" "genblk1[9]" 4 14, 4 14 0, S_0x19a2a70;
 .timescale -9 -12;
P_0x14519d0 .param/l "i" 1 4 14, +C4<01001>;
S_0x193cf50 .scope module, "and2_submodule" "and2_submodule" 4 15, 4 35 0, S_0x193e110;
 .timescale -9 -12;
    .port_info 0 /INPUT 1 "a";
    .port_info 1 /INPUT 1 "b";
    .port_info 2 /OUTPUT 1 "c";
v0x1219c20_9 .array/port v0x1219c20, 9;
v0x1486c10_9 .array/port v0x1486c10, 9;
L_0x1620080 .functor AND 1, v0x1219c20_9, v0x1486c10_9, C4<1>, C4<1>;
v0x1217c20_0 .net "a", 0 0, v0x1219c20_9;  1 drivers
v0x1217d90_0 .net "b", 0 0, v0x1486c10_9;  1 drivers
v0x1219660_0 .net "c", 0 0, L_0x1620080;  alias, 1 drivers
S_0x1936da0 .scope module, "route_net" "and2_post_route" 3 14, 5 3 0, S_0x18f0610;
 .timescale -9 -12;
    .port_info 0 /INPUT 1 "clock0";
    .port_info 1 /INPUT 1 "a";
    .port_info 2 /INPUT 1 "b";
    .port_info 3 /OUTPUT 1 "c";
    .port_info 4 /INPUT 3 "id";
v0x1048690_0 .net "$auto_1716", 0 0, L_0x13f20e0;  1 drivers
v0x1048730_0 .net "$auto_1717", 0 0, L_0x13f2150;  1 drivers
v0x10426e0_0 .net "$auto_1718", 0 0, L_0x13f2210;  1 drivers
v0x10427d0_0 .net "$auto_1719", 0 0, L_0x13f2280;  1 drivers
v0x10428c0_0 .net "$auto_1720", 0 0, L_0x13f22f0;  1 drivers
v0x1042a00_0 .net "$auto_1721", 0 0, L_0x13f2360;  1 drivers
v0x10464c0_0 .net "$auto_1722", 0 0, L_0x13f23d0;  1 drivers
v0x10465b0_0 .net "$clk_buf_$ibuf_clock0", 0 0, L_0x161f630;  1 drivers
v0x10466a0_0 .net "$f2g_tx_out_$obuf_c", 0 0, L_0x158b030;  1 drivers
v0x1046740_0 .net "$flatten$auto_1723.$ibuf_clock0", 0 0, L_0x14c0810;  1 drivers
v0x10467e0_0 .net "$ibuf_a", 0 0, L_0x14c0680;  1 drivers
v0x1046880_0 .net "$ibuf_b", 0 0, L_0x14c0770;  1 drivers
v0x107f470_0 .net "$ibuf_id[0]", 0 0, L_0x14c08b0;  1 drivers
v0x107f510_0 .net "$ibuf_id[1]", 0 0, L_0x158ad10;  1 drivers
v0x107f5b0_0 .net "$ibuf_id[2]", 0 0, L_0x158aea0;  1 drivers
v0x107f650_0 .net "a", 0 0, v0x1580fa0_0;  alias, 1 drivers
v0x107f6f0_0 .net "b", 0 0, v0x1581040_0;  alias, 1 drivers
v0x1580dc0_0 .net "c", 0 0, L_0x13f2040;  alias, 1 drivers
v0x1580e60_0 .net "clock0", 0 0, v0x13e7720_0;  alias, 1 drivers
v0x1580f00_0 .net "id", 2 0, v0x13e77c0_0;  alias, 1 drivers
L_0x158ac20 .part v0x13e77c0_0, 0, 1;
L_0x158adb0 .part v0x13e77c0_0, 1, 1;
L_0x158af90 .part v0x13e77c0_0, 2, 1;
S_0x1935a60 .scope module, "$flatten$auto_1723.$clkbuf$and2.$ibuf_clock0" "CLK_BUF" 5 79, 6 10 1, S_0x1936da0;
 .timescale -9 -12;
    .port_info 0 /INPUT 1 "I";
    .port_info 1 /OUTPUT 1 "O";
L_0x161f630 .functor BUFZ 1, L_0x14c0810, C4<0>, C4<0>, C4<0>;
v0x141fd30_0 .net "I", 0 0, L_0x14c0810;  alias, 1 drivers
v0x1420c50_0 .net "O", 0 0, L_0x161f630;  alias, 1 drivers
S_0x19348a0 .scope module, "$flatten$auto_1723.$ibuf$and2.$ibuf_a" "I_BUF" 5 88, 7 10 1, S_0x1936da0;
 .timescale -9 -12;
    .port_info 0 /INPUT 1 "I";
    .port_info 1 /INPUT 1 "EN";
    .port_info 2 /OUTPUT 1 "O";
P_0x1490290 .param/str "IOSTANDARD" 0 7 12, "DEFAULT";
P_0x14902d0 .param/str "WEAK_KEEPER" 0 7 11, "NONE";
v0x141fea0_0 .net "EN", 0 0, L_0x13f20e0;  alias, 1 drivers
v0x1420dc0_0 .net "I", 0 0, v0x1580fa0_0;  alias, 1 drivers
v0x1154290_0 .net "O", 0 0, L_0x14c0680;  alias, 1 drivers
L_0x7f580106e060 .functor BUFT 1, C4<0>, C4<0>, C4<0>, C4<0>;
v0x11543e0_0 .net/2u *"_ivl_0", 0 0, L_0x7f580106e060;  1 drivers
L_0x14c0680 .functor MUXZ 1, L_0x7f580106e060, v0x1580fa0_0, L_0x13f20e0, C4<>;
S_0x1978470 .scope module, "$flatten$auto_1723.$ibuf$and2.$ibuf_b" "I_BUF" 5 98, 7 10 1, S_0x1936da0;
 .timescale -9 -12;
    .port_info 0 /INPUT 1 "I";
    .port_info 1 /INPUT 1 "EN";
    .port_info 2 /OUTPUT 1 "O";
P_0x19a1850 .param/str "IOSTANDARD" 0 7 12, "DEFAULT";
P_0x19a1890 .param/str "WEAK_KEEPER" 0 7 11, "NONE";
v0x1154530_0 .net "EN", 0 0, L_0x13f2150;  alias, 1 drivers
v0x1155810_0 .net "I", 0 0, v0x1581040_0;  alias, 1 drivers
v0x1155960_0 .net "O", 0 0, L_0x14c0770;  alias, 1 drivers
L_0x7f580106e0a8 .functor BUFT 1, C4<0>, C4<0>, C4<0>, C4<0>;
v0x1155ab0_0 .net/2u *"_ivl_0", 0 0, L_0x7f580106e0a8;  1 drivers
L_0x14c0770 .functor MUXZ 1, L_0x7f580106e0a8, v0x1581040_0, L_0x13f2150, C4<>;
S_0x1977130 .scope module, "$flatten$auto_1723.$ibuf$and2.$ibuf_clock0" "I_BUF" 5 108, 7 10 1, S_0x1936da0;
 .timescale -9 -12;
    .port_info 0 /INPUT 1 "I";
    .port_info 1 /INPUT 1 "EN";
    .port_info 2 /OUTPUT 1 "O";
P_0x198d700 .param/str "IOSTANDARD" 0 7 12, "DEFAULT";
P_0x198d740 .param/str "WEAK_KEEPER" 0 7 11, "NONE";
v0x1156d90_0 .net "EN", 0 0, L_0x13f2210;  alias, 1 drivers
v0x1156ee0_0 .net "I", 0 0, v0x13e7720_0;  alias, 1 drivers
v0x1157030_0 .net "O", 0 0, L_0x14c0810;  alias, 1 drivers
L_0x7f580106e0f0 .functor BUFT 1, C4<0>, C4<0>, C4<0>, C4<0>;
v0x1158310_0 .net/2u *"_ivl_0", 0 0, L_0x7f580106e0f0;  1 drivers
L_0x14c0810 .functor MUXZ 1, L_0x7f580106e0f0, v0x13e7720_0, L_0x13f2210, C4<>;
S_0x1975f70 .scope module, "$flatten$auto_1723.$ibuf$and2.$ibuf_id" "I_BUF" 5 118, 7 10 1, S_0x1936da0;
 .timescale -9 -12;
    .port_info 0 /INPUT 1 "I";
    .port_info 1 /INPUT 1 "EN";
    .port_info 2 /OUTPUT 1 "O";
P_0x194ed40 .param/str "IOSTANDARD" 0 7 12, "DEFAULT";
P_0x194ed80 .param/str "WEAK_KEEPER" 0 7 11, "NONE";
v0x1158460_0 .net "EN", 0 0, L_0x13f2280;  alias, 1 drivers
v0x11585b0_0 .net "I", 0 0, L_0x158ac20;  1 drivers
v0x1159890_0 .net "O", 0 0, L_0x14c08b0;  alias, 1 drivers
L_0x7f580106e138 .functor BUFT 1, C4<0>, C4<0>, C4<0>, C4<0>;
v0x11599e0_0 .net/2u *"_ivl_0", 0 0, L_0x7f580106e138;  1 drivers
L_0x14c08b0 .functor MUXZ 1, L_0x7f580106e138, L_0x158ac20, L_0x13f2280, C4<>;
S_0x1974db0 .scope module, "$flatten$auto_1723.$ibuf$and2.$ibuf_id_1" "I_BUF" 5 128, 7 10 1, S_0x1936da0;
 .timescale -9 -12;
    .port_info 0 /INPUT 1 "I";
    .port_info 1 /INPUT 1 "EN";
    .port_info 2 /OUTPUT 1 "O";
P_0x13cb030 .param/str "IOSTANDARD" 0 7 12, "DEFAULT";
P_0x13cb070 .param/str "WEAK_KEEPER" 0 7 11, "NONE";
v0x1159b30_0 .net "EN", 0 0, L_0x13f22f0;  alias, 1 drivers
v0x115ae10_0 .net "I", 0 0, L_0x158adb0;  1 drivers
v0x115af60_0 .net "O", 0 0, L_0x158ad10;  alias, 1 drivers
L_0x7f580106e180 .functor BUFT 1, C4<0>, C4<0>, C4<0>, C4<0>;
v0x115b0b0_0 .net/2u *"_ivl_0", 0 0, L_0x7f580106e180;  1 drivers
L_0x158ad10 .functor MUXZ 1, L_0x7f580106e180, L_0x158adb0, L_0x13f22f0, C4<>;
S_0x1917c30 .scope module, "$flatten$auto_1723.$ibuf$and2.$ibuf_id_2" "I_BUF" 5 138, 7 10 1, S_0x1936da0;
 .timescale -9 -12;
    .port_info 0 /INPUT 1 "I";
    .port_info 1 /INPUT 1 "EN";
    .port_info 2 /OUTPUT 1 "O";
P_0x12692b0 .param/str "IOSTANDARD" 0 7 12, "DEFAULT";
P_0x12692f0 .param/str "WEAK_KEEPER" 0 7 11, "NONE";
v0x115c390_0 .net "EN", 0 0, L_0x13f2360;  alias, 1 drivers
v0x115c4e0_0 .net "I", 0 0, L_0x158af90;  1 drivers
v0x115c630_0 .net "O", 0 0, L_0x158aea0;  alias, 1 drivers
L_0x7f580106e1c8 .functor BUFT 1, C4<0>, C4<0>, C4<0>, C4<0>;
v0x115d910_0 .net/2u *"_ivl_0", 0 0, L_0x7f580106e1c8;  1 drivers
L_0x158aea0 .functor MUXZ 1, L_0x7f580106e1c8, L_0x158af90, L_0x13f2360, C4<>;
S_0x19168f0 .scope module, "$flatten$auto_1723.$obuf$and2.$obuf_c" "O_BUFT" 5 146, 8 10 1, S_0x1936da0;
 .timescale -9 -12;
    .port_info 0 /INPUT 1 "I";
    .port_info 1 /INPUT 1 "T";
    .port_info 2 /OUTPUT 1 "O";
P_0x1453450 .param/l "DRIVE_STRENGTH" 0 8 13, +C4<00000000000000000000000000000010>;
P_0x1453490 .param/str "IOSTANDARD" 0 8 12, "DEFAULT";
P_0x14534d0 .param/str "SLEW_RATE" 0 8 14, "SLOW";
P_0x1453510 .param/str "WEAK_KEEPER" 0 8 11, "NONE";
v0x115da60_0 .net "I", 0 0, L_0x158b030;  alias, 1 drivers
v0x115dbb0_0 .net "O", 0 0, L_0x13f2040;  alias, 1 drivers
v0x115ee90_0 .net "T", 0 0, L_0x13f23d0;  alias, 1 drivers
o0x7f58010b8668 .functor BUFZ 1, c4<z>; HiZ drive
; Elide local net with no drivers, v0x115efe0_0 name=_ivl_0
L_0x13f2040 .functor MUXZ 1, o0x7f58010b8668, L_0x158b030, L_0x13f23d0, C4<>;
S_0x1915730 .scope module, "fabric_instance" "fabric_and2" 5 151, 9 2 0, S_0x1936da0;
 .timescale -9 -12;
    .port_info 0 /INPUT 1 "$clk_buf_$ibuf_clock0";
    .port_info 1 /INPUT 1 "$ibuf_a";
    .port_info 2 /INPUT 1 "$ibuf_b";
    .port_info 3 /INPUT 1 "$ibuf_id[0]";
    .port_info 4 /INPUT 1 "$ibuf_id[1]";
    .port_info 5 /INPUT 1 "$ibuf_id[2]";
    .port_info 6 /OUTPUT 1 "$f2g_tx_out_$obuf_c";
    .port_info 7 /OUTPUT 1 "$auto_1716";
    .port_info 8 /OUTPUT 1 "$auto_1717";
    .port_info 9 /OUTPUT 1 "$auto_1718";
    .port_info 10 /OUTPUT 1 "$auto_1719";
    .port_info 11 /OUTPUT 1 "$auto_1720";
    .port_info 12 /OUTPUT 1 "$auto_1721";
    .port_info 13 /OUTPUT 1 "$auto_1722";
L_0x158b030 .functor BUFZ 1, L_0x15e4c70, C4<0>, C4<0>, C4<0>;
L_0x13f20e0 .functor BUFZ 1, L_0x15e5a50, C4<0>, C4<0>, C4<0>;
L_0x13f2150 .functor BUFZ 1, L_0x15e5860, C4<0>, C4<0>, C4<0>;
L_0x13f2210 .functor BUFZ 1, L_0x15e5670, C4<0>, C4<0>, C4<0>;
L_0x13f2280 .functor BUFZ 1, L_0x15e5480, C4<0>, C4<0>, C4<0>;
L_0x13f22f0 .functor BUFZ 1, L_0x15e5270, C4<0>, C4<0>, C4<0>;
L_0x13f2360 .functor BUFZ 1, L_0x15e5080, C4<0>, C4<0>, C4<0>;
L_0x13f23d0 .functor BUFZ 1, L_0x15e4e60, C4<0>, C4<0>, C4<0>;
L_0x1621520 .functor BUFZ 1, L_0x161f630, C4<0>, C4<0>, C4<0>;
L_0x1621310 .functor BUFZ 1, L_0x14c0680, C4<0>, C4<0>, C4<0>;
L_0x1621100 .functor BUFZ 1, L_0x14c0770, C4<0>, C4<0>, C4<0>;
L_0x1620ef0 .functor BUFZ 1, L_0x14c08b0, C4<0>, C4<0>, C4<0>;
L_0x1620ad0 .functor BUFZ 1, L_0x158ad10, C4<0>, C4<0>, C4<0>;
L_0x16208c0 .functor BUFZ 1, L_0x158aea0, C4<0>, C4<0>, C4<0>;
v0x105df70_0 .net "$auto_1716", 0 0, L_0x13f20e0;  alias, 1 drivers
v0x15dc9f0_0 .net "$auto_1716_input_0_0", 0 0, L_0x15e5a50;  1 drivers
v0x15dca90_0 .net "$auto_1717", 0 0, L_0x13f2150;  alias, 1 drivers
v0x15dcb30_0 .net "$auto_1717_input_0_0", 0 0, L_0x15e5860;  1 drivers
v0x15dcbd0_0 .net "$auto_1718", 0 0, L_0x13f2210;  alias, 1 drivers
v0x15dccc0_0 .net "$auto_1718_input_0_0", 0 0, L_0x15e5670;  1 drivers
v0x15dcd60_0 .net "$auto_1719", 0 0, L_0x13f2280;  alias, 1 drivers
v0x106b090_0 .net "$auto_1719_input_0_0", 0 0, L_0x15e5480;  1 drivers
v0x106b130_0 .net "$auto_1720", 0 0, L_0x13f22f0;  alias, 1 drivers
v0x106b200_0 .net "$auto_1720_input_0_0", 0 0, L_0x15e5270;  1 drivers
v0x106b2a0_0 .net "$auto_1721", 0 0, L_0x13f2360;  alias, 1 drivers
v0x106b370_0 .net "$auto_1721_input_0_0", 0 0, L_0x15e5080;  1 drivers
v0x106b410_0 .net "$auto_1722", 0 0, L_0x13f23d0;  alias, 1 drivers
v0x10d37e0_0 .net "$auto_1722_input_0_0", 0 0, L_0x15e4e60;  1 drivers
v0x10d3880_0 .net "$clk_buf_$ibuf_clock0", 0 0, L_0x161f630;  alias, 1 drivers
v0x10d3950_0 .net "$clk_buf_$ibuf_clock0_output_0_0", 0 0, L_0x1621520;  1 drivers
v0x10d3b00_0 .net "$f2g_tx_out_$obuf_c", 0 0, L_0x158b030;  alias, 1 drivers
v0x10d3ba0_0 .net "$f2g_tx_out_$obuf_c_input_0_0", 0 0, L_0x15e4c70;  1 drivers
v0x10aa7e0_0 .net "$ibuf_a", 0 0, L_0x14c0680;  alias, 1 drivers
v0x10aa8b0_0 .net "$ibuf_a_output_0_0", 0 0, L_0x1621310;  1 drivers
v0x10aaa60_0 .net "$ibuf_b", 0 0, L_0x14c0770;  alias, 1 drivers
v0x10acf30_0 .net "$ibuf_b_output_0_0", 0 0, L_0x1621100;  1 drivers
v0x10ad0e0_0 .net "$ibuf_id[0]", 0 0, L_0x14c08b0;  alias, 1 drivers
v0x10ad1b0_0 .net "$ibuf_id[0]_output_0_0", 0 0, L_0x1620ef0;  1 drivers
v0x10ad250_0 .net "$ibuf_id[1]", 0 0, L_0x158ad10;  alias, 1 drivers
v0x10ad2f0_0 .net "$ibuf_id[1]_output_0_0", 0 0, L_0x1620ad0;  1 drivers
v0x10687a0_0 .net "$ibuf_id[2]", 0 0, L_0x158aea0;  alias, 1 drivers
v0x1068840_0 .net "$ibuf_id[2]_output_0_0", 0 0, L_0x16208c0;  1 drivers
L_0x7f580106f188 .functor BUFT 1, C4<0>, C4<0>, C4<0>, C4<0>;
v0x10688e0_0 .net/2u *"_ivl_100", 0 0, L_0x7f580106f188;  1 drivers
L_0x7f580106f1d0 .functor BUFT 1, C4<0>, C4<0>, C4<0>, C4<0>;
v0x1068980_0 .net/2u *"_ivl_102", 0 0, L_0x7f580106f1d0;  1 drivers
L_0x7f580106f2a8 .functor BUFT 1, C4<0>, C4<0>, C4<0>, C4<0>;
v0x1068a20_0 .net/2u *"_ivl_106", 0 0, L_0x7f580106f2a8;  1 drivers
L_0x7f580106f2f0 .functor BUFT 1, C4<0>, C4<0>, C4<0>, C4<0>;
v0x1068ac0_0 .net/2u *"_ivl_108", 0 0, L_0x7f580106f2f0;  1 drivers
L_0x7f580106f338 .functor BUFT 1, C4<0>, C4<0>, C4<0>, C4<0>;
v0x1068b60_0 .net/2u *"_ivl_110", 0 0, L_0x7f580106f338;  1 drivers
L_0x7f580106f380 .functor BUFT 1, C4<0>, C4<0>, C4<0>, C4<0>;
v0x10aa6d0_0 .net/2u *"_ivl_112", 0 0, L_0x7f580106f380;  1 drivers
L_0x7f580106f458 .functor BUFT 1, C4<0>, C4<0>, C4<0>, C4<0>;
v0x10bf0b0_0 .net/2u *"_ivl_116", 0 0, L_0x7f580106f458;  1 drivers
L_0x7f580106f4a0 .functor BUFT 1, C4<0>, C4<0>, C4<0>, C4<0>;
v0x10bf150_0 .net/2u *"_ivl_118", 0 0, L_0x7f580106f4a0;  1 drivers
L_0x7f580106f4e8 .functor BUFT 1, C4<0>, C4<0>, C4<0>, C4<0>;
v0x10bf1f0_0 .net/2u *"_ivl_120", 0 0, L_0x7f580106f4e8;  1 drivers
L_0x7f580106f530 .functor BUFT 1, C4<0>, C4<0>, C4<0>, C4<0>;
v0x1084d30_0 .net/2u *"_ivl_122", 0 0, L_0x7f580106f530;  1 drivers
L_0x7f580106e3c0 .functor BUFT 1, C4<0>, C4<0>, C4<0>, C4<0>;
v0x1084e10_0 .net/2u *"_ivl_32", 0 0, L_0x7f580106e3c0;  1 drivers
L_0x7f580106e408 .functor BUFT 1, C4<0>, C4<0>, C4<0>, C4<0>;
v0x1084ef0_0 .net/2u *"_ivl_34", 0 0, L_0x7f580106e408;  1 drivers
L_0x7f580106e7f8 .functor BUFT 1, C4<0>, C4<0>, C4<0>, C4<0>;
v0x1084fd0_0 .net/2u *"_ivl_48", 0 0, L_0x7f580106e7f8;  1 drivers
L_0x7f580106e840 .functor BUFT 1, C4<0>, C4<0>, C4<0>, C4<0>;
v0x10850b0_0 .net/2u *"_ivl_50", 0 0, L_0x7f580106e840;  1 drivers
L_0x7f580106e888 .functor BUFT 1, C4<0>, C4<0>, C4<0>, C4<0>;
v0x1126860_0 .net/2u *"_ivl_52", 0 0, L_0x7f580106e888;  1 drivers
L_0x7f580106e8d0 .functor BUFT 1, C4<0>, C4<0>, C4<0>, C4<0>;
v0x1126920_0 .net/2u *"_ivl_54", 0 0, L_0x7f580106e8d0;  1 drivers
L_0x7f580106e9a8 .functor BUFT 1, C4<0>, C4<0>, C4<0>, C4<0>;
v0x1126a00_0 .net/2u *"_ivl_58", 0 0, L_0x7f580106e9a8;  1 drivers
L_0x7f580106e9f0 .functor BUFT 1, C4<0>, C4<0>, C4<0>, C4<0>;
v0x1126ae0_0 .net/2u *"_ivl_60", 0 0, L_0x7f580106e9f0;  1 drivers
L_0x7f580106ea38 .functor BUFT 1, C4<0>, C4<0>, C4<0>, C4<0>;
v0x1126bc0_0 .net/2u *"_ivl_62", 0 0, L_0x7f580106ea38;  1 drivers
L_0x7f580106ea80 .functor BUFT 1, C4<0>, C4<0>, C4<0>, C4<0>;
v0x11345a0_0 .net/2u *"_ivl_64", 0 0, L_0x7f580106ea80;  1 drivers
L_0x7f580106ed98 .functor BUFT 1, C4<0>, C4<0>, C4<0>, C4<0>;
v0x1134680_0 .net/2u *"_ivl_76", 0 0, L_0x7f580106ed98;  1 drivers
L_0x7f580106ede0 .functor BUFT 1, C4<0>, C4<0>, C4<0>, C4<0>;
v0x1134760_0 .net/2u *"_ivl_78", 0 0, L_0x7f580106ede0;  1 drivers
L_0x7f580106ee28 .functor BUFT 1, C4<0>, C4<0>, C4<0>, C4<0>;
v0x1134840_0 .net/2u *"_ivl_80", 0 0, L_0x7f580106ee28;  1 drivers
L_0x7f580106ee70 .functor BUFT 1, C4<0>, C4<0>, C4<0>, C4<0>;
v0x1134920_0 .net/2u *"_ivl_82", 0 0, L_0x7f580106ee70;  1 drivers
L_0x7f580106ef48 .functor BUFT 1, C4<0>, C4<0>, C4<0>, C4<0>;
v0x11225c0_0 .net/2u *"_ivl_86", 0 0, L_0x7f580106ef48;  1 drivers
L_0x7f580106ef90 .functor BUFT 1, C4<0>, C4<0>, C4<0>, C4<0>;
v0x1122680_0 .net/2u *"_ivl_88", 0 0, L_0x7f580106ef90;  1 drivers
L_0x7f580106efd8 .functor BUFT 1, C4<0>, C4<0>, C4<0>, C4<0>;
v0x1122760_0 .net/2u *"_ivl_90", 0 0, L_0x7f580106efd8;  1 drivers
L_0x7f580106f020 .functor BUFT 1, C4<0>, C4<0>, C4<0>, C4<0>;
v0x1122840_0 .net/2u *"_ivl_92", 0 0, L_0x7f580106f020;  1 drivers
L_0x7f580106f0f8 .functor BUFT 1, C4<0>, C4<0>, C4<0>, C4<0>;
v0x1122920_0 .net/2u *"_ivl_96", 0 0, L_0x7f580106f0f8;  1 drivers
L_0x7f580106f140 .functor BUFT 1, C4<0>, C4<0>, C4<0>, C4<0>;
v0x1124510_0 .net/2u *"_ivl_98", 0 0, L_0x7f580106f140;  1 drivers
v0x11245f0_0 .net "dffre_c_sub_out_reg[0]_clock_0_0", 0 0, L_0x161db60;  1 drivers
v0x1124690_0 .net "dffre_c_sub_out_reg[0]_input_0_0", 0 0, L_0x15e7a20;  1 drivers
v0x1124730_0 .net "dffre_c_sub_out_reg[0]_input_1_0", 0 0, L_0x15eed70;  1 drivers
v0x1124820_0 .net "dffre_c_sub_out_reg[0]_input_2_0", 0 0, L_0x15f6c10;  1 drivers
v0x11184d0_0 .net "dffre_c_sub_out_reg[0]_output_0_0", 0 0, v0x1161c30_0;  1 drivers
v0x11185c0_0 .net "dffre_c_sub_out_reg[1]_clock_0_0", 0 0, L_0x1625b10;  1 drivers
v0x11186b0_0 .net "dffre_c_sub_out_reg[1]_input_0_0", 0 0, L_0x15f35a0;  1 drivers
v0x1118750_0 .net "dffre_c_sub_out_reg[1]_input_1_0", 0 0, L_0x15e6a10;  1 drivers
v0x1118840_0 .net "dffre_c_sub_out_reg[1]_input_2_0", 0 0, L_0x15e6820;  1 drivers
v0x10beea0_0 .net "dffre_c_sub_out_reg[1]_output_0_0", 0 0, v0x1168a10_0;  1 drivers
v0x10bef90_0 .net "dffre_c_sub_out_reg[2]_clock_0_0", 0 0, L_0x16206b0;  1 drivers
v0x111d820_0 .net "dffre_c_sub_out_reg[2]_input_0_0", 0 0, L_0x15f16b0;  1 drivers
v0x111d910_0 .net "dffre_c_sub_out_reg[2]_input_1_0", 0 0, L_0x15e4a80;  1 drivers
v0x111da00_0 .net "dffre_c_sub_out_reg[2]_input_2_0", 0 0, L_0x15e6c90;  1 drivers
v0x111daf0_0 .net "dffre_c_sub_out_reg[2]_output_0_0", 0 0, v0x139d7b0_0;  1 drivers
v0x111dbe0_0 .net "dffre_c_sub_out_reg[3]_clock_0_0", 0 0, L_0x161dd70;  1 drivers
v0x111fe30_0 .net "dffre_c_sub_out_reg[3]_input_0_0", 0 0, L_0x15f18c0;  1 drivers
v0x111ff20_0 .net "dffre_c_sub_out_reg[3]_input_1_0", 0 0, L_0x15ef190;  1 drivers
v0x1120010_0 .net "dffre_c_sub_out_reg[3]_input_2_0", 0 0, L_0x15eef80;  1 drivers
v0x1120100_0 .net "dffre_c_sub_out_reg[3]_output_0_0", 0 0, v0x1418d70_0;  1 drivers
v0x11201f0_0 .net "dffre_c_sub_out_reg[4]_clock_0_0", 0 0, L_0x161c6c0;  1 drivers
v0x10995f0_0 .net "dffre_c_sub_out_reg[4]_input_0_0", 0 0, L_0x15f1ad0;  1 drivers
v0x10996e0_0 .net "dffre_c_sub_out_reg[4]_input_1_0", 0 0, L_0x15e6060;  1 drivers
v0x10997d0_0 .net "dffre_c_sub_out_reg[4]_input_2_0", 0 0, L_0x15e5e70;  1 drivers
v0x10998c0_0 .net "dffre_c_sub_out_reg[4]_output_0_0", 0 0, v0x13bee60_0;  1 drivers
v0x10999b0_0 .net "dffre_c_sub_out_reg[5]_clock_0_0", 0 0, L_0x1624360;  1 drivers
v0x10a09a0_0 .net "dffre_c_sub_out_reg[5]_input_0_0", 0 0, L_0x15f1ce0;  1 drivers
v0x10a0a90_0 .net "dffre_c_sub_out_reg[5]_input_1_0", 0 0, L_0x15f4f50;  1 drivers
v0x10a0b80_0 .net "dffre_c_sub_out_reg[5]_input_2_0", 0 0, L_0x15ef7c0;  1 drivers
v0x10a0c70_0 .net "dffre_c_sub_out_reg[5]_output_0_0", 0 0, v0x103ea20_0;  1 drivers
v0x10a0d60_0 .net "dffre_c_sub_out_reg[6]_clock_0_0", 0 0, L_0x161cae0;  1 drivers
v0x1081cd0_0 .net "dffre_c_sub_out_reg[6]_input_0_0", 0 0, L_0x15f1ef0;  1 drivers
v0x1081dc0_0 .net "dffre_c_sub_out_reg[6]_input_1_0", 0 0, L_0x15e6630;  1 drivers
v0x1081eb0_0 .net "dffre_c_sub_out_reg[6]_input_2_0", 0 0, L_0x15e6440;  1 drivers
v0x1081fa0_0 .net "dffre_c_sub_out_reg[6]_output_0_0", 0 0, v0x10cbd90_0;  1 drivers
v0x1082090_0 .net "dffre_c_sub_out_reg[7]_clock_0_0", 0 0, L_0x161c8d0;  1 drivers
v0x10b2360_0 .net "dffre_c_sub_out_reg[7]_input_0_0", 0 0, L_0x15f2100;  1 drivers
v0x10b2450_0 .net "dffre_c_sub_out_reg[7]_input_1_0", 0 0, L_0x15e6250;  1 drivers
v0x10b2540_0 .net "dffre_c_sub_out_reg[7]_input_2_0", 0 0, L_0x1510220;  1 drivers
v0x10b2630_0 .net "dffre_c_sub_out_reg[7]_output_0_0", 0 0, v0x10c9200_0;  1 drivers
v0x10b2720_0 .net "lut_$abc$1018$abc$970$li0_li0_input_0_0", 0 0, L_0x161a5d0;  1 drivers
v0x1070190_0 .net "lut_$abc$1018$abc$970$li0_li0_input_0_1", 0 0, L_0x15e6e80;  1 drivers
v0x1070230_0 .net "lut_$abc$1018$abc$970$li0_li0_input_0_2", 0 0, L_0x16182c0;  1 drivers
v0x10702d0_0 .net "lut_$abc$1018$abc$970$li0_li0_input_0_3", 0 0, L_0x161e5b0;  1 drivers
v0x1070370_0 .net "lut_$abc$1018$abc$970$li0_li0_input_0_4", 0 0, L_0x1769250;  1 drivers
v0x1070410_0 .net "lut_$abc$1018$abc$970$li0_li0_output_0_0", 0 0, L_0x1485c60;  1 drivers
v0x10704b0_0 .net "lut_$abc$1018$abc$970$li1_li1_input_0_0", 0 0, L_0x161f420;  1 drivers
v0x1070550_0 .net "lut_$abc$1018$abc$970$li1_li1_input_0_1", 0 0, L_0x176bcf0;  1 drivers
v0x1034780_0 .net "lut_$abc$1018$abc$970$li1_li1_input_0_2", 0 0, L_0x1617a80;  1 drivers
v0x1034820_0 .net "lut_$abc$1018$abc$970$li1_li1_input_0_3", 0 0, L_0x161e3a0;  1 drivers
v0x10348c0_0 .net "lut_$abc$1018$abc$970$li1_li1_input_0_4", 0 0, L_0x1619d90;  1 drivers
v0x1034960_0 .net "lut_$abc$1018$abc$970$li1_li1_output_0_0", 0 0, L_0x1242dc0;  1 drivers
v0x1034a00_0 .net "lut_$abc$1018$abc$970$li2_li2_input_0_0", 0 0, L_0x1625420;  1 drivers
v0x1034aa0_0 .net "lut_$abc$1018$abc$970$li2_li2_input_0_1", 0 0, L_0x17696c0;  1 drivers
v0x1034b40_0 .net "lut_$abc$1018$abc$970$li2_li2_input_0_2", 0 0, L_0x1617ea0;  1 drivers
v0x1075290_0 .net "lut_$abc$1018$abc$970$li2_li2_input_0_3", 0 0, L_0x161f210;  1 drivers
v0x1075330_0 .net "lut_$abc$1018$abc$970$li2_li2_input_0_4", 0 0, L_0x161a1b0;  1 drivers
v0x10753d0_0 .net "lut_$abc$1018$abc$970$li2_li2_output_0_0", 0 0, L_0x14c43f0;  1 drivers
v0x1075470_0 .net "lut_$abc$1018$abc$970$li3_li3_input_0_0", 0 0, L_0x161a9f0;  1 drivers
v0x1075510_0 .net "lut_$abc$1018$abc$970$li3_li3_input_0_1", 0 0, L_0x15f3e80;  1 drivers
v0x10755b0_0 .net "lut_$abc$1018$abc$970$li3_li3_input_0_2", 0 0, L_0x161be80;  1 drivers
v0x1075650_0 .net "lut_$abc$1018$abc$970$li3_li3_input_0_3", 0 0, L_0x161e7c0;  1 drivers
v0x1038ed0_0 .net "lut_$abc$1018$abc$970$li3_li3_input_0_4", 0 0, L_0x176c0d0;  1 drivers
v0x1038f70_0 .net "lut_$abc$1018$abc$970$li3_li3_output_0_0", 0 0, L_0x13ffca0;  1 drivers
v0x1039010_0 .net "lut_$abc$1018$abc$970$li4_li4_input_0_0", 0 0, L_0x161b640;  1 drivers
v0x10390b0_0 .net "lut_$abc$1018$abc$970$li4_li4_input_0_1", 0 0, L_0x176ac70;  1 drivers
v0x1039150_0 .net "lut_$abc$1018$abc$970$li4_li4_input_0_2", 0 0, L_0x161c4b0;  1 drivers
v0x10391f0_0 .net "lut_$abc$1018$abc$970$li4_li4_input_0_3", 0 0, L_0x1619340;  1 drivers
v0x1039290_0 .net "lut_$abc$1018$abc$970$li4_li4_input_0_4", 0 0, L_0x161ebe0;  1 drivers
v0x114bb50_0 .net "lut_$abc$1018$abc$970$li4_li4_output_0_0", 0 0, L_0x16295d0;  1 drivers
v0x114bbf0_0 .net "lut_$abc$1018$abc$970$li5_li5_input_0_0", 0 0, L_0x161b220;  1 drivers
v0x114bc90_0 .net "lut_$abc$1018$abc$970$li5_li5_input_0_1", 0 0, L_0x1769b00;  1 drivers
v0x114bd30_0 .net "lut_$abc$1018$abc$970$li5_li5_input_0_2", 0 0, L_0x1616b10;  1 drivers
v0x114bdd0_0 .net "lut_$abc$1018$abc$970$li5_li5_input_0_3", 0 0, L_0x1618f20;  1 drivers
v0x114be70_0 .net "lut_$abc$1018$abc$970$li5_li5_input_0_4", 0 0, L_0x161e9d0;  1 drivers
v0x114bf10_0 .net "lut_$abc$1018$abc$970$li5_li5_output_0_0", 0 0, L_0x164dca0;  1 drivers
v0x18322d0_0 .net "lut_$abc$1018$abc$970$li6_li6_input_0_0", 0 0, L_0x1617660;  1 drivers
v0x1832370_0 .net "lut_$abc$1018$abc$970$li6_li6_input_0_1", 0 0, L_0x176b710;  1 drivers
v0x1832410_0 .net "lut_$abc$1018$abc$970$li6_li6_input_0_2", 0 0, L_0x161f000;  1 drivers
v0x18324b0_0 .net "lut_$abc$1018$abc$970$li6_li6_input_0_3", 0 0, L_0x161c090;  1 drivers
v0x1832550_0 .net "lut_$abc$1018$abc$970$li6_li6_input_0_4", 0 0, L_0x161df80;  1 drivers
v0x111a8a0_0 .net "lut_$abc$1018$abc$970$li6_li6_output_0_0", 0 0, L_0x14bc260;  1 drivers
v0x111a940_0 .net "lut_$abc$1018$abc$970$li7_li7_input_0_0", 0 0, L_0x161ba60;  1 drivers
v0x111a9e0_0 .net "lut_$abc$1018$abc$970$li7_li7_input_0_1", 0 0, L_0x176b4a0;  1 drivers
v0x111aa80_0 .net "lut_$abc$1018$abc$970$li7_li7_input_0_2", 0 0, L_0x161edf0;  1 drivers
v0x111ab20_0 .net "lut_$abc$1018$abc$970$li7_li7_input_0_3", 0 0, L_0x1619760;  1 drivers
v0x111abc0_0 .net "lut_$abc$1018$abc$970$li7_li7_input_0_4", 0 0, L_0x161e190;  1 drivers
v0x10b8ef0_0 .net "lut_$abc$1018$abc$970$li7_li7_output_0_0", 0 0, L_0x14cc560;  1 drivers
v0x10b8f90_0 .net "lut_$abc$1686$new_new_n25___input_0_0", 0 0, L_0x15e7450;  1 drivers
v0x10b9030_0 .net "lut_$abc$1686$new_new_n25___input_0_1", 0 0, L_0x15e7640;  1 drivers
v0x10b90d0_0 .net "lut_$abc$1686$new_new_n25___input_0_2", 0 0, L_0x16188f0;  1 drivers
v0x10b91a0_0 .net "lut_$abc$1686$new_new_n25___input_0_3", 0 0, L_0x15e7260;  1 drivers
v0x10b9270_0 .net "lut_$abc$1686$new_new_n25___input_0_4", 0 0, L_0x176cf60;  1 drivers
v0x1032910_0 .net "lut_$abc$1686$new_new_n25___input_0_5", 0 0, L_0x15e7830;  1 drivers
v0x10329b0_0 .net "lut_$abc$1686$new_new_n25___output_0_0", 0 0, L_0x124d740;  1 drivers
v0x1032a50_0 .net "lut_$abc$1686$new_new_n26___input_0_0", 0 0, L_0x176c6b0;  1 drivers
v0x1032b20_0 .net "lut_$abc$1686$new_new_n26___input_0_1", 0 0, L_0x15e85c0;  1 drivers
v0x1032bf0_0 .net "lut_$abc$1686$new_new_n26___input_0_2", 0 0, L_0x15ef9d0;  1 drivers
v0x1032cc0_0 .net "lut_$abc$1686$new_new_n26___input_0_3", 0 0, L_0x15e87b0;  1 drivers
v0x10a48b0_0 .net "lut_$abc$1686$new_new_n26___input_0_4", 0 0, L_0x1618d10;  1 drivers
v0x10a4980_0 .net "lut_$abc$1686$new_new_n26___input_0_5", 0 0, L_0x15e81e0;  1 drivers
v0x10a4a50_0 .net "lut_$abc$1686$new_new_n26___output_0_0", 0 0, L_0x173d7f0;  1 drivers
v0x10a4af0_0 .net "lut_$auto_1716_input_0_1", 0 0, L_0x15e7ff0;  1 drivers
v0x10a4bc0_0 .net "lut_$auto_1716_output_0_0", 0 0, L_0x1044800;  1 drivers
v0x10a4c60_0 .net "lut_$auto_1717_input_0_3", 0 0, L_0x15e7e00;  1 drivers
v0x10dc140_0 .net "lut_$auto_1717_output_0_0", 0 0, L_0x10fe050;  1 drivers
v0x10dc1e0_0 .net "lut_$auto_1718_input_0_3", 0 0, L_0x15e92c0;  1 drivers
v0x10dc2b0_0 .net "lut_$auto_1718_output_0_0", 0 0, L_0x17ae670;  1 drivers
v0x10dc350_0 .net "lut_$auto_1719_input_0_3", 0 0, L_0x15e94d0;  1 drivers
v0x10dc420_0 .net "lut_$auto_1719_output_0_0", 0 0, L_0x17a14f0;  1 drivers
v0x10dc4c0_0 .net "lut_$auto_1720_input_0_1", 0 0, L_0x15ef3a0;  1 drivers
v0x10407f0_0 .net "lut_$auto_1720_output_0_0", 0 0, L_0x158d120;  1 drivers
v0x1040890_0 .net "lut_$auto_1721_input_0_1", 0 0, L_0x15ef5b0;  1 drivers
v0x1040930_0 .net "lut_$auto_1721_output_0_0", 0 0, L_0x1768d80;  1 drivers
v0x10409d0_0 .net "lut_$auto_1722_input_0_3", 0 0, L_0x15e7c10;  1 drivers
v0x1040aa0_0 .net "lut_$auto_1722_output_0_0", 0 0, L_0x104cc20;  1 drivers
v0x1040b40_0 .net "lut_$f2g_tx_out_$obuf_c_input_0_1", 0 0, L_0x176aa60;  1 drivers
v0x10483b0_0 .net "lut_$f2g_tx_out_$obuf_c_input_0_2", 0 0, L_0x15e8ea0;  1 drivers
v0x1048480_0 .net "lut_$f2g_tx_out_$obuf_c_input_0_4", 0 0, L_0x15f2520;  1 drivers
v0x1048550_0 .net "lut_$f2g_tx_out_$obuf_c_output_0_0", 0 0, L_0x1245e90;  1 drivers
v0x10485f0_0 .net "lut_$true_output_0_0", 0 0, L_0x138c250;  1 drivers
LS_0x14c4530_0_0 .concat [ 1 1 1 1], L_0x1625420, L_0x17696c0, L_0x1617ea0, L_0x161f210;
LS_0x14c4530_0_4 .concat [ 1 0 0 0], L_0x161a1b0;
L_0x14c4530 .concat [ 4 1 0 0], LS_0x14c4530_0_0, LS_0x14c4530_0_4;
LS_0x1242f00_0_0 .concat [ 1 1 1 1], L_0x161f420, L_0x176bcf0, L_0x1617a80, L_0x161e3a0;
LS_0x1242f00_0_4 .concat [ 1 0 0 0], L_0x1619d90;
L_0x1242f00 .concat [ 4 1 0 0], LS_0x1242f00_0_0, LS_0x1242f00_0_4;
LS_0x1245fd0_0_0 .concat [ 1 1 1 1], L_0x7f580106e408, L_0x176aa60, L_0x15e8ea0, L_0x7f580106e3c0;
LS_0x1245fd0_0_4 .concat [ 1 0 0 0], L_0x15f2520;
L_0x1245fd0 .concat [ 4 1 0 0], LS_0x1245fd0_0_0, LS_0x1245fd0_0_4;
LS_0x14bc3a0_0_0 .concat [ 1 1 1 1], L_0x1617660, L_0x176b710, L_0x161f000, L_0x161c090;
LS_0x14bc3a0_0_4 .concat [ 1 0 0 0], L_0x161df80;
L_0x14bc3a0 .concat [ 4 1 0 0], LS_0x14bc3a0_0_0, LS_0x14bc3a0_0_4;
LS_0x14cc6a0_0_0 .concat [ 1 1 1 1], L_0x161ba60, L_0x176b4a0, L_0x161edf0, L_0x1619760;
LS_0x14cc6a0_0_4 .concat [ 1 0 0 0], L_0x161e190;
L_0x14cc6a0 .concat [ 4 1 0 0], LS_0x14cc6a0_0_0, LS_0x14cc6a0_0_4;
LS_0x1629710_0_0 .concat [ 1 1 1 1], L_0x161b640, L_0x176ac70, L_0x161c4b0, L_0x1619340;
LS_0x1629710_0_4 .concat [ 1 0 0 0], L_0x161ebe0;
L_0x1629710 .concat [ 4 1 0 0], LS_0x1629710_0_0, LS_0x1629710_0_4;
LS_0x164dde0_0_0 .concat [ 1 1 1 1], L_0x161b220, L_0x1769b00, L_0x1616b10, L_0x1618f20;
LS_0x164dde0_0_4 .concat [ 1 0 0 0], L_0x161e9d0;
L_0x164dde0 .concat [ 4 1 0 0], LS_0x164dde0_0_0, LS_0x164dde0_0_4;
LS_0x1768ec0_0_0 .concat [ 1 1 1 1], L_0x7f580106e8d0, L_0x15ef5b0, L_0x7f580106e888, L_0x7f580106e840;
LS_0x1768ec0_0_4 .concat [ 1 0 0 0], L_0x7f580106e7f8;
L_0x1768ec0 .concat [ 4 1 0 0], LS_0x1768ec0_0_0, LS_0x1768ec0_0_4;
LS_0x158d260_0_0 .concat [ 1 1 1 1], L_0x7f580106ea80, L_0x15ef3a0, L_0x7f580106ea38, L_0x7f580106e9f0;
LS_0x158d260_0_4 .concat [ 1 0 0 0], L_0x7f580106e9a8;
L_0x158d260 .concat [ 4 1 0 0], LS_0x158d260_0_0, LS_0x158d260_0_4;
LS_0x173d740_0_0 .concat [ 1 1 1 1], L_0x176c6b0, L_0x15e85c0, L_0x15ef9d0, L_0x15e87b0;
LS_0x173d740_0_4 .concat [ 1 1 0 0], L_0x1618d10, L_0x15e81e0;
L_0x173d740 .concat [ 4 2 0 0], LS_0x173d740_0_0, LS_0x173d740_0_4;
LS_0x124d690_0_0 .concat [ 1 1 1 1], L_0x15e7450, L_0x15e7640, L_0x16188f0, L_0x15e7260;
LS_0x124d690_0_4 .concat [ 1 1 0 0], L_0x176cf60, L_0x15e7830;
L_0x124d690 .concat [ 4 2 0 0], LS_0x124d690_0_0, LS_0x124d690_0_4;
LS_0x13ffde0_0_0 .concat [ 1 1 1 1], L_0x161a9f0, L_0x15f3e80, L_0x161be80, L_0x161e7c0;
LS_0x13ffde0_0_4 .concat [ 1 0 0 0], L_0x176c0d0;
L_0x13ffde0 .concat [ 4 1 0 0], LS_0x13ffde0_0_0, LS_0x13ffde0_0_4;
LS_0x1485da0_0_0 .concat [ 1 1 1 1], L_0x161a5d0, L_0x15e6e80, L_0x16182c0, L_0x161e5b0;
LS_0x1485da0_0_4 .concat [ 1 0 0 0], L_0x1769250;
L_0x1485da0 .concat [ 4 1 0 0], LS_0x1485da0_0_0, LS_0x1485da0_0_4;
LS_0x17a1630_0_0 .concat [ 1 1 1 1], L_0x7f580106ee70, L_0x7f580106ee28, L_0x7f580106ede0, L_0x15e94d0;
LS_0x17a1630_0_4 .concat [ 1 0 0 0], L_0x7f580106ed98;
L_0x17a1630 .concat [ 4 1 0 0], LS_0x17a1630_0_0, LS_0x17a1630_0_4;
LS_0x17ae7b0_0_0 .concat [ 1 1 1 1], L_0x7f580106f020, L_0x7f580106efd8, L_0x7f580106ef90, L_0x15e92c0;
LS_0x17ae7b0_0_4 .concat [ 1 0 0 0], L_0x7f580106ef48;
L_0x17ae7b0 .concat [ 4 1 0 0], LS_0x17ae7b0_0_0, LS_0x17ae7b0_0_4;
LS_0x1044940_0_0 .concat [ 1 1 1 1], L_0x7f580106f1d0, L_0x15e7ff0, L_0x7f580106f188, L_0x7f580106f140;
LS_0x1044940_0_4 .concat [ 1 0 0 0], L_0x7f580106f0f8;
L_0x1044940 .concat [ 4 1 0 0], LS_0x1044940_0_0, LS_0x1044940_0_4;
LS_0x10fe190_0_0 .concat [ 1 1 1 1], L_0x7f580106f380, L_0x7f580106f338, L_0x7f580106f2f0, L_0x15e7e00;
LS_0x10fe190_0_4 .concat [ 1 0 0 0], L_0x7f580106f2a8;
L_0x10fe190 .concat [ 4 1 0 0], LS_0x10fe190_0_0, LS_0x10fe190_0_4;
LS_0x104cd60_0_0 .concat [ 1 1 1 1], L_0x7f580106f530, L_0x7f580106f4e8, L_0x7f580106f4a0, L_0x15e7c10;
LS_0x104cd60_0_4 .concat [ 1 0 0 0], L_0x7f580106f458;
L_0x104cd60 .concat [ 4 1 0 0], LS_0x104cd60_0_0, LS_0x104cd60_0_4;
S_0x1914570 .scope module, "dffre_c_sub_out_reg[0]" "DFFRE" 9 947, 10 11 1, S_0x1915730;
 .timescale -9 -12;
    .port_info 0 /INPUT 1 "D";
    .port_info 1 /INPUT 1 "R";
    .port_info 2 /INPUT 1 "E";
    .port_info 3 /INPUT 1 "C";
    .port_info 4 /OUTPUT 1 "Q";
L_0x114fbe0 .functor AND 1, L_0x161db60, L_0x15e7a20, C4<1>, C4<1>;
L_0x1485ee0 .functor AND 1, L_0x161db60, L_0x1485e40, C4<1>, C4<1>;
L_0x15cfa60 .functor AND 1, L_0x1485f50, L_0x15e7a20, C4<1>, C4<1>;
L_0x1216960 .functor AND 1, L_0x1216820, L_0x12168c0, C4<1>, C4<1>;
L_0x1216a20 .functor AND 1, L_0x15eed70, L_0x15e7a20, C4<1>, C4<1>;
L_0x15cf870 .functor AND 1, L_0x15eed70, L_0x1216ba0, C4<1>, C4<1>;
L_0x15cf680 .functor BUFZ 1, L_0x15eed70, C4<0>, C4<0>, C4<0>;
L_0x15cf490 .functor BUFZ 1, L_0x15e7a20, C4<0>, C4<0>, C4<0>;
v0x115f130_0 .net "C", 0 0, L_0x161db60;  alias, 1 drivers
v0x1160410_0 .net "C_D_SDFCHK", 0 0, L_0x114fbe0;  1 drivers
v0x1160560_0 .net "C_nD_SDFCHK", 0 0, L_0x1485ee0;  1 drivers
v0x11606b0_0 .net "D", 0 0, L_0x15e7a20;  alias, 1 drivers
v0x1161990_0 .net "D_SDFCHK", 0 0, L_0x15cf490;  1 drivers
v0x1161ae0_0 .net "E", 0 0, L_0x15f6c10;  alias, 1 drivers
v0x1161c30_0 .var "Q", 0 0;
v0x1162da0_0 .net "R", 0 0, L_0x15eed70;  alias, 1 drivers
v0x1163310_0 .net "R_D_SDFCHK", 0 0, L_0x1216a20;  1 drivers
v0x1163880_0 .net "R_SDFCHK", 0 0, L_0x15cf680;  1 drivers
v0x1163df0_0 .net "R_nD_SDFCHK", 0 0, L_0x15cf870;  1 drivers
v0x1164360_0 .net *"_ivl_11", 0 0, L_0x1216820;  1 drivers
v0x11648d0_0 .net *"_ivl_13", 0 0, L_0x12168c0;  1 drivers
v0x1164e40_0 .net *"_ivl_19", 0 0, L_0x1216ba0;  1 drivers
v0x11653b0_0 .net *"_ivl_3", 0 0, L_0x1485e40;  1 drivers
v0x1165920_0 .net *"_ivl_7", 0 0, L_0x1485f50;  1 drivers
v0x1165e90_0 .net "nC_D_SDFCHK", 0 0, L_0x15cfa60;  1 drivers
v0x1166400_0 .net "nC_nD_SDFCHK", 0 0, L_0x1216960;  1 drivers
E_0x1672f00/0 .event negedge, v0x1162da0_0;
E_0x1672f00/1 .event posedge, v0x115f130_0;
E_0x1672f00 .event/or E_0x1672f00/0, E_0x1672f00/1;
L_0x1485e40 .reduce/nor L_0x15e7a20;
L_0x1485f50 .reduce/nor L_0x161db60;
L_0x1216820 .reduce/nor L_0x161db60;
L_0x12168c0 .reduce/nor L_0x15e7a20;
L_0x1216ba0 .reduce/nor L_0x15e7a20;
S_0x19214a0 .scope module, "dffre_c_sub_out_reg[1]" "DFFRE" 9 723, 10 11 1, S_0x1915730;
 .timescale -9 -12;
    .port_info 0 /INPUT 1 "D";
    .port_info 1 /INPUT 1 "R";
    .port_info 2 /INPUT 1 "E";
    .port_info 3 /INPUT 1 "C";
    .port_info 4 /OUTPUT 1 "Q";
L_0x123d920 .functor AND 1, L_0x1625b10, L_0x15f35a0, C4<1>, C4<1>;
L_0x1243040 .functor AND 1, L_0x1625b10, L_0x1242fa0, C4<1>, C4<1>;
L_0x15ee740 .functor AND 1, L_0x12430b0, L_0x15f35a0, C4<1>, C4<1>;
L_0x1244600 .functor AND 1, L_0x12444c0, L_0x1244560, C4<1>, C4<1>;
L_0x12446c0 .functor AND 1, L_0x15e6a10, L_0x15f35a0, C4<1>, C4<1>;
L_0x15f63e0 .functor AND 1, L_0x15e6a10, L_0x1244840, C4<1>, C4<1>;
L_0x15efdf0 .functor BUFZ 1, L_0x15e6a10, C4<0>, C4<0>, C4<0>;
L_0x15efbe0 .functor BUFZ 1, L_0x15f35a0, C4<0>, C4<0>, C4<0>;
v0x1166970_0 .net "C", 0 0, L_0x1625b10;  alias, 1 drivers
v0x1166ee0_0 .net "C_D_SDFCHK", 0 0, L_0x123d920;  1 drivers
v0x1167450_0 .net "C_nD_SDFCHK", 0 0, L_0x1243040;  1 drivers
v0x11679c0_0 .net "D", 0 0, L_0x15f35a0;  alias, 1 drivers
v0x1167f30_0 .net "D_SDFCHK", 0 0, L_0x15efbe0;  1 drivers
v0x11684a0_0 .net "E", 0 0, L_0x15e6820;  alias, 1 drivers
v0x1168a10_0 .var "Q", 0 0;
v0x1168f80_0 .net "R", 0 0, L_0x15e6a10;  alias, 1 drivers
v0x11694f0_0 .net "R_D_SDFCHK", 0 0, L_0x12446c0;  1 drivers
v0x1169a60_0 .net "R_SDFCHK", 0 0, L_0x15efdf0;  1 drivers
v0x1169fd0_0 .net "R_nD_SDFCHK", 0 0, L_0x15f63e0;  1 drivers
v0x116a540_0 .net *"_ivl_11", 0 0, L_0x12444c0;  1 drivers
v0x116aab0_0 .net *"_ivl_13", 0 0, L_0x1244560;  1 drivers
v0x116b020_0 .net *"_ivl_19", 0 0, L_0x1244840;  1 drivers
v0x116b590_0 .net *"_ivl_3", 0 0, L_0x1242fa0;  1 drivers
v0x116bb00_0 .net *"_ivl_7", 0 0, L_0x12430b0;  1 drivers
v0x13a1630_0 .net "nC_D_SDFCHK", 0 0, L_0x15ee740;  1 drivers
v0x14d3a30_0 .net "nC_nD_SDFCHK", 0 0, L_0x1244600;  1 drivers
E_0x129cb20/0 .event negedge, v0x1168f80_0;
E_0x129cb20/1 .event posedge, v0x1166970_0;
E_0x129cb20 .event/or E_0x129cb20/0, E_0x129cb20/1;
L_0x1242fa0 .reduce/nor L_0x15f35a0;
L_0x12430b0 .reduce/nor L_0x1625b10;
L_0x12444c0 .reduce/nor L_0x1625b10;
L_0x1244560 .reduce/nor L_0x15f35a0;
L_0x1244840 .reduce/nor L_0x15f35a0;
S_0x1920160 .scope module, "dffre_c_sub_out_reg[2]" "DFFRE" 9 700, 10 11 1, S_0x1915730;
 .timescale -9 -12;
    .port_info 0 /INPUT 1 "D";
    .port_info 1 /INPUT 1 "R";
    .port_info 2 /INPUT 1 "E";
    .port_info 3 /INPUT 1 "C";
    .port_info 4 /OUTPUT 1 "Q";
L_0x10d3a90 .functor AND 1, L_0x16206b0, L_0x15f16b0, C4<1>, C4<1>;
L_0x14c45d0 .functor AND 1, L_0x16206b0, L_0x1409ae0, C4<1>, C4<1>;
L_0x1409c20 .functor AND 1, L_0x1409b80, L_0x15f16b0, C4<1>, C4<1>;
L_0x1409dd0 .functor AND 1, L_0x1409c90, L_0x1409d30, C4<1>, C4<1>;
L_0x15f2f70 .functor AND 1, L_0x15e4a80, L_0x15f16b0, C4<1>, C4<1>;
L_0x140e060 .functor AND 1, L_0x15e4a80, L_0x140dfc0, C4<1>, C4<1>;
L_0x140e0d0 .functor BUFZ 1, L_0x15e4a80, C4<0>, C4<0>, C4<0>;
L_0x140e140 .functor BUFZ 1, L_0x15f16b0, C4<0>, C4<0>, C4<0>;
v0x14d3b80_0 .net "C", 0 0, L_0x16206b0;  alias, 1 drivers
v0x14def10_0 .net "C_D_SDFCHK", 0 0, L_0x10d3a90;  1 drivers
v0x14df240_0 .net "C_nD_SDFCHK", 0 0, L_0x14c45d0;  1 drivers
v0x14df500_0 .net "D", 0 0, L_0x15f16b0;  alias, 1 drivers
v0x13eb950_0 .net "D_SDFCHK", 0 0, L_0x140e140;  1 drivers
v0x13a82e0_0 .net "E", 0 0, L_0x15e6c90;  alias, 1 drivers
v0x139d7b0_0 .var "Q", 0 0;
v0x14ce720_0 .net "R", 0 0, L_0x15e4a80;  alias, 1 drivers
v0x1509780_0 .net "R_D_SDFCHK", 0 0, L_0x15f2f70;  1 drivers
v0x1509620_0 .net "R_SDFCHK", 0 0, L_0x140e0d0;  1 drivers
v0x1509bd0_0 .net "R_nD_SDFCHK", 0 0, L_0x140e060;  1 drivers
v0x1503f90_0 .net *"_ivl_11", 0 0, L_0x1409c90;  1 drivers
v0x1503e30_0 .net *"_ivl_13", 0 0, L_0x1409d30;  1 drivers
v0x1504190_0 .net *"_ivl_19", 0 0, L_0x140dfc0;  1 drivers
v0x14bc500_0 .net *"_ivl_3", 0 0, L_0x1409ae0;  1 drivers
v0x14bc7a0_0 .net *"_ivl_7", 0 0, L_0x1409b80;  1 drivers
v0x1381be0_0 .net "nC_D_SDFCHK", 0 0, L_0x1409c20;  1 drivers
v0x13866d0_0 .net "nC_nD_SDFCHK", 0 0, L_0x1409dd0;  1 drivers
E_0x16853a0/0 .event negedge, v0x14ce720_0;
E_0x16853a0/1 .event posedge, v0x14d3b80_0;
E_0x16853a0 .event/or E_0x16853a0/0, E_0x16853a0/1;
L_0x1409ae0 .reduce/nor L_0x15f16b0;
L_0x1409b80 .reduce/nor L_0x16206b0;
L_0x1409c90 .reduce/nor L_0x16206b0;
L_0x1409d30 .reduce/nor L_0x15f16b0;
L_0x140dfc0 .reduce/nor L_0x15f16b0;
S_0x191efa0 .scope module, "dffre_c_sub_out_reg[3]" "DFFRE" 9 924, 10 11 1, S_0x1915730;
 .timescale -9 -12;
    .port_info 0 /INPUT 1 "D";
    .port_info 1 /INPUT 1 "R";
    .port_info 2 /INPUT 1 "E";
    .port_info 3 /INPUT 1 "C";
    .port_info 4 /OUTPUT 1 "Q";
L_0x13ffe80 .functor AND 1, L_0x161dd70, L_0x15f18c0, C4<1>, C4<1>;
L_0x1298a10 .functor AND 1, L_0x161dd70, L_0x1298970, C4<1>, C4<1>;
L_0x1298b20 .functor AND 1, L_0x1298a80, L_0x15f18c0, C4<1>, C4<1>;
L_0x1298cd0 .functor AND 1, L_0x1298b90, L_0x1298c30, C4<1>, C4<1>;
L_0x15ce6c0 .functor AND 1, L_0x15ef190, L_0x15f18c0, C4<1>, C4<1>;
L_0x14d3690 .functor AND 1, L_0x15ef190, L_0x14d35f0, C4<1>, C4<1>;
L_0x14d3700 .functor BUFZ 1, L_0x15ef190, C4<0>, C4<0>, C4<0>;
L_0x14d3770 .functor BUFZ 1, L_0x15f18c0, C4<0>, C4<0>, C4<0>;
v0x1401130_0 .net "C", 0 0, L_0x161dd70;  alias, 1 drivers
v0x1575260_0 .net "C_D_SDFCHK", 0 0, L_0x13ffe80;  1 drivers
v0x1573cc0_0 .net "C_nD_SDFCHK", 0 0, L_0x1298a10;  1 drivers
v0x156e100_0 .net "D", 0 0, L_0x15f18c0;  alias, 1 drivers
v0x134fc70_0 .net "D_SDFCHK", 0 0, L_0x14d3770;  1 drivers
v0x135aec0_0 .net "E", 0 0, L_0x15eef80;  alias, 1 drivers
v0x1418d70_0 .var "Q", 0 0;
v0x14c49a0_0 .net "R", 0 0, L_0x15ef190;  alias, 1 drivers
v0x14c4840_0 .net "R_D_SDFCHK", 0 0, L_0x15ce6c0;  1 drivers
v0x14c4ba0_0 .net "R_SDFCHK", 0 0, L_0x14d3700;  1 drivers
v0x13b9580_0 .net "R_nD_SDFCHK", 0 0, L_0x14d3690;  1 drivers
v0x13b99e0_0 .net *"_ivl_11", 0 0, L_0x1298b90;  1 drivers
v0x13b9790_0 .net *"_ivl_13", 0 0, L_0x1298c30;  1 drivers
v0x1510520_0 .net *"_ivl_19", 0 0, L_0x14d35f0;  1 drivers
v0x15103a0_0 .net *"_ivl_3", 0 0, L_0x1298970;  1 drivers
v0x1510670_0 .net *"_ivl_7", 0 0, L_0x1298a80;  1 drivers
v0x129d4d0_0 .net "nC_D_SDFCHK", 0 0, L_0x1298b20;  1 drivers
v0x129dfa0_0 .net "nC_nD_SDFCHK", 0 0, L_0x1298cd0;  1 drivers
E_0x1685e10/0 .event negedge, v0x14c49a0_0;
E_0x1685e10/1 .event posedge, v0x1401130_0;
E_0x1685e10 .event/or E_0x1685e10/0, E_0x1685e10/1;
L_0x1298970 .reduce/nor L_0x15f18c0;
L_0x1298a80 .reduce/nor L_0x161dd70;
L_0x1298b90 .reduce/nor L_0x161dd70;
L_0x1298c30 .reduce/nor L_0x15f18c0;
L_0x14d35f0 .reduce/nor L_0x15f18c0;
S_0x191dde0 .scope module, "dffre_c_sub_out_reg[4]" "DFFRE" 9 820, 10 11 1, S_0x1915730;
 .timescale -9 -12;
    .port_info 0 /INPUT 1 "D";
    .port_info 1 /INPUT 1 "R";
    .port_info 2 /INPUT 1 "E";
    .port_info 3 /INPUT 1 "C";
    .port_info 4 /OUTPUT 1 "Q";
L_0x13eb810 .functor AND 1, L_0x161c6c0, L_0x15f1ad0, C4<1>, C4<1>;
L_0x16297b0 .functor AND 1, L_0x161c6c0, L_0x177aec0, C4<1>, C4<1>;
L_0x177b000 .functor AND 1, L_0x177af60, L_0x15f1ad0, C4<1>, C4<1>;
L_0x177b1b0 .functor AND 1, L_0x177b070, L_0x177b110, C4<1>, C4<1>;
L_0x15ead90 .functor AND 1, L_0x15e6060, L_0x15f1ad0, C4<1>, C4<1>;
L_0x163b9a0 .functor AND 1, L_0x15e6060, L_0x163b900, C4<1>, C4<1>;
L_0x163ba10 .functor BUFZ 1, L_0x15e6060, C4<0>, C4<0>, C4<0>;
L_0x163ba80 .functor BUFZ 1, L_0x15f1ad0, C4<0>, C4<0>, C4<0>;
v0x129d360_0 .net "C", 0 0, L_0x161c6c0;  alias, 1 drivers
v0x129de30_0 .net "C_D_SDFCHK", 0 0, L_0x13eb810;  1 drivers
v0x129d620_0 .net "C_nD_SDFCHK", 0 0, L_0x16297b0;  1 drivers
v0x129e0f0_0 .net "D", 0 0, L_0x15f1ad0;  alias, 1 drivers
v0x12ab3f0_0 .net "D_SDFCHK", 0 0, L_0x163ba80;  1 drivers
v0x12f2900_0 .net "E", 0 0, L_0x15e5e70;  alias, 1 drivers
v0x13bee60_0 .var "Q", 0 0;
v0x125a780_0 .net "R", 0 0, L_0x15e6060;  alias, 1 drivers
v0x125c420_0 .net "R_D_SDFCHK", 0 0, L_0x15ead90;  1 drivers
v0x1581740_0 .net "R_SDFCHK", 0 0, L_0x163ba10;  1 drivers
v0x116eca0_0 .net "R_nD_SDFCHK", 0 0, L_0x163b9a0;  1 drivers
v0x116ee10_0 .net *"_ivl_11", 0 0, L_0x177b070;  1 drivers
v0x116ef80_0 .net *"_ivl_13", 0 0, L_0x177b110;  1 drivers
v0x116f0f0_0 .net *"_ivl_19", 0 0, L_0x163b900;  1 drivers
v0x116f260_0 .net *"_ivl_3", 0 0, L_0x177aec0;  1 drivers
v0x11c7b70_0 .net *"_ivl_7", 0 0, L_0x177af60;  1 drivers
v0x11c7e70_0 .net "nC_D_SDFCHK", 0 0, L_0x177b000;  1 drivers
v0x11c7fe0_0 .net "nC_nD_SDFCHK", 0 0, L_0x177b1b0;  1 drivers
E_0x1694e30/0 .event negedge, v0x125a780_0;
E_0x1694e30/1 .event posedge, v0x129d360_0;
E_0x1694e30 .event/or E_0x1694e30/0, E_0x1694e30/1;
L_0x177aec0 .reduce/nor L_0x15f1ad0;
L_0x177af60 .reduce/nor L_0x161c6c0;
L_0x177b070 .reduce/nor L_0x161c6c0;
L_0x177b110 .reduce/nor L_0x15f1ad0;
L_0x163b900 .reduce/nor L_0x15f1ad0;
S_0x1981cd0 .scope module, "dffre_c_sub_out_reg[5]" "DFFRE" 9 843, 10 11 1, S_0x1915730;
 .timescale -9 -12;
    .port_info 0 /INPUT 1 "D";
    .port_info 1 /INPUT 1 "R";
    .port_info 2 /INPUT 1 "E";
    .port_info 3 /INPUT 1 "C";
    .port_info 4 /OUTPUT 1 "Q";
L_0x1660410 .functor AND 1, L_0x1624360, L_0x15f1ce0, C4<1>, C4<1>;
L_0x164df20 .functor AND 1, L_0x1624360, L_0x164de80, C4<1>, C4<1>;
L_0x15e9f20 .functor AND 1, L_0x164df90, L_0x15f1ce0, C4<1>, C4<1>;
L_0x174c060 .functor AND 1, L_0x174bf20, L_0x174bfc0, C4<1>, C4<1>;
L_0x174c120 .functor AND 1, L_0x15f4f50, L_0x15f1ce0, C4<1>, C4<1>;
L_0x15e9d10 .functor AND 1, L_0x15f4f50, L_0x174c2a0, C4<1>, C4<1>;
L_0x15e9b00 .functor BUFZ 1, L_0x15f4f50, C4<0>, C4<0>, C4<0>;
L_0x15e98f0 .functor BUFZ 1, L_0x15f1ce0, C4<0>, C4<0>, C4<0>;
v0x11c8150_0 .net "C", 0 0, L_0x1624360;  alias, 1 drivers
v0x103bee0_0 .net "C_D_SDFCHK", 0 0, L_0x1660410;  1 drivers
v0x103c1c0_0 .net "C_nD_SDFCHK", 0 0, L_0x164df20;  1 drivers
v0x103c050_0 .net "D", 0 0, L_0x15f1ce0;  alias, 1 drivers
v0x103c330_0 .net "D_SDFCHK", 0 0, L_0x15e98f0;  1 drivers
v0x103e740_0 .net "E", 0 0, L_0x15ef7c0;  alias, 1 drivers
v0x103ea20_0 .var "Q", 0 0;
v0x103e8b0_0 .net "R", 0 0, L_0x15f4f50;  alias, 1 drivers
v0x103eb90_0 .net "R_D_SDFCHK", 0 0, L_0x174c120;  1 drivers
v0x107fc20_0 .net "R_SDFCHK", 0 0, L_0x15e9b00;  1 drivers
v0x107ff00_0 .net "R_nD_SDFCHK", 0 0, L_0x15e9d10;  1 drivers
v0x107fd90_0 .net *"_ivl_11", 0 0, L_0x174bf20;  1 drivers
v0x1080070_0 .net *"_ivl_13", 0 0, L_0x174bfc0;  1 drivers
v0x1051f40_0 .net *"_ivl_19", 0 0, L_0x174c2a0;  1 drivers
v0x1052220_0 .net *"_ivl_3", 0 0, L_0x164de80;  1 drivers
v0x10520b0_0 .net *"_ivl_7", 0 0, L_0x164df90;  1 drivers
v0x1052390_0 .net "nC_D_SDFCHK", 0 0, L_0x15e9f20;  1 drivers
v0x104f870_0 .net "nC_nD_SDFCHK", 0 0, L_0x174c060;  1 drivers
E_0x16738e0/0 .event negedge, v0x103e8b0_0;
E_0x16738e0/1 .event posedge, v0x11c8150_0;
E_0x16738e0 .event/or E_0x16738e0/0, E_0x16738e0/1;
L_0x164de80 .reduce/nor L_0x15f1ce0;
L_0x164df90 .reduce/nor L_0x1624360;
L_0x174bf20 .reduce/nor L_0x1624360;
L_0x174bfc0 .reduce/nor L_0x15f1ce0;
L_0x174c2a0 .reduce/nor L_0x15f1ce0;
S_0x1980990 .scope module, "dffre_c_sub_out_reg[6]" "DFFRE" 9 774, 10 11 1, S_0x1915730;
 .timescale -9 -12;
    .port_info 0 /INPUT 1 "D";
    .port_info 1 /INPUT 1 "R";
    .port_info 2 /INPUT 1 "E";
    .port_info 3 /INPUT 1 "C";
    .port_info 4 /OUTPUT 1 "Q";
L_0x14d1b10 .functor AND 1, L_0x161cae0, L_0x15f1ef0, C4<1>, C4<1>;
L_0x1247f30 .functor AND 1, L_0x161cae0, L_0x14fd530, C4<1>, C4<1>;
L_0x14bc440 .functor AND 1, L_0x14fd5d0, L_0x15f1ef0, C4<1>, C4<1>;
L_0x14fd7b0 .functor AND 1, L_0x14fd670, L_0x14fd710, C4<1>, C4<1>;
L_0x14fd8c0 .functor AND 1, L_0x15e6630, L_0x15f1ef0, C4<1>, C4<1>;
L_0x15039e0 .functor AND 1, L_0x15e6630, L_0x1503940, C4<1>, C4<1>;
L_0x1503a50 .functor BUFZ 1, L_0x15e6630, C4<0>, C4<0>, C4<0>;
L_0x1503ac0 .functor BUFZ 1, L_0x15f1ef0, C4<0>, C4<0>, C4<0>;
v0x104fb50_0 .net "C", 0 0, L_0x161cae0;  alias, 1 drivers
v0x104f9e0_0 .net "C_D_SDFCHK", 0 0, L_0x14d1b10;  1 drivers
v0x104fcc0_0 .net "C_nD_SDFCHK", 0 0, L_0x1247f30;  1 drivers
v0x10dfe70_0 .net "D", 0 0, L_0x15f1ef0;  alias, 1 drivers
v0x10e1800_0 .net "D_SDFCHK", 0 0, L_0x1503ac0;  1 drivers
v0x10cc1e0_0 .net "E", 0 0, L_0x15e6440;  alias, 1 drivers
v0x10cbd90_0 .var "Q", 0 0;
v0x10cbf00_0 .net "R", 0 0, L_0x15e6630;  alias, 1 drivers
v0x10cc070_0 .net "R_D_SDFCHK", 0 0, L_0x14fd8c0;  1 drivers
v0x10cbc20_0 .net "R_SDFCHK", 0 0, L_0x1503a50;  1 drivers
v0x10cb940_0 .net "R_nD_SDFCHK", 0 0, L_0x15039e0;  1 drivers
v0x10cbab0_0 .net *"_ivl_11", 0 0, L_0x14fd670;  1 drivers
v0x10c8f20_0 .net *"_ivl_13", 0 0, L_0x14fd710;  1 drivers
v0x10c9090_0 .net *"_ivl_19", 0 0, L_0x1503940;  1 drivers
v0x10c87f0_0 .net *"_ivl_3", 0 0, L_0x14fd530;  1 drivers
v0x10c8960_0 .net *"_ivl_7", 0 0, L_0x14fd5d0;  1 drivers
v0x10c8ad0_0 .net "nC_D_SDFCHK", 0 0, L_0x14bc440;  1 drivers
v0x10c8510_0 .net "nC_nD_SDFCHK", 0 0, L_0x14fd7b0;  1 drivers
E_0x167de70/0 .event negedge, v0x10cbf00_0;
E_0x167de70/1 .event posedge, v0x104fb50_0;
E_0x167de70 .event/or E_0x167de70/0, E_0x167de70/1;
L_0x14fd530 .reduce/nor L_0x15f1ef0;
L_0x14fd5d0 .reduce/nor L_0x161cae0;
L_0x14fd670 .reduce/nor L_0x161cae0;
L_0x14fd710 .reduce/nor L_0x15f1ef0;
L_0x1503940 .reduce/nor L_0x15f1ef0;
S_0x197f7d0 .scope module, "dffre_c_sub_out_reg[7]" "DFFRE" 9 797, 10 11 1, S_0x1915730;
 .timescale -9 -12;
    .port_info 0 /INPUT 1 "D";
    .port_info 1 /INPUT 1 "R";
    .port_info 2 /INPUT 1 "E";
    .port_info 3 /INPUT 1 "C";
    .port_info 4 /OUTPUT 1 "Q";
L_0x14cd430 .functor AND 1, L_0x161c8d0, L_0x15f2100, C4<1>, C4<1>;
L_0x14cc7e0 .functor AND 1, L_0x161c8d0, L_0x14cc740, C4<1>, C4<1>;
L_0x15ebe10 .functor AND 1, L_0x14cc850, L_0x15f2100, C4<1>, C4<1>;
L_0x13a7ed0 .functor AND 1, L_0x13a7d90, L_0x13a7e30, C4<1>, C4<1>;
L_0x13a7f90 .functor AND 1, L_0x15e6250, L_0x15f2100, C4<1>, C4<1>;
L_0x15ebc00 .functor AND 1, L_0x15e6250, L_0x13a8110, C4<1>, C4<1>;
L_0x15ee110 .functor BUFZ 1, L_0x15e6250, C4<0>, C4<0>, C4<0>;
L_0x15eb9f0 .functor BUFZ 1, L_0x15f2100, C4<0>, C4<0>, C4<0>;
v0x10c8c40_0 .net "C", 0 0, L_0x161c8d0;  alias, 1 drivers
v0x10c8db0_0 .net "C_D_SDFCHK", 0 0, L_0x14cd430;  1 drivers
v0x10c8680_0 .net "C_nD_SDFCHK", 0 0, L_0x14cc7e0;  1 drivers
v0x10c9650_0 .net "D", 0 0, L_0x15f2100;  alias, 1 drivers
v0x10c97c0_0 .net "D_SDFCHK", 0 0, L_0x15eb9f0;  1 drivers
v0x10c94e0_0 .net "E", 0 0, L_0x1510220;  alias, 1 drivers
v0x10c9200_0 .var "Q", 0 0;
v0x10c9370_0 .net "R", 0 0, L_0x15e6250;  alias, 1 drivers
v0x10c6420_0 .net "R_D_SDFCHK", 0 0, L_0x13a7f90;  1 drivers
v0x10c6140_0 .net "R_SDFCHK", 0 0, L_0x15ee110;  1 drivers
v0x10c6590_0 .net "R_nD_SDFCHK", 0 0, L_0x15ebc00;  1 drivers
v0x10c6700_0 .net *"_ivl_11", 0 0, L_0x13a7d90;  1 drivers
v0x10c62b0_0 .net *"_ivl_13", 0 0, L_0x13a7e30;  1 drivers
v0x10c6cc0_0 .net *"_ivl_19", 0 0, L_0x13a8110;  1 drivers
v0x10c6e30_0 .net *"_ivl_3", 0 0, L_0x14cc740;  1 drivers
v0x10c6b50_0 .net *"_ivl_7", 0 0, L_0x14cc850;  1 drivers
v0x10c6870_0 .net "nC_D_SDFCHK", 0 0, L_0x15ebe10;  1 drivers
v0x10c69e0_0 .net "nC_nD_SDFCHK", 0 0, L_0x13a7ed0;  1 drivers
E_0x167eed0/0 .event negedge, v0x10c9370_0;
E_0x167eed0/1 .event posedge, v0x10c8c40_0;
E_0x167eed0 .event/or E_0x167eed0/0, E_0x167eed0/1;
L_0x14cc740 .reduce/nor L_0x15f2100;
L_0x14cc850 .reduce/nor L_0x161c8d0;
L_0x13a7d90 .reduce/nor L_0x161c8d0;
L_0x13a7e30 .reduce/nor L_0x15f2100;
L_0x13a8110 .reduce/nor L_0x15f2100;
S_0x197e610 .scope module, "lut_$abc$1018$abc$970$li0_li0" "LUT_K" 9 935, 11 124 0, S_0x1915730;
 .timescale -9 -12;
    .port_info 0 /INPUT 5 "in";
    .port_info 1 /OUTPUT 1 "out";
P_0x13cb6b0 .param/l "K" 0 11 126, +C4<00000000000000000000000000000101>;
P_0x13cb6f0 .param/l "LUT_MASK" 0 11 131, C4<00000000000000000000001000000000>;
v0x11000b0_0 .net "in", 4 0, L_0x1485da0;  1 drivers
v0x1101900_0 .net "out", 0 0, L_0x1485c60;  alias, 1 drivers
S_0x1942ce0 .scope generate, "genblk1" "genblk1" 11 186, 11 186 0, S_0x197e610;
 .timescale -9 -12;
S_0x1938570 .scope module, "lut_5" "LUT5" 11 189, 12 10 1, S_0x1942ce0;
 .timescale -9 -12;
    .port_info 0 /INPUT 5 "A";
    .port_info 1 /OUTPUT 1 "Y";
P_0x168c300 .param/l "INIT_VALUE" 0 12 11, C4<00000000000000000000001000000000>;
v0x10c0e00_0 .net "A", 4 0, L_0x1485da0;  alias, 1 drivers
v0x10c0c90_0 .net "Y", 0 0, L_0x1485c60;  alias, 1 drivers
v0x10affb0_0 .net *"_ivl_1", 0 0, L_0x14d3830;  1 drivers
v0x10afe40_0 .net *"_ivl_11", 7 0, L_0x13a1330;  1 drivers
v0x104d1a0_0 .net *"_ivl_13", 7 0, L_0x13a1420;  1 drivers
v0x104d480_0 .net *"_ivl_17", 0 0, L_0x114f7d0;  1 drivers
v0x104d310_0 .net *"_ivl_19", 3 0, L_0x114f870;  1 drivers
L_0x7f580106ec78 .functor BUFT 1, C4<0000000000000000>, C4<0>, C4<0>, C4<0>;
v0x104d5f0_0 .net/2u *"_ivl_2", 15 0, L_0x7f580106ec78;  1 drivers
v0x104aad0_0 .net *"_ivl_21", 3 0, L_0x114f960;  1 drivers
v0x104adb0_0 .net *"_ivl_25", 0 0, L_0x114fb40;  1 drivers
v0x104ac40_0 .net *"_ivl_27", 1 0, L_0x141ee10;  1 drivers
v0x104af20_0 .net *"_ivl_29", 1 0, L_0x141ef00;  1 drivers
v0x1058c00_0 .net *"_ivl_33", 0 0, L_0x141f130;  1 drivers
v0x1058ee0_0 .net *"_ivl_35", 0 0, L_0x141f1d0;  1 drivers
v0x1058d70_0 .net *"_ivl_37", 0 0, L_0x1485bc0;  1 drivers
L_0x7f580106ecc0 .functor BUFT 1, C4<0000001000000000>, C4<0>, C4<0>, C4<0>;
v0x1059050_0 .net/2u *"_ivl_4", 15 0, L_0x7f580106ecc0;  1 drivers
v0x1054610_0 .net *"_ivl_9", 0 0, L_0x13a1290;  1 drivers
v0x10548f0_0 .net "s1", 1 0, L_0x141efa0;  1 drivers
v0x1054780_0 .net "s2", 3 0, L_0x114fa00;  1 drivers
v0x1054a60_0 .net "s3", 7 0, L_0x13a14c0;  1 drivers
v0x10fe9b0_0 .net "s4", 15 0, L_0x13a1100;  1 drivers
L_0x14d3830 .part L_0x1485da0, 4, 1;
L_0x13a1100 .functor MUXZ 16, L_0x7f580106ecc0, L_0x7f580106ec78, L_0x14d3830, C4<>;
L_0x13a1290 .part L_0x1485da0, 3, 1;
L_0x13a1330 .part L_0x13a1100, 8, 8;
L_0x13a1420 .part L_0x13a1100, 0, 8;
L_0x13a14c0 .functor MUXZ 8, L_0x13a1420, L_0x13a1330, L_0x13a1290, C4<>;
L_0x114f7d0 .part L_0x1485da0, 2, 1;
L_0x114f870 .part L_0x13a14c0, 4, 4;
L_0x114f960 .part L_0x13a14c0, 0, 4;
L_0x114fa00 .functor MUXZ 4, L_0x114f960, L_0x114f870, L_0x114f7d0, C4<>;
L_0x114fb40 .part L_0x1485da0, 1, 1;
L_0x141ee10 .part L_0x114fa00, 2, 2;
L_0x141ef00 .part L_0x114fa00, 0, 2;
L_0x141efa0 .functor MUXZ 2, L_0x141ef00, L_0x141ee10, L_0x114fb40, C4<>;
L_0x141f130 .part L_0x1485da0, 0, 1;
L_0x141f1d0 .part L_0x141efa0, 1, 1;
L_0x1485bc0 .part L_0x141efa0, 0, 1;
L_0x1485c60 .functor MUXZ 1, L_0x1485bc0, L_0x141f1d0, L_0x141f130, C4<>;
S_0x1939480 .scope module, "lut_$abc$1018$abc$970$li1_li1" "LUT_K" 9 711, 11 124 0, S_0x1915730;
 .timescale -9 -12;
    .port_info 0 /INPUT 5 "in";
    .port_info 1 /OUTPUT 1 "out";
P_0x126aa50 .param/l "K" 0 11 126, +C4<00000000000000000000000000000101>;
P_0x126aa90 .param/l "LUT_MASK" 0 11 131, C4<00000010000000000000000000000000>;
v0x10b9730_0 .net "in", 4 0, L_0x1242f00;  1 drivers
v0x1039680_0 .net "out", 0 0, L_0x1242dc0;  alias, 1 drivers
S_0x1955c50 .scope generate, "genblk1" "genblk1" 11 186, 11 186 0, S_0x1939480;
 .timescale -9 -12;
S_0x197ab40 .scope module, "lut_5" "LUT5" 11 189, 12 10 1, S_0x1955c50;
 .timescale -9 -12;
    .port_info 0 /INPUT 5 "A";
    .port_info 1 /OUTPUT 1 "Y";
P_0x167fb10 .param/l "INIT_VALUE" 0 12 11, C4<00000010000000000000000000000000>;
v0x1103000_0 .net "A", 4 0, L_0x1242f00;  alias, 1 drivers
v0x10f7060_0 .net "Y", 0 0, L_0x1242dc0;  alias, 1 drivers
v0x1044c80_0 .net *"_ivl_1", 0 0, L_0x140e200;  1 drivers
v0x1044df0_0 .net *"_ivl_11", 7 0, L_0x134f6f0;  1 drivers
v0x1046b70_0 .net *"_ivl_13", 7 0, L_0x134f7e0;  1 drivers
v0x1046ce0_0 .net *"_ivl_17", 0 0, L_0x123d510;  1 drivers
v0x1042d90_0 .net *"_ivl_19", 3 0, L_0x123d5b0;  1 drivers
L_0x7f580106e2a0 .functor BUFT 1, C4<0000001000000000>, C4<0>, C4<0>, C4<0>;
v0x1042f00_0 .net/2u *"_ivl_2", 15 0, L_0x7f580106e2a0;  1 drivers
v0x1048a60_0 .net *"_ivl_21", 3 0, L_0x123d6a0;  1 drivers
v0x1048bd0_0 .net *"_ivl_25", 0 0, L_0x123d880;  1 drivers
v0x1040ea0_0 .net *"_ivl_27", 1 0, L_0x123e940;  1 drivers
v0x1041010_0 .net *"_ivl_29", 1 0, L_0x123ea30;  1 drivers
v0x10dcc70_0 .net *"_ivl_33", 0 0, L_0x123ec60;  1 drivers
v0x10dcde0_0 .net *"_ivl_35", 0 0, L_0x123ed00;  1 drivers
v0x10dcf50_0 .net *"_ivl_37", 0 0, L_0x1242d20;  1 drivers
L_0x7f580106e2e8 .functor BUFT 1, C4<0000000000000000>, C4<0>, C4<0>, C4<0>;
v0x10a5060_0 .net/2u *"_ivl_4", 15 0, L_0x7f580106e2e8;  1 drivers
v0x10a5340_0 .net *"_ivl_9", 0 0, L_0x134f650;  1 drivers
v0x10a51d0_0 .net "s1", 1 0, L_0x123ead0;  1 drivers
v0x10a54b0_0 .net "s2", 3 0, L_0x123d740;  1 drivers
v0x1032fc0_0 .net "s3", 7 0, L_0x134f880;  1 drivers
v0x1033130_0 .net "s4", 15 0, L_0x134f4c0;  1 drivers
L_0x140e200 .part L_0x1242f00, 4, 1;
L_0x134f4c0 .functor MUXZ 16, L_0x7f580106e2e8, L_0x7f580106e2a0, L_0x140e200, C4<>;
L_0x134f650 .part L_0x1242f00, 3, 1;
L_0x134f6f0 .part L_0x134f4c0, 8, 8;
L_0x134f7e0 .part L_0x134f4c0, 0, 8;
L_0x134f880 .functor MUXZ 8, L_0x134f7e0, L_0x134f6f0, L_0x134f650, C4<>;
L_0x123d510 .part L_0x1242f00, 2, 1;
L_0x123d5b0 .part L_0x134f880, 4, 4;
L_0x123d6a0 .part L_0x134f880, 0, 4;
L_0x123d740 .functor MUXZ 4, L_0x123d6a0, L_0x123d5b0, L_0x123d510, C4<>;
L_0x123d880 .part L_0x1242f00, 1, 1;
L_0x123e940 .part L_0x123d740, 2, 2;
L_0x123ea30 .part L_0x123d740, 0, 2;
L_0x123ead0 .functor MUXZ 2, L_0x123ea30, L_0x123e940, L_0x123d880, C4<>;
L_0x123ec60 .part L_0x1242f00, 0, 1;
L_0x123ed00 .part L_0x123ead0, 1, 1;
L_0x1242d20 .part L_0x123ead0, 0, 1;
L_0x1242dc0 .functor MUXZ 1, L_0x1242d20, L_0x123ed00, L_0x123ec60, C4<>;
S_0x1919400 .scope module, "lut_$abc$1018$abc$970$li2_li2" "LUT_K" 9 688, 11 124 0, S_0x1915730;
 .timescale -9 -12;
    .port_info 0 /INPUT 5 "in";
    .port_info 1 /OUTPUT 1 "out";
P_0x195f080 .param/l "K" 0 11 126, +C4<00000000000000000000000000000101>;
P_0x195f0c0 .param/l "LUT_MASK" 0 11 131, C4<00000000000000000010000000000000>;
v0x10a1430_0 .net "in", 4 0, L_0x14c4530;  1 drivers
v0x10a12c0_0 .net "out", 0 0, L_0x14c43f0;  alias, 1 drivers
S_0x191a310 .scope generate, "genblk1" "genblk1" 11 186, 11 186 0, S_0x1919400;
 .timescale -9 -12;
S_0x1923b70 .scope module, "lut_5" "LUT5" 11 189, 12 10 1, S_0x191a310;
 .timescale -9 -12;
    .port_info 0 /INPUT 5 "A";
    .port_info 1 /OUTPUT 1 "Y";
P_0x168dfe0 .param/l "INIT_VALUE" 0 12 11, C4<00000000000000000010000000000000>;
v0x1039960_0 .net "A", 4 0, L_0x14c4530;  alias, 1 drivers
v0x10397f0_0 .net "Y", 0 0, L_0x14c43f0;  alias, 1 drivers
v0x1039ad0_0 .net *"_ivl_1", 0 0, L_0x10d39f0;  1 drivers
v0x101d070_0 .net *"_ivl_11", 7 0, L_0x1972650;  1 drivers
v0x1075a40_0 .net *"_ivl_13", 7 0, L_0x15c83d0;  1 drivers
v0x1075d20_0 .net *"_ivl_17", 0 0, L_0x114e120;  1 drivers
v0x1075bb0_0 .net *"_ivl_19", 3 0, L_0x114e1c0;  1 drivers
L_0x7f580106e210 .functor BUFT 1, C4<0000000000000000>, C4<0>, C4<0>, C4<0>;
v0x1075e90_0 .net/2u *"_ivl_2", 15 0, L_0x7f580106e210;  1 drivers
v0x1034e30_0 .net *"_ivl_21", 3 0, L_0x114e260;  1 drivers
v0x1034fa0_0 .net *"_ivl_25", 0 0, L_0x13b90c0;  1 drivers
v0x1070940_0 .net *"_ivl_27", 1 0, L_0x13b9160;  1 drivers
v0x1070c20_0 .net *"_ivl_29", 1 0, L_0x13b9250;  1 drivers
v0x1070ab0_0 .net *"_ivl_33", 0 0, L_0x14c41c0;  1 drivers
v0x1070d90_0 .net *"_ivl_35", 0 0, L_0x14c4260;  1 drivers
v0x1082480_0 .net *"_ivl_37", 0 0, L_0x14c4350;  1 drivers
L_0x7f580106e258 .functor BUFT 1, C4<0010000000000000>, C4<0>, C4<0>, C4<0>;
v0x1082760_0 .net/2u *"_ivl_4", 15 0, L_0x7f580106e258;  1 drivers
v0x10825f0_0 .net *"_ivl_9", 0 0, L_0x10acfd0;  1 drivers
v0x10828d0_0 .net "s1", 1 0, L_0x13b92f0;  1 drivers
v0x1082bb0_0 .net "s2", 3 0, L_0x13b8f80;  1 drivers
v0x1082a40_0 .net "s3", 7 0, L_0x197d500;  1 drivers
v0x10a1150_0 .net "s4", 15 0, L_0x10aa950;  1 drivers
L_0x10d39f0 .part L_0x14c4530, 4, 1;
L_0x10aa950 .functor MUXZ 16, L_0x7f580106e258, L_0x7f580106e210, L_0x10d39f0, C4<>;
L_0x10acfd0 .part L_0x14c4530, 3, 1;
L_0x1972650 .part L_0x10aa950, 8, 8;
L_0x15c83d0 .part L_0x10aa950, 0, 8;
L_0x197d500 .functor MUXZ 8, L_0x15c83d0, L_0x1972650, L_0x10acfd0, C4<>;
L_0x114e120 .part L_0x14c4530, 2, 1;
L_0x114e1c0 .part L_0x197d500, 4, 4;
L_0x114e260 .part L_0x197d500, 0, 4;
L_0x13b8f80 .functor MUXZ 4, L_0x114e260, L_0x114e1c0, L_0x114e120, C4<>;
L_0x13b90c0 .part L_0x14c4530, 1, 1;
L_0x13b9160 .part L_0x13b8f80, 2, 2;
L_0x13b9250 .part L_0x13b8f80, 0, 2;
L_0x13b92f0 .functor MUXZ 2, L_0x13b9250, L_0x13b9160, L_0x13b90c0, C4<>;
L_0x14c41c0 .part L_0x14c4530, 0, 1;
L_0x14c4260 .part L_0x13b92f0, 1, 1;
L_0x14c4350 .part L_0x13b92f0, 0, 1;
L_0x14c43f0 .functor MUXZ 1, L_0x14c4350, L_0x14c4260, L_0x14c41c0, C4<>;
S_0x116e8b0 .scope module, "lut_$abc$1018$abc$970$li3_li3" "LUT_K" 9 912, 11 124 0, S_0x1915730;
 .timescale -9 -12;
    .port_info 0 /INPUT 5 "in";
    .port_info 1 /OUTPUT 1 "out";
P_0x13cbc30 .param/l "K" 0 11 126, +C4<00000000000000000000000000000101>;
P_0x13cbc70 .param/l "LUT_MASK" 0 11 131, C4<00100000000000000000000000000000>;
v0x111ba80_0 .net "in", 4 0, L_0x13ffde0;  1 drivers
v0x111b630_0 .net "out", 0 0, L_0x13ffca0;  alias, 1 drivers
S_0x18b23a0 .scope generate, "genblk1" "genblk1" 11 186, 11 186 0, S_0x116e8b0;
 .timescale -9 -12;
S_0x18dd520 .scope module, "lut_5" "LUT5" 11 189, 12 10 1, S_0x18b23a0;
 .timescale -9 -12;
    .port_info 0 /INPUT 5 "A";
    .port_info 1 /OUTPUT 1 "Y";
P_0x1678a00 .param/l "INIT_VALUE" 0 12 11, C4<00100000000000000000000000000000>;
v0x10a15a0_0 .net "A", 4 0, L_0x13ffde0;  alias, 1 drivers
v0x1099da0_0 .net "Y", 0 0, L_0x13ffca0;  alias, 1 drivers
v0x109a080_0 .net *"_ivl_1", 0 0, L_0x138ef30;  1 drivers
v0x1099f10_0 .net *"_ivl_11", 7 0, L_0x138f250;  1 drivers
v0x109a1f0_0 .net *"_ivl_13", 7 0, L_0x140ea20;  1 drivers
v0x11208d0_0 .net *"_ivl_17", 0 0, L_0x140ec50;  1 drivers
v0x1120bb0_0 .net *"_ivl_19", 3 0, L_0x140ecf0;  1 drivers
L_0x7f580106ebe8 .functor BUFT 1, C4<0010000000000000>, C4<0>, C4<0>, C4<0>;
v0x1120d20_0 .net/2u *"_ivl_2", 15 0, L_0x7f580106ebe8;  1 drivers
v0x1120e90_0 .net *"_ivl_21", 3 0, L_0x140ede0;  1 drivers
v0x1120a40_0 .net *"_ivl_25", 0 0, L_0x14ca950;  1 drivers
v0x111e2c0_0 .net *"_ivl_27", 1 0, L_0x14ca9f0;  1 drivers
v0x111e5a0_0 .net *"_ivl_29", 1 0, L_0x14caae0;  1 drivers
v0x111e710_0 .net *"_ivl_33", 0 0, L_0x13ffa70;  1 drivers
v0x111e430_0 .net *"_ivl_35", 0 0, L_0x13ffb10;  1 drivers
v0x111b4c0_0 .net *"_ivl_37", 0 0, L_0x13ffc00;  1 drivers
L_0x7f580106ec30 .functor BUFT 1, C4<0000000000000000>, C4<0>, C4<0>, C4<0>;
v0x111bd60_0 .net/2u *"_ivl_4", 15 0, L_0x7f580106ec30;  1 drivers
v0x111b7a0_0 .net *"_ivl_9", 0 0, L_0x138f1b0;  1 drivers
v0x111b910_0 .net "s1", 1 0, L_0x14cab80;  1 drivers
v0x111bbf0_0 .net "s2", 3 0, L_0x14ca810;  1 drivers
v0x111c040_0 .net "s3", 7 0, L_0x140eac0;  1 drivers
v0x111bed0_0 .net "s4", 15 0, L_0x138f020;  1 drivers
L_0x138ef30 .part L_0x13ffde0, 4, 1;
L_0x138f020 .functor MUXZ 16, L_0x7f580106ec30, L_0x7f580106ebe8, L_0x138ef30, C4<>;
L_0x138f1b0 .part L_0x13ffde0, 3, 1;
L_0x138f250 .part L_0x138f020, 8, 8;
L_0x140ea20 .part L_0x138f020, 0, 8;
L_0x140eac0 .functor MUXZ 8, L_0x140ea20, L_0x138f250, L_0x138f1b0, C4<>;
L_0x140ec50 .part L_0x13ffde0, 2, 1;
L_0x140ecf0 .part L_0x140eac0, 4, 4;
L_0x140ede0 .part L_0x140eac0, 0, 4;
L_0x14ca810 .functor MUXZ 4, L_0x140ede0, L_0x140ecf0, L_0x140ec50, C4<>;
L_0x14ca950 .part L_0x13ffde0, 1, 1;
L_0x14ca9f0 .part L_0x14ca810, 2, 2;
L_0x14caae0 .part L_0x14ca810, 0, 2;
L_0x14cab80 .functor MUXZ 2, L_0x14caae0, L_0x14ca9f0, L_0x14ca950, C4<>;
L_0x13ffa70 .part L_0x13ffde0, 0, 1;
L_0x13ffb10 .part L_0x14cab80, 1, 1;
L_0x13ffc00 .part L_0x14cab80, 0, 1;
L_0x13ffca0 .functor MUXZ 1, L_0x13ffc00, L_0x13ffb10, L_0x13ffa70, C4<>;
S_0x18d4080 .scope module, "lut_$abc$1018$abc$970$li4_li4" "LUT_K" 9 808, 11 124 0, S_0x1915730;
 .timescale -9 -12;
    .port_info 0 /INPUT 5 "in";
    .port_info 1 /OUTPUT 1 "out";
P_0x14d6980 .param/l "K" 0 11 126, +C4<00000000000000000000000000000101>;
P_0x14d69c0 .param/l "LUT_MASK" 0 11 131, C4<00000000010000000000000000000000>;
v0x11281d0_0 .net "in", 4 0, L_0x1629710;  1 drivers
v0x1128800_0 .net "out", 0 0, L_0x16295d0;  alias, 1 drivers
S_0x1993300 .scope generate, "genblk1" "genblk1" 11 186, 11 186 0, S_0x18d4080;
 .timescale -9 -12;
S_0x18f10a0 .scope module, "lut_5" "LUT5" 11 189, 12 10 1, S_0x1993300;
 .timescale -9 -12;
    .port_info 0 /INPUT 5 "A";
    .port_info 1 /OUTPUT 1 "Y";
P_0x1687290 .param/l "INIT_VALUE" 0 12 11, C4<00000000010000000000000000000000>;
v0x1118f20_0 .net "A", 4 0, L_0x1629710;  alias, 1 drivers
v0x1119200_0 .net "Y", 0 0, L_0x16295d0;  alias, 1 drivers
v0x1119370_0 .net *"_ivl_1", 0 0, L_0x13eb400;  1 drivers
v0x1119090_0 .net *"_ivl_11", 7 0, L_0x13eb720;  1 drivers
v0x1124ed0_0 .net *"_ivl_13", 7 0, L_0x14de890;  1 drivers
v0x1125040_0 .net *"_ivl_17", 0 0, L_0x14deac0;  1 drivers
v0x11251b0_0 .net *"_ivl_19", 3 0, L_0x14deb60;  1 drivers
L_0x7f580106e648 .functor BUFT 1, C4<0000000001000000>, C4<0>, C4<0>, C4<0>;
v0x1122e80_0 .net/2u *"_ivl_2", 15 0, L_0x7f580106e648;  1 drivers
v0x1122ff0_0 .net *"_ivl_21", 3 0, L_0x14dec50;  1 drivers
v0x1123160_0 .net *"_ivl_25", 0 0, L_0x1772630;  1 drivers
v0x1136890_0 .net *"_ivl_27", 1 0, L_0x17726d0;  1 drivers
v0x1136720_0 .net *"_ivl_29", 1 0, L_0x17727c0;  1 drivers
v0x1135ff0_0 .net *"_ivl_33", 0 0, L_0x16293a0;  1 drivers
v0x1136160_0 .net *"_ivl_35", 0 0, L_0x1629440;  1 drivers
v0x1136440_0 .net *"_ivl_37", 0 0, L_0x1629530;  1 drivers
L_0x7f580106e690 .functor BUFT 1, C4<0000000000000000>, C4<0>, C4<0>, C4<0>;
v0x11362d0_0 .net/2u *"_ivl_4", 15 0, L_0x7f580106e690;  1 drivers
v0x11365b0_0 .net *"_ivl_9", 0 0, L_0x13eb680;  1 drivers
v0x1136ec0_0 .net "s1", 1 0, L_0x1772860;  1 drivers
v0x1137030_0 .net "s2", 3 0, L_0x17724f0;  1 drivers
v0x11371a0_0 .net "s3", 7 0, L_0x14de930;  1 drivers
v0x11274a0_0 .net "s4", 15 0, L_0x13eb4f0;  1 drivers
L_0x13eb400 .part L_0x1629710, 4, 1;
L_0x13eb4f0 .functor MUXZ 16, L_0x7f580106e690, L_0x7f580106e648, L_0x13eb400, C4<>;
L_0x13eb680 .part L_0x1629710, 3, 1;
L_0x13eb720 .part L_0x13eb4f0, 8, 8;
L_0x14de890 .part L_0x13eb4f0, 0, 8;
L_0x14de930 .functor MUXZ 8, L_0x14de890, L_0x13eb720, L_0x13eb680, C4<>;
L_0x14deac0 .part L_0x1629710, 2, 1;
L_0x14deb60 .part L_0x14de930, 4, 4;
L_0x14dec50 .part L_0x14de930, 0, 4;
L_0x17724f0 .functor MUXZ 4, L_0x14dec50, L_0x14deb60, L_0x14deac0, C4<>;
L_0x1772630 .part L_0x1629710, 1, 1;
L_0x17726d0 .part L_0x17724f0, 2, 2;
L_0x17727c0 .part L_0x17724f0, 0, 2;
L_0x1772860 .functor MUXZ 2, L_0x17727c0, L_0x17726d0, L_0x1772630, C4<>;
L_0x16293a0 .part L_0x1629710, 0, 1;
L_0x1629440 .part L_0x1772860, 1, 1;
L_0x1629530 .part L_0x1772860, 0, 1;
L_0x16295d0 .functor MUXZ 1, L_0x1629530, L_0x1629440, L_0x16293a0, C4<>;
S_0x198c860 .scope module, "lut_$abc$1018$abc$970$li5_li5" "LUT_K" 9 831, 11 124 0, S_0x1915730;
 .timescale -9 -12;
    .port_info 0 /INPUT 5 "in";
    .port_info 1 /OUTPUT 1 "out";
P_0x1932540 .param/l "K" 0 11 126, +C4<00000000000000000000000000000101>;
P_0x1932580 .param/l "LUT_MASK" 0 11 131, C4<01000000000000000000000000000000>;
v0x107ab40_0 .net "in", 4 0, L_0x164dde0;  1 drivers
v0x107ae20_0 .net "out", 0 0, L_0x164dca0;  alias, 1 drivers
S_0x18f0ce0 .scope generate, "genblk1" "genblk1" 11 186, 11 186 0, S_0x198c860;
 .timescale -9 -12;
S_0x1964d40 .scope module, "lut_5" "LUT5" 11 189, 12 10 1, S_0x18f0ce0;
 .timescale -9 -12;
    .port_info 0 /INPUT 5 "A";
    .port_info 1 /OUTPUT 1 "Y";
P_0x167ab00 .param/l "INIT_VALUE" 0 12 11, C4<01000000000000000000000000000000>;
v0x10854e0_0 .net "A", 4 0, L_0x164dde0;  alias, 1 drivers
v0x1085650_0 .net "Y", 0 0, L_0x164dca0;  alias, 1 drivers
v0x10bf550_0 .net *"_ivl_1", 0 0, L_0x163bb40;  1 drivers
v0x1068fc0_0 .net *"_ivl_11", 7 0, L_0x178c570;  1 drivers
v0x10692a0_0 .net *"_ivl_13", 7 0, L_0x178c660;  1 drivers
v0x1069130_0 .net *"_ivl_17", 0 0, L_0x1660000;  1 drivers
v0x1069410_0 .net *"_ivl_19", 3 0, L_0x16600a0;  1 drivers
L_0x7f580106e6d8 .functor BUFT 1, C4<0100000000000000>, C4<0>, C4<0>, C4<0>;
v0x10ad6e0_0 .net/2u *"_ivl_2", 15 0, L_0x7f580106e6d8;  1 drivers
v0x10ad9c0_0 .net *"_ivl_21", 3 0, L_0x1660190;  1 drivers
v0x10ad850_0 .net *"_ivl_25", 0 0, L_0x1660370;  1 drivers
v0x10adb30_0 .net *"_ivl_27", 1 0, L_0x1783920;  1 drivers
v0x10a8ec0_0 .net *"_ivl_29", 1 0, L_0x1783a10;  1 drivers
v0x10a9030_0 .net *"_ivl_33", 0 0, L_0x1783c40;  1 drivers
v0x10aae80_0 .net *"_ivl_35", 0 0, L_0x1783ce0;  1 drivers
v0x10ab160_0 .net *"_ivl_37", 0 0, L_0x164dc00;  1 drivers
L_0x7f580106e720 .functor BUFT 1, C4<0000000000000000>, C4<0>, C4<0>, C4<0>;
v0x10aaff0_0 .net/2u *"_ivl_4", 15 0, L_0x7f580106e720;  1 drivers
v0x10ab2d0_0 .net *"_ivl_9", 0 0, L_0x178c4d0;  1 drivers
v0x106b840_0 .net "s1", 1 0, L_0x1783ab0;  1 drivers
v0x106bb20_0 .net "s2", 3 0, L_0x1660230;  1 drivers
v0x106b9b0_0 .net "s3", 7 0, L_0x178c700;  1 drivers
v0x106bc90_0 .net "s4", 15 0, L_0x178c340;  1 drivers
L_0x163bb40 .part L_0x164dde0, 4, 1;
L_0x178c340 .functor MUXZ 16, L_0x7f580106e720, L_0x7f580106e6d8, L_0x163bb40, C4<>;
L_0x178c4d0 .part L_0x164dde0, 3, 1;
L_0x178c570 .part L_0x178c340, 8, 8;
L_0x178c660 .part L_0x178c340, 0, 8;
L_0x178c700 .functor MUXZ 8, L_0x178c660, L_0x178c570, L_0x178c4d0, C4<>;
L_0x1660000 .part L_0x164dde0, 2, 1;
L_0x16600a0 .part L_0x178c700, 4, 4;
L_0x1660190 .part L_0x178c700, 0, 4;
L_0x1660230 .functor MUXZ 4, L_0x1660190, L_0x16600a0, L_0x1660000, C4<>;
L_0x1660370 .part L_0x164dde0, 1, 1;
L_0x1783920 .part L_0x1660230, 2, 2;
L_0x1783a10 .part L_0x1660230, 0, 2;
L_0x1783ab0 .functor MUXZ 2, L_0x1783a10, L_0x1783920, L_0x1660370, C4<>;
L_0x1783c40 .part L_0x164dde0, 0, 1;
L_0x1783ce0 .part L_0x1783ab0, 1, 1;
L_0x164dc00 .part L_0x1783ab0, 0, 1;
L_0x164dca0 .functor MUXZ 1, L_0x164dc00, L_0x1783ce0, L_0x1783c40, C4<>;
S_0x195e1d0 .scope module, "lut_$abc$1018$abc$970$li6_li6" "LUT_K" 9 762, 11 124 0, S_0x1915730;
 .timescale -9 -12;
    .port_info 0 /INPUT 5 "in";
    .port_info 1 /OUTPUT 1 "out";
P_0x126afb0 .param/l "K" 0 11 126, +C4<00000000000000000000000000000101>;
P_0x126aff0 .param/l "LUT_MASK" 0 11 131, C4<00000000100000000000000000000000>;
v0x1108860_0 .net "in", 4 0, L_0x14bc3a0;  1 drivers
v0x11089d0_0 .net "out", 0 0, L_0x14bc260;  alias, 1 drivers
S_0x18f0920 .scope generate, "genblk1" "genblk1" 11 186, 11 186 0, S_0x195e1d0;
 .timescale -9 -12;
S_0x18f8720 .scope module, "lut_5" "LUT5" 11 189, 12 10 1, S_0x18f0920;
 .timescale -9 -12;
    .port_info 0 /INPUT 5 "A";
    .port_info 1 /OUTPUT 1 "Y";
P_0x1689390 .param/l "INIT_VALUE" 0 12 11, C4<00000000100000000000000000000000>;
v0x107acb0_0 .net "A", 4 0, L_0x14bc3a0;  alias, 1 drivers
v0x107af90_0 .net "Y", 0 0, L_0x14bc260;  alias, 1 drivers
v0x10782c0_0 .net *"_ivl_1", 0 0, L_0x1249b00;  1 drivers
v0x10785a0_0 .net *"_ivl_11", 7 0, L_0x1249e20;  1 drivers
v0x1078430_0 .net *"_ivl_13", 7 0, L_0x1400ba0;  1 drivers
v0x1078710_0 .net *"_ivl_17", 0 0, L_0x1400dd0;  1 drivers
v0x110cc60_0 .net *"_ivl_19", 3 0, L_0x1400e70;  1 drivers
L_0x7f580106e528 .functor BUFT 1, C4<0000000010000000>, C4<0>, C4<0>, C4<0>;
v0x110cdd0_0 .net/2u *"_ivl_2", 15 0, L_0x7f580106e528;  1 drivers
v0x110c7f0_0 .net *"_ivl_21", 3 0, L_0x1400f60;  1 drivers
v0x110cf40_0 .net *"_ivl_25", 0 0, L_0x13816e0;  1 drivers
v0x110d0b0_0 .net *"_ivl_27", 1 0, L_0x1381780;  1 drivers
v0x110d220_0 .net *"_ivl_29", 1 0, L_0x1381870;  1 drivers
v0x105c8b0_0 .net *"_ivl_33", 0 0, L_0x14bc030;  1 drivers
v0x10731c0_0 .net *"_ivl_35", 0 0, L_0x14bc0d0;  1 drivers
v0x10734a0_0 .net *"_ivl_37", 0 0, L_0x14bc1c0;  1 drivers
L_0x7f580106e570 .functor BUFT 1, C4<0000000000000000>, C4<0>, C4<0>, C4<0>;
v0x1073330_0 .net/2u *"_ivl_4", 15 0, L_0x7f580106e570;  1 drivers
v0x1073610_0 .net *"_ivl_9", 0 0, L_0x1249d80;  1 drivers
v0x106e0c0_0 .net "s1", 1 0, L_0x1381910;  1 drivers
v0x106e3a0_0 .net "s2", 3 0, L_0x13815a0;  1 drivers
v0x106e230_0 .net "s3", 7 0, L_0x1400c40;  1 drivers
v0x106e510_0 .net "s4", 15 0, L_0x1249bf0;  1 drivers
L_0x1249b00 .part L_0x14bc3a0, 4, 1;
L_0x1249bf0 .functor MUXZ 16, L_0x7f580106e570, L_0x7f580106e528, L_0x1249b00, C4<>;
L_0x1249d80 .part L_0x14bc3a0, 3, 1;
L_0x1249e20 .part L_0x1249bf0, 8, 8;
L_0x1400ba0 .part L_0x1249bf0, 0, 8;
L_0x1400c40 .functor MUXZ 8, L_0x1400ba0, L_0x1249e20, L_0x1249d80, C4<>;
L_0x1400dd0 .part L_0x14bc3a0, 2, 1;
L_0x1400e70 .part L_0x1400c40, 4, 4;
L_0x1400f60 .part L_0x1400c40, 0, 4;
L_0x13815a0 .functor MUXZ 4, L_0x1400f60, L_0x1400e70, L_0x1400dd0, C4<>;
L_0x13816e0 .part L_0x14bc3a0, 1, 1;
L_0x1381780 .part L_0x13815a0, 2, 2;
L_0x1381870 .part L_0x13815a0, 0, 2;
L_0x1381910 .functor MUXZ 2, L_0x1381870, L_0x1381780, L_0x13816e0, C4<>;
L_0x14bc030 .part L_0x14bc3a0, 0, 1;
L_0x14bc0d0 .part L_0x1381910, 1, 1;
L_0x14bc1c0 .part L_0x1381910, 0, 1;
L_0x14bc260 .functor MUXZ 1, L_0x14bc1c0, L_0x14bc0d0, L_0x14bc030, C4<>;
S_0x18f8360 .scope module, "lut_$abc$1018$abc$970$li7_li7" "LUT_K" 9 785, 11 124 0, S_0x1915730;
 .timescale -9 -12;
    .port_info 0 /INPUT 5 "in";
    .port_info 1 /OUTPUT 1 "out";
P_0x19455c0 .param/l "K" 0 11 126, +C4<00000000000000000000000000000101>;
P_0x1945600 .param/l "LUT_MASK" 0 11 131, C4<10000000000000000000000000000000>;
v0x10de940_0 .net "in", 4 0, L_0x14cc6a0;  1 drivers
v0x10b41d0_0 .net "out", 0 0, L_0x14cc560;  alias, 1 drivers
S_0x18f7fa0 .scope generate, "genblk1" "genblk1" 11 186, 11 186 0, S_0x18f8360;
 .timescale -9 -12;
S_0x18f7be0 .scope module, "lut_5" "LUT5" 11 189, 12 10 1, S_0x18f7fa0;
 .timescale -9 -12;
    .port_info 0 /INPUT 5 "A";
    .port_info 1 /OUTPUT 1 "Y";
P_0x16b6140 .param/l "INIT_VALUE" 0 12 11, C4<10000000000000000000000000000000>;
v0x110aad0_0 .net "A", 4 0, L_0x14cc6a0;  alias, 1 drivers
v0x109c600_0 .net "Y", 0 0, L_0x14cc560;  alias, 1 drivers
v0x109c8e0_0 .net *"_ivl_1", 0 0, L_0x1503b80;  1 drivers
v0x109c770_0 .net *"_ivl_11", 7 0, L_0x1509380;  1 drivers
v0x109ca50_0 .net *"_ivl_13", 7 0, L_0x1509470;  1 drivers
v0x1097540_0 .net *"_ivl_17", 0 0, L_0x14cd020;  1 drivers
v0x1097820_0 .net *"_ivl_19", 3 0, L_0x14cd0c0;  1 drivers
L_0x7f580106e5b8 .functor BUFT 1, C4<1000000000000000>, C4<0>, C4<0>, C4<0>;
v0x10976b0_0 .net/2u *"_ivl_2", 15 0, L_0x7f580106e5b8;  1 drivers
v0x1097990_0 .net *"_ivl_21", 3 0, L_0x14cd1b0;  1 drivers
v0x10ebb30_0 .net *"_ivl_25", 0 0, L_0x14cd390;  1 drivers
v0x10ebe10_0 .net *"_ivl_27", 1 0, L_0x139b3d0;  1 drivers
v0x10ebca0_0 .net *"_ivl_29", 1 0, L_0x139b4c0;  1 drivers
v0x10ee050_0 .net *"_ivl_33", 0 0, L_0x139b6f0;  1 drivers
v0x10e7540_0 .net *"_ivl_35", 0 0, L_0x139b790;  1 drivers
v0x10e76b0_0 .net *"_ivl_37", 0 0, L_0x14cc4c0;  1 drivers
L_0x7f580106e600 .functor BUFT 1, C4<0000000000000000>, C4<0>, C4<0>, C4<0>;
v0x10e97b0_0 .net/2u *"_ivl_4", 15 0, L_0x7f580106e600;  1 drivers
v0x10e5150_0 .net *"_ivl_9", 0 0, L_0x15092e0;  1 drivers
v0x10bd330_0 .net "s1", 1 0, L_0x139b560;  1 drivers
v0x10b1380_0 .net "s2", 3 0, L_0x14cd250;  1 drivers
v0x10de660_0 .net "s3", 7 0, L_0x1509510;  1 drivers
v0x10de7d0_0 .net "s4", 15 0, L_0x1509150;  1 drivers
L_0x1503b80 .part L_0x14cc6a0, 4, 1;
L_0x1509150 .functor MUXZ 16, L_0x7f580106e600, L_0x7f580106e5b8, L_0x1503b80, C4<>;
L_0x15092e0 .part L_0x14cc6a0, 3, 1;
L_0x1509380 .part L_0x1509150, 8, 8;
L_0x1509470 .part L_0x1509150, 0, 8;
L_0x1509510 .functor MUXZ 8, L_0x1509470, L_0x1509380, L_0x15092e0, C4<>;
L_0x14cd020 .part L_0x14cc6a0, 2, 1;
L_0x14cd0c0 .part L_0x1509510, 4, 4;
L_0x14cd1b0 .part L_0x1509510, 0, 4;
L_0x14cd250 .functor MUXZ 4, L_0x14cd1b0, L_0x14cd0c0, L_0x14cd020, C4<>;
L_0x14cd390 .part L_0x14cc6a0, 1, 1;
L_0x139b3d0 .part L_0x14cd250, 2, 2;
L_0x139b4c0 .part L_0x14cd250, 0, 2;
L_0x139b560 .functor MUXZ 2, L_0x139b4c0, L_0x139b3d0, L_0x14cd390, C4<>;
L_0x139b6f0 .part L_0x14cc6a0, 0, 1;
L_0x139b790 .part L_0x139b560, 1, 1;
L_0x14cc4c0 .part L_0x139b560, 0, 1;
L_0x14cc560 .functor MUXZ 1, L_0x14cc4c0, L_0x139b790, L_0x139b6f0, C4<>;
S_0x18f7820 .scope module, "lut_$abc$1686$new_new_n25__" "LUT_K" 9 897, 11 124 0, S_0x1915730;
 .timescale -9 -12;
    .port_info 0 /INPUT 6 "in";
    .port_info 1 /OUTPUT 1 "out";
P_0x1926440 .param/l "K" 0 11 126, +C4<00000000000000000000000000000110>;
P_0x1926480 .param/l "LUT_MASK" 0 11 131, C4<0000001100000011010100000101111111110011111100110101000001011111>;
v0x1256bf0_0 .net "in", 5 0, L_0x124d690;  1 drivers
v0x1346050_0 .net "out", 0 0, L_0x124d740;  alias, 1 drivers
S_0x18f7460 .scope generate, "genblk1" "genblk1" 11 194, 11 194 0, S_0x18f7820;
 .timescale -9 -12;
S_0x18f70a0 .scope module, "lut_6" "LUT6" 11 197, 13 10 1, S_0x18f7460;
 .timescale -9 -12;
    .port_info 0 /INPUT 6 "A";
    .port_info 1 /OUTPUT 1 "Y";
P_0x16afbe0 .param/l "INIT_VALUE" 0 13 11, C4<0000001100000011010100000101111111110011111100110101000001011111>;
v0x1036e20_0 .net "A", 5 0, L_0x124d690;  alias, 1 drivers
v0x1037100_0 .net "Y", 0 0, L_0x124d740;  alias, 1 drivers
v0x1036f90_0 .net *"_ivl_1", 0 0, L_0x15ad120;  1 drivers
v0x1037270_0 .net *"_ivl_11", 15 0, L_0x15ad440;  1 drivers
v0x1061ba0_0 .net *"_ivl_13", 15 0, L_0x16ad7f0;  1 drivers
v0x1061e80_0 .net *"_ivl_17", 0 0, L_0x16ada20;  1 drivers
v0x1061d10_0 .net *"_ivl_19", 7 0, L_0x16adac0;  1 drivers
L_0x7f580106eb58 .functor BUFT 1, C4<00000011000000110101000001011111>, C4<0>, C4<0>, C4<0>;
v0x1061ff0_0 .net/2u *"_ivl_2", 31 0, L_0x7f580106eb58;  1 drivers
v0x1067070_0 .net *"_ivl_21", 7 0, L_0x16adbb0;  1 drivers
v0x10fb7e0_0 .net *"_ivl_25", 0 0, L_0x1672540;  1 drivers
v0x10fb950_0 .net *"_ivl_27", 3 0, L_0x16725e0;  1 drivers
v0x10f2f80_0 .net *"_ivl_29", 3 0, L_0x16726d0;  1 drivers
v0x10f86f0_0 .net *"_ivl_33", 0 0, L_0x129a150;  1 drivers
v0x107d3c0_0 .net *"_ivl_35", 1 0, L_0x129a1f0;  1 drivers
v0x107d6a0_0 .net *"_ivl_37", 1 0, L_0x129a2e0;  1 drivers
L_0x7f580106eba0 .functor BUFT 1, C4<11110011111100110101000001011111>, C4<0>, C4<0>, C4<0>;
v0x107d530_0 .net/2u *"_ivl_4", 31 0, L_0x7f580106eba0;  1 drivers
v0x107d810_0 .net *"_ivl_41", 0 0, L_0x129a4c0;  1 drivers
v0x1504810_0 .net *"_ivl_43", 0 0, L_0x124d5a0;  1 drivers
v0x1578320_0 .net *"_ivl_45", 0 0, L_0x129a420;  1 drivers
v0x1576c90_0 .net *"_ivl_9", 0 0, L_0x15ad3a0;  1 drivers
v0x140a490_0 .net "s1", 1 0, L_0x129a380;  1 drivers
v0x14c5290_0 .net "s2", 3 0, L_0x1672770;  1 drivers
v0x14c0ec0_0 .net "s3", 7 0, L_0x1672400;  1 drivers
v0x13e80f0_0 .net "s4", 15 0, L_0x16ad890;  1 drivers
v0x14ddcd0_0 .net "s5", 31 0, L_0x15ad210;  1 drivers
L_0x15ad120 .part L_0x124d690, 5, 1;
L_0x15ad210 .functor MUXZ 32, L_0x7f580106eba0, L_0x7f580106eb58, L_0x15ad120, C4<>;
L_0x15ad3a0 .part L_0x124d690, 4, 1;
L_0x15ad440 .part L_0x15ad210, 16, 16;
L_0x16ad7f0 .part L_0x15ad210, 0, 16;
L_0x16ad890 .functor MUXZ 16, L_0x16ad7f0, L_0x15ad440, L_0x15ad3a0, C4<>;
L_0x16ada20 .part L_0x124d690, 3, 1;
L_0x16adac0 .part L_0x16ad890, 8, 8;
L_0x16adbb0 .part L_0x16ad890, 0, 8;
L_0x1672400 .functor MUXZ 8, L_0x16adbb0, L_0x16adac0, L_0x16ada20, C4<>;
L_0x1672540 .part L_0x124d690, 2, 1;
L_0x16725e0 .part L_0x1672400, 4, 4;
L_0x16726d0 .part L_0x1672400, 0, 4;
L_0x1672770 .functor MUXZ 4, L_0x16726d0, L_0x16725e0, L_0x1672540, C4<>;
L_0x129a150 .part L_0x124d690, 1, 1;
L_0x129a1f0 .part L_0x1672770, 2, 2;
L_0x129a2e0 .part L_0x1672770, 0, 2;
L_0x129a380 .functor MUXZ 2, L_0x129a2e0, L_0x129a1f0, L_0x129a150, C4<>;
L_0x129a4c0 .part L_0x124d690, 0, 1;
L_0x124d5a0 .part L_0x129a380, 1, 1;
L_0x129a420 .part L_0x129a380, 0, 1;
L_0x124d740 .functor MUXZ 1, L_0x129a420, L_0x124d5a0, L_0x129a4c0, C4<>;
S_0x18f6ce0 .scope module, "lut_$abc$1686$new_new_n26__" "LUT_K" 9 882, 11 124 0, S_0x1915730;
 .timescale -9 -12;
    .port_info 0 /INPUT 6 "in";
    .port_info 1 /OUTPUT 1 "out";
P_0x1269920 .param/l "K" 0 11 126, +C4<00000000000000000000000000000110>;
P_0x1269960 .param/l "LUT_MASK" 0 11 131, C4<0010011100100111000000001010101000100111001001110101010111111111>;
v0x111b330_0 .net "in", 5 0, L_0x173d740;  1 drivers
v0x1118d90_0 .net "out", 0 0, L_0x173d7f0;  alias, 1 drivers
S_0x19a09a0 .scope generate, "genblk1" "genblk1" 11 194, 11 194 0, S_0x18f6ce0;
 .timescale -9 -12;
S_0x1999e20 .scope module, "lut_6" "LUT6" 11 197, 13 10 1, S_0x19a09a0;
 .timescale -9 -12;
    .port_info 0 /INPUT 6 "A";
    .port_info 1 /OUTPUT 1 "Y";
P_0x16b0480 .param/l "INIT_VALUE" 0 13 11, C4<0010011100100111000000001010101000100111001001110101010111111111>;
v0x12176a0_0 .net "A", 5 0, L_0x173d740;  alias, 1 drivers
v0x12186b0_0 .net "Y", 0 0, L_0x173d7f0;  alias, 1 drivers
v0x1218080_0 .net *"_ivl_1", 0 0, L_0x17361b0;  1 drivers
v0x129a050_0 .net *"_ivl_11", 15 0, L_0x17364d0;  1 drivers
v0x1730e30_0 .net *"_ivl_13", 15 0, L_0x159cf20;  1 drivers
v0x14df0b0_0 .net *"_ivl_17", 0 0, L_0x159d150;  1 drivers
v0x139ca00_0 .net *"_ivl_19", 7 0, L_0x159d1f0;  1 drivers
L_0x7f580106eac8 .functor BUFT 1, C4<00100111001001110000000010101010>, C4<0>, C4<0>, C4<0>;
v0x1381d30_0 .net/2u *"_ivl_2", 31 0, L_0x7f580106eac8;  1 drivers
v0x1401280_0 .net *"_ivl_21", 7 0, L_0x159d2e0;  1 drivers
v0x157c4c0_0 .net *"_ivl_25", 0 0, L_0x1744bf0;  1 drivers
v0x157a4d0_0 .net *"_ivl_27", 3 0, L_0x1744c90;  1 drivers
v0x1417fc0_0 .net *"_ivl_29", 3 0, L_0x1744d80;  1 drivers
v0x158bd30_0 .net *"_ivl_33", 0 0, L_0x15bd310;  1 drivers
v0x116eb10_0 .net *"_ivl_35", 1 0, L_0x15bd3b0;  1 drivers
v0x11c7ce0_0 .net *"_ivl_37", 1 0, L_0x15bd4a0;  1 drivers
L_0x7f580106eb10 .functor BUFT 1, C4<00100111001001110101010111111111>, C4<0>, C4<0>, C4<0>;
v0x10cb7b0_0 .net/2u *"_ivl_4", 31 0, L_0x7f580106eb10;  1 drivers
v0x11497b0_0 .net *"_ivl_41", 0 0, L_0x15bd680;  1 drivers
v0x10feb20_0 .net *"_ivl_43", 0 0, L_0x173d650;  1 drivers
v0x1101a70_0 .net *"_ivl_45", 0 0, L_0x15bd5e0;  1 drivers
v0x10f5c40_0 .net *"_ivl_9", 0 0, L_0x1736430;  1 drivers
v0x10dcae0_0 .net "s1", 1 0, L_0x15bd540;  1 drivers
v0x114c2c0_0 .net "s2", 3 0, L_0x1744e20;  1 drivers
v0x114d5a0_0 .net "s3", 7 0, L_0x1744ab0;  1 drivers
v0x1120740_0 .net "s4", 15 0, L_0x159cfc0;  1 drivers
v0x111e130_0 .net "s5", 31 0, L_0x17362a0;  1 drivers
L_0x17361b0 .part L_0x173d740, 5, 1;
L_0x17362a0 .functor MUXZ 32, L_0x7f580106eb10, L_0x7f580106eac8, L_0x17361b0, C4<>;
L_0x1736430 .part L_0x173d740, 4, 1;
L_0x17364d0 .part L_0x17362a0, 16, 16;
L_0x159cf20 .part L_0x17362a0, 0, 16;
L_0x159cfc0 .functor MUXZ 16, L_0x159cf20, L_0x17364d0, L_0x1736430, C4<>;
L_0x159d150 .part L_0x173d740, 3, 1;
L_0x159d1f0 .part L_0x159cfc0, 8, 8;
L_0x159d2e0 .part L_0x159cfc0, 0, 8;
L_0x1744ab0 .functor MUXZ 8, L_0x159d2e0, L_0x159d1f0, L_0x159d150, C4<>;
L_0x1744bf0 .part L_0x173d740, 2, 1;
L_0x1744c90 .part L_0x1744ab0, 4, 4;
L_0x1744d80 .part L_0x1744ab0, 0, 4;
L_0x1744e20 .functor MUXZ 4, L_0x1744d80, L_0x1744c90, L_0x1744bf0, C4<>;
L_0x15bd310 .part L_0x173d740, 1, 1;
L_0x15bd3b0 .part L_0x1744e20, 2, 2;
L_0x15bd4a0 .part L_0x1744e20, 0, 2;
L_0x15bd540 .functor MUXZ 2, L_0x15bd4a0, L_0x15bd3b0, L_0x15bd310, C4<>;
L_0x15bd680 .part L_0x173d740, 0, 1;
L_0x173d650 .part L_0x15bd540, 1, 1;
L_0x15bd5e0 .part L_0x15bd540, 0, 1;
L_0x173d7f0 .functor MUXZ 1, L_0x15bd5e0, L_0x173d650, L_0x15bd680, C4<>;
S_0x1903b50 .scope module, "lut_$auto_1716" "LUT_K" 9 986, 11 124 0, S_0x1915730;
 .timescale -9 -12;
    .port_info 0 /INPUT 5 "in";
    .port_info 1 /OUTPUT 1 "out";
P_0x192c850 .param/l "K" 0 11 126, +C4<00000000000000000000000000000101>;
P_0x192c890 .param/l "LUT_MASK" 0 11 131, C4<00000000000000000000000000000100>;
v0x1982030_0 .net "in", 4 0, L_0x1044940;  1 drivers
v0x148b850_0 .net "out", 0 0, L_0x1044800;  alias, 1 drivers
S_0x1903f50 .scope generate, "genblk1" "genblk1" 11 186, 11 186 0, S_0x1903b50;
 .timescale -9 -12;
S_0x1902b50 .scope module, "lut_5" "LUT5" 11 189, 12 10 1, S_0x1903f50;
 .timescale -9 -12;
    .port_info 0 /INPUT 5 "A";
    .port_info 1 /OUTPUT 1 "Y";
P_0x15afd10 .param/l "INIT_VALUE" 0 12 11, C4<00000000000000000000000000000100>;
v0x1124d40_0 .net "A", 4 0, L_0x1044940;  alias, 1 drivers
v0x1122cf0_0 .net "Y", 0 0, L_0x1044800;  alias, 1 drivers
v0x1136a00_0 .net *"_ivl_1", 0 0, L_0x1582630;  1 drivers
v0x1128340_0 .net *"_ivl_11", 7 0, L_0x1582950;  1 drivers
v0x114afd0_0 .net *"_ivl_13", 7 0, L_0x15831b0;  1 drivers
v0x110c9e0_0 .net *"_ivl_17", 0 0, L_0x15833e0;  1 drivers
v0x10de210_0 .net *"_ivl_19", 3 0, L_0x1583480;  1 drivers
L_0x7f580106f068 .functor BUFT 1, C4<0000000000000000>, C4<0>, C4<0>, C4<0>;
v0x10de4d0_0 .net/2u *"_ivl_2", 15 0, L_0x7f580106f068;  1 drivers
v0x1106510_0 .net *"_ivl_21", 3 0, L_0x1583570;  1 drivers
v0x10f8860_0 .net *"_ivl_25", 0 0, L_0x1337210;  1 drivers
v0x10f0410_0 .net *"_ivl_27", 1 0, L_0x13372b0;  1 drivers
v0x13f83a0_0 .net *"_ivl_29", 1 0, L_0x13373a0;  1 drivers
v0x173f340_0 .net *"_ivl_33", 0 0, L_0x10445d0;  1 drivers
v0x17467a0_0 .net *"_ivl_35", 0 0, L_0x1044670;  1 drivers
v0x1737ee0_0 .net *"_ivl_37", 0 0, L_0x1044760;  1 drivers
L_0x7f580106f0b0 .functor BUFT 1, C4<0000000000000100>, C4<0>, C4<0>, C4<0>;
v0x14e05c0_0 .net/2u *"_ivl_4", 15 0, L_0x7f580106f0b0;  1 drivers
v0x1940970_0 .net *"_ivl_9", 0 0, L_0x15828b0;  1 drivers
v0x1937100_0 .net "s1", 1 0, L_0x1337440;  1 drivers
v0x19787d0_0 .net "s2", 3 0, L_0x13370d0;  1 drivers
v0x1917f90_0 .net "s3", 7 0, L_0x1583250;  1 drivers
v0x1921800_0 .net "s4", 15 0, L_0x1582720;  1 drivers
L_0x1582630 .part L_0x1044940, 4, 1;
L_0x1582720 .functor MUXZ 16, L_0x7f580106f0b0, L_0x7f580106f068, L_0x1582630, C4<>;
L_0x15828b0 .part L_0x1044940, 3, 1;
L_0x1582950 .part L_0x1582720, 8, 8;
L_0x15831b0 .part L_0x1582720, 0, 8;
L_0x1583250 .functor MUXZ 8, L_0x15831b0, L_0x1582950, L_0x15828b0, C4<>;
L_0x15833e0 .part L_0x1044940, 2, 1;
L_0x1583480 .part L_0x1583250, 4, 4;
L_0x1583570 .part L_0x1583250, 0, 4;
L_0x13370d0 .functor MUXZ 4, L_0x1583570, L_0x1583480, L_0x15833e0, C4<>;
L_0x1337210 .part L_0x1044940, 1, 1;
L_0x13372b0 .part L_0x13370d0, 2, 2;
L_0x13373a0 .part L_0x13370d0, 0, 2;
L_0x1337440 .functor MUXZ 2, L_0x13373a0, L_0x13372b0, L_0x1337210, C4<>;
L_0x10445d0 .part L_0x1044940, 0, 1;
L_0x1044670 .part L_0x1337440, 1, 1;
L_0x1044760 .part L_0x1337440, 0, 1;
L_0x1044800 .functor MUXZ 1, L_0x1044760, L_0x1044670, L_0x10445d0, C4<>;
S_0x1902f50 .scope module, "lut_$auto_1717" "LUT_K" 9 1000, 11 124 0, S_0x1915730;
 .timescale -9 -12;
    .port_info 0 /INPUT 5 "in";
    .port_info 1 /OUTPUT 1 "out";
P_0x126ba70 .param/l "K" 0 11 126, +C4<00000000000000000000000000000101>;
P_0x126bab0 .param/l "LUT_MASK" 0 11 131, C4<00000000000000000000000100000000>;
v0x194c050_0 .net "in", 4 0, L_0x10fe190;  1 drivers
v0x194c110_0 .net "out", 0 0, L_0x10fe050;  alias, 1 drivers
S_0x1901f50 .scope generate, "genblk1" "genblk1" 11 186, 11 186 0, S_0x1902f50;
 .timescale -9 -12;
S_0x1901b50 .scope module, "lut_5" "LUT5" 11 189, 12 10 1, S_0x1901f50;
 .timescale -9 -12;
    .port_info 0 /INPUT 5 "A";
    .port_info 1 /OUTPUT 1 "Y";
P_0x15af930 .param/l "INIT_VALUE" 0 12 11, C4<00000000000000000000000100000000>;
v0x1347e80_0 .net "A", 4 0, L_0x10fe190;  alias, 1 drivers
v0x13a9e70_0 .net "Y", 0 0, L_0x10fe050;  alias, 1 drivers
v0x17862c0_0 .net *"_ivl_1", 0 0, L_0x10f5150;  1 drivers
v0x178ece0_0 .net *"_ivl_11", 7 0, L_0x18a7e50;  1 drivers
v0x177d8a0_0 .net *"_ivl_13", 7 0, L_0x190a0b0;  1 drivers
v0x1774e80_0 .net *"_ivl_17", 0 0, L_0x19098b0;  1 drivers
v0x13518c0_0 .net *"_ivl_19", 3 0, L_0x18aae90;  1 drivers
L_0x7f580106f218 .functor BUFT 1, C4<0000000000000000>, C4<0>, C4<0>, C4<0>;
v0x1135260_0 .net/2u *"_ivl_2", 15 0, L_0x7f580106f218;  1 drivers
v0x17b0560_0 .net *"_ivl_21", 3 0, L_0x18ad710;  1 drivers
v0x1514310_0 .net *"_ivl_25", 0 0, L_0x10f5240;  1 drivers
v0x13c1cc0_0 .net *"_ivl_27", 1 0, L_0x10f52e0;  1 drivers
v0x192c910_0 .net *"_ivl_29", 1 0, L_0x10f5440;  1 drivers
v0x1931760_0 .net *"_ivl_33", 0 0, L_0x10fde20;  1 drivers
v0x18af730_0 .net *"_ivl_35", 0 0, L_0x10fdec0;  1 drivers
v0x18ae9b0_0 .net *"_ivl_37", 0 0, L_0x10fdfb0;  1 drivers
L_0x7f580106f260 .functor BUFT 1, C4<0000000100000000>, C4<0>, C4<0>, C4<0>;
v0x1953f60_0 .net/2u *"_ivl_4", 15 0, L_0x7f580106f260;  1 drivers
v0x13849c0_0 .net *"_ivl_9", 0 0, L_0x19823f0;  1 drivers
v0x1384a60_0 .net "s1", 1 0, L_0x10f54e0;  1 drivers
v0x18e6ae0_0 .net "s2", 3 0, L_0x16124d0;  1 drivers
v0x18e6ba0_0 .net "s3", 7 0, L_0x190a8b0;  1 drivers
v0x192b9a0_0 .net "s4", 15 0, L_0x18fb460;  1 drivers
L_0x10f5150 .part L_0x10fe190, 4, 1;
L_0x18fb460 .functor MUXZ 16, L_0x7f580106f260, L_0x7f580106f218, L_0x10f5150, C4<>;
L_0x19823f0 .part L_0x10fe190, 3, 1;
L_0x18a7e50 .part L_0x18fb460, 8, 8;
L_0x190a0b0 .part L_0x18fb460, 0, 8;
L_0x190a8b0 .functor MUXZ 8, L_0x190a0b0, L_0x18a7e50, L_0x19823f0, C4<>;
L_0x19098b0 .part L_0x10fe190, 2, 1;
L_0x18aae90 .part L_0x190a8b0, 4, 4;
L_0x18ad710 .part L_0x190a8b0, 0, 4;
L_0x16124d0 .functor MUXZ 4, L_0x18ad710, L_0x18aae90, L_0x19098b0, C4<>;
L_0x10f5240 .part L_0x10fe190, 1, 1;
L_0x10f52e0 .part L_0x16124d0, 2, 2;
L_0x10f5440 .part L_0x16124d0, 0, 2;
L_0x10f54e0 .functor MUXZ 2, L_0x10f5440, L_0x10f52e0, L_0x10f5240, C4<>;
L_0x10fde20 .part L_0x10fe190, 0, 1;
L_0x10fdec0 .part L_0x10f54e0, 1, 1;
L_0x10fdfb0 .part L_0x10f54e0, 0, 1;
L_0x10fe050 .functor MUXZ 1, L_0x10fdfb0, L_0x10fdec0, L_0x10fde20, C4<>;
S_0x1902750 .scope module, "lut_$auto_1718" "LUT_K" 9 972, 11 124 0, S_0x1915730;
 .timescale -9 -12;
    .port_info 0 /INPUT 5 "in";
    .port_info 1 /OUTPUT 1 "out";
P_0x1913380 .param/l "K" 0 11 126, +C4<00000000000000000000000000000101>;
P_0x19133c0 .param/l "LUT_MASK" 0 11 131, C4<00000000000000000000000100000000>;
v0x190aff0_0 .net "in", 4 0, L_0x17ae7b0;  1 drivers
v0x190b0b0_0 .net "out", 0 0, L_0x17ae670;  alias, 1 drivers
S_0x1902350 .scope generate, "genblk1" "genblk1" 11 186, 11 186 0, S_0x1902750;
 .timescale -9 -12;
S_0x1903350 .scope module, "lut_5" "LUT5" 11 189, 12 10 1, S_0x1902350;
 .timescale -9 -12;
    .port_info 0 /INPUT 5 "A";
    .port_info 1 /OUTPUT 1 "Y";
P_0x15af0e0 .param/l "INIT_VALUE" 0 12 11, C4<00000000000000000000000100000000>;
v0x18adc10_0 .net "A", 4 0, L_0x17ae7b0;  alias, 1 drivers
v0x18adcd0_0 .net "Y", 0 0, L_0x17ae670;  alias, 1 drivers
v0x18ace90_0 .net *"_ivl_1", 0 0, L_0x1794d70;  1 drivers
v0x18ac110_0 .net *"_ivl_11", 7 0, L_0x1795090;  1 drivers
v0x18ab390_0 .net *"_ivl_13", 7 0, L_0x157edd0;  1 drivers
v0x18aa610_0 .net *"_ivl_17", 0 0, L_0x157f000;  1 drivers
v0x18a9890_0 .net *"_ivl_19", 3 0, L_0x157f0a0;  1 drivers
L_0x7f580106eeb8 .functor BUFT 1, C4<0000000000000000>, C4<0>, C4<0>, C4<0>;
v0x18a8b10_0 .net/2u *"_ivl_2", 15 0, L_0x7f580106eeb8;  1 drivers
v0x18a7d90_0 .net *"_ivl_21", 3 0, L_0x157f190;  1 drivers
v0x1982330_0 .net *"_ivl_25", 0 0, L_0x133f500;  1 drivers
v0x1978ad0_0 .net *"_ivl_27", 1 0, L_0x133f5a0;  1 drivers
v0x1972d70_0 .net *"_ivl_29", 1 0, L_0x133f690;  1 drivers
v0x196bd70_0 .net *"_ivl_33", 0 0, L_0x17ae440;  1 drivers
v0x1953bc0_0 .net *"_ivl_35", 0 0, L_0x17ae4e0;  1 drivers
v0x194a440_0 .net *"_ivl_37", 0 0, L_0x17ae5d0;  1 drivers
L_0x7f580106ef00 .functor BUFT 1, C4<0000000100000000>, C4<0>, C4<0>, C4<0>;
v0x1940c70_0 .net/2u *"_ivl_4", 15 0, L_0x7f580106ef00;  1 drivers
v0x1937400_0 .net *"_ivl_9", 0 0, L_0x1794ff0;  1 drivers
v0x19374a0_0 .net "s1", 1 0, L_0x133f730;  1 drivers
v0x1918290_0 .net "s2", 3 0, L_0x133f3c0;  1 drivers
v0x18f2e10_0 .net "s3", 7 0, L_0x157ee70;  1 drivers
v0x190d7f0_0 .net "s4", 15 0, L_0x1794e60;  1 drivers
L_0x1794d70 .part L_0x17ae7b0, 4, 1;
L_0x1794e60 .functor MUXZ 16, L_0x7f580106ef00, L_0x7f580106eeb8, L_0x1794d70, C4<>;
L_0x1794ff0 .part L_0x17ae7b0, 3, 1;
L_0x1795090 .part L_0x1794e60, 8, 8;
L_0x157edd0 .part L_0x1794e60, 0, 8;
L_0x157ee70 .functor MUXZ 8, L_0x157edd0, L_0x1795090, L_0x1794ff0, C4<>;
L_0x157f000 .part L_0x17ae7b0, 2, 1;
L_0x157f0a0 .part L_0x157ee70, 4, 4;
L_0x157f190 .part L_0x157ee70, 0, 4;
L_0x133f3c0 .functor MUXZ 4, L_0x157f190, L_0x157f0a0, L_0x157f000, C4<>;
L_0x133f500 .part L_0x17ae7b0, 1, 1;
L_0x133f5a0 .part L_0x133f3c0, 2, 2;
L_0x133f690 .part L_0x133f3c0, 0, 2;
L_0x133f730 .functor MUXZ 2, L_0x133f690, L_0x133f5a0, L_0x133f500, C4<>;
L_0x17ae440 .part L_0x17ae7b0, 0, 1;
L_0x17ae4e0 .part L_0x133f730, 1, 1;
L_0x17ae5d0 .part L_0x133f730, 0, 1;
L_0x17ae670 .functor MUXZ 1, L_0x17ae5d0, L_0x17ae4e0, L_0x17ae440, C4<>;
S_0x1901350 .scope module, "lut_$auto_1719" "LUT_K" 9 958, 11 124 0, S_0x1915730;
 .timescale -9 -12;
    .port_info 0 /INPUT 5 "in";
    .port_info 1 /OUTPUT 1 "out";
P_0x199acd0 .param/l "K" 0 11 126, +C4<00000000000000000000000000000101>;
P_0x199ad10 .param/l "LUT_MASK" 0 11 131, C4<00000000000000000000000100000000>;
v0x190c3f0_0 .net "in", 4 0, L_0x17a1630;  1 drivers
v0x190c4b0_0 .net "out", 0 0, L_0x17a14f0;  alias, 1 drivers
S_0x1901750 .scope generate, "genblk1" "genblk1" 11 186, 11 186 0, S_0x1901350;
 .timescale -9 -12;
S_0x1903750 .scope module, "lut_5" "LUT5" 11 189, 12 10 1, S_0x1901750;
 .timescale -9 -12;
    .port_info 0 /INPUT 5 "A";
    .port_info 1 /OUTPUT 1 "Y";
P_0x15b0c90 .param/l "INIT_VALUE" 0 12 11, C4<00000000000000000000000100000000>;
v0x190b3f0_0 .net "A", 4 0, L_0x17a1630;  alias, 1 drivers
v0x190c7f0_0 .net "Y", 0 0, L_0x17a14f0;  alias, 1 drivers
v0x190c8b0_0 .net *"_ivl_1", 0 0, L_0x15843c0;  1 drivers
v0x190cbf0_0 .net *"_ivl_11", 7 0, L_0x15846e0;  1 drivers
v0x190d3f0_0 .net *"_ivl_13", 7 0, L_0x179b070;  1 drivers
v0x190cff0_0 .net *"_ivl_17", 0 0, L_0x179b2a0;  1 drivers
v0x1909bf0_0 .net *"_ivl_19", 3 0, L_0x179b340;  1 drivers
L_0x7f580106ed08 .functor BUFT 1, C4<0000000000000000>, C4<0>, C4<0>, C4<0>;
v0x19097f0_0 .net/2u *"_ivl_2", 15 0, L_0x7f580106ed08;  1 drivers
v0x19093f0_0 .net *"_ivl_21", 3 0, L_0x179b430;  1 drivers
v0x1908ff0_0 .net *"_ivl_25", 0 0, L_0x17a2240;  1 drivers
v0x190abf0_0 .net *"_ivl_27", 1 0, L_0x17a22e0;  1 drivers
v0x190a7f0_0 .net *"_ivl_29", 1 0, L_0x17a23d0;  1 drivers
v0x190a3f0_0 .net *"_ivl_33", 0 0, L_0x17a12c0;  1 drivers
v0x1909ff0_0 .net *"_ivl_35", 0 0, L_0x17a1360;  1 drivers
v0x190bbf0_0 .net *"_ivl_37", 0 0, L_0x17a1450;  1 drivers
L_0x7f580106ed50 .functor BUFT 1, C4<0000000100000000>, C4<0>, C4<0>, C4<0>;
v0x190b7f0_0 .net/2u *"_ivl_4", 15 0, L_0x7f580106ed50;  1 drivers
v0x19083c0_0 .net *"_ivl_9", 0 0, L_0x1584640;  1 drivers
v0x1908460_0 .net "s1", 1 0, L_0x17a2470;  1 drivers
v0x1908bf0_0 .net "s2", 3 0, L_0x17a2100;  1 drivers
v0x1908cb0_0 .net "s3", 7 0, L_0x179b110;  1 drivers
v0x19087f0_0 .net "s4", 15 0, L_0x15844b0;  1 drivers
L_0x15843c0 .part L_0x17a1630, 4, 1;
L_0x15844b0 .functor MUXZ 16, L_0x7f580106ed50, L_0x7f580106ed08, L_0x15843c0, C4<>;
L_0x1584640 .part L_0x17a1630, 3, 1;
L_0x15846e0 .part L_0x15844b0, 8, 8;
L_0x179b070 .part L_0x15844b0, 0, 8;
L_0x179b110 .functor MUXZ 8, L_0x179b070, L_0x15846e0, L_0x1584640, C4<>;
L_0x179b2a0 .part L_0x17a1630, 2, 1;
L_0x179b340 .part L_0x179b110, 4, 4;
L_0x179b430 .part L_0x179b110, 0, 4;
L_0x17a2100 .functor MUXZ 4, L_0x179b430, L_0x179b340, L_0x179b2a0, C4<>;
L_0x17a2240 .part L_0x17a1630, 1, 1;
L_0x17a22e0 .part L_0x17a2100, 2, 2;
L_0x17a23d0 .part L_0x17a2100, 0, 2;
L_0x17a2470 .functor MUXZ 2, L_0x17a23d0, L_0x17a22e0, L_0x17a2240, C4<>;
L_0x17a12c0 .part L_0x17a1630, 0, 1;
L_0x17a1360 .part L_0x17a2470, 1, 1;
L_0x17a1450 .part L_0x17a2470, 0, 1;
L_0x17a14f0 .functor MUXZ 1, L_0x17a1450, L_0x17a1360, L_0x17a12c0, C4<>;
S_0x1900350 .scope module, "lut_$auto_1720" "LUT_K" 9 868, 11 124 0, S_0x1915730;
 .timescale -9 -12;
    .port_info 0 /INPUT 5 "in";
    .port_info 1 /OUTPUT 1 "out";
P_0x18a9970 .param/l "K" 0 11 126, +C4<00000000000000000000000000000101>;
P_0x18a99b0 .param/l "LUT_MASK" 0 11 131, C4<00000000000000000000000000000100>;
v0x190f910_0 .net "in", 4 0, L_0x158d260;  1 drivers
v0x190f9d0_0 .net "out", 0 0, L_0x158d120;  alias, 1 drivers
S_0x1900750 .scope generate, "genblk1" "genblk1" 11 186, 11 186 0, S_0x1900350;
 .timescale -9 -12;
S_0x18ff750 .scope module, "lut_5" "LUT5" 11 189, 12 10 1, S_0x1900750;
 .timescale -9 -12;
    .port_info 0 /INPUT 5 "A";
    .port_info 1 /OUTPUT 1 "Y";
P_0x15aff00 .param/l "INIT_VALUE" 0 12 11, C4<00000000000000000000000000000100>;
v0x190bff0_0 .net "A", 4 0, L_0x158d260;  alias, 1 drivers
v0x1907bc0_0 .net "Y", 0 0, L_0x158d120;  alias, 1 drivers
v0x1907c80_0 .net *"_ivl_1", 0 0, L_0x16123e0;  1 drivers
v0x19077c0_0 .net *"_ivl_11", 7 0, L_0x1612780;  1 drivers
v0x19073c0_0 .net *"_ivl_13", 7 0, L_0x175f1d0;  1 drivers
v0x1906fc0_0 .net *"_ivl_17", 0 0, L_0x175f400;  1 drivers
v0x1906bc0_0 .net *"_ivl_19", 3 0, L_0x175f4a0;  1 drivers
L_0x7f580106e918 .functor BUFT 1, C4<0000000000000000>, C4<0>, C4<0>, C4<0>;
v0x19067c0_0 .net/2u *"_ivl_2", 15 0, L_0x7f580106e918;  1 drivers
v0x19063c0_0 .net *"_ivl_21", 3 0, L_0x175f590;  1 drivers
v0x1905fc0_0 .net *"_ivl_25", 0 0, L_0x15fb560;  1 drivers
v0x19105a0_0 .net *"_ivl_27", 1 0, L_0x15fb600;  1 drivers
v0x190f0b0_0 .net *"_ivl_29", 1 0, L_0x15fb6f0;  1 drivers
v0x19109d0_0 .net *"_ivl_33", 0 0, L_0x158cef0;  1 drivers
v0x1910e00_0 .net *"_ivl_35", 0 0, L_0x158cf90;  1 drivers
v0x1911230_0 .net *"_ivl_37", 0 0, L_0x158d080;  1 drivers
L_0x7f580106e960 .functor BUFT 1, C4<0000000000000100>, C4<0>, C4<0>, C4<0>;
v0x1911660_0 .net/2u *"_ivl_4", 15 0, L_0x7f580106e960;  1 drivers
v0x1911a90_0 .net *"_ivl_9", 0 0, L_0x16126e0;  1 drivers
v0x1911b30_0 .net "s1", 1 0, L_0x15fb790;  1 drivers
v0x19122f0_0 .net "s2", 3 0, L_0x15fb420;  1 drivers
v0x19123b0_0 .net "s3", 7 0, L_0x175f270;  1 drivers
v0x190dbf0_0 .net "s4", 15 0, L_0x150e2a0;  1 drivers
L_0x16123e0 .part L_0x158d260, 4, 1;
L_0x150e2a0 .functor MUXZ 16, L_0x7f580106e960, L_0x7f580106e918, L_0x16123e0, C4<>;
L_0x16126e0 .part L_0x158d260, 3, 1;
L_0x1612780 .part L_0x150e2a0, 8, 8;
L_0x175f1d0 .part L_0x150e2a0, 0, 8;
L_0x175f270 .functor MUXZ 8, L_0x175f1d0, L_0x1612780, L_0x16126e0, C4<>;
L_0x175f400 .part L_0x158d260, 2, 1;
L_0x175f4a0 .part L_0x175f270, 4, 4;
L_0x175f590 .part L_0x175f270, 0, 4;
L_0x15fb420 .functor MUXZ 4, L_0x175f590, L_0x175f4a0, L_0x175f400, C4<>;
L_0x15fb560 .part L_0x158d260, 1, 1;
L_0x15fb600 .part L_0x15fb420, 2, 2;
L_0x15fb6f0 .part L_0x15fb420, 0, 2;
L_0x15fb790 .functor MUXZ 2, L_0x15fb6f0, L_0x15fb600, L_0x15fb560, C4<>;
L_0x158cef0 .part L_0x158d260, 0, 1;
L_0x158cf90 .part L_0x15fb790, 1, 1;
L_0x158d080 .part L_0x15fb790, 0, 1;
L_0x158d120 .functor MUXZ 1, L_0x158d080, L_0x158cf90, L_0x158cef0, C4<>;
S_0x18ff350 .scope module, "lut_$auto_1721" "LUT_K" 9 854, 11 124 0, S_0x1915730;
 .timescale -9 -12;
    .port_info 0 /INPUT 5 "in";
    .port_info 1 /OUTPUT 1 "out";
P_0x1972e50 .param/l "K" 0 11 126, +C4<00000000000000000000000000000101>;
P_0x1972e90 .param/l "LUT_MASK" 0 11 131, C4<00000000000000000000000000000100>;
v0x1937e00_0 .net "in", 4 0, L_0x1768ec0;  1 drivers
v0x1937ec0_0 .net "out", 0 0, L_0x1768d80;  alias, 1 drivers
S_0x18fff50 .scope generate, "genblk1" "genblk1" 11 186, 11 186 0, S_0x18ff350;
 .timescale -9 -12;
S_0x18ffb50 .scope module, "lut_5" "LUT5" 11 189, 12 10 1, S_0x18fff50;
 .timescale -9 -12;
    .port_info 0 /INPUT 5 "A";
    .port_info 1 /OUTPUT 1 "Y";
P_0x15ba360 .param/l "INIT_VALUE" 0 12 11, C4<00000000000000000000000000000100>;
v0x190f4e0_0 .net "A", 4 0, L_0x1768ec0;  alias, 1 drivers
v0x1910170_0 .net "Y", 0 0, L_0x1768d80;  alias, 1 drivers
v0x1910230_0 .net *"_ivl_1", 0 0, L_0x15cd500;  1 drivers
v0x190fd40_0 .net *"_ivl_11", 7 0, L_0x15cd820;  1 drivers
v0x190dff0_0 .net *"_ivl_13", 7 0, L_0x1755810;  1 drivers
v0x190e420_0 .net *"_ivl_17", 0 0, L_0x1755a40;  1 drivers
v0x190e850_0 .net *"_ivl_19", 3 0, L_0x1755ae0;  1 drivers
L_0x7f580106e768 .functor BUFT 1, C4<0000000000000000>, C4<0>, C4<0>, C4<0>;
v0x190ec80_0 .net/2u *"_ivl_2", 15 0, L_0x7f580106e768;  1 drivers
v0x19043c0_0 .net *"_ivl_21", 3 0, L_0x1755bd0;  1 drivers
v0x1904bc0_0 .net *"_ivl_25", 0 0, L_0x15e4590;  1 drivers
v0x19047c0_0 .net *"_ivl_27", 1 0, L_0x15e4630;  1 drivers
v0x19053c0_0 .net *"_ivl_29", 1 0, L_0x15e4720;  1 drivers
v0x1904fc0_0 .net *"_ivl_33", 0 0, L_0x1768b50;  1 drivers
v0x19057c0_0 .net *"_ivl_35", 0 0, L_0x1768bf0;  1 drivers
v0x1905bc0_0 .net *"_ivl_37", 0 0, L_0x1768ce0;  1 drivers
L_0x7f580106e7b0 .functor BUFT 1, C4<0000000000000100>, C4<0>, C4<0>, C4<0>;
v0x1965d60_0 .net/2u *"_ivl_4", 15 0, L_0x7f580106e7b0;  1 drivers
v0x196cd60_0 .net *"_ivl_9", 0 0, L_0x15cd780;  1 drivers
v0x196ce00_0 .net "s1", 1 0, L_0x15e47c0;  1 drivers
v0x1941670_0 .net "s2", 3 0, L_0x15e4450;  1 drivers
v0x19434b0_0 .net "s3", 7 0, L_0x17558b0;  1 drivers
v0x19428b0_0 .net "s4", 15 0, L_0x15cd5f0;  1 drivers
L_0x15cd500 .part L_0x1768ec0, 4, 1;
L_0x15cd5f0 .functor MUXZ 16, L_0x7f580106e7b0, L_0x7f580106e768, L_0x15cd500, C4<>;
L_0x15cd780 .part L_0x1768ec0, 3, 1;
L_0x15cd820 .part L_0x15cd5f0, 8, 8;
L_0x1755810 .part L_0x15cd5f0, 0, 8;
L_0x17558b0 .functor MUXZ 8, L_0x1755810, L_0x15cd820, L_0x15cd780, C4<>;
L_0x1755a40 .part L_0x1768ec0, 2, 1;
L_0x1755ae0 .part L_0x17558b0, 4, 4;
L_0x1755bd0 .part L_0x17558b0, 0, 4;
L_0x15e4450 .functor MUXZ 4, L_0x1755bd0, L_0x1755ae0, L_0x1755a40, C4<>;
L_0x15e4590 .part L_0x1768ec0, 1, 1;
L_0x15e4630 .part L_0x15e4450, 2, 2;
L_0x15e4720 .part L_0x15e4450, 0, 2;
L_0x15e47c0 .functor MUXZ 2, L_0x15e4720, L_0x15e4630, L_0x15e4590, C4<>;
L_0x1768b50 .part L_0x1768ec0, 0, 1;
L_0x1768bf0 .part L_0x15e47c0, 1, 1;
L_0x1768ce0 .part L_0x15e47c0, 0, 1;
L_0x1768d80 .functor MUXZ 1, L_0x1768ce0, L_0x1768bf0, L_0x1768b50, C4<>;
S_0x1900b50 .scope module, "lut_$auto_1722" "LUT_K" 9 1014, 11 124 0, S_0x1915730;
 .timescale -9 -12;
    .port_info 0 /INPUT 5 "in";
    .port_info 1 /OUTPUT 1 "out";
P_0x1986c60 .param/l "K" 0 11 126, +C4<00000000000000000000000000000101>;
P_0x1986ca0 .param/l "LUT_MASK" 0 11 131, C4<00000000000000000000000100000000>;
v0x18aebc0_0 .net "in", 4 0, L_0x104cd60;  1 drivers
v0x18aec80_0 .net "out", 0 0, L_0x104cc20;  alias, 1 drivers
S_0x18feb50 .scope generate, "genblk1" "genblk1" 11 186, 11 186 0, S_0x1900b50;
 .timescale -9 -12;
S_0x18fef50 .scope module, "lut_5" "LUT5" 11 189, 12 10 1, S_0x18feb50;
 .timescale -9 -12;
    .port_info 0 /INPUT 5 "A";
    .port_info 1 /OUTPUT 1 "Y";
P_0x15b7df0 .param/l "INIT_VALUE" 0 12 11, C4<00000000000000000000000100000000>;
v0x1939c50_0 .net "A", 4 0, L_0x104cd60;  alias, 1 drivers
v0x1939050_0 .net "Y", 0 0, L_0x104cc20;  alias, 1 drivers
v0x1939110_0 .net *"_ivl_1", 0 0, L_0x1148f80;  1 drivers
v0x1954d50_0 .net *"_ivl_11", 7 0, L_0x11492a0;  1 drivers
v0x19545e0_0 .net *"_ivl_13", 7 0, L_0x1053e60;  1 drivers
v0x1956420_0 .net *"_ivl_17", 0 0, L_0x1054090;  1 drivers
v0x1955820_0 .net *"_ivl_19", 3 0, L_0x1054130;  1 drivers
L_0x7f580106f3c8 .functor BUFT 1, C4<0000000000000000>, C4<0>, C4<0>, C4<0>;
v0x1979c40_0 .net/2u *"_ivl_2", 15 0, L_0x7f580106f3c8;  1 drivers
v0x19794d0_0 .net *"_ivl_21", 3 0, L_0x1054220;  1 drivers
v0x197b310_0 .net *"_ivl_25", 0 0, L_0x104a460;  1 drivers
v0x197a710_0 .net *"_ivl_27", 1 0, L_0x104a500;  1 drivers
v0x1918c90_0 .net *"_ivl_29", 1 0, L_0x104a5f0;  1 drivers
v0x191aae0_0 .net *"_ivl_33", 0 0, L_0x104c9f0;  1 drivers
v0x1919ee0_0 .net *"_ivl_35", 0 0, L_0x104ca90;  1 drivers
v0x1922c70_0 .net *"_ivl_37", 0 0, L_0x104cb80;  1 drivers
L_0x7f580106f410 .functor BUFT 1, C4<0000000100000000>, C4<0>, C4<0>, C4<0>;
v0x1922500_0 .net/2u *"_ivl_4", 15 0, L_0x7f580106f410;  1 drivers
v0x1923740_0 .net *"_ivl_9", 0 0, L_0x1149200;  1 drivers
v0x19237e0_0 .net "s1", 1 0, L_0x104a690;  1 drivers
v0x1982d30_0 .net "s2", 3 0, L_0x104a320;  1 drivers
v0x1983f70_0 .net "s3", 7 0, L_0x1053f00;  1 drivers
v0x18af150_0 .net "s4", 15 0, L_0x1149070;  1 drivers
L_0x1148f80 .part L_0x104cd60, 4, 1;
L_0x1149070 .functor MUXZ 16, L_0x7f580106f410, L_0x7f580106f3c8, L_0x1148f80, C4<>;
L_0x1149200 .part L_0x104cd60, 3, 1;
L_0x11492a0 .part L_0x1149070, 8, 8;
L_0x1053e60 .part L_0x1149070, 0, 8;
L_0x1053f00 .functor MUXZ 8, L_0x1053e60, L_0x11492a0, L_0x1149200, C4<>;
L_0x1054090 .part L_0x104cd60, 2, 1;
L_0x1054130 .part L_0x1053f00, 4, 4;
L_0x1054220 .part L_0x1053f00, 0, 4;
L_0x104a320 .functor MUXZ 4, L_0x1054220, L_0x1054130, L_0x1054090, C4<>;
L_0x104a460 .part L_0x104cd60, 1, 1;
L_0x104a500 .part L_0x104a320, 2, 2;
L_0x104a5f0 .part L_0x104a320, 0, 2;
L_0x104a690 .functor MUXZ 2, L_0x104a5f0, L_0x104a500, L_0x104a460, C4<>;
L_0x104c9f0 .part L_0x104cd60, 0, 1;
L_0x104ca90 .part L_0x104a690, 1, 1;
L_0x104cb80 .part L_0x104a690, 0, 1;
L_0x104cc20 .functor MUXZ 1, L_0x104cb80, L_0x104ca90, L_0x104c9f0, C4<>;
S_0x1900f50 .scope module, "lut_$f2g_tx_out_$obuf_c" "LUT_K" 9 734, 11 124 0, S_0x1915730;
 .timescale -9 -12;
    .port_info 0 /INPUT 5 "in";
    .port_info 1 /OUTPUT 1 "out";
P_0x18ac1f0 .param/l "K" 0 11 126, +C4<00000000000000000000000000000101>;
P_0x18ac230 .param/l "LUT_MASK" 0 11 131, C4<00000000000000010000000001000101>;
v0x18fdb50_0 .net "in", 4 0, L_0x1245fd0;  1 drivers
v0x18fdc10_0 .net "out", 0 0, L_0x1245e90;  alias, 1 drivers
S_0x18fd750 .scope generate, "genblk1" "genblk1" 11 186, 11 186 0, S_0x1900f50;
 .timescale -9 -12;
S_0x18fd350 .scope module, "lut_5" "LUT5" 11 189, 12 10 1, S_0x18fd750;
 .timescale -9 -12;
    .port_info 0 /INPUT 5 "A";
    .port_info 1 /OUTPUT 1 "Y";
P_0x15b52b0 .param/l "INIT_VALUE" 0 12 11, C4<00000000000000010000000001000101>;
v0x18ae3d0_0 .net "A", 4 0, L_0x1245fd0;  alias, 1 drivers
v0x18ade40_0 .net "Y", 0 0, L_0x1245e90;  alias, 1 drivers
v0x18adf00_0 .net *"_ivl_1", 0 0, L_0x1247b20;  1 drivers
v0x18ad650_0 .net *"_ivl_11", 7 0, L_0x1247e40;  1 drivers
v0x18ad0c0_0 .net *"_ivl_13", 7 0, L_0x123fdb0;  1 drivers
v0x18ac8d0_0 .net *"_ivl_17", 0 0, L_0x123ffe0;  1 drivers
v0x18ac340_0 .net *"_ivl_19", 3 0, L_0x1240080;  1 drivers
L_0x7f580106e330 .functor BUFT 1, C4<0000000000000001>, C4<0>, C4<0>, C4<0>;
v0x18abb50_0 .net/2u *"_ivl_2", 15 0, L_0x7f580106e330;  1 drivers
v0x18ab5c0_0 .net *"_ivl_21", 3 0, L_0x1240170;  1 drivers
v0x18aadd0_0 .net *"_ivl_25", 0 0, L_0x12416c0;  1 drivers
v0x18aa840_0 .net *"_ivl_27", 1 0, L_0x1241760;  1 drivers
v0x18aa050_0 .net *"_ivl_29", 1 0, L_0x1241850;  1 drivers
v0x18a9ac0_0 .net *"_ivl_33", 0 0, L_0x1245c60;  1 drivers
v0x18a92d0_0 .net *"_ivl_35", 0 0, L_0x1245d00;  1 drivers
v0x18a8d40_0 .net *"_ivl_37", 0 0, L_0x1245df0;  1 drivers
L_0x7f580106e378 .functor BUFT 1, C4<0000000001000101>, C4<0>, C4<0>, C4<0>;
v0x18a8550_0 .net/2u *"_ivl_4", 15 0, L_0x7f580106e378;  1 drivers
v0x18a7fc0_0 .net *"_ivl_9", 0 0, L_0x1247da0;  1 drivers
v0x18a8060_0 .net "s1", 1 0, L_0x12418f0;  1 drivers
v0x16b4480_0 .net "s2", 3 0, L_0x1241580;  1 drivers
v0x16b4560_0 .net "s3", 7 0, L_0x123fe50;  1 drivers
v0x18fdf50_0 .net "s4", 15 0, L_0x1247c10;  1 drivers
L_0x1247b20 .part L_0x1245fd0, 4, 1;
L_0x1247c10 .functor MUXZ 16, L_0x7f580106e378, L_0x7f580106e330, L_0x1247b20, C4<>;
L_0x1247da0 .part L_0x1245fd0, 3, 1;
L_0x1247e40 .part L_0x1247c10, 8, 8;
L_0x123fdb0 .part L_0x1247c10, 0, 8;
L_0x123fe50 .functor MUXZ 8, L_0x123fdb0, L_0x1247e40, L_0x1247da0, C4<>;
L_0x123ffe0 .part L_0x1245fd0, 2, 1;
L_0x1240080 .part L_0x123fe50, 4, 4;
L_0x1240170 .part L_0x123fe50, 0, 4;
L_0x1241580 .functor MUXZ 4, L_0x1240170, L_0x1240080, L_0x123ffe0, C4<>;
L_0x12416c0 .part L_0x1245fd0, 1, 1;
L_0x1241760 .part L_0x1241580, 2, 2;
L_0x1241850 .part L_0x1241580, 0, 2;
L_0x12418f0 .functor MUXZ 2, L_0x1241850, L_0x1241760, L_0x12416c0, C4<>;
L_0x1245c60 .part L_0x1245fd0, 0, 1;
L_0x1245d00 .part L_0x12418f0, 1, 1;
L_0x1245df0 .part L_0x12418f0, 0, 1;
L_0x1245e90 .functor MUXZ 1, L_0x1245df0, L_0x1245d00, L_0x1245c60, C4<>;
S_0x18fe350 .scope module, "lut_$true" "LUT_K" 9 748, 11 124 0, S_0x1915730;
 .timescale -9 -12;
    .port_info 0 /INPUT 5 "in";
    .port_info 1 /OUTPUT 1 "out";
P_0x19094d0 .param/l "K" 0 11 126, +C4<00000000000000000000000000000101>;
P_0x1909510 .param/l "LUT_MASK" 0 11 131, C4<00000000000000000000000000000001>;
L_0x7f580106e4e0 .functor BUFT 1, C4<00000>, C4<0>, C4<0>, C4<0>;
v0x18f9b50_0 .net "in", 4 0, L_0x7f580106e4e0;  1 drivers
v0x18f9c10_0 .net "out", 0 0, L_0x138c250;  alias, 1 drivers
S_0x18fcb50 .scope generate, "genblk1" "genblk1" 11 186, 11 186 0, S_0x18fe350;
 .timescale -9 -12;
S_0x18fcf50 .scope module, "lut_5" "LUT5" 11 189, 12 10 1, S_0x18fcb50;
 .timescale -9 -12;
    .port_info 0 /INPUT 5 "A";
    .port_info 1 /OUTPUT 1 "Y";
P_0x15b4650 .param/l "INIT_VALUE" 0 12 11, C4<00000000000000000000000000000001>;
v0x18fe750_0 .net "A", 4 0, L_0x7f580106e4e0;  alias, 1 drivers
v0x18fe850_0 .net "Y", 0 0, L_0x138c250;  alias, 1 drivers
v0x18fb750_0 .net *"_ivl_1", 0 0, L_0x150e1b0;  1 drivers
v0x18fb830_0 .net *"_ivl_11", 7 0, L_0x14d1700;  1 drivers
v0x18fb350_0 .net *"_ivl_13", 7 0, L_0x14d17a0;  1 drivers
v0x18fbf50_0 .net *"_ivl_17", 0 0, L_0x14d19d0;  1 drivers
v0x18fc030_0 .net *"_ivl_19", 3 0, L_0x14d1a70;  1 drivers
L_0x7f580106e450 .functor BUFT 1, C4<0000000000000000>, C4<0>, C4<0>, C4<0>;
v0x18fbb50_0 .net/2u *"_ivl_2", 15 0, L_0x7f580106e450;  1 drivers
v0x18fbc30_0 .net *"_ivl_21", 3 0, L_0x141c6c0;  1 drivers
v0x18fc350_0 .net *"_ivl_25", 0 0, L_0x141c8f0;  1 drivers
v0x18fc430_0 .net *"_ivl_27", 1 0, L_0x141c990;  1 drivers
v0x18fab50_0 .net *"_ivl_29", 1 0, L_0x141ca80;  1 drivers
v0x18fac10_0 .net *"_ivl_33", 0 0, L_0x138c020;  1 drivers
v0x18faf50_0 .net *"_ivl_35", 0 0, L_0x138c0c0;  1 drivers
v0x18fb030_0 .net *"_ivl_37", 0 0, L_0x138c1b0;  1 drivers
L_0x7f580106e498 .functor BUFT 1, C4<0000000000000001>, C4<0>, C4<0>, C4<0>;
v0x18fc750_0 .net/2u *"_ivl_4", 15 0, L_0x7f580106e498;  1 drivers
v0x18fc830_0 .net *"_ivl_9", 0 0, L_0x150e540;  1 drivers
v0x18f9860_0 .net "s1", 1 0, L_0x138be90;  1 drivers
v0x18f9350_0 .net "s2", 3 0, L_0x141c760;  1 drivers
v0x18f9430_0 .net "s3", 7 0, L_0x14d1840;  1 drivers
v0x18f9f50_0 .net "s4", 15 0, L_0x150e3b0;  1 drivers
L_0x150e1b0 .part L_0x7f580106e4e0, 4, 1;
L_0x150e3b0 .functor MUXZ 16, L_0x7f580106e498, L_0x7f580106e450, L_0x150e1b0, C4<>;
L_0x150e540 .part L_0x7f580106e4e0, 3, 1;
L_0x14d1700 .part L_0x150e3b0, 8, 8;
L_0x14d17a0 .part L_0x150e3b0, 0, 8;
L_0x14d1840 .functor MUXZ 8, L_0x14d17a0, L_0x14d1700, L_0x150e540, C4<>;
L_0x14d19d0 .part L_0x7f580106e4e0, 2, 1;
L_0x14d1a70 .part L_0x14d1840, 4, 4;
L_0x141c6c0 .part L_0x14d1840, 0, 4;
L_0x141c760 .functor MUXZ 4, L_0x141c6c0, L_0x14d1a70, L_0x14d19d0, C4<>;
L_0x141c8f0 .part L_0x7f580106e4e0, 1, 1;
L_0x141c990 .part L_0x141c760, 2, 2;
L_0x141ca80 .part L_0x141c760, 0, 2;
L_0x138be90 .functor MUXZ 2, L_0x141ca80, L_0x141c990, L_0x141c8f0, C4<>;
L_0x138c020 .part L_0x7f580106e4e0, 0, 1;
L_0x138c0c0 .part L_0x138be90, 1, 1;
L_0x138c1b0 .part L_0x138be90, 0, 1;
L_0x138c250 .functor MUXZ 1, L_0x138c1b0, L_0x138c0c0, L_0x138c020, C4<>;
S_0x18fa350 .scope module, "routing_segment_$clk_buf_$ibuf_clock0_output_0_0_to_dffre_c_sub_out_reg[0]_clock_0_0" "fpga_interconnect" 9 208, 11 493 0, S_0x1915730;
 .timescale -9 -12;
    .port_info 0 /INPUT 1 "datain";
    .port_info 1 /OUTPUT 1 "dataout";
L_0x161db60 .functor BUFZ 1, L_0x1621520, C4<0>, C4<0>, C4<0>;
v0x18f8b60_0 .net "datain", 0 0, L_0x1621520;  alias, 1 drivers
v0x18f8c20_0 .net "dataout", 0 0, L_0x161db60;  alias, 1 drivers
S_0x18f8f50 .scope module, "routing_segment_$clk_buf_$ibuf_clock0_output_0_0_to_dffre_c_sub_out_reg[1]_clock_0_0" "fpga_interconnect" 9 178, 11 493 0, S_0x1915730;
 .timescale -9 -12;
    .port_info 0 /INPUT 1 "datain";
    .port_info 1 /OUTPUT 1 "dataout";
L_0x1625b10 .functor BUFZ 1, L_0x1621520, C4<0>, C4<0>, C4<0>;
v0x18fa750_0 .net "datain", 0 0, L_0x1621520;  alias, 1 drivers
v0x18fa7f0_0 .net "dataout", 0 0, L_0x1625b10;  alias, 1 drivers
S_0x1943cb0 .scope module, "routing_segment_$clk_buf_$ibuf_clock0_output_0_0_to_dffre_c_sub_out_reg[2]_clock_0_0" "fpga_interconnect" 9 173, 11 493 0, S_0x1915730;
 .timescale -9 -12;
    .port_info 0 /INPUT 1 "datain";
    .port_info 1 /OUTPUT 1 "dataout";
L_0x16206b0 .functor BUFZ 1, L_0x1621520, C4<0>, C4<0>, C4<0>;
v0x1943920_0 .net "datain", 0 0, L_0x1621520;  alias, 1 drivers
v0x1943a10_0 .net "dataout", 0 0, L_0x16206b0;  alias, 1 drivers
S_0x193a450 .scope module, "routing_segment_$clk_buf_$ibuf_clock0_output_0_0_to_dffre_c_sub_out_reg[3]_clock_0_0" "fpga_interconnect" 9 203, 11 493 0, S_0x1915730;
 .timescale -9 -12;
    .port_info 0 /INPUT 1 "datain";
    .port_info 1 /OUTPUT 1 "dataout";
L_0x161dd70 .functor BUFZ 1, L_0x1621520, C4<0>, C4<0>, C4<0>;
v0x193a0c0_0 .net "datain", 0 0, L_0x1621520;  alias, 1 drivers
v0x193a160_0 .net "dataout", 0 0, L_0x161dd70;  alias, 1 drivers
S_0x1956c20 .scope module, "routing_segment_$clk_buf_$ibuf_clock0_output_0_0_to_dffre_c_sub_out_reg[4]_clock_0_0" "fpga_interconnect" 9 193, 11 493 0, S_0x1915730;
 .timescale -9 -12;
    .port_info 0 /INPUT 1 "datain";
    .port_info 1 /OUTPUT 1 "dataout";
L_0x161c6c0 .functor BUFZ 1, L_0x1621520, C4<0>, C4<0>, C4<0>;
v0x1956890_0 .net "datain", 0 0, L_0x1621520;  alias, 1 drivers
v0x1956930_0 .net "dataout", 0 0, L_0x161c6c0;  alias, 1 drivers
S_0x194b550 .scope module, "routing_segment_$clk_buf_$ibuf_clock0_output_0_0_to_dffre_c_sub_out_reg[5]_clock_0_0" "fpga_interconnect" 9 198, 11 493 0, S_0x1915730;
 .timescale -9 -12;
    .port_info 0 /INPUT 1 "datain";
    .port_info 1 /OUTPUT 1 "dataout";
L_0x1624360 .functor BUFZ 1, L_0x1621520, C4<0>, C4<0>, C4<0>;
v0x1986d20_0 .net "datain", 0 0, L_0x1621520;  alias, 1 drivers
v0x194add0_0 .net "dataout", 0 0, L_0x1624360;  alias, 1 drivers
S_0x194d460 .scope module, "routing_segment_$clk_buf_$ibuf_clock0_output_0_0_to_dffre_c_sub_out_reg[6]_clock_0_0" "fpga_interconnect" 9 183, 11 493 0, S_0x1915730;
 .timescale -9 -12;
    .port_info 0 /INPUT 1 "datain";
    .port_info 1 /OUTPUT 1 "dataout";
L_0x161cae0 .functor BUFZ 1, L_0x1621520, C4<0>, C4<0>, C4<0>;
v0x194aeb0_0 .net "datain", 0 0, L_0x1621520;  alias, 1 drivers
v0x194d0d0_0 .net "dataout", 0 0, L_0x161cae0;  alias, 1 drivers
S_0x194cbf0 .scope module, "routing_segment_$clk_buf_$ibuf_clock0_output_0_0_to_dffre_c_sub_out_reg[7]_clock_0_0" "fpga_interconnect" 9 188, 11 493 0, S_0x1915730;
 .timescale -9 -12;
    .port_info 0 /INPUT 1 "datain";
    .port_info 1 /OUTPUT 1 "dataout";
L_0x161c8d0 .functor BUFZ 1, L_0x1621520, C4<0>, C4<0>, C4<0>;
v0x194d190_0 .net "datain", 0 0, L_0x1621520;  alias, 1 drivers
v0x194c480_0 .net "dataout", 0 0, L_0x161c8d0;  alias, 1 drivers
S_0x197bb10 .scope module, "routing_segment_$ibuf_a_output_0_0_to_lut_$abc$1018$abc$970$li0_li0_input_0_3" "fpga_interconnect" 9 248, 11 493 0, S_0x1915730;
 .timescale -9 -12;
    .port_info 0 /INPUT 1 "datain";
    .port_info 1 /OUTPUT 1 "dataout";
L_0x161e5b0 .functor BUFZ 1, L_0x1621310, C4<0>, C4<0>, C4<0>;
v0x194c560_0 .net "datain", 0 0, L_0x1621310;  alias, 1 drivers
v0x197b780_0 .net "dataout", 0 0, L_0x161e5b0;  alias, 1 drivers
S_0x191b2e0 .scope module, "routing_segment_$ibuf_a_output_0_0_to_lut_$abc$1018$abc$970$li1_li1_input_0_3" "fpga_interconnect" 9 218, 11 493 0, S_0x1915730;
 .timescale -9 -12;
    .port_info 0 /INPUT 1 "datain";
    .port_info 1 /OUTPUT 1 "dataout";
L_0x161e3a0 .functor BUFZ 1, L_0x1621310, C4<0>, C4<0>, C4<0>;
v0x191af50_0 .net "datain", 0 0, L_0x1621310;  alias, 1 drivers
v0x191aff0_0 .net "dataout", 0 0, L_0x161e3a0;  alias, 1 drivers
S_0x1924b60 .scope module, "routing_segment_$ibuf_a_output_0_0_to_lut_$abc$1018$abc$970$li2_li2_input_0_3" "fpga_interconnect" 9 213, 11 493 0, S_0x1915730;
 .timescale -9 -12;
    .port_info 0 /INPUT 1 "datain";
    .port_info 1 /OUTPUT 1 "dataout";
L_0x161f210 .functor BUFZ 1, L_0x1621310, C4<0>, C4<0>, C4<0>;
v0x19247d0_0 .net "datain", 0 0, L_0x1621310;  alias, 1 drivers
v0x19248c0_0 .net "dataout", 0 0, L_0x161f210;  alias, 1 drivers
S_0x19242f0 .scope module, "routing_segment_$ibuf_a_output_0_0_to_lut_$abc$1018$abc$970$li3_li3_input_0_3" "fpga_interconnect" 9 243, 11 493 0, S_0x1915730;
 .timescale -9 -12;
    .port_info 0 /INPUT 1 "datain";
    .port_info 1 /OUTPUT 1 "dataout";
L_0x161e7c0 .functor BUFZ 1, L_0x1621310, C4<0>, C4<0>, C4<0>;
v0x1985380_0 .net "datain", 0 0, L_0x1621310;  alias, 1 drivers
v0x1985420_0 .net "dataout", 0 0, L_0x161e7c0;  alias, 1 drivers
S_0x1984ff0 .scope module, "routing_segment_$ibuf_a_output_0_0_to_lut_$abc$1018$abc$970$li4_li4_input_0_4" "fpga_interconnect" 9 233, 11 493 0, S_0x1915730;
 .timescale -9 -12;
    .port_info 0 /INPUT 1 "datain";
    .port_info 1 /OUTPUT 1 "dataout";
L_0x161ebe0 .functor BUFZ 1, L_0x1621310, C4<0>, C4<0>, C4<0>;
v0x1984b10_0 .net "datain", 0 0, L_0x1621310;  alias, 1 drivers
v0x1984bb0_0 .net "dataout", 0 0, L_0x161ebe0;  alias, 1 drivers
S_0x19843a0 .scope module, "routing_segment_$ibuf_a_output_0_0_to_lut_$abc$1018$abc$970$li5_li5_input_0_4" "fpga_interconnect" 9 238, 11 493 0, S_0x1915730;
 .timescale -9 -12;
    .port_info 0 /INPUT 1 "datain";
    .port_info 1 /OUTPUT 1 "dataout";
L_0x161e9d0 .functor BUFZ 1, L_0x1621310, C4<0>, C4<0>, C4<0>;
v0x18dd940_0 .net "datain", 0 0, L_0x1621310;  alias, 1 drivers
v0x18dd9e0_0 .net "dataout", 0 0, L_0x161e9d0;  alias, 1 drivers
S_0x18d4440 .scope module, "routing_segment_$ibuf_a_output_0_0_to_lut_$abc$1018$abc$970$li6_li6_input_0_2" "fpga_interconnect" 9 223, 11 493 0, S_0x1915730;
 .timescale -9 -12;
    .port_info 0 /INPUT 1 "datain";
    .port_info 1 /OUTPUT 1 "dataout";
L_0x161f000 .functor BUFZ 1, L_0x1621310, C4<0>, C4<0>, C4<0>;
v0x18caf60_0 .net "datain", 0 0, L_0x1621310;  alias, 1 drivers
v0x18cb000_0 .net "dataout", 0 0, L_0x161f000;  alias, 1 drivers
S_0x18c1db0 .scope module, "routing_segment_$ibuf_a_output_0_0_to_lut_$abc$1018$abc$970$li7_li7_input_0_2" "fpga_interconnect" 9 228, 11 493 0, S_0x1915730;
 .timescale -9 -12;
    .port_info 0 /INPUT 1 "datain";
    .port_info 1 /OUTPUT 1 "dataout";
L_0x161edf0 .functor BUFZ 1, L_0x1621310, C4<0>, C4<0>, C4<0>;
v0x18b8c90_0 .net "datain", 0 0, L_0x1621310;  alias, 1 drivers
v0x18b8d30_0 .net "dataout", 0 0, L_0x161edf0;  alias, 1 drivers
S_0x18b2a30 .scope module, "routing_segment_$ibuf_b_output_0_0_to_lut_$abc$1018$abc$970$li0_li0_input_0_0" "fpga_interconnect" 9 288, 11 493 0, S_0x1915730;
 .timescale -9 -12;
    .port_info 0 /INPUT 1 "datain";
    .port_info 1 /OUTPUT 1 "dataout";
L_0x161a5d0 .functor BUFZ 1, L_0x1621100, C4<0>, C4<0>, C4<0>;
v0x18a7970_0 .net "datain", 0 0, L_0x1621100;  alias, 1 drivers
v0x18a7a30_0 .net "dataout", 0 0, L_0x161a5d0;  alias, 1 drivers
S_0x18a5e50 .scope module, "routing_segment_$ibuf_b_output_0_0_to_lut_$abc$1018$abc$970$li1_li1_input_0_0" "fpga_interconnect" 9 258, 11 493 0, S_0x1915730;
 .timescale -9 -12;
    .port_info 0 /INPUT 1 "datain";
    .port_info 1 /OUTPUT 1 "dataout";
L_0x161f420 .functor BUFZ 1, L_0x1621100, C4<0>, C4<0>, C4<0>;
v0x182b160_0 .net "datain", 0 0, L_0x1621100;  alias, 1 drivers
v0x182b200_0 .net "dataout", 0 0, L_0x161f420;  alias, 1 drivers
S_0x182af70 .scope module, "routing_segment_$ibuf_b_output_0_0_to_lut_$abc$1018$abc$970$li2_li2_input_0_0" "fpga_interconnect" 9 253, 11 493 0, S_0x1915730;
 .timescale -9 -12;
    .port_info 0 /INPUT 1 "datain";
    .port_info 1 /OUTPUT 1 "dataout";
L_0x1625420 .functor BUFZ 1, L_0x1621100, C4<0>, C4<0>, C4<0>;
v0x182ad80_0 .net "datain", 0 0, L_0x1621100;  alias, 1 drivers
v0x182ae90_0 .net "dataout", 0 0, L_0x1625420;  alias, 1 drivers
S_0x182ab90 .scope module, "routing_segment_$ibuf_b_output_0_0_to_lut_$abc$1018$abc$970$li3_li3_input_0_0" "fpga_interconnect" 9 283, 11 493 0, S_0x1915730;
 .timescale -9 -12;
    .port_info 0 /INPUT 1 "datain";
    .port_info 1 /OUTPUT 1 "dataout";
L_0x161a9f0 .functor BUFZ 1, L_0x1621100, C4<0>, C4<0>, C4<0>;
v0x182a9a0_0 .net "datain", 0 0, L_0x1621100;  alias, 1 drivers
v0x182aa60_0 .net "dataout", 0 0, L_0x161a9f0;  alias, 1 drivers
S_0x182a7b0 .scope module, "routing_segment_$ibuf_b_output_0_0_to_lut_$abc$1018$abc$970$li4_li4_input_0_2" "fpga_interconnect" 9 273, 11 493 0, S_0x1915730;
 .timescale -9 -12;
    .port_info 0 /INPUT 1 "datain";
    .port_info 1 /OUTPUT 1 "dataout";
L_0x161c4b0 .functor BUFZ 1, L_0x1621100, C4<0>, C4<0>, C4<0>;
v0x182a5c0_0 .net "datain", 0 0, L_0x1621100;  alias, 1 drivers
v0x182a680_0 .net "dataout", 0 0, L_0x161c4b0;  alias, 1 drivers
S_0x182a3d0 .scope module, "routing_segment_$ibuf_b_output_0_0_to_lut_$abc$1018$abc$970$li5_li5_input_0_2" "fpga_interconnect" 9 278, 11 493 0, S_0x1915730;
 .timescale -9 -12;
    .port_info 0 /INPUT 1 "datain";
    .port_info 1 /OUTPUT 1 "dataout";
L_0x1616b10 .functor BUFZ 1, L_0x1621100, C4<0>, C4<0>, C4<0>;
v0x1931040_0 .net "datain", 0 0, L_0x1621100;  alias, 1 drivers
v0x1931100_0 .net "dataout", 0 0, L_0x1616b10;  alias, 1 drivers
S_0x192fd00 .scope module, "routing_segment_$ibuf_b_output_0_0_to_lut_$abc$1018$abc$970$li6_li6_input_0_4" "fpga_interconnect" 9 263, 11 493 0, S_0x1915730;
 .timescale -9 -12;
    .port_info 0 /INPUT 1 "datain";
    .port_info 1 /OUTPUT 1 "dataout";
L_0x161df80 .functor BUFZ 1, L_0x1621100, C4<0>, C4<0>, C4<0>;
v0x192eb80_0 .net "datain", 0 0, L_0x1621100;  alias, 1 drivers
v0x192ec40_0 .net "dataout", 0 0, L_0x161df80;  alias, 1 drivers
S_0x192da00 .scope module, "routing_segment_$ibuf_b_output_0_0_to_lut_$abc$1018$abc$970$li7_li7_input_0_4" "fpga_interconnect" 9 268, 11 493 0, S_0x1915730;
 .timescale -9 -12;
    .port_info 0 /INPUT 1 "datain";
    .port_info 1 /OUTPUT 1 "dataout";
L_0x161e190 .functor BUFZ 1, L_0x1621100, C4<0>, C4<0>, C4<0>;
v0x192ac30_0 .net "datain", 0 0, L_0x1621100;  alias, 1 drivers
v0x192acf0_0 .net "dataout", 0 0, L_0x161e190;  alias, 1 drivers
S_0x19298f0 .scope module, "routing_segment_$ibuf_id[0]_output_0_0_to_lut_$abc$1018$abc$970$li0_li0_input_0_2" "fpga_interconnect" 9 338, 11 493 0, S_0x1915730;
 .timescale -9 -12;
    .port_info 0 /INPUT 1 "datain";
    .port_info 1 /OUTPUT 1 "dataout";
L_0x16182c0 .functor BUFZ 1, L_0x1620ef0, C4<0>, C4<0>, C4<0>;
v0x1928770_0 .net "datain", 0 0, L_0x1620ef0;  alias, 1 drivers
v0x1928850_0 .net "dataout", 0 0, L_0x16182c0;  alias, 1 drivers
S_0x19275f0 .scope module, "routing_segment_$ibuf_id[0]_output_0_0_to_lut_$abc$1018$abc$970$li1_li1_input_0_4" "fpga_interconnect" 9 298, 11 493 0, S_0x1915730;
 .timescale -9 -12;
    .port_info 0 /INPUT 1 "datain";
    .port_info 1 /OUTPUT 1 "dataout";
L_0x1619d90 .functor BUFZ 1, L_0x1620ef0, C4<0>, C4<0>, C4<0>;
v0x19a60c0_0 .net "datain", 0 0, L_0x1620ef0;  alias, 1 drivers
v0x19a6180_0 .net "dataout", 0 0, L_0x1619d90;  alias, 1 drivers
S_0x19a4d80 .scope module, "routing_segment_$ibuf_id[0]_output_0_0_to_lut_$abc$1018$abc$970$li2_li2_input_0_4" "fpga_interconnect" 9 293, 11 493 0, S_0x1915730;
 .timescale -9 -12;
    .port_info 0 /INPUT 1 "datain";
    .port_info 1 /OUTPUT 1 "dataout";
L_0x161a1b0 .functor BUFZ 1, L_0x1620ef0, C4<0>, C4<0>, C4<0>;
v0x198b450_0 .net "datain", 0 0, L_0x1620ef0;  alias, 1 drivers
v0x198b560_0 .net "dataout", 0 0, L_0x161a1b0;  alias, 1 drivers
S_0x198a110 .scope module, "routing_segment_$ibuf_id[0]_output_0_0_to_lut_$abc$1018$abc$970$li3_li3_input_0_2" "fpga_interconnect" 9 333, 11 493 0, S_0x1915730;
 .timescale -9 -12;
    .port_info 0 /INPUT 1 "datain";
    .port_info 1 /OUTPUT 1 "dataout";
L_0x161be80 .functor BUFZ 1, L_0x1620ef0, C4<0>, C4<0>, C4<0>;
v0x1988f90_0 .net "datain", 0 0, L_0x1620ef0;  alias, 1 drivers
v0x1989050_0 .net "dataout", 0 0, L_0x161be80;  alias, 1 drivers
S_0x1987e10 .scope module, "routing_segment_$ibuf_id[0]_output_0_0_to_lut_$abc$1018$abc$970$li4_li4_input_0_3" "fpga_interconnect" 9 313, 11 493 0, S_0x1915730;
 .timescale -9 -12;
    .port_info 0 /INPUT 1 "datain";
    .port_info 1 /OUTPUT 1 "dataout";
L_0x1619340 .functor BUFZ 1, L_0x1620ef0, C4<0>, C4<0>, C4<0>;
v0x1991ef0_0 .net "datain", 0 0, L_0x1620ef0;  alias, 1 drivers
v0x1991fb0_0 .net "dataout", 0 0, L_0x1619340;  alias, 1 drivers
S_0x1990bb0 .scope module, "routing_segment_$ibuf_id[0]_output_0_0_to_lut_$abc$1018$abc$970$li5_li5_input_0_3" "fpga_interconnect" 9 318, 11 493 0, S_0x1915730;
 .timescale -9 -12;
    .port_info 0 /INPUT 1 "datain";
    .port_info 1 /OUTPUT 1 "dataout";
L_0x1618f20 .functor BUFZ 1, L_0x1620ef0, C4<0>, C4<0>, C4<0>;
v0x198fa30_0 .net "datain", 0 0, L_0x1620ef0;  alias, 1 drivers
v0x198faf0_0 .net "dataout", 0 0, L_0x1618f20;  alias, 1 drivers
S_0x198e8b0 .scope module, "routing_segment_$ibuf_id[0]_output_0_0_to_lut_$abc$1018$abc$970$li6_li6_input_0_3" "fpga_interconnect" 9 303, 11 493 0, S_0x1915730;
 .timescale -9 -12;
    .port_info 0 /INPUT 1 "datain";
    .port_info 1 /OUTPUT 1 "dataout";
L_0x161c090 .functor BUFZ 1, L_0x1620ef0, C4<0>, C4<0>, C4<0>;
v0x196b650_0 .net "datain", 0 0, L_0x1620ef0;  alias, 1 drivers
v0x196b710_0 .net "dataout", 0 0, L_0x161c090;  alias, 1 drivers
S_0x196a310 .scope module, "routing_segment_$ibuf_id[0]_output_0_0_to_lut_$abc$1018$abc$970$li7_li7_input_0_3" "fpga_interconnect" 9 308, 11 493 0, S_0x1915730;
 .timescale -9 -12;
    .port_info 0 /INPUT 1 "datain";
    .port_info 1 /OUTPUT 1 "dataout";
L_0x1619760 .functor BUFZ 1, L_0x1620ef0, C4<0>, C4<0>, C4<0>;
v0x1969190_0 .net "datain", 0 0, L_0x1620ef0;  alias, 1 drivers
v0x1969250_0 .net "dataout", 0 0, L_0x1619760;  alias, 1 drivers
S_0x1968010 .scope module, "routing_segment_$ibuf_id[0]_output_0_0_to_lut_$abc$1686$new_new_n25___input_0_2" "fpga_interconnect" 9 328, 11 493 0, S_0x1915730;
 .timescale -9 -12;
    .port_info 0 /INPUT 1 "datain";
    .port_info 1 /OUTPUT 1 "dataout";
L_0x16188f0 .functor BUFZ 1, L_0x1620ef0, C4<0>, C4<0>, C4<0>;
v0x1966e90_0 .net "datain", 0 0, L_0x1620ef0;  alias, 1 drivers
v0x1972760_0 .net "dataout", 0 0, L_0x16188f0;  alias, 1 drivers
S_0x1971310 .scope module, "routing_segment_$ibuf_id[0]_output_0_0_to_lut_$abc$1686$new_new_n26___input_0_4" "fpga_interconnect" 9 323, 11 493 0, S_0x1915730;
 .timescale -9 -12;
    .port_info 0 /INPUT 1 "datain";
    .port_info 1 /OUTPUT 1 "dataout";
L_0x1618d10 .functor BUFZ 1, L_0x1620ef0, C4<0>, C4<0>, C4<0>;
v0x1966f50_0 .net "datain", 0 0, L_0x1620ef0;  alias, 1 drivers
v0x1970190_0 .net "dataout", 0 0, L_0x1618d10;  alias, 1 drivers
S_0x196f010 .scope module, "routing_segment_$ibuf_id[1]_output_0_0_to_lut_$abc$1018$abc$970$li0_li0_input_0_4" "fpga_interconnect" 9 388, 11 493 0, S_0x1915730;
 .timescale -9 -12;
    .port_info 0 /INPUT 1 "datain";
    .port_info 1 /OUTPUT 1 "dataout";
L_0x1769250 .functor BUFZ 1, L_0x1620ad0, C4<0>, C4<0>, C4<0>;
v0x19702b0_0 .net "datain", 0 0, L_0x1620ad0;  alias, 1 drivers
v0x196de90_0 .net "dataout", 0 0, L_0x1769250;  alias, 1 drivers
S_0x19336f0 .scope module, "routing_segment_$ibuf_id[1]_output_0_0_to_lut_$abc$1018$abc$970$li1_li1_input_0_2" "fpga_interconnect" 9 348, 11 493 0, S_0x1915730;
 .timescale -9 -12;
    .port_info 0 /INPUT 1 "datain";
    .port_info 1 /OUTPUT 1 "dataout";
L_0x1617a80 .functor BUFZ 1, L_0x1620ad0, C4<0>, C4<0>, C4<0>;
v0x1953530_0 .net "datain", 0 0, L_0x1620ad0;  alias, 1 drivers
v0x19535f0_0 .net "dataout", 0 0, L_0x1617a80;  alias, 1 drivers
S_0x19521f0 .scope module, "routing_segment_$ibuf_id[1]_output_0_0_to_lut_$abc$1018$abc$970$li2_li2_input_0_2" "fpga_interconnect" 9 343, 11 493 0, S_0x1915730;
 .timescale -9 -12;
    .port_info 0 /INPUT 1 "datain";
    .port_info 1 /OUTPUT 1 "dataout";
L_0x1617ea0 .functor BUFZ 1, L_0x1620ad0, C4<0>, C4<0>, C4<0>;
v0x1951070_0 .net "datain", 0 0, L_0x1620ad0;  alias, 1 drivers
v0x1951180_0 .net "dataout", 0 0, L_0x1617ea0;  alias, 1 drivers
S_0x194fef0 .scope module, "routing_segment_$ibuf_id[1]_output_0_0_to_lut_$abc$1018$abc$970$li3_li3_input_0_4" "fpga_interconnect" 9 383, 11 493 0, S_0x1915730;
 .timescale -9 -12;
    .port_info 0 /INPUT 1 "datain";
    .port_info 1 /OUTPUT 1 "dataout";
L_0x176c0d0 .functor BUFZ 1, L_0x1620ad0, C4<0>, C4<0>, C4<0>;
v0x1949db0_0 .net "datain", 0 0, L_0x1620ad0;  alias, 1 drivers
v0x1949e50_0 .net "dataout", 0 0, L_0x176c0d0;  alias, 1 drivers
S_0x1948a70 .scope module, "routing_segment_$ibuf_id[1]_output_0_0_to_lut_$abc$1018$abc$970$li4_li4_input_0_0" "fpga_interconnect" 9 363, 11 493 0, S_0x1915730;
 .timescale -9 -12;
    .port_info 0 /INPUT 1 "datain";
    .port_info 1 /OUTPUT 1 "dataout";
L_0x161b640 .functor BUFZ 1, L_0x1620ad0, C4<0>, C4<0>, C4<0>;
v0x19478f0_0 .net "datain", 0 0, L_0x1620ad0;  alias, 1 drivers
v0x19479b0_0 .net "dataout", 0 0, L_0x161b640;  alias, 1 drivers
S_0x1946770 .scope module, "routing_segment_$ibuf_id[1]_output_0_0_to_lut_$abc$1018$abc$970$li5_li5_input_0_0" "fpga_interconnect" 9 368, 11 493 0, S_0x1915730;
 .timescale -9 -12;
    .port_info 0 /INPUT 1 "datain";
    .port_info 1 /OUTPUT 1 "dataout";
L_0x161b220 .functor BUFZ 1, L_0x1620ad0, C4<0>, C4<0>, C4<0>;
v0x18f1460_0 .net "datain", 0 0, L_0x1620ad0;  alias, 1 drivers
v0x18f1520_0 .net "dataout", 0 0, L_0x161b220;  alias, 1 drivers
S_0x1958550 .scope module, "routing_segment_$ibuf_id[1]_output_0_0_to_lut_$abc$1018$abc$970$li6_li6_input_0_0" "fpga_interconnect" 9 353, 11 493 0, S_0x1915730;
 .timescale -9 -12;
    .port_info 0 /INPUT 1 "datain";
    .port_info 1 /OUTPUT 1 "dataout";
L_0x1617660 .functor BUFZ 1, L_0x1620ad0, C4<0>, C4<0>, C4<0>;
v0x19941a0_0 .net "datain", 0 0, L_0x1620ad0;  alias, 1 drivers
v0x1994260_0 .net "dataout", 0 0, L_0x1617660;  alias, 1 drivers
S_0x193bd80 .scope module, "routing_segment_$ibuf_id[1]_output_0_0_to_lut_$abc$1018$abc$970$li7_li7_input_0_0" "fpga_interconnect" 9 358, 11 493 0, S_0x1915730;
 .timescale -9 -12;
    .port_info 0 /INPUT 1 "datain";
    .port_info 1 /OUTPUT 1 "dataout";
L_0x161ba60 .functor BUFZ 1, L_0x1620ad0, C4<0>, C4<0>, C4<0>;
v0x1973bd0_0 .net "datain", 0 0, L_0x1620ad0;  alias, 1 drivers
v0x1973c90_0 .net "dataout", 0 0, L_0x161ba60;  alias, 1 drivers
S_0x191cc10 .scope module, "routing_segment_$ibuf_id[1]_output_0_0_to_lut_$abc$1686$new_new_n25___input_0_4" "fpga_interconnect" 9 378, 11 493 0, S_0x1915730;
 .timescale -9 -12;
    .port_info 0 /INPUT 1 "datain";
    .port_info 1 /OUTPUT 1 "dataout";
L_0x176cf60 .functor BUFZ 1, L_0x1620ad0, C4<0>, C4<0>, C4<0>;
v0x197d440_0 .net "datain", 0 0, L_0x1620ad0;  alias, 1 drivers
v0x18af410_0 .net "dataout", 0 0, L_0x176cf60;  alias, 1 drivers
S_0x18ae690 .scope module, "routing_segment_$ibuf_id[1]_output_0_0_to_lut_$abc$1686$new_new_n26___input_0_0" "fpga_interconnect" 9 373, 11 493 0, S_0x1915730;
 .timescale -9 -12;
    .port_info 0 /INPUT 1 "datain";
    .port_info 1 /OUTPUT 1 "dataout";
L_0x176c6b0 .functor BUFZ 1, L_0x1620ad0, C4<0>, C4<0>, C4<0>;
v0x18af530_0 .net "datain", 0 0, L_0x1620ad0;  alias, 1 drivers
v0x18ad910_0 .net "dataout", 0 0, L_0x176c6b0;  alias, 1 drivers
S_0x18acb90 .scope module, "routing_segment_$ibuf_id[2]_output_0_0_to_lut_$abc$1018$abc$970$li0_li0_input_0_1" "fpga_interconnect" 9 433, 11 493 0, S_0x1915730;
 .timescale -9 -12;
    .port_info 0 /INPUT 1 "datain";
    .port_info 1 /OUTPUT 1 "dataout";
L_0x15e6e80 .functor BUFZ 1, L_0x16208c0, C4<0>, C4<0>, C4<0>;
v0x18ada30_0 .net "datain", 0 0, L_0x16208c0;  alias, 1 drivers
v0x18abe10_0 .net "dataout", 0 0, L_0x15e6e80;  alias, 1 drivers
S_0x18ab090 .scope module, "routing_segment_$ibuf_id[2]_output_0_0_to_lut_$abc$1018$abc$970$li1_li1_input_0_1" "fpga_interconnect" 9 398, 11 493 0, S_0x1915730;
 .timescale -9 -12;
    .port_info 0 /INPUT 1 "datain";
    .port_info 1 /OUTPUT 1 "dataout";
L_0x176bcf0 .functor BUFZ 1, L_0x16208c0, C4<0>, C4<0>, C4<0>;
v0x18abf30_0 .net "datain", 0 0, L_0x16208c0;  alias, 1 drivers
v0x18aa310_0 .net "dataout", 0 0, L_0x176bcf0;  alias, 1 drivers
S_0x18a9590 .scope module, "routing_segment_$ibuf_id[2]_output_0_0_to_lut_$abc$1018$abc$970$li2_li2_input_0_1" "fpga_interconnect" 9 393, 11 493 0, S_0x1915730;
 .timescale -9 -12;
    .port_info 0 /INPUT 1 "datain";
    .port_info 1 /OUTPUT 1 "dataout";
L_0x17696c0 .functor BUFZ 1, L_0x16208c0, C4<0>, C4<0>, C4<0>;
v0x18aa430_0 .net "datain", 0 0, L_0x16208c0;  alias, 1 drivers
v0x18a8810_0 .net "dataout", 0 0, L_0x17696c0;  alias, 1 drivers
S_0x12a5310 .scope module, "routing_segment_$ibuf_id[2]_output_0_0_to_lut_$abc$1018$abc$970$li3_li3_input_0_1" "fpga_interconnect" 9 428, 11 493 0, S_0x1915730;
 .timescale -9 -12;
    .port_info 0 /INPUT 1 "datain";
    .port_info 1 /OUTPUT 1 "dataout";
L_0x15f3e80 .functor BUFZ 1, L_0x16208c0, C4<0>, C4<0>, C4<0>;
v0x18a8930_0 .net "datain", 0 0, L_0x16208c0;  alias, 1 drivers
v0x13cb300_0 .net "dataout", 0 0, L_0x15f3e80;  alias, 1 drivers
S_0x1269570 .scope module, "routing_segment_$ibuf_id[2]_output_0_0_to_lut_$abc$1018$abc$970$li4_li4_input_0_1" "fpga_interconnect" 9 418, 11 493 0, S_0x1915730;
 .timescale -9 -12;
    .port_info 0 /INPUT 1 "datain";
    .port_info 1 /OUTPUT 1 "dataout";
L_0x176ac70 .functor BUFZ 1, L_0x16208c0, C4<0>, C4<0>, C4<0>;
v0x13cb400_0 .net "datain", 0 0, L_0x16208c0;  alias, 1 drivers
v0x18e6e00_0 .net "dataout", 0 0, L_0x176ac70;  alias, 1 drivers
S_0x12f0490 .scope module, "routing_segment_$ibuf_id[2]_output_0_0_to_lut_$abc$1018$abc$970$li5_li5_input_0_1" "fpga_interconnect" 9 423, 11 493 0, S_0x1915730;
 .timescale -9 -12;
    .port_info 0 /INPUT 1 "datain";
    .port_info 1 /OUTPUT 1 "dataout";
L_0x1769b00 .functor BUFZ 1, L_0x16208c0, C4<0>, C4<0>, C4<0>;
v0x12f0620_0 .net "datain", 0 0, L_0x16208c0;  alias, 1 drivers
v0x18e6f20_0 .net "dataout", 0 0, L_0x1769b00;  alias, 1 drivers
S_0x1597df0 .scope module, "routing_segment_$ibuf_id[2]_output_0_0_to_lut_$abc$1018$abc$970$li6_li6_input_0_1" "fpga_interconnect" 9 408, 11 493 0, S_0x1915730;
 .timescale -9 -12;
    .port_info 0 /INPUT 1 "datain";
    .port_info 1 /OUTPUT 1 "dataout";
L_0x176b710 .functor BUFZ 1, L_0x16208c0, C4<0>, C4<0>, C4<0>;
v0x1598020_0 .net "datain", 0 0, L_0x16208c0;  alias, 1 drivers
v0x15b8000_0 .net "dataout", 0 0, L_0x176b710;  alias, 1 drivers
S_0x15b8140 .scope module, "routing_segment_$ibuf_id[2]_output_0_0_to_lut_$abc$1018$abc$970$li7_li7_input_0_1" "fpga_interconnect" 9 413, 11 493 0, S_0x1915730;
 .timescale -9 -12;
    .port_info 0 /INPUT 1 "datain";
    .port_info 1 /OUTPUT 1 "dataout";
L_0x176b4a0 .functor BUFZ 1, L_0x16208c0, C4<0>, C4<0>, C4<0>;
v0x15c81f0_0 .net "datain", 0 0, L_0x16208c0;  alias, 1 drivers
v0x15c82b0_0 .net "dataout", 0 0, L_0x176b4a0;  alias, 1 drivers
S_0x15a7e10 .scope module, "routing_segment_$ibuf_id[2]_output_0_0_to_lut_$f2g_tx_out_$obuf_c_input_0_1" "fpga_interconnect" 9 403, 11 493 0, S_0x1915730;
 .timescale -9 -12;
    .port_info 0 /INPUT 1 "datain";
    .port_info 1 /OUTPUT 1 "dataout";
L_0x176aa60 .functor BUFZ 1, L_0x16208c0, C4<0>, C4<0>, C4<0>;
v0x15a8040_0 .net "datain", 0 0, L_0x16208c0;  alias, 1 drivers
v0x1659f80_0 .net "dataout", 0 0, L_0x176aa60;  alias, 1 drivers
S_0x165a0a0 .scope module, "routing_segment_dffre_c_sub_out_reg[0]_output_0_0_to_lut_$abc$1686$new_new_n25___input_0_3" "fpga_interconnect" 9 613, 11 493 0, S_0x1915730;
 .timescale -9 -12;
    .port_info 0 /INPUT 1 "datain";
    .port_info 1 /OUTPUT 1 "dataout";
L_0x15e7260 .functor BUFZ 1, v0x1161c30_0, C4<0>, C4<0>, C4<0>;
v0x166c380_0 .net "datain", 0 0, v0x1161c30_0;  alias, 1 drivers
v0x166c420_0 .net "dataout", 0 0, L_0x15e7260;  alias, 1 drivers
S_0x166c520 .scope module, "routing_segment_dffre_c_sub_out_reg[1]_output_0_0_to_lut_$abc$1686$new_new_n25___input_0_0" "fpga_interconnect" 9 608, 11 493 0, S_0x1915730;
 .timescale -9 -12;
    .port_info 0 /INPUT 1 "datain";
    .port_info 1 /OUTPUT 1 "dataout";
L_0x15e7450 .functor BUFZ 1, v0x1168a10_0, C4<0>, C4<0>, C4<0>;
v0x1647b80_0 .net "datain", 0 0, v0x1168a10_0;  alias, 1 drivers
v0x1647c40_0 .net "dataout", 0 0, L_0x15e7450;  alias, 1 drivers
S_0x1647d40 .scope module, "routing_segment_dffre_c_sub_out_reg[2]_output_0_0_to_lut_$abc$1686$new_new_n25___input_0_1" "fpga_interconnect" 9 603, 11 493 0, S_0x1915730;
 .timescale -9 -12;
    .port_info 0 /INPUT 1 "datain";
    .port_info 1 /OUTPUT 1 "dataout";
L_0x15e7640 .functor BUFZ 1, v0x139d7b0_0, C4<0>, C4<0>, C4<0>;
v0x1635770_0 .net "datain", 0 0, v0x139d7b0_0;  alias, 1 drivers
v0x1635810_0 .net "dataout", 0 0, L_0x15e7640;  alias, 1 drivers
S_0x1635910 .scope module, "routing_segment_dffre_c_sub_out_reg[3]_output_0_0_to_lut_$abc$1686$new_new_n25___input_0_5" "fpga_interconnect" 9 598, 11 493 0, S_0x1915730;
 .timescale -9 -12;
    .port_info 0 /INPUT 1 "datain";
    .port_info 1 /OUTPUT 1 "dataout";
L_0x15e7830 .functor BUFZ 1, v0x1418d70_0, C4<0>, C4<0>, C4<0>;
v0x1621940_0 .net "datain", 0 0, v0x1418d70_0;  alias, 1 drivers
v0x1621a00_0 .net "dataout", 0 0, L_0x15e7830;  alias, 1 drivers
S_0x1621b00 .scope module, "routing_segment_dffre_c_sub_out_reg[4]_output_0_0_to_lut_$abc$1686$new_new_n26___input_0_5" "fpga_interconnect" 9 633, 11 493 0, S_0x1915730;
 .timescale -9 -12;
    .port_info 0 /INPUT 1 "datain";
    .port_info 1 /OUTPUT 1 "dataout";
L_0x15e81e0 .functor BUFZ 1, v0x13bee60_0, C4<0>, C4<0>, C4<0>;
v0x15f39c0_0 .net "datain", 0 0, v0x13bee60_0;  alias, 1 drivers
v0x15f3a80_0 .net "dataout", 0 0, L_0x15e81e0;  alias, 1 drivers
S_0x15f3b80 .scope module, "routing_segment_dffre_c_sub_out_reg[5]_output_0_0_to_lut_$abc$1686$new_new_n26___input_0_2" "fpga_interconnect" 9 638, 11 493 0, S_0x1915730;
 .timescale -9 -12;
    .port_info 0 /INPUT 1 "datain";
    .port_info 1 /OUTPUT 1 "dataout";
L_0x15ef9d0 .functor BUFZ 1, v0x103ea20_0, C4<0>, C4<0>, C4<0>;
v0x160a980_0 .net "datain", 0 0, v0x103ea20_0;  alias, 1 drivers
v0x160aa40_0 .net "dataout", 0 0, L_0x15ef9d0;  alias, 1 drivers
S_0x160ab40 .scope module, "routing_segment_dffre_c_sub_out_reg[6]_output_0_0_to_lut_$abc$1686$new_new_n26___input_0_3" "fpga_interconnect" 9 623, 11 493 0, S_0x1915730;
 .timescale -9 -12;
    .port_info 0 /INPUT 1 "datain";
    .port_info 1 /OUTPUT 1 "dataout";
L_0x15e87b0 .functor BUFZ 1, v0x10cbd90_0, C4<0>, C4<0>, C4<0>;
v0x10ef970_0 .net "datain", 0 0, v0x10cbd90_0;  alias, 1 drivers
v0x10efa30_0 .net "dataout", 0 0, L_0x15e87b0;  alias, 1 drivers
S_0x10efb30 .scope module, "routing_segment_dffre_c_sub_out_reg[7]_output_0_0_to_lut_$abc$1686$new_new_n26___input_0_1" "fpga_interconnect" 9 628, 11 493 0, S_0x1915730;
 .timescale -9 -12;
    .port_info 0 /INPUT 1 "datain";
    .port_info 1 /OUTPUT 1 "dataout";
L_0x15e85c0 .functor BUFZ 1, v0x10c9200_0, C4<0>, C4<0>, C4<0>;
v0x10f7b60_0 .net "datain", 0 0, v0x10c9200_0;  alias, 1 drivers
v0x10f7c20_0 .net "dataout", 0 0, L_0x15e85c0;  alias, 1 drivers
S_0x10f7d20 .scope module, "routing_segment_lut_$abc$1018$abc$970$li0_li0_output_0_0_to_dffre_c_sub_out_reg[0]_input_0_0" "fpga_interconnect" 9 593, 11 493 0, S_0x1915730;
 .timescale -9 -12;
    .port_info 0 /INPUT 1 "datain";
    .port_info 1 /OUTPUT 1 "dataout";
L_0x15e7a20 .functor BUFZ 1, L_0x1485c60, C4<0>, C4<0>, C4<0>;
v0x1105a10_0 .net "datain", 0 0, L_0x1485c60;  alias, 1 drivers
v0x1105b20_0 .net "dataout", 0 0, L_0x15e7a20;  alias, 1 drivers
S_0x1105c00 .scope module, "routing_segment_lut_$abc$1018$abc$970$li1_li1_output_0_0_to_dffre_c_sub_out_reg[1]_input_0_0" "fpga_interconnect" 9 678, 11 493 0, S_0x1915730;
 .timescale -9 -12;
    .port_info 0 /INPUT 1 "datain";
    .port_info 1 /OUTPUT 1 "dataout";
L_0x15f35a0 .functor BUFZ 1, L_0x1242dc0, C4<0>, C4<0>, C4<0>;
v0x10f23f0_0 .net "datain", 0 0, L_0x1242dc0;  alias, 1 drivers
v0x10f2500_0 .net "dataout", 0 0, L_0x15f35a0;  alias, 1 drivers
S_0x10f25e0 .scope module, "routing_segment_lut_$abc$1018$abc$970$li2_li2_output_0_0_to_dffre_c_sub_out_reg[2]_input_0_0" "fpga_interconnect" 9 673, 11 493 0, S_0x1915730;
 .timescale -9 -12;
    .port_info 0 /INPUT 1 "datain";
    .port_info 1 /OUTPUT 1 "dataout";
L_0x15f16b0 .functor BUFZ 1, L_0x14c43f0, C4<0>, C4<0>, C4<0>;
v0x10fab70_0 .net "datain", 0 0, L_0x14c43f0;  alias, 1 drivers
v0x10fac80_0 .net "dataout", 0 0, L_0x15f16b0;  alias, 1 drivers
S_0x10fad80 .scope module, "routing_segment_lut_$abc$1018$abc$970$li3_li3_output_0_0_to_dffre_c_sub_out_reg[3]_input_0_0" "fpga_interconnect" 9 668, 11 493 0, S_0x1915730;
 .timescale -9 -12;
    .port_info 0 /INPUT 1 "datain";
    .port_info 1 /OUTPUT 1 "dataout";
L_0x15f18c0 .functor BUFZ 1, L_0x13ffca0, C4<0>, C4<0>, C4<0>;
v0x10d8b50_0 .net "datain", 0 0, L_0x13ffca0;  alias, 1 drivers
v0x10d8c60_0 .net "dataout", 0 0, L_0x15f18c0;  alias, 1 drivers
S_0x10d8d40 .scope module, "routing_segment_lut_$abc$1018$abc$970$li4_li4_output_0_0_to_dffre_c_sub_out_reg[4]_input_0_0" "fpga_interconnect" 9 663, 11 493 0, S_0x1915730;
 .timescale -9 -12;
    .port_info 0 /INPUT 1 "datain";
    .port_info 1 /OUTPUT 1 "dataout";
L_0x15f1ad0 .functor BUFZ 1, L_0x16295d0, C4<0>, C4<0>, C4<0>;
v0x10d97f0_0 .net "datain", 0 0, L_0x16295d0;  alias, 1 drivers
v0x10d9900_0 .net "dataout", 0 0, L_0x15f1ad0;  alias, 1 drivers
S_0x10d99e0 .scope module, "routing_segment_lut_$abc$1018$abc$970$li5_li5_output_0_0_to_dffre_c_sub_out_reg[5]_input_0_0" "fpga_interconnect" 9 658, 11 493 0, S_0x1915730;
 .timescale -9 -12;
    .port_info 0 /INPUT 1 "datain";
    .port_info 1 /OUTPUT 1 "dataout";
L_0x15f1ce0 .functor BUFZ 1, L_0x164dca0, C4<0>, C4<0>, C4<0>;
v0x10610a0_0 .net "datain", 0 0, L_0x164dca0;  alias, 1 drivers
v0x10611b0_0 .net "dataout", 0 0, L_0x15f1ce0;  alias, 1 drivers
S_0x1061290 .scope module, "routing_segment_lut_$abc$1018$abc$970$li6_li6_output_0_0_to_dffre_c_sub_out_reg[6]_input_0_0" "fpga_interconnect" 9 653, 11 493 0, S_0x1915730;
 .timescale -9 -12;
    .port_info 0 /INPUT 1 "datain";
    .port_info 1 /OUTPUT 1 "dataout";
L_0x15f1ef0 .functor BUFZ 1, L_0x14bc260, C4<0>, C4<0>, C4<0>;
v0x1036670_0 .net "datain", 0 0, L_0x14bc260;  alias, 1 drivers
v0x1036780_0 .net "dataout", 0 0, L_0x15f1ef0;  alias, 1 drivers
S_0x1036880 .scope module, "routing_segment_lut_$abc$1018$abc$970$li7_li7_output_0_0_to_dffre_c_sub_out_reg[7]_input_0_0" "fpga_interconnect" 9 648, 11 493 0, S_0x1915730;
 .timescale -9 -12;
    .port_info 0 /INPUT 1 "datain";
    .port_info 1 /OUTPUT 1 "dataout";
L_0x15f2100 .functor BUFZ 1, L_0x14cc560, C4<0>, C4<0>, C4<0>;
v0x10d71a0_0 .net "datain", 0 0, L_0x14cc560;  alias, 1 drivers
v0x10d72b0_0 .net "dataout", 0 0, L_0x15f2100;  alias, 1 drivers
S_0x10d7390 .scope module, "routing_segment_lut_$abc$1686$new_new_n25___output_0_0_to_lut_$f2g_tx_out_$obuf_c_input_0_2" "fpga_interconnect" 9 618, 11 493 0, S_0x1915730;
 .timescale -9 -12;
    .port_info 0 /INPUT 1 "datain";
    .port_info 1 /OUTPUT 1 "dataout";
L_0x15e8ea0 .functor BUFZ 1, L_0x124d740, C4<0>, C4<0>, C4<0>;
v0x10d7eb0_0 .net "datain", 0 0, L_0x124d740;  alias, 1 drivers
v0x10d7fc0_0 .net "dataout", 0 0, L_0x15e8ea0;  alias, 1 drivers
S_0x10d80e0 .scope module, "routing_segment_lut_$abc$1686$new_new_n26___output_0_0_to_lut_$f2g_tx_out_$obuf_c_input_0_4" "fpga_interconnect" 9 643, 11 493 0, S_0x1915730;
 .timescale -9 -12;
    .port_info 0 /INPUT 1 "datain";
    .port_info 1 /OUTPUT 1 "dataout";
L_0x15f2520 .functor BUFZ 1, L_0x173d7f0, C4<0>, C4<0>, C4<0>;
v0x10d0d80_0 .net "datain", 0 0, L_0x173d7f0;  alias, 1 drivers
v0x10d0e90_0 .net "dataout", 0 0, L_0x15f2520;  alias, 1 drivers
S_0x10d0fb0 .scope module, "routing_segment_lut_$auto_1716_output_0_0_to_$auto_1716_input_0_0" "fpga_interconnect" 9 438, 11 493 0, S_0x1915730;
 .timescale -9 -12;
    .port_info 0 /INPUT 1 "datain";
    .port_info 1 /OUTPUT 1 "dataout";
L_0x15e5a50 .functor BUFZ 1, L_0x1044800, C4<0>, C4<0>, C4<0>;
v0x10d2240_0 .net "datain", 0 0, L_0x1044800;  alias, 1 drivers
v0x10d2350_0 .net "dataout", 0 0, L_0x15e5a50;  alias, 1 drivers
S_0x10d2470 .scope module, "routing_segment_lut_$auto_1717_output_0_0_to_$auto_1717_input_0_0" "fpga_interconnect" 9 443, 11 493 0, S_0x1915730;
 .timescale -9 -12;
    .port_info 0 /INPUT 1 "datain";
    .port_info 1 /OUTPUT 1 "dataout";
L_0x15e5860 .functor BUFZ 1, L_0x10fe050, C4<0>, C4<0>, C4<0>;
v0x10b3a20_0 .net "datain", 0 0, L_0x10fe050;  alias, 1 drivers
v0x10b3b30_0 .net "dataout", 0 0, L_0x15e5860;  alias, 1 drivers
S_0x10b3c50 .scope module, "routing_segment_lut_$auto_1718_output_0_0_to_$auto_1718_input_0_0" "fpga_interconnect" 9 448, 11 493 0, S_0x1915730;
 .timescale -9 -12;
    .port_info 0 /INPUT 1 "datain";
    .port_info 1 /OUTPUT 1 "dataout";
L_0x15e5670 .functor BUFZ 1, L_0x17ae670, C4<0>, C4<0>, C4<0>;
v0x10ccdd0_0 .net "datain", 0 0, L_0x17ae670;  alias, 1 drivers
v0x10ccee0_0 .net "dataout", 0 0, L_0x15e5670;  alias, 1 drivers
S_0x10cd000 .scope module, "routing_segment_lut_$auto_1719_output_0_0_to_$auto_1719_input_0_0" "fpga_interconnect" 9 453, 11 493 0, S_0x1915730;
 .timescale -9 -12;
    .port_info 0 /INPUT 1 "datain";
    .port_info 1 /OUTPUT 1 "dataout";
L_0x15e5480 .functor BUFZ 1, L_0x17a14f0, C4<0>, C4<0>, C4<0>;
v0x10ceb00_0 .net "datain", 0 0, L_0x17a14f0;  alias, 1 drivers
v0x10cec10_0 .net "dataout", 0 0, L_0x15e5480;  alias, 1 drivers
S_0x10ced30 .scope module, "routing_segment_lut_$auto_1720_output_0_0_to_$auto_1720_input_0_0" "fpga_interconnect" 9 458, 11 493 0, S_0x1915730;
 .timescale -9 -12;
    .port_info 0 /INPUT 1 "datain";
    .port_info 1 /OUTPUT 1 "dataout";
L_0x15e5270 .functor BUFZ 1, L_0x158d120, C4<0>, C4<0>, C4<0>;
v0x10dda00_0 .net "datain", 0 0, L_0x158d120;  alias, 1 drivers
v0x10ddb10_0 .net "dataout", 0 0, L_0x15e5270;  alias, 1 drivers
S_0x10ddc30 .scope module, "routing_segment_lut_$auto_1721_output_0_0_to_$auto_1721_input_0_0" "fpga_interconnect" 9 463, 11 493 0, S_0x1915730;
 .timescale -9 -12;
    .port_info 0 /INPUT 1 "datain";
    .port_info 1 /OUTPUT 1 "dataout";
L_0x15e5080 .functor BUFZ 1, L_0x1768d80, C4<0>, C4<0>, C4<0>;
v0x10b0bd0_0 .net "datain", 0 0, L_0x1768d80;  alias, 1 drivers
v0x10b0cc0_0 .net "dataout", 0 0, L_0x15e5080;  alias, 1 drivers
S_0x10b0de0 .scope module, "routing_segment_lut_$auto_1722_output_0_0_to_$auto_1722_input_0_0" "fpga_interconnect" 9 468, 11 493 0, S_0x1915730;
 .timescale -9 -12;
    .port_info 0 /INPUT 1 "datain";
    .port_info 1 /OUTPUT 1 "dataout";
L_0x15e4e60 .functor BUFZ 1, L_0x104cc20, C4<0>, C4<0>, C4<0>;
v0x10d4ae0_0 .net "datain", 0 0, L_0x104cc20;  alias, 1 drivers
v0x10d4bf0_0 .net "dataout", 0 0, L_0x15e4e60;  alias, 1 drivers
S_0x10d4d10 .scope module, "routing_segment_lut_$f2g_tx_out_$obuf_c_output_0_0_to_$f2g_tx_out_$obuf_c_input_0_0" "fpga_interconnect" 9 473, 11 493 0, S_0x1915730;
 .timescale -9 -12;
    .port_info 0 /INPUT 1 "datain";
    .port_info 1 /OUTPUT 1 "dataout";
L_0x15e4c70 .functor BUFZ 1, L_0x1245e90, C4<0>, C4<0>, C4<0>;
v0x10bcb30_0 .net "datain", 0 0, L_0x1245e90;  alias, 1 drivers
v0x10bcc20_0 .net "dataout", 0 0, L_0x15e4c70;  alias, 1 drivers
S_0x10bcd40 .scope module, "routing_segment_lut_$true_output_0_0_to_dffre_c_sub_out_reg[0]_input_1_0" "fpga_interconnect" 9 558, 11 493 0, S_0x1915730;
 .timescale -9 -12;
    .port_info 0 /INPUT 1 "datain";
    .port_info 1 /OUTPUT 1 "dataout";
L_0x15eed70 .functor BUFZ 1, L_0x138c250, C4<0>, C4<0>, C4<0>;
v0x10e2870_0 .net "datain", 0 0, L_0x138c250;  alias, 1 drivers
v0x10e2980_0 .net "dataout", 0 0, L_0x15eed70;  alias, 1 drivers
S_0x10e2a60 .scope module, "routing_segment_lut_$true_output_0_0_to_dffre_c_sub_out_reg[0]_input_2_0" "fpga_interconnect" 9 563, 11 493 0, S_0x1915730;
 .timescale -9 -12;
    .port_info 0 /INPUT 1 "datain";
    .port_info 1 /OUTPUT 1 "dataout";
L_0x15f6c10 .functor BUFZ 1, L_0x138c250, C4<0>, C4<0>, C4<0>;
v0x10e4660_0 .net "datain", 0 0, L_0x138c250;  alias, 1 drivers
v0x10e4720_0 .net "dataout", 0 0, L_0x15f6c10;  alias, 1 drivers
S_0x10e4800 .scope module, "routing_segment_lut_$true_output_0_0_to_dffre_c_sub_out_reg[1]_input_1_0" "fpga_interconnect" 9 488, 11 493 0, S_0x1915730;
 .timescale -9 -12;
    .port_info 0 /INPUT 1 "datain";
    .port_info 1 /OUTPUT 1 "dataout";
L_0x15e6a10 .functor BUFZ 1, L_0x138c250, C4<0>, C4<0>, C4<0>;
v0x10e4a30_0 .net "datain", 0 0, L_0x138c250;  alias, 1 drivers
v0x10e69b0_0 .net "dataout", 0 0, L_0x15e6a10;  alias, 1 drivers
S_0x10e6ab0 .scope module, "routing_segment_lut_$true_output_0_0_to_dffre_c_sub_out_reg[1]_input_2_0" "fpga_interconnect" 9 493, 11 493 0, S_0x1915730;
 .timescale -9 -12;
    .port_info 0 /INPUT 1 "datain";
    .port_info 1 /OUTPUT 1 "dataout";
L_0x15e6820 .functor BUFZ 1, L_0x138c250, C4<0>, C4<0>, C4<0>;
v0x10e6c90_0 .net "datain", 0 0, L_0x138c250;  alias, 1 drivers
v0x10e6d50_0 .net "dataout", 0 0, L_0x15e6820;  alias, 1 drivers
S_0x10eaf10 .scope module, "routing_segment_lut_$true_output_0_0_to_dffre_c_sub_out_reg[2]_input_1_0" "fpga_interconnect" 9 478, 11 493 0, S_0x1915730;
 .timescale -9 -12;
    .port_info 0 /INPUT 1 "datain";
    .port_info 1 /OUTPUT 1 "dataout";
L_0x15e4a80 .functor BUFZ 1, L_0x138c250, C4<0>, C4<0>, C4<0>;
v0x10eb140_0 .net "datain", 0 0, L_0x138c250;  alias, 1 drivers
v0x10eb200_0 .net "dataout", 0 0, L_0x15e4a80;  alias, 1 drivers
S_0x1096d40 .scope module, "routing_segment_lut_$true_output_0_0_to_dffre_c_sub_out_reg[2]_input_2_0" "fpga_interconnect" 9 483, 11 493 0, S_0x1915730;
 .timescale -9 -12;
    .port_info 0 /INPUT 1 "datain";
    .port_info 1 /OUTPUT 1 "dataout";
L_0x15e6c90 .functor BUFZ 1, L_0x138c250, C4<0>, C4<0>, C4<0>;
v0x1096f70_0 .net "datain", 0 0, L_0x138c250;  alias, 1 drivers
v0x1097030_0 .net "dataout", 0 0, L_0x15e6c90;  alias, 1 drivers
S_0x109be50 .scope module, "routing_segment_lut_$true_output_0_0_to_dffre_c_sub_out_reg[3]_input_1_0" "fpga_interconnect" 9 548, 11 493 0, S_0x1915730;
 .timescale -9 -12;
    .port_info 0 /INPUT 1 "datain";
    .port_info 1 /OUTPUT 1 "dataout";
L_0x15ef190 .functor BUFZ 1, L_0x138c250, C4<0>, C4<0>, C4<0>;
v0x109c080_0 .net "datain", 0 0, L_0x138c250;  alias, 1 drivers
v0x10eb2e0_0 .net "dataout", 0 0, L_0x15ef190;  alias, 1 drivers
S_0x1103fc0 .scope module, "routing_segment_lut_$true_output_0_0_to_dffre_c_sub_out_reg[3]_input_2_0" "fpga_interconnect" 9 553, 11 493 0, S_0x1915730;
 .timescale -9 -12;
    .port_info 0 /INPUT 1 "datain";
    .port_info 1 /OUTPUT 1 "dataout";
L_0x15eef80 .functor BUFZ 1, L_0x138c250, C4<0>, C4<0>, C4<0>;
v0x11041f0_0 .net "datain", 0 0, L_0x138c250;  alias, 1 drivers
v0x11042b0_0 .net "dataout", 0 0, L_0x15eef80;  alias, 1 drivers
S_0x1107cc0 .scope module, "routing_segment_lut_$true_output_0_0_to_dffre_c_sub_out_reg[4]_input_1_0" "fpga_interconnect" 9 518, 11 493 0, S_0x1915730;
 .timescale -9 -12;
    .port_info 0 /INPUT 1 "datain";
    .port_info 1 /OUTPUT 1 "dataout";
L_0x15e6060 .functor BUFZ 1, L_0x138c250, C4<0>, C4<0>, C4<0>;
v0x1107ef0_0 .net "datain", 0 0, L_0x138c250;  alias, 1 drivers
v0x1107fb0_0 .net "dataout", 0 0, L_0x15e6060;  alias, 1 drivers
S_0x106d910 .scope module, "routing_segment_lut_$true_output_0_0_to_dffre_c_sub_out_reg[4]_input_2_0" "fpga_interconnect" 9 523, 11 493 0, S_0x1915730;
 .timescale -9 -12;
    .port_info 0 /INPUT 1 "datain";
    .port_info 1 /OUTPUT 1 "dataout";
L_0x15e5e70 .functor BUFZ 1, L_0x138c250, C4<0>, C4<0>, C4<0>;
v0x106db40_0 .net "datain", 0 0, L_0x138c250;  alias, 1 drivers
v0x106dc00_0 .net "dataout", 0 0, L_0x15e5e70;  alias, 1 drivers
S_0x10da490 .scope module, "routing_segment_lut_$true_output_0_0_to_dffre_c_sub_out_reg[5]_input_1_0" "fpga_interconnect" 9 528, 11 493 0, S_0x1915730;
 .timescale -9 -12;
    .port_info 0 /INPUT 1 "datain";
    .port_info 1 /OUTPUT 1 "dataout";
L_0x15f4f50 .functor BUFZ 1, L_0x138c250, C4<0>, C4<0>, C4<0>;
v0x10da6c0_0 .net "datain", 0 0, L_0x138c250;  alias, 1 drivers
v0x10da780_0 .net "dataout", 0 0, L_0x15f4f50;  alias, 1 drivers
S_0x1072a10 .scope module, "routing_segment_lut_$true_output_0_0_to_dffre_c_sub_out_reg[5]_input_2_0" "fpga_interconnect" 9 533, 11 493 0, S_0x1915730;
 .timescale -9 -12;
    .port_info 0 /INPUT 1 "datain";
    .port_info 1 /OUTPUT 1 "dataout";
L_0x15ef7c0 .functor BUFZ 1, L_0x138c250, C4<0>, C4<0>, C4<0>;
v0x1072c40_0 .net "datain", 0 0, L_0x138c250;  alias, 1 drivers
v0x1072d00_0 .net "dataout", 0 0, L_0x15ef7c0;  alias, 1 drivers
S_0x105b110 .scope module, "routing_segment_lut_$true_output_0_0_to_dffre_c_sub_out_reg[6]_input_1_0" "fpga_interconnect" 9 498, 11 493 0, S_0x1915730;
 .timescale -9 -12;
    .port_info 0 /INPUT 1 "datain";
    .port_info 1 /OUTPUT 1 "dataout";
L_0x15e6630 .functor BUFZ 1, L_0x138c250, C4<0>, C4<0>, C4<0>;
v0x105b340_0 .net "datain", 0 0, L_0x138c250;  alias, 1 drivers
v0x105b400_0 .net "dataout", 0 0, L_0x15e6630;  alias, 1 drivers
S_0x10d41a0 .scope module, "routing_segment_lut_$true_output_0_0_to_dffre_c_sub_out_reg[6]_input_2_0" "fpga_interconnect" 9 503, 11 493 0, S_0x1915730;
 .timescale -9 -12;
    .port_info 0 /INPUT 1 "datain";
    .port_info 1 /OUTPUT 1 "dataout";
L_0x15e6440 .functor BUFZ 1, L_0x138c250, C4<0>, C4<0>, C4<0>;
v0x10d43d0_0 .net "datain", 0 0, L_0x138c250;  alias, 1 drivers
v0x10d4490_0 .net "dataout", 0 0, L_0x15e6440;  alias, 1 drivers
S_0x110bf60 .scope module, "routing_segment_lut_$true_output_0_0_to_dffre_c_sub_out_reg[7]_input_1_0" "fpga_interconnect" 9 508, 11 493 0, S_0x1915730;
 .timescale -9 -12;
    .port_info 0 /INPUT 1 "datain";
    .port_info 1 /OUTPUT 1 "dataout";
L_0x15e6250 .functor BUFZ 1, L_0x138c250, C4<0>, C4<0>, C4<0>;
v0x110c190_0 .net "datain", 0 0, L_0x138c250;  alias, 1 drivers
v0x1097110_0 .net "dataout", 0 0, L_0x15e6250;  alias, 1 drivers
S_0x110c250 .scope module, "routing_segment_lut_$true_output_0_0_to_dffre_c_sub_out_reg[7]_input_2_0" "fpga_interconnect" 9 513, 11 493 0, S_0x1915730;
 .timescale -9 -12;
    .port_info 0 /INPUT 1 "datain";
    .port_info 1 /OUTPUT 1 "dataout";
L_0x1510220 .functor BUFZ 1, L_0x138c250, C4<0>, C4<0>, C4<0>;
v0x1108090_0 .net "datain", 0 0, L_0x138c250;  alias, 1 drivers
v0x10da860_0 .net "dataout", 0 0, L_0x1510220;  alias, 1 drivers
S_0x109c140 .scope module, "routing_segment_lut_$true_output_0_0_to_lut_$auto_1716_input_0_1" "fpga_interconnect" 9 578, 11 493 0, S_0x1915730;
 .timescale -9 -12;
    .port_info 0 /INPUT 1 "datain";
    .port_info 1 /OUTPUT 1 "dataout";
L_0x15e7ff0 .functor BUFZ 1, L_0x138c250, C4<0>, C4<0>, C4<0>;
v0x1072de0_0 .net "datain", 0 0, L_0x138c250;  alias, 1 drivers
v0x105b4e0_0 .net "dataout", 0 0, L_0x15e7ff0;  alias, 1 drivers
S_0x114e330 .scope module, "routing_segment_lut_$true_output_0_0_to_lut_$auto_1717_input_0_3" "fpga_interconnect" 9 583, 11 493 0, S_0x1915730;
 .timescale -9 -12;
    .port_info 0 /INPUT 1 "datain";
    .port_info 1 /OUTPUT 1 "dataout";
L_0x15e7e00 .functor BUFZ 1, L_0x138c250, C4<0>, C4<0>, C4<0>;
v0x10d4570_0 .net "datain", 0 0, L_0x138c250;  alias, 1 drivers
v0x1077b10_0 .net "dataout", 0 0, L_0x15e7e00;  alias, 1 drivers
S_0x1077c50 .scope module, "routing_segment_lut_$true_output_0_0_to_lut_$auto_1718_input_0_3" "fpga_interconnect" 9 573, 11 493 0, S_0x1915730;
 .timescale -9 -12;
    .port_info 0 /INPUT 1 "datain";
    .port_info 1 /OUTPUT 1 "dataout";
L_0x15e92c0 .functor BUFZ 1, L_0x138c250, C4<0>, C4<0>, C4<0>;
v0x1077e80_0 .net "datain", 0 0, L_0x138c250;  alias, 1 drivers
v0x114a960_0 .net "dataout", 0 0, L_0x15e92c0;  alias, 1 drivers
S_0x114aa80 .scope module, "routing_segment_lut_$true_output_0_0_to_lut_$auto_1719_input_0_3" "fpga_interconnect" 9 568, 11 493 0, S_0x1915730;
 .timescale -9 -12;
    .port_info 0 /INPUT 1 "datain";
    .port_info 1 /OUTPUT 1 "dataout";
L_0x15e94d0 .functor BUFZ 1, L_0x138c250, C4<0>, C4<0>, C4<0>;
v0x114ac60_0 .net "datain", 0 0, L_0x138c250;  alias, 1 drivers
v0x114ad20_0 .net "dataout", 0 0, L_0x15e94d0;  alias, 1 drivers
S_0x107a390 .scope module, "routing_segment_lut_$true_output_0_0_to_lut_$auto_1720_input_0_1" "fpga_interconnect" 9 543, 11 493 0, S_0x1915730;
 .timescale -9 -12;
    .port_info 0 /INPUT 1 "datain";
    .port_info 1 /OUTPUT 1 "dataout";
L_0x15ef3a0 .functor BUFZ 1, L_0x138c250, C4<0>, C4<0>, C4<0>;
v0x107a5c0_0 .net "datain", 0 0, L_0x138c250;  alias, 1 drivers
v0x107a680_0 .net "dataout", 0 0, L_0x15ef3a0;  alias, 1 drivers
S_0x10d5420 .scope module, "routing_segment_lut_$true_output_0_0_to_lut_$auto_1721_input_0_1" "fpga_interconnect" 9 538, 11 493 0, S_0x1915730;
 .timescale -9 -12;
    .port_info 0 /INPUT 1 "datain";
    .port_info 1 /OUTPUT 1 "dataout";
L_0x15ef5b0 .functor BUFZ 1, L_0x138c250, C4<0>, C4<0>, C4<0>;
v0x10d5650_0 .net "datain", 0 0, L_0x138c250;  alias, 1 drivers
v0x10d5710_0 .net "dataout", 0 0, L_0x15ef5b0;  alias, 1 drivers
S_0x105dbd0 .scope module, "routing_segment_lut_$true_output_0_0_to_lut_$auto_1722_input_0_3" "fpga_interconnect" 9 588, 11 493 0, S_0x1915730;
 .timescale -9 -12;
    .port_info 0 /INPUT 1 "datain";
    .port_info 1 /OUTPUT 1 "dataout";
L_0x15e7c10 .functor BUFZ 1, L_0x138c250, C4<0>, C4<0>, C4<0>;
v0x105ddb0_0 .net "datain", 0 0, L_0x138c250;  alias, 1 drivers
v0x105de50_0 .net "dataout", 0 0, L_0x15e7c10;  alias, 1 drivers
    .scope S_0x19a2a70;
T_1 ;
    %wait E_0x1942840;
    %pushi/vec4 0, 0, 32;
    %store/vec4 v0x14210a0_0, 0, 32;
T_1.0 ; Top of for-loop
    %load/vec4 v0x14210a0_0;
    %cmpi/s 10, 0, 32;
    %jmp/0xz T_1.1, 5;
    %pushi/vec4 0, 0, 1;
    %ix/getv/s 4, v0x14210a0_0;
    %store/vec4a v0x1219c20, 4, 0;
    %pushi/vec4 0, 0, 1;
    %ix/getv/s 4, v0x14210a0_0;
    %store/vec4a v0x1486c10, 4, 0;
T_1.2 ; for-loop step statement
    %load/vec4 v0x14210a0_0;
    %addi 1, 0, 32;
    %store/vec4 v0x14210a0_0, 0, 32;
    %jmp T_1.0;
T_1.1 ; for-loop exit label
    %load/vec4 v0x1219ab0_0;
    %load/vec4 v0x1420180_0;
    %pad/u 5;
    %ix/vec4 4;
    %store/vec4a v0x1219c20, 4, 0;
    %load/vec4 v0x1219d90_0;
    %load/vec4 v0x1420180_0;
    %pad/u 5;
    %ix/vec4 4;
    %store/vec4a v0x1486c10, 4, 0;
    %jmp T_1;
    .thread T_1, $push;
    .scope S_0x19a2a70;
T_2 ;
    %wait E_0x1943440;
    %pushi/vec4 0, 0, 32;
    %store/vec4 v0x14210a0_0, 0, 32;
T_2.0 ; Top of for-loop
    %load/vec4 v0x14210a0_0;
    %cmpi/s 10, 0, 32;
    %jmp/0xz T_2.1, 5;
    %ix/getv/s 4, v0x14210a0_0;
    %load/vec4a v0x1486d80, 4;
    %ix/getv/s 3, v0x14210a0_0;
    %ix/load 4, 0, 0; Constant delay
    %assign/vec4/a/d v0x1420010, 0, 4;
T_2.2 ; for-loop step statement
    %load/vec4 v0x14210a0_0;
    %addi 1, 0, 32;
    %store/vec4 v0x14210a0_0, 0, 32;
    %jmp T_2.0;
T_2.1 ; for-loop exit label
    %jmp T_2;
    .thread T_2;
    .scope S_0x19348a0;
T_3 ;
    %pushi/vec4 1313820229, 0, 64;
    %dup/vec4;
    %pushi/vec4 0, 0, 32; draw_string_vec4
    %pushi/vec4 1313820229, 0, 32; draw_string_vec4
    %concat/vec4; draw_string_vec4
    %cmp/u;
    %jmp/1 T_3.0, 6;
    %dup/vec4;
    %pushi/vec4 20565, 0, 32; draw_string_vec4
    %pushi/vec4 1280070992, 0, 32; draw_string_vec4
    %concat/vec4; draw_string_vec4
    %cmp/u;
    %jmp/1 T_3.1, 6;
    %dup/vec4;
    %pushi/vec4 1347767372, 0, 32; draw_string_vec4
    %pushi/vec4 1146050382, 0, 32; draw_string_vec4
    %concat/vec4; draw_string_vec4
    %cmp/u;
    %jmp/1 T_3.2, 6;
    %vpi_call/w 7 46 "$fatal", 32'sb00000000000000000000000000000001, "\012Error: I_BUF instance %m has parameter WEAK_KEEPER set to %s.  Valid values are NONE, PULLUP, PULLDOWN\012", P_0x14902d0 {0 0 0};
    %jmp T_3.4;
T_3.0 ;
    %jmp T_3.4;
T_3.1 ;
    %jmp T_3.4;
T_3.2 ;
    %jmp T_3.4;
T_3.4 ;
    %pop/vec4 1;
    %pushi/vec4 2290781314, 0, 81;
    %concati/vec4 5590100, 0, 23;
    %dup/vec4;
    %pushi/vec4 0, 0, 32; draw_string_vec4
    %pushi/vec4 17477, 0, 32; draw_string_vec4
    %concat/vec4; draw_string_vec4
    %pushi/vec4 1178686796, 0, 32; draw_string_vec4
    %concat/vec4; draw_string_vec4
    %pushi/vec4 84, 0, 8; draw_string_vec4
    %concat/vec4; draw_string_vec4
    %cmp/u;
    %jmp/1 T_3.5, 6;
    %dup/vec4;
    %pushi/vec4 0, 0, 32; draw_string_vec4
    %pushi/vec4 1280721741, 0, 32; draw_string_vec4
    %concat/vec4; draw_string_vec4
    %pushi/vec4 1330863921, 0, 32; draw_string_vec4
    %concat/vec4; draw_string_vec4
    %pushi/vec4 50, 0, 8; draw_string_vec4
    %concat/vec4; draw_string_vec4
    %cmp/u;
    %jmp/1 T_3.6, 6;
    %dup/vec4;
    %pushi/vec4 0, 0, 32; draw_string_vec4
    %pushi/vec4 1280721741, 0, 32; draw_string_vec4
    %concat/vec4; draw_string_vec4
    %pushi/vec4 1330863921, 0, 32; draw_string_vec4
    %concat/vec4; draw_string_vec4
    %pushi/vec4 53, 0, 8; draw_string_vec4
    %concat/vec4; draw_string_vec4
    %cmp/u;
    %jmp/1 T_3.7, 6;
    %dup/vec4;
    %pushi/vec4 5002819, 0, 32; draw_string_vec4
    %pushi/vec4 1297044319, 0, 32; draw_string_vec4
    %concat/vec4; draw_string_vec4
    %pushi/vec4 825777992, 0, 32; draw_string_vec4
    %concat/vec4; draw_string_vec4
    %pushi/vec4 80, 0, 8; draw_string_vec4
    %concat/vec4; draw_string_vec4
    %cmp/u;
    %jmp/1 T_3.8, 6;
    %dup/vec4;
    %pushi/vec4 5002819, 0, 32; draw_string_vec4
    %pushi/vec4 1297044319, 0, 32; draw_string_vec4
    %concat/vec4; draw_string_vec4
    %pushi/vec4 825777992, 0, 32; draw_string_vec4
    %concat/vec4; draw_string_vec4
    %pushi/vec4 82, 0, 8; draw_string_vec4
    %concat/vec4; draw_string_vec4
    %cmp/u;
    %jmp/1 T_3.9, 6;
    %dup/vec4;
    %pushi/vec4 0, 0, 32; draw_string_vec4
    %pushi/vec4 1280721741, 0, 32; draw_string_vec4
    %concat/vec4; draw_string_vec4
    %pushi/vec4 1330863922, 0, 32; draw_string_vec4
    %concat/vec4; draw_string_vec4
    %pushi/vec4 53, 0, 8; draw_string_vec4
    %concat/vec4; draw_string_vec4
    %cmp/u;
    %jmp/1 T_3.10, 6;
    %dup/vec4;
    %pushi/vec4 0, 0, 32; draw_string_vec4
    %pushi/vec4 1280721741, 0, 32; draw_string_vec4
    %concat/vec4; draw_string_vec4
    %pushi/vec4 1330863923, 0, 32; draw_string_vec4
    %concat/vec4; draw_string_vec4
    %pushi/vec4 51, 0, 8; draw_string_vec4
    %concat/vec4; draw_string_vec4
    %cmp/u;
    %jmp/1 T_3.11, 6;
    %dup/vec4;
    %pushi/vec4 0, 0, 32; draw_string_vec4
    %pushi/vec4 0, 0, 32; draw_string_vec4
    %concat/vec4; draw_string_vec4
    %pushi/vec4 1280726100, 0, 32; draw_string_vec4
    %concat/vec4; draw_string_vec4
    %pushi/vec4 76, 0, 8; draw_string_vec4
    %concat/vec4; draw_string_vec4
    %cmp/u;
    %jmp/1 T_3.12, 6;
    %dup/vec4;
    %pushi/vec4 0, 0, 32; draw_string_vec4
    %pushi/vec4 1213420620, 0, 32; draw_string_vec4
    %concat/vec4; draw_string_vec4
    %pushi/vec4 1598644017, 0, 32; draw_string_vec4
    %concat/vec4; draw_string_vec4
    %pushi/vec4 50, 0, 8; draw_string_vec4
    %concat/vec4; draw_string_vec4
    %cmp/u;
    %jmp/1 T_3.13, 6;
    %dup/vec4;
    %pushi/vec4 72, 0, 32; draw_string_vec4
    %pushi/vec4 1398033503, 0, 32; draw_string_vec4
    %concat/vec4; draw_string_vec4
    %pushi/vec4 1229545265, 0, 32; draw_string_vec4
    %concat/vec4; draw_string_vec4
    %pushi/vec4 50, 0, 8; draw_string_vec4
    %concat/vec4; draw_string_vec4
    %cmp/u;
    %jmp/1 T_3.14, 6;
    %dup/vec4;
    %pushi/vec4 0, 0, 32; draw_string_vec4
    %pushi/vec4 1213420620, 0, 32; draw_string_vec4
    %concat/vec4; draw_string_vec4
    %pushi/vec4 1598644017, 0, 32; draw_string_vec4
    %concat/vec4; draw_string_vec4
    %pushi/vec4 53, 0, 8; draw_string_vec4
    %concat/vec4; draw_string_vec4
    %cmp/u;
    %jmp/1 T_3.15, 6;
    %dup/vec4;
    %pushi/vec4 72, 0, 32; draw_string_vec4
    %pushi/vec4 1398033503, 0, 32; draw_string_vec4
    %concat/vec4; draw_string_vec4
    %pushi/vec4 1229545265, 0, 32; draw_string_vec4
    %concat/vec4; draw_string_vec4
    %pushi/vec4 53, 0, 8; draw_string_vec4
    %concat/vec4; draw_string_vec4
    %cmp/u;
    %jmp/1 T_3.16, 6;
    %dup/vec4;
    %pushi/vec4 0, 0, 32; draw_string_vec4
    %pushi/vec4 18515, 0, 32; draw_string_vec4
    %concat/vec4; draw_string_vec4
    %pushi/vec4 1431068465, 0, 32; draw_string_vec4
    %concat/vec4; draw_string_vec4
    %pushi/vec4 50, 0, 8; draw_string_vec4
    %concat/vec4; draw_string_vec4
    %cmp/u;
    %jmp/1 T_3.17, 6;
    %dup/vec4;
    %pushi/vec4 0, 0, 32; draw_string_vec4
    %pushi/vec4 0, 0, 32; draw_string_vec4
    %concat/vec4; draw_string_vec4
    %pushi/vec4 1346586934, 0, 32; draw_string_vec4
    %concat/vec4; draw_string_vec4
    %pushi/vec4 54, 0, 8; draw_string_vec4
    %concat/vec4; draw_string_vec4
    %cmp/u;
    %jmp/1 T_3.18, 6;
    %dup/vec4;
    %pushi/vec4 0, 0, 32; draw_string_vec4
    %pushi/vec4 20547, 0, 32; draw_string_vec4
    %concat/vec4; draw_string_vec4
    %pushi/vec4 1230516531, 0, 32; draw_string_vec4
    %concat/vec4; draw_string_vec4
    %pushi/vec4 51, 0, 8; draw_string_vec4
    %concat/vec4; draw_string_vec4
    %cmp/u;
    %jmp/1 T_3.19, 6;
    %dup/vec4;
    %pushi/vec4 0, 0, 32; draw_string_vec4
    %pushi/vec4 80, 0, 32; draw_string_vec4
    %concat/vec4; draw_string_vec4
    %pushi/vec4 1329880881, 0, 32; draw_string_vec4
    %concat/vec4; draw_string_vec4
    %pushi/vec4 50, 0, 8; draw_string_vec4
    %concat/vec4; draw_string_vec4
    %cmp/u;
    %jmp/1 T_3.20, 6;
    %dup/vec4;
    %pushi/vec4 0, 0, 32; draw_string_vec4
    %pushi/vec4 1397969996, 0, 32; draw_string_vec4
    %concat/vec4; draw_string_vec4
    %pushi/vec4 1598644017, 0, 32; draw_string_vec4
    %concat/vec4; draw_string_vec4
    %pushi/vec4 53, 0, 8; draw_string_vec4
    %concat/vec4; draw_string_vec4
    %cmp/u;
    %jmp/1 T_3.21, 6;
    %dup/vec4;
    %pushi/vec4 83, 0, 32; draw_string_vec4
    %pushi/vec4 1398033503, 0, 32; draw_string_vec4
    %concat/vec4; draw_string_vec4
    %pushi/vec4 1229545265, 0, 32; draw_string_vec4
    %concat/vec4; draw_string_vec4
    %pushi/vec4 53, 0, 8; draw_string_vec4
    %concat/vec4; draw_string_vec4
    %cmp/u;
    %jmp/1 T_3.22, 6;
    %dup/vec4;
    %pushi/vec4 5460820, 0, 32; draw_string_vec4
    %pushi/vec4 1281313119, 0, 32; draw_string_vec4
    %concat/vec4; draw_string_vec4
    %pushi/vec4 825777992, 0, 32; draw_string_vec4
    %concat/vec4; draw_string_vec4
    %pushi/vec4 80, 0, 8; draw_string_vec4
    %concat/vec4; draw_string_vec4
    %cmp/u;
    %jmp/1 T_3.23, 6;
    %dup/vec4;
    %pushi/vec4 1397969996, 0, 32; draw_string_vec4
    %pushi/vec4 1598638431, 0, 32; draw_string_vec4
    %concat/vec4; draw_string_vec4
    %pushi/vec4 825777992, 0, 32; draw_string_vec4
    %concat/vec4; draw_string_vec4
    %pushi/vec4 80, 0, 8; draw_string_vec4
    %concat/vec4; draw_string_vec4
    %cmp/u;
    %jmp/1 T_3.24, 6;
    %dup/vec4;
    %pushi/vec4 5460820, 0, 32; draw_string_vec4
    %pushi/vec4 1281313119, 0, 32; draw_string_vec4
    %concat/vec4; draw_string_vec4
    %pushi/vec4 825777992, 0, 32; draw_string_vec4
    %concat/vec4; draw_string_vec4
    %pushi/vec4 82, 0, 8; draw_string_vec4
    %concat/vec4; draw_string_vec4
    %cmp/u;
    %jmp/1 T_3.25, 6;
    %dup/vec4;
    %pushi/vec4 1397969996, 0, 32; draw_string_vec4
    %pushi/vec4 1598638431, 0, 32; draw_string_vec4
    %concat/vec4; draw_string_vec4
    %pushi/vec4 825777992, 0, 32; draw_string_vec4
    %concat/vec4; draw_string_vec4
    %pushi/vec4 82, 0, 8; draw_string_vec4
    %concat/vec4; draw_string_vec4
    %cmp/u;
    %jmp/1 T_3.26, 6;
    %dup/vec4;
    %pushi/vec4 0, 0, 32; draw_string_vec4
    %pushi/vec4 1397969996, 0, 32; draw_string_vec4
    %concat/vec4; draw_string_vec4
    %pushi/vec4 1598644018, 0, 32; draw_string_vec4
    %concat/vec4; draw_string_vec4
    %pushi/vec4 53, 0, 8; draw_string_vec4
    %concat/vec4; draw_string_vec4
    %cmp/u;
    %jmp/1 T_3.27, 6;
    %dup/vec4;
    %pushi/vec4 83, 0, 32; draw_string_vec4
    %pushi/vec4 1398033503, 0, 32; draw_string_vec4
    %concat/vec4; draw_string_vec4
    %pushi/vec4 1229545266, 0, 32; draw_string_vec4
    %concat/vec4; draw_string_vec4
    %pushi/vec4 53, 0, 8; draw_string_vec4
    %concat/vec4; draw_string_vec4
    %cmp/u;
    %jmp/1 T_3.28, 6;
    %dup/vec4;
    %pushi/vec4 0, 0, 32; draw_string_vec4
    %pushi/vec4 1397969996, 0, 32; draw_string_vec4
    %concat/vec4; draw_string_vec4
    %pushi/vec4 1598644019, 0, 32; draw_string_vec4
    %concat/vec4; draw_string_vec4
    %pushi/vec4 51, 0, 8; draw_string_vec4
    %concat/vec4; draw_string_vec4
    %cmp/u;
    %jmp/1 T_3.29, 6;
    %dup/vec4;
    %pushi/vec4 83, 0, 32; draw_string_vec4
    %pushi/vec4 1398033503, 0, 32; draw_string_vec4
    %concat/vec4; draw_string_vec4
    %pushi/vec4 1229545267, 0, 32; draw_string_vec4
    %concat/vec4; draw_string_vec4
    %pushi/vec4 51, 0, 8; draw_string_vec4
    %concat/vec4; draw_string_vec4
    %cmp/u;
    %jmp/1 T_3.30, 6;
    %vpi_call/w 7 78 "$fatal", 32'sb00000000000000000000000000000001, "\012Error: I_BUF instance %m has parameter IOSTANDARD set to %s.  Valid values are DEFAULT, LVCMOS_12, LVCMOS_15, LVCMOS_18_HP, LVCMOS_18_HR, LVCMOS_25, LVCMOS_33, LVTTL, HSTL_I_12, HSTL_II_12, HSTL_I_15, HSTL_II_15, HSUL_12, PCI66, PCIX133, POD_12, SSTL_I_15, SSTL_II_15, SSTL_I_18_HP, SSTL_II_18_HP, SSTL_I_18_HR, SSTL_II_18_HR, SSTL_I_25, SSTL_II_25, SSTL_I_33, SSTL_II_33\012", P_0x1490290 {0 0 0};
    %jmp T_3.32;
T_3.5 ;
    %jmp T_3.32;
T_3.6 ;
    %jmp T_3.32;
T_3.7 ;
    %jmp T_3.32;
T_3.8 ;
    %jmp T_3.32;
T_3.9 ;
    %jmp T_3.32;
T_3.10 ;
    %jmp T_3.32;
T_3.11 ;
    %jmp T_3.32;
T_3.12 ;
    %jmp T_3.32;
T_3.13 ;
    %jmp T_3.32;
T_3.14 ;
    %jmp T_3.32;
T_3.15 ;
    %jmp T_3.32;
T_3.16 ;
    %jmp T_3.32;
T_3.17 ;
    %jmp T_3.32;
T_3.18 ;
    %jmp T_3.32;
T_3.19 ;
    %jmp T_3.32;
T_3.20 ;
    %jmp T_3.32;
T_3.21 ;
    %jmp T_3.32;
T_3.22 ;
    %jmp T_3.32;
T_3.23 ;
    %jmp T_3.32;
T_3.24 ;
    %jmp T_3.32;
T_3.25 ;
    %jmp T_3.32;
T_3.26 ;
    %jmp T_3.32;
T_3.27 ;
    %jmp T_3.32;
T_3.28 ;
    %jmp T_3.32;
T_3.29 ;
    %jmp T_3.32;
T_3.30 ;
    %jmp T_3.32;
T_3.32 ;
    %pop/vec4 1;
    %end;
    .thread T_3;
    .scope S_0x1978470;
T_4 ;
    %pushi/vec4 1313820229, 0, 64;
    %dup/vec4;
    %pushi/vec4 0, 0, 32; draw_string_vec4
    %pushi/vec4 1313820229, 0, 32; draw_string_vec4
    %concat/vec4; draw_string_vec4
    %cmp/u;
    %jmp/1 T_4.0, 6;
    %dup/vec4;
    %pushi/vec4 20565, 0, 32; draw_string_vec4
    %pushi/vec4 1280070992, 0, 32; draw_string_vec4
    %concat/vec4; draw_string_vec4
    %cmp/u;
    %jmp/1 T_4.1, 6;
    %dup/vec4;
    %pushi/vec4 1347767372, 0, 32; draw_string_vec4
    %pushi/vec4 1146050382, 0, 32; draw_string_vec4
    %concat/vec4; draw_string_vec4
    %cmp/u;
    %jmp/1 T_4.2, 6;
    %vpi_call/w 7 46 "$fatal", 32'sb00000000000000000000000000000001, "\012Error: I_BUF instance %m has parameter WEAK_KEEPER set to %s.  Valid values are NONE, PULLUP, PULLDOWN\012", P_0x19a1890 {0 0 0};
    %jmp T_4.4;
T_4.0 ;
    %jmp T_4.4;
T_4.1 ;
    %jmp T_4.4;
T_4.2 ;
    %jmp T_4.4;
T_4.4 ;
    %pop/vec4 1;
    %pushi/vec4 2290781314, 0, 81;
    %concati/vec4 5590100, 0, 23;
    %dup/vec4;
    %pushi/vec4 0, 0, 32; draw_string_vec4
    %pushi/vec4 17477, 0, 32; draw_string_vec4
    %concat/vec4; draw_string_vec4
    %pushi/vec4 1178686796, 0, 32; draw_string_vec4
    %concat/vec4; draw_string_vec4
    %pushi/vec4 84, 0, 8; draw_string_vec4
    %concat/vec4; draw_string_vec4
    %cmp/u;
    %jmp/1 T_4.5, 6;
    %dup/vec4;
    %pushi/vec4 0, 0, 32; draw_string_vec4
    %pushi/vec4 1280721741, 0, 32; draw_string_vec4
    %concat/vec4; draw_string_vec4
    %pushi/vec4 1330863921, 0, 32; draw_string_vec4
    %concat/vec4; draw_string_vec4
    %pushi/vec4 50, 0, 8; draw_string_vec4
    %concat/vec4; draw_string_vec4
    %cmp/u;
    %jmp/1 T_4.6, 6;
    %dup/vec4;
    %pushi/vec4 0, 0, 32; draw_string_vec4
    %pushi/vec4 1280721741, 0, 32; draw_string_vec4
    %concat/vec4; draw_string_vec4
    %pushi/vec4 1330863921, 0, 32; draw_string_vec4
    %concat/vec4; draw_string_vec4
    %pushi/vec4 53, 0, 8; draw_string_vec4
    %concat/vec4; draw_string_vec4
    %cmp/u;
    %jmp/1 T_4.7, 6;
    %dup/vec4;
    %pushi/vec4 5002819, 0, 32; draw_string_vec4
    %pushi/vec4 1297044319, 0, 32; draw_string_vec4
    %concat/vec4; draw_string_vec4
    %pushi/vec4 825777992, 0, 32; draw_string_vec4
    %concat/vec4; draw_string_vec4
    %pushi/vec4 80, 0, 8; draw_string_vec4
    %concat/vec4; draw_string_vec4
    %cmp/u;
    %jmp/1 T_4.8, 6;
    %dup/vec4;
    %pushi/vec4 5002819, 0, 32; draw_string_vec4
    %pushi/vec4 1297044319, 0, 32; draw_string_vec4
    %concat/vec4; draw_string_vec4
    %pushi/vec4 825777992, 0, 32; draw_string_vec4
    %concat/vec4; draw_string_vec4
    %pushi/vec4 82, 0, 8; draw_string_vec4
    %concat/vec4; draw_string_vec4
    %cmp/u;
    %jmp/1 T_4.9, 6;
    %dup/vec4;
    %pushi/vec4 0, 0, 32; draw_string_vec4
    %pushi/vec4 1280721741, 0, 32; draw_string_vec4
    %concat/vec4; draw_string_vec4
    %pushi/vec4 1330863922, 0, 32; draw_string_vec4
    %concat/vec4; draw_string_vec4
    %pushi/vec4 53, 0, 8; draw_string_vec4
    %concat/vec4; draw_string_vec4
    %cmp/u;
    %jmp/1 T_4.10, 6;
    %dup/vec4;
    %pushi/vec4 0, 0, 32; draw_string_vec4
    %pushi/vec4 1280721741, 0, 32; draw_string_vec4
    %concat/vec4; draw_string_vec4
    %pushi/vec4 1330863923, 0, 32; draw_string_vec4
    %concat/vec4; draw_string_vec4
    %pushi/vec4 51, 0, 8; draw_string_vec4
    %concat/vec4; draw_string_vec4
    %cmp/u;
    %jmp/1 T_4.11, 6;
    %dup/vec4;
    %pushi/vec4 0, 0, 32; draw_string_vec4
    %pushi/vec4 0, 0, 32; draw_string_vec4
    %concat/vec4; draw_string_vec4
    %pushi/vec4 1280726100, 0, 32; draw_string_vec4
    %concat/vec4; draw_string_vec4
    %pushi/vec4 76, 0, 8; draw_string_vec4
    %concat/vec4; draw_string_vec4
    %cmp/u;
    %jmp/1 T_4.12, 6;
    %dup/vec4;
    %pushi/vec4 0, 0, 32; draw_string_vec4
    %pushi/vec4 1213420620, 0, 32; draw_string_vec4
    %concat/vec4; draw_string_vec4
    %pushi/vec4 1598644017, 0, 32; draw_string_vec4
    %concat/vec4; draw_string_vec4
    %pushi/vec4 50, 0, 8; draw_string_vec4
    %concat/vec4; draw_string_vec4
    %cmp/u;
    %jmp/1 T_4.13, 6;
    %dup/vec4;
    %pushi/vec4 72, 0, 32; draw_string_vec4
    %pushi/vec4 1398033503, 0, 32; draw_string_vec4
    %concat/vec4; draw_string_vec4
    %pushi/vec4 1229545265, 0, 32; draw_string_vec4
    %concat/vec4; draw_string_vec4
    %pushi/vec4 50, 0, 8; draw_string_vec4
    %concat/vec4; draw_string_vec4
    %cmp/u;
    %jmp/1 T_4.14, 6;
    %dup/vec4;
    %pushi/vec4 0, 0, 32; draw_string_vec4
    %pushi/vec4 1213420620, 0, 32; draw_string_vec4
    %concat/vec4; draw_string_vec4
    %pushi/vec4 1598644017, 0, 32; draw_string_vec4
    %concat/vec4; draw_string_vec4
    %pushi/vec4 53, 0, 8; draw_string_vec4
    %concat/vec4; draw_string_vec4
    %cmp/u;
    %jmp/1 T_4.15, 6;
    %dup/vec4;
    %pushi/vec4 72, 0, 32; draw_string_vec4
    %pushi/vec4 1398033503, 0, 32; draw_string_vec4
    %concat/vec4; draw_string_vec4
    %pushi/vec4 1229545265, 0, 32; draw_string_vec4
    %concat/vec4; draw_string_vec4
    %pushi/vec4 53, 0, 8; draw_string_vec4
    %concat/vec4; draw_string_vec4
    %cmp/u;
    %jmp/1 T_4.16, 6;
    %dup/vec4;
    %pushi/vec4 0, 0, 32; draw_string_vec4
    %pushi/vec4 18515, 0, 32; draw_string_vec4
    %concat/vec4; draw_string_vec4
    %pushi/vec4 1431068465, 0, 32; draw_string_vec4
    %concat/vec4; draw_string_vec4
    %pushi/vec4 50, 0, 8; draw_string_vec4
    %concat/vec4; draw_string_vec4
    %cmp/u;
    %jmp/1 T_4.17, 6;
    %dup/vec4;
    %pushi/vec4 0, 0, 32; draw_string_vec4
    %pushi/vec4 0, 0, 32; draw_string_vec4
    %concat/vec4; draw_string_vec4
    %pushi/vec4 1346586934, 0, 32; draw_string_vec4
    %concat/vec4; draw_string_vec4
    %pushi/vec4 54, 0, 8; draw_string_vec4
    %concat/vec4; draw_string_vec4
    %cmp/u;
    %jmp/1 T_4.18, 6;
    %dup/vec4;
    %pushi/vec4 0, 0, 32; draw_string_vec4
    %pushi/vec4 20547, 0, 32; draw_string_vec4
    %concat/vec4; draw_string_vec4
    %pushi/vec4 1230516531, 0, 32; draw_string_vec4
    %concat/vec4; draw_string_vec4
    %pushi/vec4 51, 0, 8; draw_string_vec4
    %concat/vec4; draw_string_vec4
    %cmp/u;
    %jmp/1 T_4.19, 6;
    %dup/vec4;
    %pushi/vec4 0, 0, 32; draw_string_vec4
    %pushi/vec4 80, 0, 32; draw_string_vec4
    %concat/vec4; draw_string_vec4
    %pushi/vec4 1329880881, 0, 32; draw_string_vec4
    %concat/vec4; draw_string_vec4
    %pushi/vec4 50, 0, 8; draw_string_vec4
    %concat/vec4; draw_string_vec4
    %cmp/u;
    %jmp/1 T_4.20, 6;
    %dup/vec4;
    %pushi/vec4 0, 0, 32; draw_string_vec4
    %pushi/vec4 1397969996, 0, 32; draw_string_vec4
    %concat/vec4; draw_string_vec4
    %pushi/vec4 1598644017, 0, 32; draw_string_vec4
    %concat/vec4; draw_string_vec4
    %pushi/vec4 53, 0, 8; draw_string_vec4
    %concat/vec4; draw_string_vec4
    %cmp/u;
    %jmp/1 T_4.21, 6;
    %dup/vec4;
    %pushi/vec4 83, 0, 32; draw_string_vec4
    %pushi/vec4 1398033503, 0, 32; draw_string_vec4
    %concat/vec4; draw_string_vec4
    %pushi/vec4 1229545265, 0, 32; draw_string_vec4
    %concat/vec4; draw_string_vec4
    %pushi/vec4 53, 0, 8; draw_string_vec4
    %concat/vec4; draw_string_vec4
    %cmp/u;
    %jmp/1 T_4.22, 6;
    %dup/vec4;
    %pushi/vec4 5460820, 0, 32; draw_string_vec4
    %pushi/vec4 1281313119, 0, 32; draw_string_vec4
    %concat/vec4; draw_string_vec4
    %pushi/vec4 825777992, 0, 32; draw_string_vec4
    %concat/vec4; draw_string_vec4
    %pushi/vec4 80, 0, 8; draw_string_vec4
    %concat/vec4; draw_string_vec4
    %cmp/u;
    %jmp/1 T_4.23, 6;
    %dup/vec4;
    %pushi/vec4 1397969996, 0, 32; draw_string_vec4
    %pushi/vec4 1598638431, 0, 32; draw_string_vec4
    %concat/vec4; draw_string_vec4
    %pushi/vec4 825777992, 0, 32; draw_string_vec4
    %concat/vec4; draw_string_vec4
    %pushi/vec4 80, 0, 8; draw_string_vec4
    %concat/vec4; draw_string_vec4
    %cmp/u;
    %jmp/1 T_4.24, 6;
    %dup/vec4;
    %pushi/vec4 5460820, 0, 32; draw_string_vec4
    %pushi/vec4 1281313119, 0, 32; draw_string_vec4
    %concat/vec4; draw_string_vec4
    %pushi/vec4 825777992, 0, 32; draw_string_vec4
    %concat/vec4; draw_string_vec4
    %pushi/vec4 82, 0, 8; draw_string_vec4
    %concat/vec4; draw_string_vec4
    %cmp/u;
    %jmp/1 T_4.25, 6;
    %dup/vec4;
    %pushi/vec4 1397969996, 0, 32; draw_string_vec4
    %pushi/vec4 1598638431, 0, 32; draw_string_vec4
    %concat/vec4; draw_string_vec4
    %pushi/vec4 825777992, 0, 32; draw_string_vec4
    %concat/vec4; draw_string_vec4
    %pushi/vec4 82, 0, 8; draw_string_vec4
    %concat/vec4; draw_string_vec4
    %cmp/u;
    %jmp/1 T_4.26, 6;
    %dup/vec4;
    %pushi/vec4 0, 0, 32; draw_string_vec4
    %pushi/vec4 1397969996, 0, 32; draw_string_vec4
    %concat/vec4; draw_string_vec4
    %pushi/vec4 1598644018, 0, 32; draw_string_vec4
    %concat/vec4; draw_string_vec4
    %pushi/vec4 53, 0, 8; draw_string_vec4
    %concat/vec4; draw_string_vec4
    %cmp/u;
    %jmp/1 T_4.27, 6;
    %dup/vec4;
    %pushi/vec4 83, 0, 32; draw_string_vec4
    %pushi/vec4 1398033503, 0, 32; draw_string_vec4
    %concat/vec4; draw_string_vec4
    %pushi/vec4 1229545266, 0, 32; draw_string_vec4
    %concat/vec4; draw_string_vec4
    %pushi/vec4 53, 0, 8; draw_string_vec4
    %concat/vec4; draw_string_vec4
    %cmp/u;
    %jmp/1 T_4.28, 6;
    %dup/vec4;
    %pushi/vec4 0, 0, 32; draw_string_vec4
    %pushi/vec4 1397969996, 0, 32; draw_string_vec4
    %concat/vec4; draw_string_vec4
    %pushi/vec4 1598644019, 0, 32; draw_string_vec4
    %concat/vec4; draw_string_vec4
    %pushi/vec4 51, 0, 8; draw_string_vec4
    %concat/vec4; draw_string_vec4
    %cmp/u;
    %jmp/1 T_4.29, 6;
    %dup/vec4;
    %pushi/vec4 83, 0, 32; draw_string_vec4
    %pushi/vec4 1398033503, 0, 32; draw_string_vec4
    %concat/vec4; draw_string_vec4
    %pushi/vec4 1229545267, 0, 32; draw_string_vec4
    %concat/vec4; draw_string_vec4
    %pushi/vec4 51, 0, 8; draw_string_vec4
    %concat/vec4; draw_string_vec4
    %cmp/u;
    %jmp/1 T_4.30, 6;
    %vpi_call/w 7 78 "$fatal", 32'sb00000000000000000000000000000001, "\012Error: I_BUF instance %m has parameter IOSTANDARD set to %s.  Valid values are DEFAULT, LVCMOS_12, LVCMOS_15, LVCMOS_18_HP, LVCMOS_18_HR, LVCMOS_25, LVCMOS_33, LVTTL, HSTL_I_12, HSTL_II_12, HSTL_I_15, HSTL_II_15, HSUL_12, PCI66, PCIX133, POD_12, SSTL_I_15, SSTL_II_15, SSTL_I_18_HP, SSTL_II_18_HP, SSTL_I_18_HR, SSTL_II_18_HR, SSTL_I_25, SSTL_II_25, SSTL_I_33, SSTL_II_33\012", P_0x19a1850 {0 0 0};
    %jmp T_4.32;
T_4.5 ;
    %jmp T_4.32;
T_4.6 ;
    %jmp T_4.32;
T_4.7 ;
    %jmp T_4.32;
T_4.8 ;
    %jmp T_4.32;
T_4.9 ;
    %jmp T_4.32;
T_4.10 ;
    %jmp T_4.32;
T_4.11 ;
    %jmp T_4.32;
T_4.12 ;
    %jmp T_4.32;
T_4.13 ;
    %jmp T_4.32;
T_4.14 ;
    %jmp T_4.32;
T_4.15 ;
    %jmp T_4.32;
T_4.16 ;
    %jmp T_4.32;
T_4.17 ;
    %jmp T_4.32;
T_4.18 ;
    %jmp T_4.32;
T_4.19 ;
    %jmp T_4.32;
T_4.20 ;
    %jmp T_4.32;
T_4.21 ;
    %jmp T_4.32;
T_4.22 ;
    %jmp T_4.32;
T_4.23 ;
    %jmp T_4.32;
T_4.24 ;
    %jmp T_4.32;
T_4.25 ;
    %jmp T_4.32;
T_4.26 ;
    %jmp T_4.32;
T_4.27 ;
    %jmp T_4.32;
T_4.28 ;
    %jmp T_4.32;
T_4.29 ;
    %jmp T_4.32;
T_4.30 ;
    %jmp T_4.32;
T_4.32 ;
    %pop/vec4 1;
    %end;
    .thread T_4;
    .scope S_0x1977130;
T_5 ;
    %pushi/vec4 1313820229, 0, 64;
    %dup/vec4;
    %pushi/vec4 0, 0, 32; draw_string_vec4
    %pushi/vec4 1313820229, 0, 32; draw_string_vec4
    %concat/vec4; draw_string_vec4
    %cmp/u;
    %jmp/1 T_5.0, 6;
    %dup/vec4;
    %pushi/vec4 20565, 0, 32; draw_string_vec4
    %pushi/vec4 1280070992, 0, 32; draw_string_vec4
    %concat/vec4; draw_string_vec4
    %cmp/u;
    %jmp/1 T_5.1, 6;
    %dup/vec4;
    %pushi/vec4 1347767372, 0, 32; draw_string_vec4
    %pushi/vec4 1146050382, 0, 32; draw_string_vec4
    %concat/vec4; draw_string_vec4
    %cmp/u;
    %jmp/1 T_5.2, 6;
    %vpi_call/w 7 46 "$fatal", 32'sb00000000000000000000000000000001, "\012Error: I_BUF instance %m has parameter WEAK_KEEPER set to %s.  Valid values are NONE, PULLUP, PULLDOWN\012", P_0x198d740 {0 0 0};
    %jmp T_5.4;
T_5.0 ;
    %jmp T_5.4;
T_5.1 ;
    %jmp T_5.4;
T_5.2 ;
    %jmp T_5.4;
T_5.4 ;
    %pop/vec4 1;
    %pushi/vec4 2290781314, 0, 81;
    %concati/vec4 5590100, 0, 23;
    %dup/vec4;
    %pushi/vec4 0, 0, 32; draw_string_vec4
    %pushi/vec4 17477, 0, 32; draw_string_vec4
    %concat/vec4; draw_string_vec4
    %pushi/vec4 1178686796, 0, 32; draw_string_vec4
    %concat/vec4; draw_string_vec4
    %pushi/vec4 84, 0, 8; draw_string_vec4
    %concat/vec4; draw_string_vec4
    %cmp/u;
    %jmp/1 T_5.5, 6;
    %dup/vec4;
    %pushi/vec4 0, 0, 32; draw_string_vec4
    %pushi/vec4 1280721741, 0, 32; draw_string_vec4
    %concat/vec4; draw_string_vec4
    %pushi/vec4 1330863921, 0, 32; draw_string_vec4
    %concat/vec4; draw_string_vec4
    %pushi/vec4 50, 0, 8; draw_string_vec4
    %concat/vec4; draw_string_vec4
    %cmp/u;
    %jmp/1 T_5.6, 6;
    %dup/vec4;
    %pushi/vec4 0, 0, 32; draw_string_vec4
    %pushi/vec4 1280721741, 0, 32; draw_string_vec4
    %concat/vec4; draw_string_vec4
    %pushi/vec4 1330863921, 0, 32; draw_string_vec4
    %concat/vec4; draw_string_vec4
    %pushi/vec4 53, 0, 8; draw_string_vec4
    %concat/vec4; draw_string_vec4
    %cmp/u;
    %jmp/1 T_5.7, 6;
    %dup/vec4;
    %pushi/vec4 5002819, 0, 32; draw_string_vec4
    %pushi/vec4 1297044319, 0, 32; draw_string_vec4
    %concat/vec4; draw_string_vec4
    %pushi/vec4 825777992, 0, 32; draw_string_vec4
    %concat/vec4; draw_string_vec4
    %pushi/vec4 80, 0, 8; draw_string_vec4
    %concat/vec4; draw_string_vec4
    %cmp/u;
    %jmp/1 T_5.8, 6;
    %dup/vec4;
    %pushi/vec4 5002819, 0, 32; draw_string_vec4
    %pushi/vec4 1297044319, 0, 32; draw_string_vec4
    %concat/vec4; draw_string_vec4
    %pushi/vec4 825777992, 0, 32; draw_string_vec4
    %concat/vec4; draw_string_vec4
    %pushi/vec4 82, 0, 8; draw_string_vec4
    %concat/vec4; draw_string_vec4
    %cmp/u;
    %jmp/1 T_5.9, 6;
    %dup/vec4;
    %pushi/vec4 0, 0, 32; draw_string_vec4
    %pushi/vec4 1280721741, 0, 32; draw_string_vec4
    %concat/vec4; draw_string_vec4
    %pushi/vec4 1330863922, 0, 32; draw_string_vec4
    %concat/vec4; draw_string_vec4
    %pushi/vec4 53, 0, 8; draw_string_vec4
    %concat/vec4; draw_string_vec4
    %cmp/u;
    %jmp/1 T_5.10, 6;
    %dup/vec4;
    %pushi/vec4 0, 0, 32; draw_string_vec4
    %pushi/vec4 1280721741, 0, 32; draw_string_vec4
    %concat/vec4; draw_string_vec4
    %pushi/vec4 1330863923, 0, 32; draw_string_vec4
    %concat/vec4; draw_string_vec4
    %pushi/vec4 51, 0, 8; draw_string_vec4
    %concat/vec4; draw_string_vec4
    %cmp/u;
    %jmp/1 T_5.11, 6;
    %dup/vec4;
    %pushi/vec4 0, 0, 32; draw_string_vec4
    %pushi/vec4 0, 0, 32; draw_string_vec4
    %concat/vec4; draw_string_vec4
    %pushi/vec4 1280726100, 0, 32; draw_string_vec4
    %concat/vec4; draw_string_vec4
    %pushi/vec4 76, 0, 8; draw_string_vec4
    %concat/vec4; draw_string_vec4
    %cmp/u;
    %jmp/1 T_5.12, 6;
    %dup/vec4;
    %pushi/vec4 0, 0, 32; draw_string_vec4
    %pushi/vec4 1213420620, 0, 32; draw_string_vec4
    %concat/vec4; draw_string_vec4
    %pushi/vec4 1598644017, 0, 32; draw_string_vec4
    %concat/vec4; draw_string_vec4
    %pushi/vec4 50, 0, 8; draw_string_vec4
    %concat/vec4; draw_string_vec4
    %cmp/u;
    %jmp/1 T_5.13, 6;
    %dup/vec4;
    %pushi/vec4 72, 0, 32; draw_string_vec4
    %pushi/vec4 1398033503, 0, 32; draw_string_vec4
    %concat/vec4; draw_string_vec4
    %pushi/vec4 1229545265, 0, 32; draw_string_vec4
    %concat/vec4; draw_string_vec4
    %pushi/vec4 50, 0, 8; draw_string_vec4
    %concat/vec4; draw_string_vec4
    %cmp/u;
    %jmp/1 T_5.14, 6;
    %dup/vec4;
    %pushi/vec4 0, 0, 32; draw_string_vec4
    %pushi/vec4 1213420620, 0, 32; draw_string_vec4
    %concat/vec4; draw_string_vec4
    %pushi/vec4 1598644017, 0, 32; draw_string_vec4
    %concat/vec4; draw_string_vec4
    %pushi/vec4 53, 0, 8; draw_string_vec4
    %concat/vec4; draw_string_vec4
    %cmp/u;
    %jmp/1 T_5.15, 6;
    %dup/vec4;
    %pushi/vec4 72, 0, 32; draw_string_vec4
    %pushi/vec4 1398033503, 0, 32; draw_string_vec4
    %concat/vec4; draw_string_vec4
    %pushi/vec4 1229545265, 0, 32; draw_string_vec4
    %concat/vec4; draw_string_vec4
    %pushi/vec4 53, 0, 8; draw_string_vec4
    %concat/vec4; draw_string_vec4
    %cmp/u;
    %jmp/1 T_5.16, 6;
    %dup/vec4;
    %pushi/vec4 0, 0, 32; draw_string_vec4
    %pushi/vec4 18515, 0, 32; draw_string_vec4
    %concat/vec4; draw_string_vec4
    %pushi/vec4 1431068465, 0, 32; draw_string_vec4
    %concat/vec4; draw_string_vec4
    %pushi/vec4 50, 0, 8; draw_string_vec4
    %concat/vec4; draw_string_vec4
    %cmp/u;
    %jmp/1 T_5.17, 6;
    %dup/vec4;
    %pushi/vec4 0, 0, 32; draw_string_vec4
    %pushi/vec4 0, 0, 32; draw_string_vec4
    %concat/vec4; draw_string_vec4
    %pushi/vec4 1346586934, 0, 32; draw_string_vec4
    %concat/vec4; draw_string_vec4
    %pushi/vec4 54, 0, 8; draw_string_vec4
    %concat/vec4; draw_string_vec4
    %cmp/u;
    %jmp/1 T_5.18, 6;
    %dup/vec4;
    %pushi/vec4 0, 0, 32; draw_string_vec4
    %pushi/vec4 20547, 0, 32; draw_string_vec4
    %concat/vec4; draw_string_vec4
    %pushi/vec4 1230516531, 0, 32; draw_string_vec4
    %concat/vec4; draw_string_vec4
    %pushi/vec4 51, 0, 8; draw_string_vec4
    %concat/vec4; draw_string_vec4
    %cmp/u;
    %jmp/1 T_5.19, 6;
    %dup/vec4;
    %pushi/vec4 0, 0, 32; draw_string_vec4
    %pushi/vec4 80, 0, 32; draw_string_vec4
    %concat/vec4; draw_string_vec4
    %pushi/vec4 1329880881, 0, 32; draw_string_vec4
    %concat/vec4; draw_string_vec4
    %pushi/vec4 50, 0, 8; draw_string_vec4
    %concat/vec4; draw_string_vec4
    %cmp/u;
    %jmp/1 T_5.20, 6;
    %dup/vec4;
    %pushi/vec4 0, 0, 32; draw_string_vec4
    %pushi/vec4 1397969996, 0, 32; draw_string_vec4
    %concat/vec4; draw_string_vec4
    %pushi/vec4 1598644017, 0, 32; draw_string_vec4
    %concat/vec4; draw_string_vec4
    %pushi/vec4 53, 0, 8; draw_string_vec4
    %concat/vec4; draw_string_vec4
    %cmp/u;
    %jmp/1 T_5.21, 6;
    %dup/vec4;
    %pushi/vec4 83, 0, 32; draw_string_vec4
    %pushi/vec4 1398033503, 0, 32; draw_string_vec4
    %concat/vec4; draw_string_vec4
    %pushi/vec4 1229545265, 0, 32; draw_string_vec4
    %concat/vec4; draw_string_vec4
    %pushi/vec4 53, 0, 8; draw_string_vec4
    %concat/vec4; draw_string_vec4
    %cmp/u;
    %jmp/1 T_5.22, 6;
    %dup/vec4;
    %pushi/vec4 5460820, 0, 32; draw_string_vec4
    %pushi/vec4 1281313119, 0, 32; draw_string_vec4
    %concat/vec4; draw_string_vec4
    %pushi/vec4 825777992, 0, 32; draw_string_vec4
    %concat/vec4; draw_string_vec4
    %pushi/vec4 80, 0, 8; draw_string_vec4
    %concat/vec4; draw_string_vec4
    %cmp/u;
    %jmp/1 T_5.23, 6;
    %dup/vec4;
    %pushi/vec4 1397969996, 0, 32; draw_string_vec4
    %pushi/vec4 1598638431, 0, 32; draw_string_vec4
    %concat/vec4; draw_string_vec4
    %pushi/vec4 825777992, 0, 32; draw_string_vec4
    %concat/vec4; draw_string_vec4
    %pushi/vec4 80, 0, 8; draw_string_vec4
    %concat/vec4; draw_string_vec4
    %cmp/u;
    %jmp/1 T_5.24, 6;
    %dup/vec4;
    %pushi/vec4 5460820, 0, 32; draw_string_vec4
    %pushi/vec4 1281313119, 0, 32; draw_string_vec4
    %concat/vec4; draw_string_vec4
    %pushi/vec4 825777992, 0, 32; draw_string_vec4
    %concat/vec4; draw_string_vec4
    %pushi/vec4 82, 0, 8; draw_string_vec4
    %concat/vec4; draw_string_vec4
    %cmp/u;
    %jmp/1 T_5.25, 6;
    %dup/vec4;
    %pushi/vec4 1397969996, 0, 32; draw_string_vec4
    %pushi/vec4 1598638431, 0, 32; draw_string_vec4
    %concat/vec4; draw_string_vec4
    %pushi/vec4 825777992, 0, 32; draw_string_vec4
    %concat/vec4; draw_string_vec4
    %pushi/vec4 82, 0, 8; draw_string_vec4
    %concat/vec4; draw_string_vec4
    %cmp/u;
    %jmp/1 T_5.26, 6;
    %dup/vec4;
    %pushi/vec4 0, 0, 32; draw_string_vec4
    %pushi/vec4 1397969996, 0, 32; draw_string_vec4
    %concat/vec4; draw_string_vec4
    %pushi/vec4 1598644018, 0, 32; draw_string_vec4
    %concat/vec4; draw_string_vec4
    %pushi/vec4 53, 0, 8; draw_string_vec4
    %concat/vec4; draw_string_vec4
    %cmp/u;
    %jmp/1 T_5.27, 6;
    %dup/vec4;
    %pushi/vec4 83, 0, 32; draw_string_vec4
    %pushi/vec4 1398033503, 0, 32; draw_string_vec4
    %concat/vec4; draw_string_vec4
    %pushi/vec4 1229545266, 0, 32; draw_string_vec4
    %concat/vec4; draw_string_vec4
    %pushi/vec4 53, 0, 8; draw_string_vec4
    %concat/vec4; draw_string_vec4
    %cmp/u;
    %jmp/1 T_5.28, 6;
    %dup/vec4;
    %pushi/vec4 0, 0, 32; draw_string_vec4
    %pushi/vec4 1397969996, 0, 32; draw_string_vec4
    %concat/vec4; draw_string_vec4
    %pushi/vec4 1598644019, 0, 32; draw_string_vec4
    %concat/vec4; draw_string_vec4
    %pushi/vec4 51, 0, 8; draw_string_vec4
    %concat/vec4; draw_string_vec4
    %cmp/u;
    %jmp/1 T_5.29, 6;
    %dup/vec4;
    %pushi/vec4 83, 0, 32; draw_string_vec4
    %pushi/vec4 1398033503, 0, 32; draw_string_vec4
    %concat/vec4; draw_string_vec4
    %pushi/vec4 1229545267, 0, 32; draw_string_vec4
    %concat/vec4; draw_string_vec4
    %pushi/vec4 51, 0, 8; draw_string_vec4
    %concat/vec4; draw_string_vec4
    %cmp/u;
    %jmp/1 T_5.30, 6;
    %vpi_call/w 7 78 "$fatal", 32'sb00000000000000000000000000000001, "\012Error: I_BUF instance %m has parameter IOSTANDARD set to %s.  Valid values are DEFAULT, LVCMOS_12, LVCMOS_15, LVCMOS_18_HP, LVCMOS_18_HR, LVCMOS_25, LVCMOS_33, LVTTL, HSTL_I_12, HSTL_II_12, HSTL_I_15, HSTL_II_15, HSUL_12, PCI66, PCIX133, POD_12, SSTL_I_15, SSTL_II_15, SSTL_I_18_HP, SSTL_II_18_HP, SSTL_I_18_HR, SSTL_II_18_HR, SSTL_I_25, SSTL_II_25, SSTL_I_33, SSTL_II_33\012", P_0x198d700 {0 0 0};
    %jmp T_5.32;
T_5.5 ;
    %jmp T_5.32;
T_5.6 ;
    %jmp T_5.32;
T_5.7 ;
    %jmp T_5.32;
T_5.8 ;
    %jmp T_5.32;
T_5.9 ;
    %jmp T_5.32;
T_5.10 ;
    %jmp T_5.32;
T_5.11 ;
    %jmp T_5.32;
T_5.12 ;
    %jmp T_5.32;
T_5.13 ;
    %jmp T_5.32;
T_5.14 ;
    %jmp T_5.32;
T_5.15 ;
    %jmp T_5.32;
T_5.16 ;
    %jmp T_5.32;
T_5.17 ;
    %jmp T_5.32;
T_5.18 ;
    %jmp T_5.32;
T_5.19 ;
    %jmp T_5.32;
T_5.20 ;
    %jmp T_5.32;
T_5.21 ;
    %jmp T_5.32;
T_5.22 ;
    %jmp T_5.32;
T_5.23 ;
    %jmp T_5.32;
T_5.24 ;
    %jmp T_5.32;
T_5.25 ;
    %jmp T_5.32;
T_5.26 ;
    %jmp T_5.32;
T_5.27 ;
    %jmp T_5.32;
T_5.28 ;
    %jmp T_5.32;
T_5.29 ;
    %jmp T_5.32;
T_5.30 ;
    %jmp T_5.32;
T_5.32 ;
    %pop/vec4 1;
    %end;
    .thread T_5;
    .scope S_0x1975f70;
T_6 ;
    %pushi/vec4 1313820229, 0, 64;
    %dup/vec4;
    %pushi/vec4 0, 0, 32; draw_string_vec4
    %pushi/vec4 1313820229, 0, 32; draw_string_vec4
    %concat/vec4; draw_string_vec4
    %cmp/u;
    %jmp/1 T_6.0, 6;
    %dup/vec4;
    %pushi/vec4 20565, 0, 32; draw_string_vec4
    %pushi/vec4 1280070992, 0, 32; draw_string_vec4
    %concat/vec4; draw_string_vec4
    %cmp/u;
    %jmp/1 T_6.1, 6;
    %dup/vec4;
    %pushi/vec4 1347767372, 0, 32; draw_string_vec4
    %pushi/vec4 1146050382, 0, 32; draw_string_vec4
    %concat/vec4; draw_string_vec4
    %cmp/u;
    %jmp/1 T_6.2, 6;
    %vpi_call/w 7 46 "$fatal", 32'sb00000000000000000000000000000001, "\012Error: I_BUF instance %m has parameter WEAK_KEEPER set to %s.  Valid values are NONE, PULLUP, PULLDOWN\012", P_0x194ed80 {0 0 0};
    %jmp T_6.4;
T_6.0 ;
    %jmp T_6.4;
T_6.1 ;
    %jmp T_6.4;
T_6.2 ;
    %jmp T_6.4;
T_6.4 ;
    %pop/vec4 1;
    %pushi/vec4 2290781314, 0, 81;
    %concati/vec4 5590100, 0, 23;
    %dup/vec4;
    %pushi/vec4 0, 0, 32; draw_string_vec4
    %pushi/vec4 17477, 0, 32; draw_string_vec4
    %concat/vec4; draw_string_vec4
    %pushi/vec4 1178686796, 0, 32; draw_string_vec4
    %concat/vec4; draw_string_vec4
    %pushi/vec4 84, 0, 8; draw_string_vec4
    %concat/vec4; draw_string_vec4
    %cmp/u;
    %jmp/1 T_6.5, 6;
    %dup/vec4;
    %pushi/vec4 0, 0, 32; draw_string_vec4
    %pushi/vec4 1280721741, 0, 32; draw_string_vec4
    %concat/vec4; draw_string_vec4
    %pushi/vec4 1330863921, 0, 32; draw_string_vec4
    %concat/vec4; draw_string_vec4
    %pushi/vec4 50, 0, 8; draw_string_vec4
    %concat/vec4; draw_string_vec4
    %cmp/u;
    %jmp/1 T_6.6, 6;
    %dup/vec4;
    %pushi/vec4 0, 0, 32; draw_string_vec4
    %pushi/vec4 1280721741, 0, 32; draw_string_vec4
    %concat/vec4; draw_string_vec4
    %pushi/vec4 1330863921, 0, 32; draw_string_vec4
    %concat/vec4; draw_string_vec4
    %pushi/vec4 53, 0, 8; draw_string_vec4
    %concat/vec4; draw_string_vec4
    %cmp/u;
    %jmp/1 T_6.7, 6;
    %dup/vec4;
    %pushi/vec4 5002819, 0, 32; draw_string_vec4
    %pushi/vec4 1297044319, 0, 32; draw_string_vec4
    %concat/vec4; draw_string_vec4
    %pushi/vec4 825777992, 0, 32; draw_string_vec4
    %concat/vec4; draw_string_vec4
    %pushi/vec4 80, 0, 8; draw_string_vec4
    %concat/vec4; draw_string_vec4
    %cmp/u;
    %jmp/1 T_6.8, 6;
    %dup/vec4;
    %pushi/vec4 5002819, 0, 32; draw_string_vec4
    %pushi/vec4 1297044319, 0, 32; draw_string_vec4
    %concat/vec4; draw_string_vec4
    %pushi/vec4 825777992, 0, 32; draw_string_vec4
    %concat/vec4; draw_string_vec4
    %pushi/vec4 82, 0, 8; draw_string_vec4
    %concat/vec4; draw_string_vec4
    %cmp/u;
    %jmp/1 T_6.9, 6;
    %dup/vec4;
    %pushi/vec4 0, 0, 32; draw_string_vec4
    %pushi/vec4 1280721741, 0, 32; draw_string_vec4
    %concat/vec4; draw_string_vec4
    %pushi/vec4 1330863922, 0, 32; draw_string_vec4
    %concat/vec4; draw_string_vec4
    %pushi/vec4 53, 0, 8; draw_string_vec4
    %concat/vec4; draw_string_vec4
    %cmp/u;
    %jmp/1 T_6.10, 6;
    %dup/vec4;
    %pushi/vec4 0, 0, 32; draw_string_vec4
    %pushi/vec4 1280721741, 0, 32; draw_string_vec4
    %concat/vec4; draw_string_vec4
    %pushi/vec4 1330863923, 0, 32; draw_string_vec4
    %concat/vec4; draw_string_vec4
    %pushi/vec4 51, 0, 8; draw_string_vec4
    %concat/vec4; draw_string_vec4
    %cmp/u;
    %jmp/1 T_6.11, 6;
    %dup/vec4;
    %pushi/vec4 0, 0, 32; draw_string_vec4
    %pushi/vec4 0, 0, 32; draw_string_vec4
    %concat/vec4; draw_string_vec4
    %pushi/vec4 1280726100, 0, 32; draw_string_vec4
    %concat/vec4; draw_string_vec4
    %pushi/vec4 76, 0, 8; draw_string_vec4
    %concat/vec4; draw_string_vec4
    %cmp/u;
    %jmp/1 T_6.12, 6;
    %dup/vec4;
    %pushi/vec4 0, 0, 32; draw_string_vec4
    %pushi/vec4 1213420620, 0, 32; draw_string_vec4
    %concat/vec4; draw_string_vec4
    %pushi/vec4 1598644017, 0, 32; draw_string_vec4
    %concat/vec4; draw_string_vec4
    %pushi/vec4 50, 0, 8; draw_string_vec4
    %concat/vec4; draw_string_vec4
    %cmp/u;
    %jmp/1 T_6.13, 6;
    %dup/vec4;
    %pushi/vec4 72, 0, 32; draw_string_vec4
    %pushi/vec4 1398033503, 0, 32; draw_string_vec4
    %concat/vec4; draw_string_vec4
    %pushi/vec4 1229545265, 0, 32; draw_string_vec4
    %concat/vec4; draw_string_vec4
    %pushi/vec4 50, 0, 8; draw_string_vec4
    %concat/vec4; draw_string_vec4
    %cmp/u;
    %jmp/1 T_6.14, 6;
    %dup/vec4;
    %pushi/vec4 0, 0, 32; draw_string_vec4
    %pushi/vec4 1213420620, 0, 32; draw_string_vec4
    %concat/vec4; draw_string_vec4
    %pushi/vec4 1598644017, 0, 32; draw_string_vec4
    %concat/vec4; draw_string_vec4
    %pushi/vec4 53, 0, 8; draw_string_vec4
    %concat/vec4; draw_string_vec4
    %cmp/u;
    %jmp/1 T_6.15, 6;
    %dup/vec4;
    %pushi/vec4 72, 0, 32; draw_string_vec4
    %pushi/vec4 1398033503, 0, 32; draw_string_vec4
    %concat/vec4; draw_string_vec4
    %pushi/vec4 1229545265, 0, 32; draw_string_vec4
    %concat/vec4; draw_string_vec4
    %pushi/vec4 53, 0, 8; draw_string_vec4
    %concat/vec4; draw_string_vec4
    %cmp/u;
    %jmp/1 T_6.16, 6;
    %dup/vec4;
    %pushi/vec4 0, 0, 32; draw_string_vec4
    %pushi/vec4 18515, 0, 32; draw_string_vec4
    %concat/vec4; draw_string_vec4
    %pushi/vec4 1431068465, 0, 32; draw_string_vec4
    %concat/vec4; draw_string_vec4
    %pushi/vec4 50, 0, 8; draw_string_vec4
    %concat/vec4; draw_string_vec4
    %cmp/u;
    %jmp/1 T_6.17, 6;
    %dup/vec4;
    %pushi/vec4 0, 0, 32; draw_string_vec4
    %pushi/vec4 0, 0, 32; draw_string_vec4
    %concat/vec4; draw_string_vec4
    %pushi/vec4 1346586934, 0, 32; draw_string_vec4
    %concat/vec4; draw_string_vec4
    %pushi/vec4 54, 0, 8; draw_string_vec4
    %concat/vec4; draw_string_vec4
    %cmp/u;
    %jmp/1 T_6.18, 6;
    %dup/vec4;
    %pushi/vec4 0, 0, 32; draw_string_vec4
    %pushi/vec4 20547, 0, 32; draw_string_vec4
    %concat/vec4; draw_string_vec4
    %pushi/vec4 1230516531, 0, 32; draw_string_vec4
    %concat/vec4; draw_string_vec4
    %pushi/vec4 51, 0, 8; draw_string_vec4
    %concat/vec4; draw_string_vec4
    %cmp/u;
    %jmp/1 T_6.19, 6;
    %dup/vec4;
    %pushi/vec4 0, 0, 32; draw_string_vec4
    %pushi/vec4 80, 0, 32; draw_string_vec4
    %concat/vec4; draw_string_vec4
    %pushi/vec4 1329880881, 0, 32; draw_string_vec4
    %concat/vec4; draw_string_vec4
    %pushi/vec4 50, 0, 8; draw_string_vec4
    %concat/vec4; draw_string_vec4
    %cmp/u;
    %jmp/1 T_6.20, 6;
    %dup/vec4;
    %pushi/vec4 0, 0, 32; draw_string_vec4
    %pushi/vec4 1397969996, 0, 32; draw_string_vec4
    %concat/vec4; draw_string_vec4
    %pushi/vec4 1598644017, 0, 32; draw_string_vec4
    %concat/vec4; draw_string_vec4
    %pushi/vec4 53, 0, 8; draw_string_vec4
    %concat/vec4; draw_string_vec4
    %cmp/u;
    %jmp/1 T_6.21, 6;
    %dup/vec4;
    %pushi/vec4 83, 0, 32; draw_string_vec4
    %pushi/vec4 1398033503, 0, 32; draw_string_vec4
    %concat/vec4; draw_string_vec4
    %pushi/vec4 1229545265, 0, 32; draw_string_vec4
    %concat/vec4; draw_string_vec4
    %pushi/vec4 53, 0, 8; draw_string_vec4
    %concat/vec4; draw_string_vec4
    %cmp/u;
    %jmp/1 T_6.22, 6;
    %dup/vec4;
    %pushi/vec4 5460820, 0, 32; draw_string_vec4
    %pushi/vec4 1281313119, 0, 32; draw_string_vec4
    %concat/vec4; draw_string_vec4
    %pushi/vec4 825777992, 0, 32; draw_string_vec4
    %concat/vec4; draw_string_vec4
    %pushi/vec4 80, 0, 8; draw_string_vec4
    %concat/vec4; draw_string_vec4
    %cmp/u;
    %jmp/1 T_6.23, 6;
    %dup/vec4;
    %pushi/vec4 1397969996, 0, 32; draw_string_vec4
    %pushi/vec4 1598638431, 0, 32; draw_string_vec4
    %concat/vec4; draw_string_vec4
    %pushi/vec4 825777992, 0, 32; draw_string_vec4
    %concat/vec4; draw_string_vec4
    %pushi/vec4 80, 0, 8; draw_string_vec4
    %concat/vec4; draw_string_vec4
    %cmp/u;
    %jmp/1 T_6.24, 6;
    %dup/vec4;
    %pushi/vec4 5460820, 0, 32; draw_string_vec4
    %pushi/vec4 1281313119, 0, 32; draw_string_vec4
    %concat/vec4; draw_string_vec4
    %pushi/vec4 825777992, 0, 32; draw_string_vec4
    %concat/vec4; draw_string_vec4
    %pushi/vec4 82, 0, 8; draw_string_vec4
    %concat/vec4; draw_string_vec4
    %cmp/u;
    %jmp/1 T_6.25, 6;
    %dup/vec4;
    %pushi/vec4 1397969996, 0, 32; draw_string_vec4
    %pushi/vec4 1598638431, 0, 32; draw_string_vec4
    %concat/vec4; draw_string_vec4
    %pushi/vec4 825777992, 0, 32; draw_string_vec4
    %concat/vec4; draw_string_vec4
    %pushi/vec4 82, 0, 8; draw_string_vec4
    %concat/vec4; draw_string_vec4
    %cmp/u;
    %jmp/1 T_6.26, 6;
    %dup/vec4;
    %pushi/vec4 0, 0, 32; draw_string_vec4
    %pushi/vec4 1397969996, 0, 32; draw_string_vec4
    %concat/vec4; draw_string_vec4
    %pushi/vec4 1598644018, 0, 32; draw_string_vec4
    %concat/vec4; draw_string_vec4
    %pushi/vec4 53, 0, 8; draw_string_vec4
    %concat/vec4; draw_string_vec4
    %cmp/u;
    %jmp/1 T_6.27, 6;
    %dup/vec4;
    %pushi/vec4 83, 0, 32; draw_string_vec4
    %pushi/vec4 1398033503, 0, 32; draw_string_vec4
    %concat/vec4; draw_string_vec4
    %pushi/vec4 1229545266, 0, 32; draw_string_vec4
    %concat/vec4; draw_string_vec4
    %pushi/vec4 53, 0, 8; draw_string_vec4
    %concat/vec4; draw_string_vec4
    %cmp/u;
    %jmp/1 T_6.28, 6;
    %dup/vec4;
    %pushi/vec4 0, 0, 32; draw_string_vec4
    %pushi/vec4 1397969996, 0, 32; draw_string_vec4
    %concat/vec4; draw_string_vec4
    %pushi/vec4 1598644019, 0, 32; draw_string_vec4
    %concat/vec4; draw_string_vec4
    %pushi/vec4 51, 0, 8; draw_string_vec4
    %concat/vec4; draw_string_vec4
    %cmp/u;
    %jmp/1 T_6.29, 6;
    %dup/vec4;
    %pushi/vec4 83, 0, 32; draw_string_vec4
    %pushi/vec4 1398033503, 0, 32; draw_string_vec4
    %concat/vec4; draw_string_vec4
    %pushi/vec4 1229545267, 0, 32; draw_string_vec4
    %concat/vec4; draw_string_vec4
    %pushi/vec4 51, 0, 8; draw_string_vec4
    %concat/vec4; draw_string_vec4
    %cmp/u;
    %jmp/1 T_6.30, 6;
    %vpi_call/w 7 78 "$fatal", 32'sb00000000000000000000000000000001, "\012Error: I_BUF instance %m has parameter IOSTANDARD set to %s.  Valid values are DEFAULT, LVCMOS_12, LVCMOS_15, LVCMOS_18_HP, LVCMOS_18_HR, LVCMOS_25, LVCMOS_33, LVTTL, HSTL_I_12, HSTL_II_12, HSTL_I_15, HSTL_II_15, HSUL_12, PCI66, PCIX133, POD_12, SSTL_I_15, SSTL_II_15, SSTL_I_18_HP, SSTL_II_18_HP, SSTL_I_18_HR, SSTL_II_18_HR, SSTL_I_25, SSTL_II_25, SSTL_I_33, SSTL_II_33\012", P_0x194ed40 {0 0 0};
    %jmp T_6.32;
T_6.5 ;
    %jmp T_6.32;
T_6.6 ;
    %jmp T_6.32;
T_6.7 ;
    %jmp T_6.32;
T_6.8 ;
    %jmp T_6.32;
T_6.9 ;
    %jmp T_6.32;
T_6.10 ;
    %jmp T_6.32;
T_6.11 ;
    %jmp T_6.32;
T_6.12 ;
    %jmp T_6.32;
T_6.13 ;
    %jmp T_6.32;
T_6.14 ;
    %jmp T_6.32;
T_6.15 ;
    %jmp T_6.32;
T_6.16 ;
    %jmp T_6.32;
T_6.17 ;
    %jmp T_6.32;
T_6.18 ;
    %jmp T_6.32;
T_6.19 ;
    %jmp T_6.32;
T_6.20 ;
    %jmp T_6.32;
T_6.21 ;
    %jmp T_6.32;
T_6.22 ;
    %jmp T_6.32;
T_6.23 ;
    %jmp T_6.32;
T_6.24 ;
    %jmp T_6.32;
T_6.25 ;
    %jmp T_6.32;
T_6.26 ;
    %jmp T_6.32;
T_6.27 ;
    %jmp T_6.32;
T_6.28 ;
    %jmp T_6.32;
T_6.29 ;
    %jmp T_6.32;
T_6.30 ;
    %jmp T_6.32;
T_6.32 ;
    %pop/vec4 1;
    %end;
    .thread T_6;
    .scope S_0x1974db0;
T_7 ;
    %pushi/vec4 1313820229, 0, 64;
    %dup/vec4;
    %pushi/vec4 0, 0, 32; draw_string_vec4
    %pushi/vec4 1313820229, 0, 32; draw_string_vec4
    %concat/vec4; draw_string_vec4
    %cmp/u;
    %jmp/1 T_7.0, 6;
    %dup/vec4;
    %pushi/vec4 20565, 0, 32; draw_string_vec4
    %pushi/vec4 1280070992, 0, 32; draw_string_vec4
    %concat/vec4; draw_string_vec4
    %cmp/u;
    %jmp/1 T_7.1, 6;
    %dup/vec4;
    %pushi/vec4 1347767372, 0, 32; draw_string_vec4
    %pushi/vec4 1146050382, 0, 32; draw_string_vec4
    %concat/vec4; draw_string_vec4
    %cmp/u;
    %jmp/1 T_7.2, 6;
    %vpi_call/w 7 46 "$fatal", 32'sb00000000000000000000000000000001, "\012Error: I_BUF instance %m has parameter WEAK_KEEPER set to %s.  Valid values are NONE, PULLUP, PULLDOWN\012", P_0x13cb070 {0 0 0};
    %jmp T_7.4;
T_7.0 ;
    %jmp T_7.4;
T_7.1 ;
    %jmp T_7.4;
T_7.2 ;
    %jmp T_7.4;
T_7.4 ;
    %pop/vec4 1;
    %pushi/vec4 2290781314, 0, 81;
    %concati/vec4 5590100, 0, 23;
    %dup/vec4;
    %pushi/vec4 0, 0, 32; draw_string_vec4
    %pushi/vec4 17477, 0, 32; draw_string_vec4
    %concat/vec4; draw_string_vec4
    %pushi/vec4 1178686796, 0, 32; draw_string_vec4
    %concat/vec4; draw_string_vec4
    %pushi/vec4 84, 0, 8; draw_string_vec4
    %concat/vec4; draw_string_vec4
    %cmp/u;
    %jmp/1 T_7.5, 6;
    %dup/vec4;
    %pushi/vec4 0, 0, 32; draw_string_vec4
    %pushi/vec4 1280721741, 0, 32; draw_string_vec4
    %concat/vec4; draw_string_vec4
    %pushi/vec4 1330863921, 0, 32; draw_string_vec4
    %concat/vec4; draw_string_vec4
    %pushi/vec4 50, 0, 8; draw_string_vec4
    %concat/vec4; draw_string_vec4
    %cmp/u;
    %jmp/1 T_7.6, 6;
    %dup/vec4;
    %pushi/vec4 0, 0, 32; draw_string_vec4
    %pushi/vec4 1280721741, 0, 32; draw_string_vec4
    %concat/vec4; draw_string_vec4
    %pushi/vec4 1330863921, 0, 32; draw_string_vec4
    %concat/vec4; draw_string_vec4
    %pushi/vec4 53, 0, 8; draw_string_vec4
    %concat/vec4; draw_string_vec4
    %cmp/u;
    %jmp/1 T_7.7, 6;
    %dup/vec4;
    %pushi/vec4 5002819, 0, 32; draw_string_vec4
    %pushi/vec4 1297044319, 0, 32; draw_string_vec4
    %concat/vec4; draw_string_vec4
    %pushi/vec4 825777992, 0, 32; draw_string_vec4
    %concat/vec4; draw_string_vec4
    %pushi/vec4 80, 0, 8; draw_string_vec4
    %concat/vec4; draw_string_vec4
    %cmp/u;
    %jmp/1 T_7.8, 6;
    %dup/vec4;
    %pushi/vec4 5002819, 0, 32; draw_string_vec4
    %pushi/vec4 1297044319, 0, 32; draw_string_vec4
    %concat/vec4; draw_string_vec4
    %pushi/vec4 825777992, 0, 32; draw_string_vec4
    %concat/vec4; draw_string_vec4
    %pushi/vec4 82, 0, 8; draw_string_vec4
    %concat/vec4; draw_string_vec4
    %cmp/u;
    %jmp/1 T_7.9, 6;
    %dup/vec4;
    %pushi/vec4 0, 0, 32; draw_string_vec4
    %pushi/vec4 1280721741, 0, 32; draw_string_vec4
    %concat/vec4; draw_string_vec4
    %pushi/vec4 1330863922, 0, 32; draw_string_vec4
    %concat/vec4; draw_string_vec4
    %pushi/vec4 53, 0, 8; draw_string_vec4
    %concat/vec4; draw_string_vec4
    %cmp/u;
    %jmp/1 T_7.10, 6;
    %dup/vec4;
    %pushi/vec4 0, 0, 32; draw_string_vec4
    %pushi/vec4 1280721741, 0, 32; draw_string_vec4
    %concat/vec4; draw_string_vec4
    %pushi/vec4 1330863923, 0, 32; draw_string_vec4
    %concat/vec4; draw_string_vec4
    %pushi/vec4 51, 0, 8; draw_string_vec4
    %concat/vec4; draw_string_vec4
    %cmp/u;
    %jmp/1 T_7.11, 6;
    %dup/vec4;
    %pushi/vec4 0, 0, 32; draw_string_vec4
    %pushi/vec4 0, 0, 32; draw_string_vec4
    %concat/vec4; draw_string_vec4
    %pushi/vec4 1280726100, 0, 32; draw_string_vec4
    %concat/vec4; draw_string_vec4
    %pushi/vec4 76, 0, 8; draw_string_vec4
    %concat/vec4; draw_string_vec4
    %cmp/u;
    %jmp/1 T_7.12, 6;
    %dup/vec4;
    %pushi/vec4 0, 0, 32; draw_string_vec4
    %pushi/vec4 1213420620, 0, 32; draw_string_vec4
    %concat/vec4; draw_string_vec4
    %pushi/vec4 1598644017, 0, 32; draw_string_vec4
    %concat/vec4; draw_string_vec4
    %pushi/vec4 50, 0, 8; draw_string_vec4
    %concat/vec4; draw_string_vec4
    %cmp/u;
    %jmp/1 T_7.13, 6;
    %dup/vec4;
    %pushi/vec4 72, 0, 32; draw_string_vec4
    %pushi/vec4 1398033503, 0, 32; draw_string_vec4
    %concat/vec4; draw_string_vec4
    %pushi/vec4 1229545265, 0, 32; draw_string_vec4
    %concat/vec4; draw_string_vec4
    %pushi/vec4 50, 0, 8; draw_string_vec4
    %concat/vec4; draw_string_vec4
    %cmp/u;
    %jmp/1 T_7.14, 6;
    %dup/vec4;
    %pushi/vec4 0, 0, 32; draw_string_vec4
    %pushi/vec4 1213420620, 0, 32; draw_string_vec4
    %concat/vec4; draw_string_vec4
    %pushi/vec4 1598644017, 0, 32; draw_string_vec4
    %concat/vec4; draw_string_vec4
    %pushi/vec4 53, 0, 8; draw_string_vec4
    %concat/vec4; draw_string_vec4
    %cmp/u;
    %jmp/1 T_7.15, 6;
    %dup/vec4;
    %pushi/vec4 72, 0, 32; draw_string_vec4
    %pushi/vec4 1398033503, 0, 32; draw_string_vec4
    %concat/vec4; draw_string_vec4
    %pushi/vec4 1229545265, 0, 32; draw_string_vec4
    %concat/vec4; draw_string_vec4
    %pushi/vec4 53, 0, 8; draw_string_vec4
    %concat/vec4; draw_string_vec4
    %cmp/u;
    %jmp/1 T_7.16, 6;
    %dup/vec4;
    %pushi/vec4 0, 0, 32; draw_string_vec4
    %pushi/vec4 18515, 0, 32; draw_string_vec4
    %concat/vec4; draw_string_vec4
    %pushi/vec4 1431068465, 0, 32; draw_string_vec4
    %concat/vec4; draw_string_vec4
    %pushi/vec4 50, 0, 8; draw_string_vec4
    %concat/vec4; draw_string_vec4
    %cmp/u;
    %jmp/1 T_7.17, 6;
    %dup/vec4;
    %pushi/vec4 0, 0, 32; draw_string_vec4
    %pushi/vec4 0, 0, 32; draw_string_vec4
    %concat/vec4; draw_string_vec4
    %pushi/vec4 1346586934, 0, 32; draw_string_vec4
    %concat/vec4; draw_string_vec4
    %pushi/vec4 54, 0, 8; draw_string_vec4
    %concat/vec4; draw_string_vec4
    %cmp/u;
    %jmp/1 T_7.18, 6;
    %dup/vec4;
    %pushi/vec4 0, 0, 32; draw_string_vec4
    %pushi/vec4 20547, 0, 32; draw_string_vec4
    %concat/vec4; draw_string_vec4
    %pushi/vec4 1230516531, 0, 32; draw_string_vec4
    %concat/vec4; draw_string_vec4
    %pushi/vec4 51, 0, 8; draw_string_vec4
    %concat/vec4; draw_string_vec4
    %cmp/u;
    %jmp/1 T_7.19, 6;
    %dup/vec4;
    %pushi/vec4 0, 0, 32; draw_string_vec4
    %pushi/vec4 80, 0, 32; draw_string_vec4
    %concat/vec4; draw_string_vec4
    %pushi/vec4 1329880881, 0, 32; draw_string_vec4
    %concat/vec4; draw_string_vec4
    %pushi/vec4 50, 0, 8; draw_string_vec4
    %concat/vec4; draw_string_vec4
    %cmp/u;
    %jmp/1 T_7.20, 6;
    %dup/vec4;
    %pushi/vec4 0, 0, 32; draw_string_vec4
    %pushi/vec4 1397969996, 0, 32; draw_string_vec4
    %concat/vec4; draw_string_vec4
    %pushi/vec4 1598644017, 0, 32; draw_string_vec4
    %concat/vec4; draw_string_vec4
    %pushi/vec4 53, 0, 8; draw_string_vec4
    %concat/vec4; draw_string_vec4
    %cmp/u;
    %jmp/1 T_7.21, 6;
    %dup/vec4;
    %pushi/vec4 83, 0, 32; draw_string_vec4
    %pushi/vec4 1398033503, 0, 32; draw_string_vec4
    %concat/vec4; draw_string_vec4
    %pushi/vec4 1229545265, 0, 32; draw_string_vec4
    %concat/vec4; draw_string_vec4
    %pushi/vec4 53, 0, 8; draw_string_vec4
    %concat/vec4; draw_string_vec4
    %cmp/u;
    %jmp/1 T_7.22, 6;
    %dup/vec4;
    %pushi/vec4 5460820, 0, 32; draw_string_vec4
    %pushi/vec4 1281313119, 0, 32; draw_string_vec4
    %concat/vec4; draw_string_vec4
    %pushi/vec4 825777992, 0, 32; draw_string_vec4
    %concat/vec4; draw_string_vec4
    %pushi/vec4 80, 0, 8; draw_string_vec4
    %concat/vec4; draw_string_vec4
    %cmp/u;
    %jmp/1 T_7.23, 6;
    %dup/vec4;
    %pushi/vec4 1397969996, 0, 32; draw_string_vec4
    %pushi/vec4 1598638431, 0, 32; draw_string_vec4
    %concat/vec4; draw_string_vec4
    %pushi/vec4 825777992, 0, 32; draw_string_vec4
    %concat/vec4; draw_string_vec4
    %pushi/vec4 80, 0, 8; draw_string_vec4
    %concat/vec4; draw_string_vec4
    %cmp/u;
    %jmp/1 T_7.24, 6;
    %dup/vec4;
    %pushi/vec4 5460820, 0, 32; draw_string_vec4
    %pushi/vec4 1281313119, 0, 32; draw_string_vec4
    %concat/vec4; draw_string_vec4
    %pushi/vec4 825777992, 0, 32; draw_string_vec4
    %concat/vec4; draw_string_vec4
    %pushi/vec4 82, 0, 8; draw_string_vec4
    %concat/vec4; draw_string_vec4
    %cmp/u;
    %jmp/1 T_7.25, 6;
    %dup/vec4;
    %pushi/vec4 1397969996, 0, 32; draw_string_vec4
    %pushi/vec4 1598638431, 0, 32; draw_string_vec4
    %concat/vec4; draw_string_vec4
    %pushi/vec4 825777992, 0, 32; draw_string_vec4
    %concat/vec4; draw_string_vec4
    %pushi/vec4 82, 0, 8; draw_string_vec4
    %concat/vec4; draw_string_vec4
    %cmp/u;
    %jmp/1 T_7.26, 6;
    %dup/vec4;
    %pushi/vec4 0, 0, 32; draw_string_vec4
    %pushi/vec4 1397969996, 0, 32; draw_string_vec4
    %concat/vec4; draw_string_vec4
    %pushi/vec4 1598644018, 0, 32; draw_string_vec4
    %concat/vec4; draw_string_vec4
    %pushi/vec4 53, 0, 8; draw_string_vec4
    %concat/vec4; draw_string_vec4
    %cmp/u;
    %jmp/1 T_7.27, 6;
    %dup/vec4;
    %pushi/vec4 83, 0, 32; draw_string_vec4
    %pushi/vec4 1398033503, 0, 32; draw_string_vec4
    %concat/vec4; draw_string_vec4
    %pushi/vec4 1229545266, 0, 32; draw_string_vec4
    %concat/vec4; draw_string_vec4
    %pushi/vec4 53, 0, 8; draw_string_vec4
    %concat/vec4; draw_string_vec4
    %cmp/u;
    %jmp/1 T_7.28, 6;
    %dup/vec4;
    %pushi/vec4 0, 0, 32; draw_string_vec4
    %pushi/vec4 1397969996, 0, 32; draw_string_vec4
    %concat/vec4; draw_string_vec4
    %pushi/vec4 1598644019, 0, 32; draw_string_vec4
    %concat/vec4; draw_string_vec4
    %pushi/vec4 51, 0, 8; draw_string_vec4
    %concat/vec4; draw_string_vec4
    %cmp/u;
    %jmp/1 T_7.29, 6;
    %dup/vec4;
    %pushi/vec4 83, 0, 32; draw_string_vec4
    %pushi/vec4 1398033503, 0, 32; draw_string_vec4
    %concat/vec4; draw_string_vec4
    %pushi/vec4 1229545267, 0, 32; draw_string_vec4
    %concat/vec4; draw_string_vec4
    %pushi/vec4 51, 0, 8; draw_string_vec4
    %concat/vec4; draw_string_vec4
    %cmp/u;
    %jmp/1 T_7.30, 6;
    %vpi_call/w 7 78 "$fatal", 32'sb00000000000000000000000000000001, "\012Error: I_BUF instance %m has parameter IOSTANDARD set to %s.  Valid values are DEFAULT, LVCMOS_12, LVCMOS_15, LVCMOS_18_HP, LVCMOS_18_HR, LVCMOS_25, LVCMOS_33, LVTTL, HSTL_I_12, HSTL_II_12, HSTL_I_15, HSTL_II_15, HSUL_12, PCI66, PCIX133, POD_12, SSTL_I_15, SSTL_II_15, SSTL_I_18_HP, SSTL_II_18_HP, SSTL_I_18_HR, SSTL_II_18_HR, SSTL_I_25, SSTL_II_25, SSTL_I_33, SSTL_II_33\012", P_0x13cb030 {0 0 0};
    %jmp T_7.32;
T_7.5 ;
    %jmp T_7.32;
T_7.6 ;
    %jmp T_7.32;
T_7.7 ;
    %jmp T_7.32;
T_7.8 ;
    %jmp T_7.32;
T_7.9 ;
    %jmp T_7.32;
T_7.10 ;
    %jmp T_7.32;
T_7.11 ;
    %jmp T_7.32;
T_7.12 ;
    %jmp T_7.32;
T_7.13 ;
    %jmp T_7.32;
T_7.14 ;
    %jmp T_7.32;
T_7.15 ;
    %jmp T_7.32;
T_7.16 ;
    %jmp T_7.32;
T_7.17 ;
    %jmp T_7.32;
T_7.18 ;
    %jmp T_7.32;
T_7.19 ;
    %jmp T_7.32;
T_7.20 ;
    %jmp T_7.32;
T_7.21 ;
    %jmp T_7.32;
T_7.22 ;
    %jmp T_7.32;
T_7.23 ;
    %jmp T_7.32;
T_7.24 ;
    %jmp T_7.32;
T_7.25 ;
    %jmp T_7.32;
T_7.26 ;
    %jmp T_7.32;
T_7.27 ;
    %jmp T_7.32;
T_7.28 ;
    %jmp T_7.32;
T_7.29 ;
    %jmp T_7.32;
T_7.30 ;
    %jmp T_7.32;
T_7.32 ;
    %pop/vec4 1;
    %end;
    .thread T_7;
    .scope S_0x1917c30;
T_8 ;
    %pushi/vec4 1313820229, 0, 64;
    %dup/vec4;
    %pushi/vec4 0, 0, 32; draw_string_vec4
    %pushi/vec4 1313820229, 0, 32; draw_string_vec4
    %concat/vec4; draw_string_vec4
    %cmp/u;
    %jmp/1 T_8.0, 6;
    %dup/vec4;
    %pushi/vec4 20565, 0, 32; draw_string_vec4
    %pushi/vec4 1280070992, 0, 32; draw_string_vec4
    %concat/vec4; draw_string_vec4
    %cmp/u;
    %jmp/1 T_8.1, 6;
    %dup/vec4;
    %pushi/vec4 1347767372, 0, 32; draw_string_vec4
    %pushi/vec4 1146050382, 0, 32; draw_string_vec4
    %concat/vec4; draw_string_vec4
    %cmp/u;
    %jmp/1 T_8.2, 6;
    %vpi_call/w 7 46 "$fatal", 32'sb00000000000000000000000000000001, "\012Error: I_BUF instance %m has parameter WEAK_KEEPER set to %s.  Valid values are NONE, PULLUP, PULLDOWN\012", P_0x12692f0 {0 0 0};
    %jmp T_8.4;
T_8.0 ;
    %jmp T_8.4;
T_8.1 ;
    %jmp T_8.4;
T_8.2 ;
    %jmp T_8.4;
T_8.4 ;
    %pop/vec4 1;
    %pushi/vec4 2290781314, 0, 81;
    %concati/vec4 5590100, 0, 23;
    %dup/vec4;
    %pushi/vec4 0, 0, 32; draw_string_vec4
    %pushi/vec4 17477, 0, 32; draw_string_vec4
    %concat/vec4; draw_string_vec4
    %pushi/vec4 1178686796, 0, 32; draw_string_vec4
    %concat/vec4; draw_string_vec4
    %pushi/vec4 84, 0, 8; draw_string_vec4
    %concat/vec4; draw_string_vec4
    %cmp/u;
    %jmp/1 T_8.5, 6;
    %dup/vec4;
    %pushi/vec4 0, 0, 32; draw_string_vec4
    %pushi/vec4 1280721741, 0, 32; draw_string_vec4
    %concat/vec4; draw_string_vec4
    %pushi/vec4 1330863921, 0, 32; draw_string_vec4
    %concat/vec4; draw_string_vec4
    %pushi/vec4 50, 0, 8; draw_string_vec4
    %concat/vec4; draw_string_vec4
    %cmp/u;
    %jmp/1 T_8.6, 6;
    %dup/vec4;
    %pushi/vec4 0, 0, 32; draw_string_vec4
    %pushi/vec4 1280721741, 0, 32; draw_string_vec4
    %concat/vec4; draw_string_vec4
    %pushi/vec4 1330863921, 0, 32; draw_string_vec4
    %concat/vec4; draw_string_vec4
    %pushi/vec4 53, 0, 8; draw_string_vec4
    %concat/vec4; draw_string_vec4
    %cmp/u;
    %jmp/1 T_8.7, 6;
    %dup/vec4;
    %pushi/vec4 5002819, 0, 32; draw_string_vec4
    %pushi/vec4 1297044319, 0, 32; draw_string_vec4
    %concat/vec4; draw_string_vec4
    %pushi/vec4 825777992, 0, 32; draw_string_vec4
    %concat/vec4; draw_string_vec4
    %pushi/vec4 80, 0, 8; draw_string_vec4
    %concat/vec4; draw_string_vec4
    %cmp/u;
    %jmp/1 T_8.8, 6;
    %dup/vec4;
    %pushi/vec4 5002819, 0, 32; draw_string_vec4
    %pushi/vec4 1297044319, 0, 32; draw_string_vec4
    %concat/vec4; draw_string_vec4
    %pushi/vec4 825777992, 0, 32; draw_string_vec4
    %concat/vec4; draw_string_vec4
    %pushi/vec4 82, 0, 8; draw_string_vec4
    %concat/vec4; draw_string_vec4
    %cmp/u;
    %jmp/1 T_8.9, 6;
    %dup/vec4;
    %pushi/vec4 0, 0, 32; draw_string_vec4
    %pushi/vec4 1280721741, 0, 32; draw_string_vec4
    %concat/vec4; draw_string_vec4
    %pushi/vec4 1330863922, 0, 32; draw_string_vec4
    %concat/vec4; draw_string_vec4
    %pushi/vec4 53, 0, 8; draw_string_vec4
    %concat/vec4; draw_string_vec4
    %cmp/u;
    %jmp/1 T_8.10, 6;
    %dup/vec4;
    %pushi/vec4 0, 0, 32; draw_string_vec4
    %pushi/vec4 1280721741, 0, 32; draw_string_vec4
    %concat/vec4; draw_string_vec4
    %pushi/vec4 1330863923, 0, 32; draw_string_vec4
    %concat/vec4; draw_string_vec4
    %pushi/vec4 51, 0, 8; draw_string_vec4
    %concat/vec4; draw_string_vec4
    %cmp/u;
    %jmp/1 T_8.11, 6;
    %dup/vec4;
    %pushi/vec4 0, 0, 32; draw_string_vec4
    %pushi/vec4 0, 0, 32; draw_string_vec4
    %concat/vec4; draw_string_vec4
    %pushi/vec4 1280726100, 0, 32; draw_string_vec4
    %concat/vec4; draw_string_vec4
    %pushi/vec4 76, 0, 8; draw_string_vec4
    %concat/vec4; draw_string_vec4
    %cmp/u;
    %jmp/1 T_8.12, 6;
    %dup/vec4;
    %pushi/vec4 0, 0, 32; draw_string_vec4
    %pushi/vec4 1213420620, 0, 32; draw_string_vec4
    %concat/vec4; draw_string_vec4
    %pushi/vec4 1598644017, 0, 32; draw_string_vec4
    %concat/vec4; draw_string_vec4
    %pushi/vec4 50, 0, 8; draw_string_vec4
    %concat/vec4; draw_string_vec4
    %cmp/u;
    %jmp/1 T_8.13, 6;
    %dup/vec4;
    %pushi/vec4 72, 0, 32; draw_string_vec4
    %pushi/vec4 1398033503, 0, 32; draw_string_vec4
    %concat/vec4; draw_string_vec4
    %pushi/vec4 1229545265, 0, 32; draw_string_vec4
    %concat/vec4; draw_string_vec4
    %pushi/vec4 50, 0, 8; draw_string_vec4
    %concat/vec4; draw_string_vec4
    %cmp/u;
    %jmp/1 T_8.14, 6;
    %dup/vec4;
    %pushi/vec4 0, 0, 32; draw_string_vec4
    %pushi/vec4 1213420620, 0, 32; draw_string_vec4
    %concat/vec4; draw_string_vec4
    %pushi/vec4 1598644017, 0, 32; draw_string_vec4
    %concat/vec4; draw_string_vec4
    %pushi/vec4 53, 0, 8; draw_string_vec4
    %concat/vec4; draw_string_vec4
    %cmp/u;
    %jmp/1 T_8.15, 6;
    %dup/vec4;
    %pushi/vec4 72, 0, 32; draw_string_vec4
    %pushi/vec4 1398033503, 0, 32; draw_string_vec4
    %concat/vec4; draw_string_vec4
    %pushi/vec4 1229545265, 0, 32; draw_string_vec4
    %concat/vec4; draw_string_vec4
    %pushi/vec4 53, 0, 8; draw_string_vec4
    %concat/vec4; draw_string_vec4
    %cmp/u;
    %jmp/1 T_8.16, 6;
    %dup/vec4;
    %pushi/vec4 0, 0, 32; draw_string_vec4
    %pushi/vec4 18515, 0, 32; draw_string_vec4
    %concat/vec4; draw_string_vec4
    %pushi/vec4 1431068465, 0, 32; draw_string_vec4
    %concat/vec4; draw_string_vec4
    %pushi/vec4 50, 0, 8; draw_string_vec4
    %concat/vec4; draw_string_vec4
    %cmp/u;
    %jmp/1 T_8.17, 6;
    %dup/vec4;
    %pushi/vec4 0, 0, 32; draw_string_vec4
    %pushi/vec4 0, 0, 32; draw_string_vec4
    %concat/vec4; draw_string_vec4
    %pushi/vec4 1346586934, 0, 32; draw_string_vec4
    %concat/vec4; draw_string_vec4
    %pushi/vec4 54, 0, 8; draw_string_vec4
    %concat/vec4; draw_string_vec4
    %cmp/u;
    %jmp/1 T_8.18, 6;
    %dup/vec4;
    %pushi/vec4 0, 0, 32; draw_string_vec4
    %pushi/vec4 20547, 0, 32; draw_string_vec4
    %concat/vec4; draw_string_vec4
    %pushi/vec4 1230516531, 0, 32; draw_string_vec4
    %concat/vec4; draw_string_vec4
    %pushi/vec4 51, 0, 8; draw_string_vec4
    %concat/vec4; draw_string_vec4
    %cmp/u;
    %jmp/1 T_8.19, 6;
    %dup/vec4;
    %pushi/vec4 0, 0, 32; draw_string_vec4
    %pushi/vec4 80, 0, 32; draw_string_vec4
    %concat/vec4; draw_string_vec4
    %pushi/vec4 1329880881, 0, 32; draw_string_vec4
    %concat/vec4; draw_string_vec4
    %pushi/vec4 50, 0, 8; draw_string_vec4
    %concat/vec4; draw_string_vec4
    %cmp/u;
    %jmp/1 T_8.20, 6;
    %dup/vec4;
    %pushi/vec4 0, 0, 32; draw_string_vec4
    %pushi/vec4 1397969996, 0, 32; draw_string_vec4
    %concat/vec4; draw_string_vec4
    %pushi/vec4 1598644017, 0, 32; draw_string_vec4
    %concat/vec4; draw_string_vec4
    %pushi/vec4 53, 0, 8; draw_string_vec4
    %concat/vec4; draw_string_vec4
    %cmp/u;
    %jmp/1 T_8.21, 6;
    %dup/vec4;
    %pushi/vec4 83, 0, 32; draw_string_vec4
    %pushi/vec4 1398033503, 0, 32; draw_string_vec4
    %concat/vec4; draw_string_vec4
    %pushi/vec4 1229545265, 0, 32; draw_string_vec4
    %concat/vec4; draw_string_vec4
    %pushi/vec4 53, 0, 8; draw_string_vec4
    %concat/vec4; draw_string_vec4
    %cmp/u;
    %jmp/1 T_8.22, 6;
    %dup/vec4;
    %pushi/vec4 5460820, 0, 32; draw_string_vec4
    %pushi/vec4 1281313119, 0, 32; draw_string_vec4
    %concat/vec4; draw_string_vec4
    %pushi/vec4 825777992, 0, 32; draw_string_vec4
    %concat/vec4; draw_string_vec4
    %pushi/vec4 80, 0, 8; draw_string_vec4
    %concat/vec4; draw_string_vec4
    %cmp/u;
    %jmp/1 T_8.23, 6;
    %dup/vec4;
    %pushi/vec4 1397969996, 0, 32; draw_string_vec4
    %pushi/vec4 1598638431, 0, 32; draw_string_vec4
    %concat/vec4; draw_string_vec4
    %pushi/vec4 825777992, 0, 32; draw_string_vec4
    %concat/vec4; draw_string_vec4
    %pushi/vec4 80, 0, 8; draw_string_vec4
    %concat/vec4; draw_string_vec4
    %cmp/u;
    %jmp/1 T_8.24, 6;
    %dup/vec4;
    %pushi/vec4 5460820, 0, 32; draw_string_vec4
    %pushi/vec4 1281313119, 0, 32; draw_string_vec4
    %concat/vec4; draw_string_vec4
    %pushi/vec4 825777992, 0, 32; draw_string_vec4
    %concat/vec4; draw_string_vec4
    %pushi/vec4 82, 0, 8; draw_string_vec4
    %concat/vec4; draw_string_vec4
    %cmp/u;
    %jmp/1 T_8.25, 6;
    %dup/vec4;
    %pushi/vec4 1397969996, 0, 32; draw_string_vec4
    %pushi/vec4 1598638431, 0, 32; draw_string_vec4
    %concat/vec4; draw_string_vec4
    %pushi/vec4 825777992, 0, 32; draw_string_vec4
    %concat/vec4; draw_string_vec4
    %pushi/vec4 82, 0, 8; draw_string_vec4
    %concat/vec4; draw_string_vec4
    %cmp/u;
    %jmp/1 T_8.26, 6;
    %dup/vec4;
    %pushi/vec4 0, 0, 32; draw_string_vec4
    %pushi/vec4 1397969996, 0, 32; draw_string_vec4
    %concat/vec4; draw_string_vec4
    %pushi/vec4 1598644018, 0, 32; draw_string_vec4
    %concat/vec4; draw_string_vec4
    %pushi/vec4 53, 0, 8; draw_string_vec4
    %concat/vec4; draw_string_vec4
    %cmp/u;
    %jmp/1 T_8.27, 6;
    %dup/vec4;
    %pushi/vec4 83, 0, 32; draw_string_vec4
    %pushi/vec4 1398033503, 0, 32; draw_string_vec4
    %concat/vec4; draw_string_vec4
    %pushi/vec4 1229545266, 0, 32; draw_string_vec4
    %concat/vec4; draw_string_vec4
    %pushi/vec4 53, 0, 8; draw_string_vec4
    %concat/vec4; draw_string_vec4
    %cmp/u;
    %jmp/1 T_8.28, 6;
    %dup/vec4;
    %pushi/vec4 0, 0, 32; draw_string_vec4
    %pushi/vec4 1397969996, 0, 32; draw_string_vec4
    %concat/vec4; draw_string_vec4
    %pushi/vec4 1598644019, 0, 32; draw_string_vec4
    %concat/vec4; draw_string_vec4
    %pushi/vec4 51, 0, 8; draw_string_vec4
    %concat/vec4; draw_string_vec4
    %cmp/u;
    %jmp/1 T_8.29, 6;
    %dup/vec4;
    %pushi/vec4 83, 0, 32; draw_string_vec4
    %pushi/vec4 1398033503, 0, 32; draw_string_vec4
    %concat/vec4; draw_string_vec4
    %pushi/vec4 1229545267, 0, 32; draw_string_vec4
    %concat/vec4; draw_string_vec4
    %pushi/vec4 51, 0, 8; draw_string_vec4
    %concat/vec4; draw_string_vec4
    %cmp/u;
    %jmp/1 T_8.30, 6;
    %vpi_call/w 7 78 "$fatal", 32'sb00000000000000000000000000000001, "\012Error: I_BUF instance %m has parameter IOSTANDARD set to %s.  Valid values are DEFAULT, LVCMOS_12, LVCMOS_15, LVCMOS_18_HP, LVCMOS_18_HR, LVCMOS_25, LVCMOS_33, LVTTL, HSTL_I_12, HSTL_II_12, HSTL_I_15, HSTL_II_15, HSUL_12, PCI66, PCIX133, POD_12, SSTL_I_15, SSTL_II_15, SSTL_I_18_HP, SSTL_II_18_HP, SSTL_I_18_HR, SSTL_II_18_HR, SSTL_I_25, SSTL_II_25, SSTL_I_33, SSTL_II_33\012", P_0x12692b0 {0 0 0};
    %jmp T_8.32;
T_8.5 ;
    %jmp T_8.32;
T_8.6 ;
    %jmp T_8.32;
T_8.7 ;
    %jmp T_8.32;
T_8.8 ;
    %jmp T_8.32;
T_8.9 ;
    %jmp T_8.32;
T_8.10 ;
    %jmp T_8.32;
T_8.11 ;
    %jmp T_8.32;
T_8.12 ;
    %jmp T_8.32;
T_8.13 ;
    %jmp T_8.32;
T_8.14 ;
    %jmp T_8.32;
T_8.15 ;
    %jmp T_8.32;
T_8.16 ;
    %jmp T_8.32;
T_8.17 ;
    %jmp T_8.32;
T_8.18 ;
    %jmp T_8.32;
T_8.19 ;
    %jmp T_8.32;
T_8.20 ;
    %jmp T_8.32;
T_8.21 ;
    %jmp T_8.32;
T_8.22 ;
    %jmp T_8.32;
T_8.23 ;
    %jmp T_8.32;
T_8.24 ;
    %jmp T_8.32;
T_8.25 ;
    %jmp T_8.32;
T_8.26 ;
    %jmp T_8.32;
T_8.27 ;
    %jmp T_8.32;
T_8.28 ;
    %jmp T_8.32;
T_8.29 ;
    %jmp T_8.32;
T_8.30 ;
    %jmp T_8.32;
T_8.32 ;
    %pop/vec4 1;
    %end;
    .thread T_8;
    .scope S_0x19168f0;
T_9 ;
    %pushi/vec4 1313820229, 0, 64;
    %dup/vec4;
    %pushi/vec4 0, 0, 32; draw_string_vec4
    %pushi/vec4 1313820229, 0, 32; draw_string_vec4
    %concat/vec4; draw_string_vec4
    %cmp/u;
    %jmp/1 T_9.0, 6;
    %dup/vec4;
    %pushi/vec4 20565, 0, 32; draw_string_vec4
    %pushi/vec4 1280070992, 0, 32; draw_string_vec4
    %concat/vec4; draw_string_vec4
    %cmp/u;
    %jmp/1 T_9.1, 6;
    %dup/vec4;
    %pushi/vec4 1347767372, 0, 32; draw_string_vec4
    %pushi/vec4 1146050382, 0, 32; draw_string_vec4
    %concat/vec4; draw_string_vec4
    %cmp/u;
    %jmp/1 T_9.2, 6;
    %vpi_call/w 8 48 "$fatal", 32'sb00000000000000000000000000000001, "\012Error: O_BUFT instance %m has parameter WEAK_KEEPER set to %s.  Valid values are NONE, PULLUP, PULLDOWN\012", P_0x1453510 {0 0 0};
    %jmp T_9.4;
T_9.0 ;
    %jmp T_9.4;
T_9.1 ;
    %jmp T_9.4;
T_9.2 ;
    %jmp T_9.4;
T_9.4 ;
    %pop/vec4 1;
    %pushi/vec4 2290781314, 0, 81;
    %concati/vec4 5590100, 0, 23;
    %dup/vec4;
    %pushi/vec4 0, 0, 32; draw_string_vec4
    %pushi/vec4 17477, 0, 32; draw_string_vec4
    %concat/vec4; draw_string_vec4
    %pushi/vec4 1178686796, 0, 32; draw_string_vec4
    %concat/vec4; draw_string_vec4
    %pushi/vec4 84, 0, 8; draw_string_vec4
    %concat/vec4; draw_string_vec4
    %cmp/u;
    %jmp/1 T_9.5, 6;
    %dup/vec4;
    %pushi/vec4 0, 0, 32; draw_string_vec4
    %pushi/vec4 1280721741, 0, 32; draw_string_vec4
    %concat/vec4; draw_string_vec4
    %pushi/vec4 1330863921, 0, 32; draw_string_vec4
    %concat/vec4; draw_string_vec4
    %pushi/vec4 50, 0, 8; draw_string_vec4
    %concat/vec4; draw_string_vec4
    %cmp/u;
    %jmp/1 T_9.6, 6;
    %dup/vec4;
    %pushi/vec4 0, 0, 32; draw_string_vec4
    %pushi/vec4 1280721741, 0, 32; draw_string_vec4
    %concat/vec4; draw_string_vec4
    %pushi/vec4 1330863921, 0, 32; draw_string_vec4
    %concat/vec4; draw_string_vec4
    %pushi/vec4 53, 0, 8; draw_string_vec4
    %concat/vec4; draw_string_vec4
    %cmp/u;
    %jmp/1 T_9.7, 6;
    %dup/vec4;
    %pushi/vec4 5002819, 0, 32; draw_string_vec4
    %pushi/vec4 1297044319, 0, 32; draw_string_vec4
    %concat/vec4; draw_string_vec4
    %pushi/vec4 825777992, 0, 32; draw_string_vec4
    %concat/vec4; draw_string_vec4
    %pushi/vec4 80, 0, 8; draw_string_vec4
    %concat/vec4; draw_string_vec4
    %cmp/u;
    %jmp/1 T_9.8, 6;
    %dup/vec4;
    %pushi/vec4 5002819, 0, 32; draw_string_vec4
    %pushi/vec4 1297044319, 0, 32; draw_string_vec4
    %concat/vec4; draw_string_vec4
    %pushi/vec4 825777992, 0, 32; draw_string_vec4
    %concat/vec4; draw_string_vec4
    %pushi/vec4 82, 0, 8; draw_string_vec4
    %concat/vec4; draw_string_vec4
    %cmp/u;
    %jmp/1 T_9.9, 6;
    %dup/vec4;
    %pushi/vec4 0, 0, 32; draw_string_vec4
    %pushi/vec4 1280721741, 0, 32; draw_string_vec4
    %concat/vec4; draw_string_vec4
    %pushi/vec4 1330863922, 0, 32; draw_string_vec4
    %concat/vec4; draw_string_vec4
    %pushi/vec4 53, 0, 8; draw_string_vec4
    %concat/vec4; draw_string_vec4
    %cmp/u;
    %jmp/1 T_9.10, 6;
    %dup/vec4;
    %pushi/vec4 0, 0, 32; draw_string_vec4
    %pushi/vec4 1280721741, 0, 32; draw_string_vec4
    %concat/vec4; draw_string_vec4
    %pushi/vec4 1330863923, 0, 32; draw_string_vec4
    %concat/vec4; draw_string_vec4
    %pushi/vec4 51, 0, 8; draw_string_vec4
    %concat/vec4; draw_string_vec4
    %cmp/u;
    %jmp/1 T_9.11, 6;
    %dup/vec4;
    %pushi/vec4 0, 0, 32; draw_string_vec4
    %pushi/vec4 0, 0, 32; draw_string_vec4
    %concat/vec4; draw_string_vec4
    %pushi/vec4 1280726100, 0, 32; draw_string_vec4
    %concat/vec4; draw_string_vec4
    %pushi/vec4 76, 0, 8; draw_string_vec4
    %concat/vec4; draw_string_vec4
    %cmp/u;
    %jmp/1 T_9.12, 6;
    %dup/vec4;
    %pushi/vec4 0, 0, 32; draw_string_vec4
    %pushi/vec4 1213420620, 0, 32; draw_string_vec4
    %concat/vec4; draw_string_vec4
    %pushi/vec4 1598644017, 0, 32; draw_string_vec4
    %concat/vec4; draw_string_vec4
    %pushi/vec4 50, 0, 8; draw_string_vec4
    %concat/vec4; draw_string_vec4
    %cmp/u;
    %jmp/1 T_9.13, 6;
    %dup/vec4;
    %pushi/vec4 72, 0, 32; draw_string_vec4
    %pushi/vec4 1398033503, 0, 32; draw_string_vec4
    %concat/vec4; draw_string_vec4
    %pushi/vec4 1229545265, 0, 32; draw_string_vec4
    %concat/vec4; draw_string_vec4
    %pushi/vec4 50, 0, 8; draw_string_vec4
    %concat/vec4; draw_string_vec4
    %cmp/u;
    %jmp/1 T_9.14, 6;
    %dup/vec4;
    %pushi/vec4 0, 0, 32; draw_string_vec4
    %pushi/vec4 1213420620, 0, 32; draw_string_vec4
    %concat/vec4; draw_string_vec4
    %pushi/vec4 1598644017, 0, 32; draw_string_vec4
    %concat/vec4; draw_string_vec4
    %pushi/vec4 53, 0, 8; draw_string_vec4
    %concat/vec4; draw_string_vec4
    %cmp/u;
    %jmp/1 T_9.15, 6;
    %dup/vec4;
    %pushi/vec4 72, 0, 32; draw_string_vec4
    %pushi/vec4 1398033503, 0, 32; draw_string_vec4
    %concat/vec4; draw_string_vec4
    %pushi/vec4 1229545265, 0, 32; draw_string_vec4
    %concat/vec4; draw_string_vec4
    %pushi/vec4 53, 0, 8; draw_string_vec4
    %concat/vec4; draw_string_vec4
    %cmp/u;
    %jmp/1 T_9.16, 6;
    %dup/vec4;
    %pushi/vec4 0, 0, 32; draw_string_vec4
    %pushi/vec4 18515, 0, 32; draw_string_vec4
    %concat/vec4; draw_string_vec4
    %pushi/vec4 1431068465, 0, 32; draw_string_vec4
    %concat/vec4; draw_string_vec4
    %pushi/vec4 50, 0, 8; draw_string_vec4
    %concat/vec4; draw_string_vec4
    %cmp/u;
    %jmp/1 T_9.17, 6;
    %dup/vec4;
    %pushi/vec4 0, 0, 32; draw_string_vec4
    %pushi/vec4 0, 0, 32; draw_string_vec4
    %concat/vec4; draw_string_vec4
    %pushi/vec4 1346586934, 0, 32; draw_string_vec4
    %concat/vec4; draw_string_vec4
    %pushi/vec4 54, 0, 8; draw_string_vec4
    %concat/vec4; draw_string_vec4
    %cmp/u;
    %jmp/1 T_9.18, 6;
    %dup/vec4;
    %pushi/vec4 0, 0, 32; draw_string_vec4
    %pushi/vec4 20547, 0, 32; draw_string_vec4
    %concat/vec4; draw_string_vec4
    %pushi/vec4 1230516531, 0, 32; draw_string_vec4
    %concat/vec4; draw_string_vec4
    %pushi/vec4 51, 0, 8; draw_string_vec4
    %concat/vec4; draw_string_vec4
    %cmp/u;
    %jmp/1 T_9.19, 6;
    %dup/vec4;
    %pushi/vec4 0, 0, 32; draw_string_vec4
    %pushi/vec4 80, 0, 32; draw_string_vec4
    %concat/vec4; draw_string_vec4
    %pushi/vec4 1329880881, 0, 32; draw_string_vec4
    %concat/vec4; draw_string_vec4
    %pushi/vec4 50, 0, 8; draw_string_vec4
    %concat/vec4; draw_string_vec4
    %cmp/u;
    %jmp/1 T_9.20, 6;
    %dup/vec4;
    %pushi/vec4 0, 0, 32; draw_string_vec4
    %pushi/vec4 1397969996, 0, 32; draw_string_vec4
    %concat/vec4; draw_string_vec4
    %pushi/vec4 1598644017, 0, 32; draw_string_vec4
    %concat/vec4; draw_string_vec4
    %pushi/vec4 53, 0, 8; draw_string_vec4
    %concat/vec4; draw_string_vec4
    %cmp/u;
    %jmp/1 T_9.21, 6;
    %dup/vec4;
    %pushi/vec4 83, 0, 32; draw_string_vec4
    %pushi/vec4 1398033503, 0, 32; draw_string_vec4
    %concat/vec4; draw_string_vec4
    %pushi/vec4 1229545265, 0, 32; draw_string_vec4
    %concat/vec4; draw_string_vec4
    %pushi/vec4 53, 0, 8; draw_string_vec4
    %concat/vec4; draw_string_vec4
    %cmp/u;
    %jmp/1 T_9.22, 6;
    %dup/vec4;
    %pushi/vec4 5460820, 0, 32; draw_string_vec4
    %pushi/vec4 1281313119, 0, 32; draw_string_vec4
    %concat/vec4; draw_string_vec4
    %pushi/vec4 825777992, 0, 32; draw_string_vec4
    %concat/vec4; draw_string_vec4
    %pushi/vec4 80, 0, 8; draw_string_vec4
    %concat/vec4; draw_string_vec4
    %cmp/u;
    %jmp/1 T_9.23, 6;
    %dup/vec4;
    %pushi/vec4 1397969996, 0, 32; draw_string_vec4
    %pushi/vec4 1598638431, 0, 32; draw_string_vec4
    %concat/vec4; draw_string_vec4
    %pushi/vec4 825777992, 0, 32; draw_string_vec4
    %concat/vec4; draw_string_vec4
    %pushi/vec4 80, 0, 8; draw_string_vec4
    %concat/vec4; draw_string_vec4
    %cmp/u;
    %jmp/1 T_9.24, 6;
    %dup/vec4;
    %pushi/vec4 5460820, 0, 32; draw_string_vec4
    %pushi/vec4 1281313119, 0, 32; draw_string_vec4
    %concat/vec4; draw_string_vec4
    %pushi/vec4 825777992, 0, 32; draw_string_vec4
    %concat/vec4; draw_string_vec4
    %pushi/vec4 82, 0, 8; draw_string_vec4
    %concat/vec4; draw_string_vec4
    %cmp/u;
    %jmp/1 T_9.25, 6;
    %dup/vec4;
    %pushi/vec4 1397969996, 0, 32; draw_string_vec4
    %pushi/vec4 1598638431, 0, 32; draw_string_vec4
    %concat/vec4; draw_string_vec4
    %pushi/vec4 825777992, 0, 32; draw_string_vec4
    %concat/vec4; draw_string_vec4
    %pushi/vec4 82, 0, 8; draw_string_vec4
    %concat/vec4; draw_string_vec4
    %cmp/u;
    %jmp/1 T_9.26, 6;
    %dup/vec4;
    %pushi/vec4 0, 0, 32; draw_string_vec4
    %pushi/vec4 1397969996, 0, 32; draw_string_vec4
    %concat/vec4; draw_string_vec4
    %pushi/vec4 1598644018, 0, 32; draw_string_vec4
    %concat/vec4; draw_string_vec4
    %pushi/vec4 53, 0, 8; draw_string_vec4
    %concat/vec4; draw_string_vec4
    %cmp/u;
    %jmp/1 T_9.27, 6;
    %dup/vec4;
    %pushi/vec4 83, 0, 32; draw_string_vec4
    %pushi/vec4 1398033503, 0, 32; draw_string_vec4
    %concat/vec4; draw_string_vec4
    %pushi/vec4 1229545266, 0, 32; draw_string_vec4
    %concat/vec4; draw_string_vec4
    %pushi/vec4 53, 0, 8; draw_string_vec4
    %concat/vec4; draw_string_vec4
    %cmp/u;
    %jmp/1 T_9.28, 6;
    %dup/vec4;
    %pushi/vec4 0, 0, 32; draw_string_vec4
    %pushi/vec4 1397969996, 0, 32; draw_string_vec4
    %concat/vec4; draw_string_vec4
    %pushi/vec4 1598644019, 0, 32; draw_string_vec4
    %concat/vec4; draw_string_vec4
    %pushi/vec4 51, 0, 8; draw_string_vec4
    %concat/vec4; draw_string_vec4
    %cmp/u;
    %jmp/1 T_9.29, 6;
    %dup/vec4;
    %pushi/vec4 83, 0, 32; draw_string_vec4
    %pushi/vec4 1398033503, 0, 32; draw_string_vec4
    %concat/vec4; draw_string_vec4
    %pushi/vec4 1229545267, 0, 32; draw_string_vec4
    %concat/vec4; draw_string_vec4
    %pushi/vec4 51, 0, 8; draw_string_vec4
    %concat/vec4; draw_string_vec4
    %cmp/u;
    %jmp/1 T_9.30, 6;
    %vpi_call/w 8 80 "$fatal", 32'sb00000000000000000000000000000001, "\012Error: O_BUFT instance %m has parameter IOSTANDARD set to %s.  Valid values are DEFAULT, LVCMOS_12, LVCMOS_15, LVCMOS_18_HP, LVCMOS_18_HR, LVCMOS_25, LVCMOS_33, LVTTL, HSTL_I_12, HSTL_II_12, HSTL_I_15, HSTL_II_15, HSUL_12, PCI66, PCIX133, POD_12, SSTL_I_15, SSTL_II_15, SSTL_I_18_HP, SSTL_II_18_HP, SSTL_I_18_HR, SSTL_II_18_HR, SSTL_I_25, SSTL_II_25, SSTL_I_33, SSTL_II_33\012", P_0x1453490 {0 0 0};
    %jmp T_9.32;
T_9.5 ;
    %jmp T_9.32;
T_9.6 ;
    %jmp T_9.32;
T_9.7 ;
    %jmp T_9.32;
T_9.8 ;
    %jmp T_9.32;
T_9.9 ;
    %jmp T_9.32;
T_9.10 ;
    %jmp T_9.32;
T_9.11 ;
    %jmp T_9.32;
T_9.12 ;
    %jmp T_9.32;
T_9.13 ;
    %jmp T_9.32;
T_9.14 ;
    %jmp T_9.32;
T_9.15 ;
    %jmp T_9.32;
T_9.16 ;
    %jmp T_9.32;
T_9.17 ;
    %jmp T_9.32;
T_9.18 ;
    %jmp T_9.32;
T_9.19 ;
    %jmp T_9.32;
T_9.20 ;
    %jmp T_9.32;
T_9.21 ;
    %jmp T_9.32;
T_9.22 ;
    %jmp T_9.32;
T_9.23 ;
    %jmp T_9.32;
T_9.24 ;
    %jmp T_9.32;
T_9.25 ;
    %jmp T_9.32;
T_9.26 ;
    %jmp T_9.32;
T_9.27 ;
    %jmp T_9.32;
T_9.28 ;
    %jmp T_9.32;
T_9.29 ;
    %jmp T_9.32;
T_9.30 ;
    %jmp T_9.32;
T_9.32 ;
    %pop/vec4 1;
    %pushi/vec4 2, 0, 32;
    %dup/vec4;
    %pushi/vec4 2, 0, 32;
    %cmp/u;
    %jmp/1 T_9.33, 6;
    %dup/vec4;
    %pushi/vec4 4, 0, 32;
    %cmp/u;
    %jmp/1 T_9.34, 6;
    %dup/vec4;
    %pushi/vec4 6, 0, 32;
    %cmp/u;
    %jmp/1 T_9.35, 6;
    %dup/vec4;
    %pushi/vec4 8, 0, 32;
    %cmp/u;
    %jmp/1 T_9.36, 6;
    %dup/vec4;
    %pushi/vec4 12, 0, 32;
    %cmp/u;
    %jmp/1 T_9.37, 6;
    %dup/vec4;
    %pushi/vec4 16, 0, 32;
    %cmp/u;
    %jmp/1 T_9.38, 6;
    %vpi_call/w 8 92 "$fatal", 32'sb00000000000000000000000000000001, "\012Error: O_BUFT instance %m has parameter DRIVE_STRENGTH set to %s.  Valid values are 2, 4, 6, 8, 12, 16\012", P_0x1453450 {0 0 0};
    %jmp T_9.40;
T_9.33 ;
    %jmp T_9.40;
T_9.34 ;
    %jmp T_9.40;
T_9.35 ;
    %jmp T_9.40;
T_9.36 ;
    %jmp T_9.40;
T_9.37 ;
    %jmp T_9.40;
T_9.38 ;
    %jmp T_9.40;
T_9.40 ;
    %pop/vec4 1;
    %pushi/vec4 1397509975, 0, 32; draw_string_vec4
    %dup/vec4;
    %pushi/vec4 1397509975, 0, 32; draw_string_vec4
    %cmp/u;
    %jmp/1 T_9.41, 6;
    %dup/vec4;
    %pushi/vec4 1178686292, 0, 32; draw_string_vec4
    %cmp/u;
    %jmp/1 T_9.42, 6;
    %vpi_call/w 8 100 "$fatal", 32'sb00000000000000000000000000000001, "\012Error: O_BUFT instance %m has parameter SLEW_RATE set to %s.  Valid values are SLOW, FAST\012", P_0x14534d0 {0 0 0};
    %jmp T_9.44;
T_9.41 ;
    %jmp T_9.44;
T_9.42 ;
    %jmp T_9.44;
T_9.44 ;
    %pop/vec4 1;
    %end;
    .thread T_9;
    .scope S_0x1920160;
T_10 ;
    %pushi/vec4 0, 0, 1;
    %store/vec4 v0x139d7b0_0, 0, 1;
    %end;
    .thread T_10, $init;
    .scope S_0x1920160;
T_11 ;
    %wait E_0x16853a0;
    %load/vec4 v0x14ce720_0;
    %nor/r;
    %flag_set/vec4 8;
    %jmp/0xz  T_11.0, 8;
    %pushi/vec4 0, 0, 1;
    %assign/vec4 v0x139d7b0_0, 0;
    %jmp T_11.1;
T_11.0 ;
    %load/vec4 v0x13a82e0_0;
    %flag_set/vec4 8;
    %jmp/0xz  T_11.2, 8;
    %load/vec4 v0x14df500_0;
    %assign/vec4 v0x139d7b0_0, 0;
T_11.2 ;
T_11.1 ;
    %jmp T_11;
    .thread T_11;
    .scope S_0x19214a0;
T_12 ;
    %pushi/vec4 0, 0, 1;
    %store/vec4 v0x1168a10_0, 0, 1;
    %end;
    .thread T_12, $init;
    .scope S_0x19214a0;
T_13 ;
    %wait E_0x129cb20;
    %load/vec4 v0x1168f80_0;
    %nor/r;
    %flag_set/vec4 8;
    %jmp/0xz  T_13.0, 8;
    %pushi/vec4 0, 0, 1;
    %assign/vec4 v0x1168a10_0, 0;
    %jmp T_13.1;
T_13.0 ;
    %load/vec4 v0x11684a0_0;
    %flag_set/vec4 8;
    %jmp/0xz  T_13.2, 8;
    %load/vec4 v0x11679c0_0;
    %assign/vec4 v0x1168a10_0, 0;
T_13.2 ;
T_13.1 ;
    %jmp T_13;
    .thread T_13;
    .scope S_0x1980990;
T_14 ;
    %pushi/vec4 0, 0, 1;
    %store/vec4 v0x10cbd90_0, 0, 1;
    %end;
    .thread T_14, $init;
    .scope S_0x1980990;
T_15 ;
    %wait E_0x167de70;
    %load/vec4 v0x10cbf00_0;
    %nor/r;
    %flag_set/vec4 8;
    %jmp/0xz  T_15.0, 8;
    %pushi/vec4 0, 0, 1;
    %assign/vec4 v0x10cbd90_0, 0;
    %jmp T_15.1;
T_15.0 ;
    %load/vec4 v0x10cc1e0_0;
    %flag_set/vec4 8;
    %jmp/0xz  T_15.2, 8;
    %load/vec4 v0x10dfe70_0;
    %assign/vec4 v0x10cbd90_0, 0;
T_15.2 ;
T_15.1 ;
    %jmp T_15;
    .thread T_15;
    .scope S_0x197f7d0;
T_16 ;
    %pushi/vec4 0, 0, 1;
    %store/vec4 v0x10c9200_0, 0, 1;
    %end;
    .thread T_16, $init;
    .scope S_0x197f7d0;
T_17 ;
    %wait E_0x167eed0;
    %load/vec4 v0x10c9370_0;
    %nor/r;
    %flag_set/vec4 8;
    %jmp/0xz  T_17.0, 8;
    %pushi/vec4 0, 0, 1;
    %assign/vec4 v0x10c9200_0, 0;
    %jmp T_17.1;
T_17.0 ;
    %load/vec4 v0x10c94e0_0;
    %flag_set/vec4 8;
    %jmp/0xz  T_17.2, 8;
    %load/vec4 v0x10c9650_0;
    %assign/vec4 v0x10c9200_0, 0;
T_17.2 ;
T_17.1 ;
    %jmp T_17;
    .thread T_17;
    .scope S_0x191dde0;
T_18 ;
    %pushi/vec4 0, 0, 1;
    %store/vec4 v0x13bee60_0, 0, 1;
    %end;
    .thread T_18, $init;
    .scope S_0x191dde0;
T_19 ;
    %wait E_0x1694e30;
    %load/vec4 v0x125a780_0;
    %nor/r;
    %flag_set/vec4 8;
    %jmp/0xz  T_19.0, 8;
    %pushi/vec4 0, 0, 1;
    %assign/vec4 v0x13bee60_0, 0;
    %jmp T_19.1;
T_19.0 ;
    %load/vec4 v0x12f2900_0;
    %flag_set/vec4 8;
    %jmp/0xz  T_19.2, 8;
    %load/vec4 v0x129e0f0_0;
    %assign/vec4 v0x13bee60_0, 0;
T_19.2 ;
T_19.1 ;
    %jmp T_19;
    .thread T_19;
    .scope S_0x1981cd0;
T_20 ;
    %pushi/vec4 0, 0, 1;
    %store/vec4 v0x103ea20_0, 0, 1;
    %end;
    .thread T_20, $init;
    .scope S_0x1981cd0;
T_21 ;
    %wait E_0x16738e0;
    %load/vec4 v0x103e8b0_0;
    %nor/r;
    %flag_set/vec4 8;
    %jmp/0xz  T_21.0, 8;
    %pushi/vec4 0, 0, 1;
    %assign/vec4 v0x103ea20_0, 0;
    %jmp T_21.1;
T_21.0 ;
    %load/vec4 v0x103e740_0;
    %flag_set/vec4 8;
    %jmp/0xz  T_21.2, 8;
    %load/vec4 v0x103c050_0;
    %assign/vec4 v0x103ea20_0, 0;
T_21.2 ;
T_21.1 ;
    %jmp T_21;
    .thread T_21;
    .scope S_0x191efa0;
T_22 ;
    %pushi/vec4 0, 0, 1;
    %store/vec4 v0x1418d70_0, 0, 1;
    %end;
    .thread T_22, $init;
    .scope S_0x191efa0;
T_23 ;
    %wait E_0x1685e10;
    %load/vec4 v0x14c49a0_0;
    %nor/r;
    %flag_set/vec4 8;
    %jmp/0xz  T_23.0, 8;
    %pushi/vec4 0, 0, 1;
    %assign/vec4 v0x1418d70_0, 0;
    %jmp T_23.1;
T_23.0 ;
    %load/vec4 v0x135aec0_0;
    %flag_set/vec4 8;
    %jmp/0xz  T_23.2, 8;
    %load/vec4 v0x156e100_0;
    %assign/vec4 v0x1418d70_0, 0;
T_23.2 ;
T_23.1 ;
    %jmp T_23;
    .thread T_23;
    .scope S_0x1914570;
T_24 ;
    %pushi/vec4 0, 0, 1;
    %store/vec4 v0x1161c30_0, 0, 1;
    %end;
    .thread T_24, $init;
    .scope S_0x1914570;
T_25 ;
    %wait E_0x1672f00;
    %load/vec4 v0x1162da0_0;
    %nor/r;
    %flag_set/vec4 8;
    %jmp/0xz  T_25.0, 8;
    %pushi/vec4 0, 0, 1;
    %assign/vec4 v0x1161c30_0, 0;
    %jmp T_25.1;
T_25.0 ;
    %load/vec4 v0x1161ae0_0;
    %flag_set/vec4 8;
    %jmp/0xz  T_25.2, 8;
    %load/vec4 v0x11606b0_0;
    %assign/vec4 v0x1161c30_0, 0;
T_25.2 ;
T_25.1 ;
    %jmp T_25;
    .thread T_25;
    .scope S_0x18f0610;
T_26 ;
    %pushi/vec4 0, 0, 32;
    %store/vec4 v0x13e78b0_0, 0, 32;
    %end;
    .thread T_26, $init;
    .scope S_0x18f0610;
T_27 ;
    %pushi/vec4 0, 0, 1;
    %store/vec4 v0x13e7720_0, 0, 1;
T_27.0 ;
    %delay 2000, 0;
    %load/vec4 v0x13e7720_0;
    %inv;
    %store/vec4 v0x13e7720_0, 0, 1;
    %jmp T_27.0;
T_27.1 ;
    %end;
    .thread T_27;
    .scope S_0x18f0610;
T_28 ;
    %pushi/vec4 0, 0, 5;
    %split/vec4 1;
    %assign/vec4 v0x1581040_0, 0;
    %split/vec4 1;
    %assign/vec4 v0x1580fa0_0, 0;
    %assign/vec4 v0x13e77c0_0, 0;
    %pushi/vec4 2, 0, 32;
T_28.0 %dup/vec4;
    %pushi/vec4 0, 0, 32;
    %cmp/s;
    %jmp/1xz T_28.1, 5;
    %jmp/1 T_28.1, 4;
    %pushi/vec4 1, 0, 32;
    %sub;
    %wait E_0x19415e0;
    %jmp T_28.0;
T_28.1 ;
    %pop/vec4 1;
    %fork TD_co_sim_and2.compare, S_0x19a3c30;
    %join;
    %pushi/vec4 2000, 0, 32;
T_28.2 %dup/vec4;
    %pushi/vec4 0, 0, 32;
    %cmp/s;
    %jmp/1xz T_28.3, 5;
    %jmp/1 T_28.3, 4;
    %pushi/vec4 1, 0, 32;
    %sub;
    %wait E_0x19415e0;
    %vpi_func 3 39 "$urandom" 32 {0 0 0};
    %pad/u 3;
    %assign/vec4 v0x13e77c0_0, 0;
    %vpi_func 3 40 "$urandom" 32 {0 0 0};
    %pad/u 1;
    %assign/vec4 v0x1580fa0_0, 0;
    %vpi_func 3 41 "$urandom" 32 {0 0 0};
    %pad/u 1;
    %assign/vec4 v0x1581040_0, 0;
    %fork TD_co_sim_and2.compare, S_0x19a3c30;
    %join;
    %jmp T_28.2;
T_28.3 ;
    %pop/vec4 1;
    %pushi/vec4 2, 0, 32;
T_28.4 %dup/vec4;
    %pushi/vec4 0, 0, 32;
    %cmp/s;
    %jmp/1xz T_28.5, 5;
    %jmp/1 T_28.5, 4;
    %pushi/vec4 1, 0, 32;
    %sub;
    %wait E_0x19415e0;
    %jmp T_28.4;
T_28.5 ;
    %pop/vec4 1;
    %pushi/vec4 7, 0, 3;
    %assign/vec4 v0x13e77c0_0, 0;
    %pushi/vec4 1, 0, 1;
    %assign/vec4 v0x1580fa0_0, 0;
    %pushi/vec4 1, 0, 1;
    %assign/vec4 v0x1581040_0, 0;
    %pushi/vec4 2, 0, 32;
T_28.6 %dup/vec4;
    %pushi/vec4 0, 0, 32;
    %cmp/s;
    %jmp/1xz T_28.7, 5;
    %jmp/1 T_28.7, 4;
    %pushi/vec4 1, 0, 32;
    %sub;
    %wait E_0x19415e0;
    %jmp T_28.6;
T_28.7 ;
    %pop/vec4 1;
    %fork TD_co_sim_and2.compare, S_0x19a3c30;
    %join;
    %load/vec4 v0x13e78b0_0;
    %cmpi/e 0, 0, 32;
    %jmp/0xz  T_28.8, 4;
    %vpi_call/w 3 54 "$display", "**** All Comparison Matched *** \012\011\011Simulation Passed\012" {0 0 0};
    %jmp T_28.9;
T_28.8 ;
    %vpi_call/w 3 57 "$display", "%0d comparison(s) mismatched\012ERROR: SIM: Simulation Failed", v0x13e78b0_0 {0 0 0};
    %vpi_call/w 3 58 "$fatal", 32'sb00000000000000000000000000000001 {0 0 0};
T_28.9 ;
    %delay 200000, 0;
    %vpi_call/w 3 61 "$finish" {0 0 0};
    %end;
    .thread T_28;
    .scope S_0x18f0610;
T_29 ;
    %vpi_call/w 3 74 "$dumpfile", "tb.vcd" {0 0 0};
    %vpi_call/w 3 75 "$dumpvars" {0 0 0};
    %end;
    .thread T_29;
# The file index is used to find the file name in the following table.
:file_names 14;
    "N/A";
    "<interactive>";
    "-";
    "/nfs_scratch/scratch/CompilerValidation/abdul_hameed/Validation/RTL_testcases/io_constraint_testcases/and2/results_dir/./sim/co_sim_tb/co_sim_and2.v";
    "/nfs_scratch/scratch/CompilerValidation/abdul_hameed/Validation/RTL_testcases/io_constraint_testcases/and2/results_dir/.././rtl/and2.v";
    "/nfs_scratch/scratch/CompilerValidation/abdul_hameed/Validation/RTL_testcases/io_constraint_testcases/and2/results_dir/and2/run_1/synth_1_1/synthesis/post_pnr_wrapper_and2_post_synth.v";
    "/nfs_eda_sw/softwares/Raptor/instl_dir/11_15_2024_09_15_02/share/raptor/sim_models/rapidsilicon/genesis3/FPGA_PRIMITIVES_MODELS/sim_models/verilog/CLK_BUF.v";
    "/nfs_eda_sw/softwares/Raptor/instl_dir/11_15_2024_09_15_02/share/raptor/sim_models/rapidsilicon/genesis3/FPGA_PRIMITIVES_MODELS/sim_models/verilog/I_BUF.v";
    "/nfs_eda_sw/softwares/Raptor/instl_dir/11_15_2024_09_15_02/share/raptor/sim_models/rapidsilicon/genesis3/FPGA_PRIMITIVES_MODELS/sim_models/verilog/O_BUFT.v";
    "/nfs_scratch/scratch/CompilerValidation/abdul_hameed/Validation/RTL_testcases/io_constraint_testcases/and2/results_dir/and2/run_1/synth_1_1/impl_1_1_1/routing/fabric_and2_post_route.v";
    "/nfs_eda_sw/softwares/Raptor/instl_dir/11_15_2024_09_15_02/share/raptor/sim_models/rapidsilicon/genesis3/FPGA_PRIMITIVES_MODELS/sim_models/verilog/DFFRE.v";
    "/nfs_eda_sw/softwares/Raptor/instl_dir/11_15_2024_09_15_02/share/raptor/sim_models/rapidsilicon/genesis3/primitives.v";
    "/nfs_eda_sw/softwares/Raptor/instl_dir/11_15_2024_09_15_02/share/raptor/sim_models/rapidsilicon/genesis3/FPGA_PRIMITIVES_MODELS/sim_models/verilog/LUT5.v";
    "/nfs_eda_sw/softwares/Raptor/instl_dir/11_15_2024_09_15_02/share/raptor/sim_models/rapidsilicon/genesis3/FPGA_PRIMITIVES_MODELS/sim_models/verilog/LUT6.v";
